{
  "pose": "yolo",
  "model": "stgcnpp",
  "tensor": "C:\\Users\\HP\\Documents\\挑战杯\\fall_benchmark\\data\\gcn\\mcfd_yolo_t64_c010.npz",
  "ensemble": "mean probability of four subject-independent fold checkpoints",
  "threshold_selection": {
    "source": "cam1 only",
    "objective": "maximum balanced accuracy, then F1",
    "selected": 0.29000000000000004,
    "calibration_metrics": {
      "samples": 69,
      "threshold": 0.29000000000000004,
      "accuracy": 0.6521739130434783,
      "balanced_accuracy": 0.6553030303030303,
      "precision": 0.6153846153846154,
      "recall": 0.7272727272727273,
      "specificity": 0.5833333333333334,
      "f1": 0.6666666666666667,
      "false_positive_rate": 0.4166666666666667,
      "roc_auc": 0.6351010101010102,
      "tp": 24,
      "tn": 21,
      "fp": 15,
      "fn": 9
    }
  },
  "fold_metrics": [
    {
      "fold": 1,
      "samples": 552,
      "threshold": 0.5,
      "accuracy": 0.5942028985507246,
      "balanced_accuracy": 0.5839646464646464,
      "precision": 0.6388888888888888,
      "recall": 0.3484848484848485,
      "specificity": 0.8194444444444444,
      "f1": 0.45098039215686275,
      "false_positive_rate": 0.18055555555555555,
      "roc_auc": 0.6433080808080808,
      "tp": 92,
      "tn": 236,
      "fp": 52,
      "fn": 172
    },
    {
      "fold": 2,
      "samples": 552,
      "threshold": 0.5,
      "accuracy": 0.5960144927536232,
      "balanced_accuracy": 0.5997474747474747,
      "precision": 0.5638629283489096,
      "recall": 0.6856060606060606,
      "specificity": 0.5138888888888888,
      "f1": 0.6188034188034188,
      "false_positive_rate": 0.4861111111111111,
      "roc_auc": 0.5995501893939394,
      "tp": 181,
      "tn": 148,
      "fp": 140,
      "fn": 83
    },
    {
      "fold": 3,
      "samples": 552,
      "threshold": 0.5,
      "accuracy": 0.6376811594202898,
      "balanced_accuracy": 0.6368371212121212,
      "precision": 0.6221374045801527,
      "recall": 0.6174242424242424,
      "specificity": 0.65625,
      "f1": 0.6197718631178707,
      "false_positive_rate": 0.34375,
      "roc_auc": 0.666679819023569,
      "tp": 163,
      "tn": 189,
      "fp": 99,
      "fn": 101
    },
    {
      "fold": 4,
      "samples": 552,
      "threshold": 0.5,
      "accuracy": 0.572463768115942,
      "balanced_accuracy": 0.5776515151515151,
      "precision": 0.5411764705882353,
      "recall": 0.696969696969697,
      "specificity": 0.4583333333333333,
      "f1": 0.609271523178808,
      "false_positive_rate": 0.5416666666666666,
      "roc_auc": 0.5589422874579124,
      "tp": 184,
      "tn": 132,
      "fp": 156,
      "fn": 80
    }
  ],
  "groups_fixed_0p5": {
    "all": {
      "samples": 552,
      "threshold": 0.5,
      "accuracy": 0.6268115942028986,
      "balanced_accuracy": 0.626104797979798,
      "precision": 0.6098484848484849,
      "recall": 0.6098484848484849,
      "specificity": 0.6423611111111112,
      "f1": 0.6098484848484849,
      "false_positive_rate": 0.3576388888888889,
      "roc_auc": 0.6511863425925926,
      "tp": 161,
      "tn": 185,
      "fp": 103,
      "fn": 103
    },
    "cam1": {
      "samples": 69,
      "threshold": 0.5,
      "accuracy": 0.6231884057971014,
      "balanced_accuracy": 0.6174242424242424,
      "precision": 0.64,
      "recall": 0.48484848484848486,
      "specificity": 0.75,
      "f1": 0.5517241379310344,
      "false_positive_rate": 0.25,
      "roc_auc": 0.6351010101010102,
      "tp": 16,
      "tn": 27,
      "fp": 9,
      "fn": 17
    },
    "cam2": {
      "samples": 69,
      "threshold": 0.5,
      "accuracy": 0.6811594202898551,
      "balanced_accuracy": 0.678030303030303,
      "precision": 0.6896551724137931,
      "recall": 0.6060606060606061,
      "specificity": 0.75,
      "f1": 0.6451612903225807,
      "false_positive_rate": 0.25,
      "roc_auc": 0.7053872053872053,
      "tp": 20,
      "tn": 27,
      "fp": 9,
      "fn": 13
    },
    "cam3": {
      "samples": 68,
      "threshold": 0.5,
      "accuracy": 0.5441176470588235,
      "balanced_accuracy": 0.5520833333333334,
      "precision": 0.5116279069767442,
      "recall": 0.6875,
      "specificity": 0.4166666666666667,
      "f1": 0.5866666666666667,
      "false_positive_rate": 0.5833333333333334,
      "roc_auc": 0.5529513888888888,
      "tp": 22,
      "tn": 15,
      "fp": 21,
      "fn": 10
    },
    "cam4": {
      "samples": 69,
      "threshold": 0.5,
      "accuracy": 0.5942028985507246,
      "balanced_accuracy": 0.5909090909090908,
      "precision": 0.5862068965517241,
      "recall": 0.5151515151515151,
      "specificity": 0.6666666666666666,
      "f1": 0.5483870967741935,
      "false_positive_rate": 0.3333333333333333,
      "roc_auc": 0.5404040404040404,
      "tp": 17,
      "tn": 24,
      "fp": 12,
      "fn": 16
    },
    "cam5": {
      "samples": 70,
      "threshold": 0.5,
      "accuracy": 0.6285714285714286,
      "balanced_accuracy": 0.6299019607843137,
      "precision": 0.6052631578947368,
      "recall": 0.6764705882352942,
      "specificity": 0.5833333333333334,
      "f1": 0.6388888888888888,
      "false_positive_rate": 0.4166666666666667,
      "roc_auc": 0.6854575163398693,
      "tp": 23,
      "tn": 21,
      "fp": 15,
      "fn": 11
    },
    "cam6": {
      "samples": 69,
      "threshold": 0.5,
      "accuracy": 0.6376811594202898,
      "balanced_accuracy": 0.6414141414141414,
      "precision": 0.6,
      "recall": 0.7272727272727273,
      "specificity": 0.5555555555555556,
      "f1": 0.6575342465753425,
      "false_positive_rate": 0.4444444444444444,
      "roc_auc": 0.6734006734006734,
      "tp": 24,
      "tn": 20,
      "fp": 16,
      "fn": 9
    },
    "cam7": {
      "samples": 69,
      "threshold": 0.5,
      "accuracy": 0.6376811594202898,
      "balanced_accuracy": 0.6338383838383839,
      "precision": 0.6428571428571429,
      "recall": 0.5454545454545454,
      "specificity": 0.7222222222222222,
      "f1": 0.5901639344262296,
      "false_positive_rate": 0.2777777777777778,
      "roc_auc": 0.7255892255892256,
      "tp": 18,
      "tn": 26,
      "fp": 10,
      "fn": 15
    },
    "cam8": {
      "samples": 69,
      "threshold": 0.5,
      "accuracy": 0.6666666666666666,
      "balanced_accuracy": 0.6654040404040404,
      "precision": 0.65625,
      "recall": 0.6363636363636364,
      "specificity": 0.6944444444444444,
      "f1": 0.6461538461538462,
      "false_positive_rate": 0.3055555555555556,
      "roc_auc": 0.6675084175084175,
      "tp": 21,
      "tn": 25,
      "fp": 11,
      "fn": 12
    },
    "cross_view_test": {
      "samples": 415,
      "threshold": 0.5,
      "accuracy": 0.6409638554216868,
      "balanced_accuracy": 0.6400637446491718,
      "precision": 0.6275510204081632,
      "recall": 0.6180904522613065,
      "specificity": 0.6620370370370371,
      "f1": 0.6227848101265823,
      "false_positive_rate": 0.33796296296296297,
      "roc_auc": 0.6700981760655127,
      "tp": 123,
      "tn": 143,
      "fp": 73,
      "fn": 76
    }
  },
  "groups_calibrated": {
    "all": {
      "samples": 552,
      "threshold": 0.29000000000000004,
      "accuracy": 0.6086956521739131,
      "balanced_accuracy": 0.6158459595959596,
      "precision": 0.5659340659340659,
      "recall": 0.7803030303030303,
      "specificity": 0.4513888888888889,
      "f1": 0.6560509554140127,
      "false_positive_rate": 0.5486111111111112,
      "roc_auc": 0.6511863425925926,
      "tp": 206,
      "tn": 130,
      "fp": 158,
      "fn": 58
    },
    "cam1": {
      "samples": 69,
      "threshold": 0.29000000000000004,
      "accuracy": 0.6521739130434783,
      "balanced_accuracy": 0.6553030303030303,
      "precision": 0.6153846153846154,
      "recall": 0.7272727272727273,
      "specificity": 0.5833333333333334,
      "f1": 0.6666666666666667,
      "false_positive_rate": 0.4166666666666667,
      "roc_auc": 0.6351010101010102,