{
  "route": "rtmo+ctrgcn",
  "pose": "rtmo",
  "model": "ctrgcn",
  "fold": 4,
  "seed": 2030,
  "device": "cuda",
  "gpu": "NVIDIA GeForce RTX 4060 Laptop GPU",
  "best_epoch": 50,
  "epochs_ran": 300,
  "parameters": 1421488,
  "latency_ms_batch1": 19.892208999954164,
  "samples": {
    "train": 91,
    "val": 32,
    "test": 37
  },
  "validation": {
    "loss": 0.31514884531497955,
    "accuracy": 0.90625,
    "precision": 0.8823529411764706,
    "recall": 0.9375,
    "specificity": 0.875,
    "f1": 0.9090909090909091,
    "balanced_accuracy": 0.90625,
    "tp": 15,
    "tn": 14,
    "fp": 2,
    "fn": 1
  },
  "test": {
    "loss": 0.8090627563966287,
    "accuracy": 0.7567567567567568,
    "precision": 0.75,
    "recall": 0.7058823529411765,
    "specificity": 0.8,
    "f1": 0.7272727272727272,
    "balanced_accuracy": 0.7529411764705882,
    "tp": 12,
    "tn": 16,
    "fp": 4,
    "fn": 5
  },
  "config": {
    "epochs": 300,
    "batch_size": 16,
    "learning_rate": 0.0003,
    "weight_decay": 0.001,
    "patience": 15,
    "early_stopping": false,
    "dropout": 0.5,
    "base_channels": 64,
    "amp": true
  }
}
