{
  "route": "hourglass+stgcnpp",
  "pose": "hourglass",
  "model": "stgcnpp",
  "fold": 3,
  "seed": 2029,
  "device": "cuda",
  "gpu": "NVIDIA GeForce RTX 4060 Laptop GPU",
  "best_epoch": 40,
  "epochs_ran": 300,
  "parameters": 1185798,
  "latency_ms_batch1": 17.746848999959184,
  "samples": {
    "train": 80,
    "val": 37,
    "test": 43
  },
  "validation": {
    "loss": 0.7959922068827862,
    "accuracy": 0.8108108108108109,
    "precision": 0.7777777777777778,
    "recall": 0.8235294117647058,
    "specificity": 0.8,
    "f1": 0.7999999999999999,
    "balanced_accuracy": 0.8117647058823529,
    "tp": 14,
    "tn": 16,
    "fp": 4,
    "fn": 3
  },
  "test": {
    "loss": 1.138551761937696,
    "accuracy": 0.6976744186046512,
    "precision": 1.0,
    "recall": 0.38095238095238093,
    "specificity": 1.0,
    "f1": 0.5517241379310345,
    "balanced_accuracy": 0.6904761904761905,
    "tp": 8,
    "tn": 22,
    "fp": 0,
    "fn": 13
  },
  "config": {
    "epochs": 300,
    "batch_size": 16,
    "learning_rate": 0.0003,
    "weight_decay": 0.001,
    "patience": 15,
    "early_stopping": false,
    "dropout": 0.5,
    "base_channels": 64,
    "amp": true
  }
}
