{
  "route": "rtmpose+stgcnpp",
  "pose": "rtmpose",
  "model": "stgcnpp",
  "fold": 4,
  "seed": 2030,
  "device": "cuda",
  "gpu": "NVIDIA GeForce RTX 4060 Laptop GPU",
  "best_epoch": 6,
  "epochs_ran": 300,
  "parameters": 1185798,
  "latency_ms_batch1": 10.507787000096869,
  "samples": {
    "train": 91,
    "val": 32,
    "test": 37
  },
  "validation": {
    "loss": 0.27259470522403717,
    "accuracy": 0.96875,
    "precision": 0.9411764705882353,
    "recall": 1.0,
    "specificity": 0.9375,
    "f1": 0.9696969696969697,
    "balanced_accuracy": 0.96875,
    "tp": 16,
    "tn": 15,
    "fp": 1,
    "fn": 0
  },
  "test": {
    "loss": 0.7203532908413861,
    "accuracy": 0.8108108108108109,
    "precision": 0.8125,
    "recall": 0.7647058823529411,
    "specificity": 0.85,
    "f1": 0.787878787878788,
    "balanced_accuracy": 0.8073529411764706,
    "tp": 13,
    "tn": 17,
    "fp": 3,
    "fn": 4
  },
  "config": {
    "epochs": 300,
    "batch_size": 16,
    "learning_rate": 0.0003,
    "weight_decay": 0.001,
    "patience": 15,
    "early_stopping": false,
    "dropout": 0.5,
    "base_channels": 64,
    "amp": true
  }
}
