{
  "route": "yolo+stgcnpp",
  "pose": "yolo",
  "model": "stgcnpp",
  "fold": 1,
  "seed": 2027,
  "device": "cuda",
  "gpu": "NVIDIA GeForce RTX 4060 Laptop GPU",
  "best_epoch": 13,
  "epochs_ran": 28,
  "parameters": 1185798,
  "latency_ms_batch1": 10.093608999886783,
  "samples": {
    "train": 80,
    "val": 48,
    "test": 32
  },
  "validation": {
    "loss": 0.7548198501269022,
    "accuracy": 0.8541666666666666,
    "precision": 0.8214285714285714,
    "recall": 0.92,
    "specificity": 0.782608695652174,
    "f1": 0.8679245283018867,
    "balanced_accuracy": 0.851304347826087,
    "tp": 23,
    "tn": 18,
    "fp": 5,
    "fn": 2
  },
  "test": {
    "loss": 0.4467284828424454,
    "accuracy": 0.9375,
    "precision": 0.8888888888888888,
    "recall": 1.0,
    "specificity": 0.875,
    "f1": 0.9411764705882353,
    "balanced_accuracy": 0.9375,
    "tp": 16,
    "tn": 14,
    "fp": 2,
    "fn": 0
  },
  "config": {
    "epochs": 300,
    "batch_size": 16,
    "learning_rate": 0.0003,
    "weight_decay": 0.001,
    "patience": 15,
    "dropout": 0.5,
    "base_channels": 64,
    "amp": true
  }
}
