{
  "route": "openpose+stgcnpp",
  "pose": "openpose",
  "model": "stgcnpp",
  "fold": 3,
  "seed": 2029,
  "device": "cuda",
  "gpu": "NVIDIA GeForce RTX 4060 Laptop GPU",
  "best_epoch": 30,
  "epochs_ran": 300,
  "parameters": 1185798,
  "latency_ms_batch1": 12.068934999988414,
  "samples": {
    "train": 80,
    "val": 37,
    "test": 43
  },
  "validation": {
    "loss": 0.8686346846657831,
    "accuracy": 0.7567567567567568,
    "precision": 0.7222222222222222,
    "recall": 0.7647058823529411,
    "specificity": 0.75,
    "f1": 0.7428571428571428,
    "balanced_accuracy": 0.7573529411764706,
    "tp": 13,
    "tn": 15,
    "fp": 5,
    "fn": 4
  },
  "test": {
    "loss": 1.0587842187216117,
    "accuracy": 0.6976744186046512,
    "precision": 0.7857142857142857,
    "recall": 0.5238095238095238,
    "specificity": 0.8636363636363636,
    "f1": 0.6285714285714286,
    "balanced_accuracy": 0.6937229437229437,
    "tp": 11,
    "tn": 19,
    "fp": 3,
    "fn": 10
  },
  "config": {
    "epochs": 300,
    "batch_size": 16,
    "learning_rate": 0.0003,
    "weight_decay": 0.001,
    "patience": 15,
    "early_stopping": false,
    "dropout": 0.5,
    "base_channels": 64,
    "amp": true
  }
}
