{
  "route": "rtmpose_bytetrack+stgcnpp",
  "pose": "rtmpose_bytetrack",
  "model": "stgcnpp",
  "fold": 1,
  "seed": 5201,
  "device": "cuda",
  "gpu": "NVIDIA GeForce RTX 4060 Laptop GPU",
  "best_epoch": 127,
  "epochs_ran": 300,
  "parameters": 1185798,
  "latency_ms_batch1": 25.051730000122916,
  "samples": {
    "train": 80,
    "val": 48,
    "test": 32
  },
  "validation": {
    "loss": 0.37846533457438153,
    "accuracy": 0.9375,
    "precision": 0.8928571428571429,
    "recall": 1.0,
    "specificity": 0.8695652173913043,
    "f1": 0.9433962264150945,
    "balanced_accuracy": 0.9347826086956521,
    "tp": 25,
    "tn": 20,
    "fp": 3,
    "fn": 0
  },
  "test": {
    "loss": 0.46082253754138947,
    "accuracy": 0.875,
    "precision": 0.9285714285714286,
    "recall": 0.8125,
    "specificity": 0.9375,
    "f1": 0.8666666666666666,
    "balanced_accuracy": 0.875,
    "tp": 13,
    "tn": 15,
    "fp": 1,
    "fn": 3
  },
  "config": {
    "epochs": 300,
    "batch_size": 16,
    "learning_rate": 0.0003,
    "weight_decay": 0.001,
    "patience": 20,
    "early_stopping": false,
    "dropout": 0.5,
    "base_channels": 64,
    "amp": true
  }
}
