{
  "route": "hourglass+ctrgcn",
  "pose": "hourglass",
  "model": "ctrgcn",
  "fold": 3,
  "seed": 2029,
  "device": "cuda",
  "gpu": "NVIDIA GeForce RTX 4060 Laptop GPU",
  "best_epoch": 161,
  "epochs_ran": 300,
  "parameters": 1421488,
  "latency_ms_batch1": 27.83863400007249,
  "samples": {
    "train": 80,
    "val": 37,
    "test": 43
  },
  "validation": {
    "loss": 0.9062460564278267,
    "accuracy": 0.8108108108108109,
    "precision": 0.7777777777777778,
    "recall": 0.8235294117647058,
    "specificity": 0.8,
    "f1": 0.7999999999999999,
    "balanced_accuracy": 0.8117647058823529,
    "tp": 14,
    "tn": 16,
    "fp": 4,
    "fn": 3
  },
  "test": {
    "loss": 0.6660577640977017,
    "accuracy": 0.7674418604651163,
    "precision": 0.9230769230769231,
    "recall": 0.5714285714285714,
    "specificity": 0.9545454545454546,
    "f1": 0.7058823529411765,
    "balanced_accuracy": 0.762987012987013,
    "tp": 12,
    "tn": 21,
    "fp": 1,
    "fn": 9
  },
  "config": {
    "epochs": 300,
    "batch_size": 16,
    "learning_rate": 0.0003,
    "weight_decay": 0.001,
    "patience": 15,
    "early_stopping": false,
    "dropout": 0.5,
    "base_channels": 64,
    "amp": true
  }
}
