{
  "route": "rtmpose+ctrgcn",
  "pose": "rtmpose",
  "model": "ctrgcn",
  "fold": 1,
  "seed": 2027,
  "device": "cuda",
  "gpu": "NVIDIA GeForce RTX 4060 Laptop GPU",
  "best_epoch": 154,
  "epochs_ran": 300,
  "parameters": 1421488,
  "latency_ms_batch1": 19.405448000034085,
  "samples": {
    "train": 80,
    "val": 48,
    "test": 32
  },
  "validation": {
    "loss": 0.5725132624308268,
    "accuracy": 0.8333333333333334,
    "precision": 0.84,
    "recall": 0.84,
    "specificity": 0.8260869565217391,
    "f1": 0.8399999999999999,
    "balanced_accuracy": 0.8330434782608696,
    "tp": 21,
    "tn": 19,
    "fp": 4,
    "fn": 4
  },
  "test": {
    "loss": 0.6022437512874603,
    "accuracy": 0.8125,
    "precision": 0.8125,
    "recall": 0.8125,
    "specificity": 0.8125,
    "f1": 0.8125,
    "balanced_accuracy": 0.8125,
    "tp": 13,
    "tn": 13,
    "fp": 3,
    "fn": 3
  },
  "config": {
    "epochs": 300,
    "batch_size": 16,
    "learning_rate": 0.0003,
    "weight_decay": 0.001,
    "patience": 15,
    "early_stopping": false,
    "dropout": 0.5,
    "base_channels": 64,
    "amp": true
  }
}
