{
  "route": "rtmpose+stgcnpp",
  "pose": "rtmpose",
  "model": "stgcnpp",
  "fold": 4,
  "seed": 2030,
  "device": "cuda",
  "gpu": "NVIDIA GeForce RTX 4060 Laptop GPU",
  "best_epoch": 86,
  "epochs_ran": 300,
  "parameters": 1185798,
  "latency_ms_batch1": 21.771368000045186,
  "samples": {
    "train": 890,
    "val": 256,
    "test": 402
  },
  "validation": {
    "loss": 0.4980852771550417,
    "accuracy": 0.8828125,
    "precision": 0.8350515463917526,
    "recall": 0.8526315789473684,
    "specificity": 0.9006211180124224,
    "f1": 0.84375,
    "balanced_accuracy": 0.8766263484798954,
    "tp": 81,
    "tn": 145,
    "fp": 16,
    "fn": 14
  },
  "test": {
    "loss": 0.5759259987233291,
    "accuracy": 0.8781094527363185,
    "precision": 0.6929133858267716,
    "recall": 0.8979591836734694,
    "specificity": 0.8717105263157895,
    "f1": 0.7822222222222222,
    "balanced_accuracy": 0.8848348549946294,
    "tp": 88,
    "tn": 265,
    "fp": 39,
    "fn": 10
  },
  "config": {
    "epochs": 300,
    "batch_size": 64,
    "learning_rate": 0.0003,
    "weight_decay": 0.001,
    "patience": 20,
    "early_stopping": false,
    "dropout": 0.5,
    "base_channels": 64,
    "amp": true
  }
}
