{
  "route": "rtmpose+posec3d",
  "pose": "rtmpose",
  "model": "posec3d",
  "fold": 1,
  "seed": 2027,
  "device": "cuda",
  "gpu": "NVIDIA GeForce RTX 4060 Laptop GPU",
  "best_epoch": 41,
  "epochs_ran": 300,
  "parameters": 3626146,
  "latency_ms_batch1": 2.2052060000714846,
  "samples": {
    "train": 80,
    "val": 48,
    "test": 32
  },
  "validation": {
    "loss": 0.3980020582675934,
    "accuracy": 0.9375,
    "precision": 0.9230769230769231,
    "recall": 0.96,
    "specificity": 0.9130434782608695,
    "f1": 0.9411764705882353,
    "balanced_accuracy": 0.9365217391304348,
    "tp": 24,
    "tn": 21,
    "fp": 2,
    "fn": 1
  },
  "test": {
    "loss": 0.4733061194419861,
    "accuracy": 0.9375,
    "precision": 0.8888888888888888,
    "recall": 1.0,
    "specificity": 0.875,
    "f1": 0.9411764705882353,
    "balanced_accuracy": 0.9375,
    "tp": 16,
    "tn": 14,
    "fp": 2,
    "fn": 0
  },
  "config": {
    "epochs": 300,
    "batch_size": 16,
    "learning_rate": 0.0003,
    "weight_decay": 0.001,
    "patience": 15,
    "early_stopping": false,
    "dropout": 0.5,
    "base_channels": 64,
    "amp": true
  }
}
