{
  "route": "openpose+ctrgcn",
  "pose": "openpose",
  "model": "ctrgcn",
  "fold": 2,
  "seed": 2028,
  "device": "cuda",
  "gpu": "NVIDIA GeForce RTX 4060 Laptop GPU",
  "best_epoch": 8,
  "epochs_ran": 300,
  "parameters": 1421488,
  "latency_ms_batch1": 25.184746000013547,
  "samples": {
    "train": 69,
    "val": 43,
    "test": 48
  },
  "validation": {
    "loss": 1.2393878538941228,
    "accuracy": 0.8372093023255814,
    "precision": 0.7692307692307693,
    "recall": 0.9523809523809523,
    "specificity": 0.7272727272727273,
    "f1": 0.8510638297872339,
    "balanced_accuracy": 0.8398268398268398,
    "tp": 20,
    "tn": 16,
    "fp": 6,
    "fn": 1
  },
  "test": {
    "loss": 0.6165259778499603,
    "accuracy": 0.7916666666666666,
    "precision": 0.7586206896551724,
    "recall": 0.88,
    "specificity": 0.6956521739130435,
    "f1": 0.8148148148148148,
    "balanced_accuracy": 0.7878260869565217,
    "tp": 22,
    "tn": 16,
    "fp": 7,
    "fn": 3
  },
  "config": {
    "epochs": 300,
    "batch_size": 16,
    "learning_rate": 0.0003,
    "weight_decay": 0.001,
    "patience": 15,
    "early_stopping": false,
    "dropout": 0.5,
    "base_channels": 64,
    "amp": true
  }
}
