{
  "pose": "yolo",
  "model": "ctrgcn",
  "tensor": "C:\\Users\\HP\\Documents\\挑战杯\\fall_benchmark\\data\\gcn\\mcfd_yolo_t64_c010.npz",
  "ensemble": "mean probability of four subject-independent fold checkpoints",
  "threshold_selection": {
    "source": "cam1 only",
    "objective": "maximum balanced accuracy, then F1",
    "selected": 0.35000000000000003,
    "calibration_metrics": {
      "samples": 69,
      "threshold": 0.35000000000000003,
      "accuracy": 0.6666666666666666,
      "balanced_accuracy": 0.6691919191919192,
      "precision": 0.631578947368421,
      "recall": 0.7272727272727273,
      "specificity": 0.6111111111111112,
      "f1": 0.676056338028169,
      "false_positive_rate": 0.3888888888888889,
      "roc_auc": 0.61489898989899,
      "tp": 24,
      "tn": 22,
      "fp": 14,
      "fn": 9
    }
  },
  "fold_metrics": [
    {
      "fold": 1,
      "samples": 552,
      "threshold": 0.5,
      "accuracy": 0.5688405797101449,
      "balanced_accuracy": 0.561395202020202,
      "precision": 0.5722222222222222,
      "recall": 0.39015151515151514,
      "specificity": 0.7326388888888888,
      "f1": 0.46396396396396394,
      "false_positive_rate": 0.2673611111111111,
      "roc_auc": 0.5886468855218855,
      "tp": 103,
      "tn": 211,
      "fp": 77,
      "fn": 161
    },
    {
      "fold": 2,
      "samples": 552,
      "threshold": 0.5,
      "accuracy": 0.5634057971014492,
      "balanced_accuracy": 0.5654987373737375,
      "precision": 0.5382059800664452,
      "recall": 0.6136363636363636,
      "specificity": 0.5173611111111112,
      "f1": 0.5734513274336284,
      "false_positive_rate": 0.4826388888888889,
      "roc_auc": 0.5815314604377104,
      "tp": 162,
      "tn": 149,
      "fp": 139,
      "fn": 102
    },
    {
      "fold": 3,
      "samples": 552,
      "threshold": 0.5,
      "accuracy": 0.5579710144927537,
      "balanced_accuracy": 0.5607638888888888,
      "precision": 0.532258064516129,
      "recall": 0.625,
      "specificity": 0.4965277777777778,
      "f1": 0.5749128919860627,
      "false_positive_rate": 0.5034722222222222,
      "roc_auc": 0.5737189604377104,
      "tp": 165,
      "tn": 143,
      "fp": 145,
      "fn": 99
    },
    {
      "fold": 4,
      "samples": 552,
      "threshold": 0.5,
      "accuracy": 0.572463768115942,
      "balanced_accuracy": 0.5774936868686869,
      "precision": 0.5414201183431953,
      "recall": 0.6931818181818182,
      "specificity": 0.4618055555555556,
      "f1": 0.6079734219269102,
      "false_positive_rate": 0.5381944444444444,
      "roc_auc": 0.5872132786195287,
      "tp": 183,
      "tn": 133,
      "fp": 155,
      "fn": 81
    }
  ],
  "groups_fixed_0p5": {
    "all": {
      "samples": 552,
      "threshold": 0.5,
      "accuracy": 0.5706521739130435,
      "balanced_accuracy": 0.5733901515151515,
      "precision": 0.5436893203883495,
      "recall": 0.6363636363636364,
      "specificity": 0.5104166666666666,
      "f1": 0.5863874345549738,
      "false_positive_rate": 0.4895833333333333,
      "roc_auc": 0.6018386994949495,
      "tp": 168,
      "tn": 147,
      "fp": 141,
      "fn": 96
    },
    "cam1": {
      "samples": 69,
      "threshold": 0.5,
      "accuracy": 0.5507246376811594,
      "balanced_accuracy": 0.5454545454545454,
      "precision": 0.5384615384615384,
      "recall": 0.42424242424242425,
      "specificity": 0.6666666666666666,
      "f1": 0.47457627118644075,
      "false_positive_rate": 0.3333333333333333,
      "roc_auc": 0.61489898989899,
      "tp": 14,
      "tn": 24,
      "fp": 12,
      "fn": 19
    },
    "cam2": {
      "samples": 69,
      "threshold": 0.5,
      "accuracy": 0.6811594202898551,
      "balanced_accuracy": 0.6767676767676768,
      "precision": 0.7037037037037037,
      "recall": 0.5757575757575758,
      "specificity": 0.7777777777777778,
      "f1": 0.6333333333333334,
      "false_positive_rate": 0.2222222222222222,
      "roc_auc": 0.6641414141414141,
      "tp": 19,
      "tn": 28,
      "fp": 8,
      "fn": 14
    },
    "cam3": {
      "samples": 68,
      "threshold": 0.5,
      "accuracy": 0.5,
      "balanced_accuracy": 0.5225694444444444,
      "precision": 0.48333333333333334,
      "recall": 0.90625,
      "specificity": 0.1388888888888889,
      "f1": 0.6304347826086957,
      "false_positive_rate": 0.8611111111111112,
      "roc_auc": 0.5538194444444444,
      "tp": 29,
      "tn": 5,
      "fp": 31,
      "fn": 3
    },
    "cam4": {
      "samples": 69,
      "threshold": 0.5,
      "accuracy": 0.5507246376811594,
      "balanced_accuracy": 0.5568181818181819,
      "precision": 0.5227272727272727,
      "recall": 0.696969696969697,
      "specificity": 0.4166666666666667,
      "f1": 0.5974025974025974,
      "false_positive_rate": 0.5833333333333334,
      "roc_auc": 0.5867003367003367,
      "tp": 23,
      "tn": 15,
      "fp": 21,
      "fn": 10
    },
    "cam5": {
      "samples": 70,
      "threshold": 0.5,
      "accuracy": 0.5285714285714286,
      "balanced_accuracy": 0.5392156862745098,
      "precision": 0.5081967213114754,
      "recall": 0.9117647058823529,
      "specificity": 0.16666666666666666,
      "f1": 0.6526315789473685,
      "false_positive_rate": 0.8333333333333334,
      "roc_auc": 0.4959150326797386,
      "tp": 31,
      "tn": 6,
      "fp": 30,
      "fn": 3
    },
    "cam6": {
      "samples": 69,
      "threshold": 0.5,
      "accuracy": 0.6231884057971014,
      "balanced_accuracy": 0.6262626262626263,
      "precision": 0.5897435897435898,
      "recall": 0.696969696969697,
      "specificity": 0.5555555555555556,
      "f1": 0.638888888888889,
      "false_positive_rate": 0.4444444444444444,
      "roc_auc": 0.6582491582491582,
      "tp": 23,
      "tn": 20,
      "fp": 16,
      "fn": 10
    },
    "cam7": {
      "samples": 69,
      "threshold": 0.5,
      "accuracy": 0.5652173913043478,
      "balanced_accuracy": 0.5580808080808081,
      "precision": 0.5652173913043478,
      "recall": 0.3939393939393939,
      "specificity": 0.7222222222222222,
      "f1": 0.4642857142857143,
      "false_positive_rate": 0.2777777777777778,
      "roc_auc": 0.6574074074074074,
      "tp": 13,
      "tn": 26,
      "fp": 10,
      "fn": 20
    },
    "cam8": {
      "samples": 69,
      "threshold": 0.5,
      "accuracy": 0.5652173913043478,
      "balanced_accuracy": 0.5618686868686869,
      "precision": 0.5517241379310345,
      "recall": 0.48484848484848486,
      "specificity": 0.6388888888888888,
      "f1": 0.5161290322580646,
      "false_positive_rate": 0.3611111111111111,
      "roc_auc": 0.5782828282828283,
      "tp": 16,
      "tn": 23,
      "fp": 13,
      "fn": 17
    },
    "cross_view_test": {
      "samples": 415,
      "threshold": 0.5,
      "accuracy": 0.5855421686746988,
      "balanced_accuracy": 0.5872184999069421,
      "precision": 0.5605381165919282,
      "recall": 0.628140703517588,
      "specificity": 0.5462962962962963,
      "f1": 0.5924170616113744,
      "false_positive_rate": 0.4537037037037037,
      "roc_auc": 0.6137748929834357,
      "tp": 125,
      "tn": 118,
      "fp": 98,
      "fn": 74
    }
  },
  "groups_calibrated": {
    "all": {
      "samples": 552,
      "threshold": 0.35000000000000003,
      "accuracy": 0.5815217391304348,
      "balanced_accuracy": 0.5898042929292929,
      "precision": 0.5435356200527705,
      "recall": 0.7803030303030303,
      "specificity": 0.3993055555555556,
      "f1": 0.640746500777605,
      "false_positive_rate": 0.6006944444444444,
      "roc_auc": 0.6018386994949495,
      "tp": 206,
      "tn": 115,
      "fp": 173,
      "fn": 58
    },
    "cam1": {
      "samples": 69,
      "threshold": 0.35000000000000003,
      "accuracy": 0.6666666666666666,
      "balanced_accuracy": 0.6691919191919192,
      "precision": 0.631578947368421,
      "recall": 0.7272727272727273,
      "specificity": 0.6111111111111112,
      "f1": 0.676056338028169,