{
  "route": "yolo+stgcnpp",
  "pose": "yolo",
  "model": "stgcnpp",
  "fold": 1,
  "seed": 2027,
  "device": "cuda",
  "gpu": "NVIDIA GeForce RTX 4060 Laptop GPU",
  "best_epoch": 43,
  "epochs_ran": 58,
  "parameters": 1185798,
  "latency_ms_batch1": 9.978093999998237,
  "samples": {
    "train": 80,
    "val": 48,
    "test": 32
  },
  "validation": {
    "loss": 0.6854429244995117,
    "accuracy": 0.875,
    "precision": 0.8275862068965517,
    "recall": 0.96,
    "specificity": 0.782608695652174,
    "f1": 0.888888888888889,
    "balanced_accuracy": 0.8713043478260869,
    "tp": 24,
    "tn": 18,
    "fp": 5,
    "fn": 1
  },
  "test": {
    "loss": 0.6229559183120728,
    "accuracy": 0.8125,
    "precision": 0.7272727272727273,
    "recall": 1.0,
    "specificity": 0.625,
    "f1": 0.8421052631578948,
    "balanced_accuracy": 0.8125,
    "tp": 16,
    "tn": 10,
    "fp": 6,
    "fn": 0
  },
  "config": {
    "epochs": 80,
    "batch_size": 16,
    "learning_rate": 0.0003,
    "weight_decay": 0.001,
    "patience": 15,
    "dropout": 0.5,
    "base_channels": 64,
    "amp": true
  }
}
