{
  "route": "yolo_bytetrack+stgcnpp",
  "pose": "yolo_bytetrack",
  "model": "stgcnpp",
  "fold": 3,
  "seed": 2029,
  "device": "cuda",
  "gpu": "NVIDIA GeForce RTX 4060 Laptop GPU",
  "best_epoch": 44,
  "epochs_ran": 300,
  "parameters": 1185798,
  "latency_ms_batch1": 14.448326999990968,
  "samples": {
    "train": 80,
    "val": 37,
    "test": 43
  },
  "validation": {
    "loss": 0.8938353512738202,
    "accuracy": 0.8378378378378378,
    "precision": 0.7894736842105263,
    "recall": 0.8823529411764706,
    "specificity": 0.8,
    "f1": 0.8333333333333333,
    "balanced_accuracy": 0.8411764705882353,
    "tp": 15,
    "tn": 16,
    "fp": 4,
    "fn": 2
  },
  "test": {
    "loss": 0.24475124963494235,
    "accuracy": 0.9534883720930233,
    "precision": 1.0,
    "recall": 0.9047619047619048,
    "specificity": 1.0,
    "f1": 0.9500000000000001,
    "balanced_accuracy": 0.9523809523809523,
    "tp": 19,
    "tn": 22,
    "fp": 0,
    "fn": 2
  },
  "config": {
    "epochs": 300,
    "batch_size": 16,
    "learning_rate": 0.0003,
    "weight_decay": 0.001,
    "patience": 15,
    "early_stopping": false,
    "dropout": 0.5,
    "base_channels": 64,
    "amp": true
  }
}
