{
  "route": "rtmpose+stgcnpp",
  "pose": "rtmpose",
  "model": "stgcnpp",
  "fold": 1,
  "seed": 2027,
  "device": "cuda",
  "gpu": "NVIDIA GeForce RTX 4060 Laptop GPU",
  "best_epoch": 59,
  "epochs_ran": 300,
  "parameters": 1185798,
  "latency_ms_batch1": 9.664922000083607,
  "samples": {
    "train": 80,
    "val": 48,
    "test": 32
  },
  "validation": {
    "loss": 0.5977411369482676,
    "accuracy": 0.8333333333333334,
    "precision": 0.7741935483870968,
    "recall": 0.96,
    "specificity": 0.6956521739130435,
    "f1": 0.8571428571428571,
    "balanced_accuracy": 0.8278260869565217,
    "tp": 24,
    "tn": 16,
    "fp": 7,
    "fn": 1
  },
  "test": {
    "loss": 0.4564165621995926,
    "accuracy": 0.84375,
    "precision": 0.9230769230769231,
    "recall": 0.75,
    "specificity": 0.9375,
    "f1": 0.8275862068965517,
    "balanced_accuracy": 0.84375,
    "tp": 12,
    "tn": 15,
    "fp": 1,
    "fn": 4
  },
  "config": {
    "epochs": 300,
    "batch_size": 16,
    "learning_rate": 0.0003,
    "weight_decay": 0.001,
    "patience": 15,
    "early_stopping": false,
    "dropout": 0.5,
    "base_channels": 64,
    "amp": true
  }
}
