{
  "route": "openpose+posec3d",
  "pose": "openpose",
  "model": "posec3d",
  "fold": 3,
  "seed": 2029,
  "device": "cuda",
  "gpu": "NVIDIA GeForce RTX 4060 Laptop GPU",
  "best_epoch": 91,
  "epochs_ran": 300,
  "parameters": 3626146,
  "latency_ms_batch1": 1.9739040000422392,
  "samples": {
    "train": 80,
    "val": 37,
    "test": 43
  },
  "validation": {
    "loss": 0.9252491835001353,
    "accuracy": 0.7297297297297297,
    "precision": 0.7333333333333333,
    "recall": 0.6470588235294118,
    "specificity": 0.8,
    "f1": 0.6875,
    "balanced_accuracy": 0.723529411764706,
    "tp": 11,
    "tn": 16,
    "fp": 4,
    "fn": 6
  },
  "test": {
    "loss": 0.4632348570712777,
    "accuracy": 0.8604651162790697,
    "precision": 0.9411764705882353,
    "recall": 0.7619047619047619,
    "specificity": 0.9545454545454546,
    "f1": 0.8421052631578947,
    "balanced_accuracy": 0.8582251082251082,
    "tp": 16,
    "tn": 21,
    "fp": 1,
    "fn": 5
  },
  "config": {
    "epochs": 300,
    "batch_size": 16,
    "learning_rate": 0.0003,
    "weight_decay": 0.001,
    "patience": 15,
    "early_stopping": false,
    "dropout": 0.5,
    "base_channels": 64,
    "amp": true
  }
}
