path,video_path,subject,dataset,video_label,start_frame,end_frame,start_seconds,end_seconds,fall_onset_seconds,lead_seconds,y_1s,y_2s,y_3s,stage,pose_valid_ratio
Subject 1/ADL/01.mp4#f0-63,Subject 1/ADL/01.mp4,1,gmdcsa24,0,0,63,0.000000,2.127480,,,0,0,0,ADL,1.000000
Subject 1/ADL/01.mp4#f16-79,Subject 1/ADL/01.mp4,1,gmdcsa24,0,16,79,0.540312,2.667792,,,0,0,0,ADL,1.000000
Subject 1/ADL/01.mp4#f32-95,Subject 1/ADL/01.mp4,1,gmdcsa24,0,32,95,1.080625,3.208105,,,0,0,0,ADL,1.000000
Subject 1/ADL/01.mp4#f48-111,Subject 1/ADL/01.mp4,1,gmdcsa24,0,48,111,1.620937,3.748417,,,0,0,0,ADL,1.000000
Subject 1/ADL/01.mp4#f64-127,Subject 1/ADL/01.mp4,1,gmdcsa24,0,64,127,2.161250,4.288730,,,0,0,0,ADL,1.000000
Subject 1/ADL/01.mp4#f80-143,Subject 1/ADL/01.mp4,1,gmdcsa24,0,80,143,2.701562,4.829042,,,0,0,0,ADL,1.000000
Subject 1/ADL/01.mp4#f96-159,Subject 1/ADL/01.mp4,1,gmdcsa24,0,96,159,3.241874,5.369354,,,0,0,0,ADL,1.000000
Subject 1/ADL/01.mp4#f112-175,Subject 1/ADL/01.mp4,1,gmdcsa24,0,112,175,3.782187,5.909667,,,0,0,0,ADL,1.000000
Subject 1/ADL/01.mp4#f128-191,Subject 1/ADL/01.mp4,1,gmdcsa24,0,128,191,4.322499,6.449979,,,0,0,0,ADL,1.000000
Subject 1/ADL/01.mp4#f144-207,Subject 1/ADL/01.mp4,1,gmdcsa24,0,144,207,4.862811,6.990291,,,0,0,0,ADL,1.000000
Subject 1/ADL/01.mp4#f160-223,Subject 1/ADL/01.mp4,1,gmdcsa24,0,160,223,5.403124,7.530604,,,0,0,0,ADL,1.000000
Subject 1/ADL/01.mp4#f176-239,Subject 1/ADL/01.mp4,1,gmdcsa24,0,176,239,5.943436,8.070916,,,0,0,0,ADL,1.000000
Subject 1/ADL/02.mp4#f0-63,Subject 1/ADL/02.mp4,1,gmdcsa24,0,0,63,0.000000,2.128488,,,0,0,0,ADL,1.000000
Subject 1/ADL/02.mp4#f16-79,Subject 1/ADL/02.mp4,1,gmdcsa24,0,16,79,0.540568,2.669056,,,0,0,0,ADL,1.000000
Subject 1/ADL/02.mp4#f32-95,Subject 1/ADL/02.mp4,1,gmdcsa24,0,32,95,1.081137,3.209625,,,0,0,0,ADL,1.000000
Subject 1/ADL/02.mp4#f48-111,Subject 1/ADL/02.mp4,1,gmdcsa24,0,48,111,1.621705,3.750193,,,0,0,0,ADL,1.000000
Subject 1/ADL/02.mp4#f64-127,Subject 1/ADL/02.mp4,1,gmdcsa24,0,64,127,2.162273,4.290761,,,0,0,0,ADL,1.000000
Subject 1/ADL/02.mp4#f80-143,Subject 1/ADL/02.mp4,1,gmdcsa24,0,80,143,2.702842,4.831330,,,0,0,0,ADL,1.000000
Subject 1/ADL/02.mp4#f96-159,Subject 1/ADL/02.mp4,1,gmdcsa24,0,96,159,3.243410,5.371898,,,0,0,0,ADL,1.000000
Subject 1/ADL/02.mp4#f112-175,Subject 1/ADL/02.mp4,1,gmdcsa24,0,112,175,3.783979,5.912466,,,0,0,0,ADL,1.000000
Subject 1/ADL/02.mp4#f128-191,Subject 1/ADL/02.mp4,1,gmdcsa24,0,128,191,4.324547,6.453035,,,0,0,0,ADL,1.000000
Subject 1/ADL/03.mp4#f0-63,Subject 1/ADL/03.mp4,1,gmdcsa24,0,0,63,0.000000,2.117760,,,0,0,0,ADL,1.000000
Subject 1/ADL/03.mp4#f16-79,Subject 1/ADL/03.mp4,1,gmdcsa24,0,16,79,0.537844,2.655604,,,0,0,0,ADL,1.000000
Subject 1/ADL/03.mp4#f32-95,Subject 1/ADL/03.mp4,1,gmdcsa24,0,32,95,1.075688,3.193448,,,0,0,0,ADL,1.000000
Subject 1/ADL/03.mp4#f48-111,Subject 1/ADL/03.mp4,1,gmdcsa24,0,48,111,1.613532,3.731292,,,0,0,0,ADL,1.000000
Subject 1/ADL/03.mp4#f64-127,Subject 1/ADL/03.mp4,1,gmdcsa24,0,64,127,2.151376,4.269136,,,0,0,0,ADL,1.000000
Subject 1/ADL/03.mp4#f80-143,Subject 1/ADL/03.mp4,1,gmdcsa24,0,80,143,2.689219,4.806980,,,0,0,0,ADL,1.000000
Subject 1/ADL/03.mp4#f96-159,Subject 1/ADL/03.mp4,1,gmdcsa24,0,96,159,3.227063,5.344824,,,0,0,0,ADL,1.000000
Subject 1/ADL/03.mp4#f112-175,Subject 1/ADL/03.mp4,1,gmdcsa24,0,112,175,3.764907,5.882667,,,0,0,0,ADL,1.000000
Subject 1/ADL/03.mp4#f128-191,Subject 1/ADL/03.mp4,1,gmdcsa24,0,128,191,4.302751,6.420511,,,0,0,0,ADL,1.000000
Subject 1/ADL/04.mp4#f0-63,Subject 1/ADL/04.mp4,1,gmdcsa24,0,0,63,0.000000,2.152858,,,0,0,0,ADL,1.000000
Subject 1/ADL/04.mp4#f16-79,Subject 1/ADL/04.mp4,1,gmdcsa24,0,16,79,0.546758,2.699616,,,0,0,0,ADL,1.000000
Subject 1/ADL/04.mp4#f32-95,Subject 1/ADL/04.mp4,1,gmdcsa24,0,32,95,1.093515,3.246374,,,0,0,0,ADL,1.000000
Subject 1/ADL/04.mp4#f48-111,Subject 1/ADL/04.mp4,1,gmdcsa24,0,48,111,1.640273,3.793131,,,0,0,0,ADL,1.000000
Subject 1/ADL/04.mp4#f64-127,Subject 1/ADL/04.mp4,1,gmdcsa24,0,64,127,2.187031,4.339889,,,0,0,0,ADL,1.000000
Subject 1/ADL/04.mp4#f80-143,Subject 1/ADL/04.mp4,1,gmdcsa24,0,80,143,2.733788,4.886647,,,0,0,0,ADL,1.000000
Subject 1/ADL/04.mp4#f96-159,Subject 1/ADL/04.mp4,1,gmdcsa24,0,96,159,3.280546,5.433404,,,0,0,0,ADL,1.000000
Subject 1/ADL/05.mp4#f0-63,Subject 1/ADL/05.mp4,1,gmdcsa24,0,0,63,0.000000,2.115837,,,0,0,0,ADL,1.000000
Subject 1/ADL/05.mp4#f16-79,Subject 1/ADL/05.mp4,1,gmdcsa24,0,16,79,0.537355,2.653192,,,0,0,0,ADL,1.000000
Subject 1/ADL/05.mp4#f32-95,Subject 1/ADL/05.mp4,1,gmdcsa24,0,32,95,1.074711,3.190548,,,0,0,0,ADL,1.000000
Subject 1/ADL/05.mp4#f48-111,Subject 1/ADL/05.mp4,1,gmdcsa24,0,48,111,1.612066,3.727903,,,0,0,0,ADL,1.000000
Subject 1/ADL/05.mp4#f64-127,Subject 1/ADL/05.mp4,1,gmdcsa24,0,64,127,2.149422,4.265259,,,0,0,0,ADL,1.000000
Subject 1/ADL/05.mp4#f80-143,Subject 1/ADL/05.mp4,1,gmdcsa24,0,80,143,2.686777,4.802614,,,0,0,0,ADL,1.000000
Subject 1/ADL/05.mp4#f96-159,Subject 1/ADL/05.mp4,1,gmdcsa24,0,96,159,3.224132,5.339969,,,0,0,0,ADL,1.000000
Subject 1/ADL/05.mp4#f112-175,Subject 1/ADL/05.mp4,1,gmdcsa24,0,112,175,3.761488,5.877325,,,0,0,0,ADL,1.000000
Subject 1/ADL/05.mp4#f128-191,Subject 1/ADL/05.mp4,1,gmdcsa24,0,128,191,4.298843,6.414680,,,0,0,0,ADL,1.000000
Subject 1/ADL/05.mp4#f144-207,Subject 1/ADL/05.mp4,1,gmdcsa24,0,144,207,4.836199,6.952036,,,0,0,0,ADL,1.000000
Subject 1/ADL/05.mp4#f160-223,Subject 1/ADL/05.mp4,1,gmdcsa24,0,160,223,5.373554,7.489391,,,0,0,0,ADL,1.000000
Subject 1/ADL/05.mp4#f176-239,Subject 1/ADL/05.mp4,1,gmdcsa24,0,176,239,5.910909,8.026746,,,0,0,0,ADL,1.000000
Subject 1/ADL/05.mp4#f192-255,Subject 1/ADL/05.mp4,1,gmdcsa24,0,192,255,6.448265,8.564102,,,0,0,0,ADL,1.000000
Subject 1/ADL/05.mp4#f208-271,Subject 1/ADL/05.mp4,1,gmdcsa24,0,208,271,6.985620,9.101457,,,0,0,0,ADL,1.000000
Subject 1/ADL/05.mp4#f224-287,Subject 1/ADL/05.mp4,1,gmdcsa24,0,224,287,7.522976,9.638813,,,0,0,0,ADL,1.000000
Subject 1/ADL/05.mp4#f240-303,Subject 1/ADL/05.mp4,1,gmdcsa24,0,240,303,8.060331,10.176168,,,0,0,0,ADL,1.000000
Subject 1/ADL/06.mp4#f0-63,Subject 1/ADL/06.mp4,1,gmdcsa24,0,0,63,0.000000,2.115952,,,0,0,0,ADL,1.000000
Subject 1/ADL/06.mp4#f16-79,Subject 1/ADL/06.mp4,1,gmdcsa24,0,16,79,0.537385,2.653336,,,0,0,0,ADL,1.000000
Subject 1/ADL/06.mp4#f32-95,Subject 1/ADL/06.mp4,1,gmdcsa24,0,32,95,1.074769,3.190721,,,0,0,0,ADL,1.000000
Subject 1/ADL/06.mp4#f48-111,Subject 1/ADL/06.mp4,1,gmdcsa24,0,48,111,1.612154,3.728106,,,0,0,0,ADL,1.000000
Subject 1/ADL/06.mp4#f64-127,Subject 1/ADL/06.mp4,1,gmdcsa24,0,64,127,2.149538,4.265490,,,0,0,0,ADL,1.000000
Subject 1/ADL/06.mp4#f80-143,Subject 1/ADL/06.mp4,1,gmdcsa24,0,80,143,2.686923,4.802875,,,0,0,0,ADL,1.000000
Subject 1/ADL/06.mp4#f96-159,Subject 1/ADL/06.mp4,1,gmdcsa24,0,96,159,3.224308,5.340259,,,0,0,0,ADL,1.000000
Subject 1/ADL/06.mp4#f112-175,Subject 1/ADL/06.mp4,1,gmdcsa24,0,112,175,3.761692,5.877644,,,0,0,0,ADL,1.000000
Subject 1/ADL/06.mp4#f128-191,Subject 1/ADL/06.mp4,1,gmdcsa24,0,128,191,4.299077,6.415029,,,0,0,0,ADL,1.000000
Subject 1/ADL/06.mp4#f144-207,Subject 1/ADL/06.mp4,1,gmdcsa24,0,144,207,4.836461,6.952413,,,0,0,0,ADL,1.000000
Subject 1/ADL/06.mp4#f160-223,Subject 1/ADL/06.mp4,1,gmdcsa24,0,160,223,5.373846,7.489798,,,0,0,0,ADL,1.000000
Subject 1/ADL/06.mp4#f176-239,Subject 1/ADL/06.mp4,1,gmdcsa24,0,176,239,5.911231,8.027182,,,0,0,0,ADL,1.000000
Subject 1/ADL/06.mp4#f192-255,Subject 1/ADL/06.mp4,1,gmdcsa24,0,192,255,6.448615,8.564567,,,0,0,0,ADL,1.000000
Subject 1/ADL/06.mp4#f208-271,Subject 1/ADL/06.mp4,1,gmdcsa24,0,208,271,6.986000,9.101952,,,0,0,0,ADL,1.000000
Subject 1/ADL/06.mp4#f224-287,Subject 1/ADL/06.mp4,1,gmdcsa24,0,224,287,7.523384,9.639336,,,0,0,0,ADL,1.000000
Subject 1/ADL/06.mp4#f240-303,Subject 1/ADL/06.mp4,1,gmdcsa24,0,240,303,8.060769,10.176721,,,0,0,0,ADL,1.000000
Subject 1/ADL/06.mp4#f256-319,Subject 1/ADL/06.mp4,1,gmdcsa24,0,256,319,8.598154,10.714105,,,0,0,0,ADL,1.000000
Subject 1/ADL/06.mp4#f272-335,Subject 1/ADL/06.mp4,1,gmdcsa24,0,272,335,9.135538,11.251490,,,0,0,0,ADL,1.000000
Subject 1/ADL/06.mp4#f288-351,Subject 1/ADL/06.mp4,1,gmdcsa24,0,288,351,9.672923,11.788875,,,0,0,0,ADL,1.000000
Subject 1/ADL/07.mp4#f0-63,Subject 1/ADL/07.mp4,1,gmdcsa24,0,0,63,0.000000,2.119847,,,0,0,0,ADL,1.000000
Subject 1/ADL/07.mp4#f16-79,Subject 1/ADL/07.mp4,1,gmdcsa24,0,16,79,0.538374,2.658221,,,0,0,0,ADL,1.000000
Subject 1/ADL/07.mp4#f32-95,Subject 1/ADL/07.mp4,1,gmdcsa24,0,32,95,1.076748,3.196594,,,0,0,0,ADL,1.000000
Subject 1/ADL/07.mp4#f48-111,Subject 1/ADL/07.mp4,1,gmdcsa24,0,48,111,1.615121,3.734968,,,0,0,0,ADL,1.000000
Subject 1/ADL/07.mp4#f64-127,Subject 1/ADL/07.mp4,1,gmdcsa24,0,64,127,2.153495,4.273342,,,0,0,0,ADL,1.000000
Subject 1/ADL/07.mp4#f80-143,Subject 1/ADL/07.mp4,1,gmdcsa24,0,80,143,2.691869,4.811716,,,0,0,0,ADL,1.000000
Subject 1/ADL/07.mp4#f96-159,Subject 1/ADL/07.mp4,1,gmdcsa24,0,96,159,3.230243,5.350090,,,0,0,0,ADL,1.000000
Subject 1/ADL/07.mp4#f112-175,Subject 1/ADL/07.mp4,1,gmdcsa24,0,112,175,3.768617,5.888464,,,0,0,0,ADL,1.000000
Subject 1/ADL/07.mp4#f128-191,Subject 1/ADL/07.mp4,1,gmdcsa24,0,128,191,4.306990,6.426837,,,0,0,0,ADL,1.000000
Subject 1/ADL/07.mp4#f144-207,Subject 1/ADL/07.mp4,1,gmdcsa24,0,144,207,4.845364,6.965211,,,0,0,0,ADL,1.000000
Subject 1/ADL/07.mp4#f160-223,Subject 1/ADL/07.mp4,1,gmdcsa24,0,160,223,5.383738,7.503585,,,0,0,0,ADL,1.000000
Subject 1/ADL/08.mp4#f0-63,Subject 1/ADL/08.mp4,1,gmdcsa24,0,0,63,0.000000,2.118900,,,0,0,0,ADL,1.000000
Subject 1/ADL/08.mp4#f16-79,Subject 1/ADL/08.mp4,1,gmdcsa24,0,16,79,0.538133,2.657033,,,0,0,0,ADL,1.000000
Subject 1/ADL/08.mp4#f32-95,Subject 1/ADL/08.mp4,1,gmdcsa24,0,32,95,1.076267,3.195167,,,0,0,0,ADL,1.000000
Subject 1/ADL/08.mp4#f48-111,Subject 1/ADL/08.mp4,1,gmdcsa24,0,48,111,1.614400,3.733300,,,0,0,0,ADL,1.000000
Subject 1/ADL/08.mp4#f64-127,Subject 1/ADL/08.mp4,1,gmdcsa24,0,64,127,2.152533,4.271433,,,0,0,0,ADL,1.000000
Subject 1/ADL/08.mp4#f80-143,Subject 1/ADL/08.mp4,1,gmdcsa24,0,80,143,2.690667,4.809567,,,0,0,0,ADL,1.000000
Subject 1/ADL/08.mp4#f96-159,Subject 1/ADL/08.mp4,1,gmdcsa24,0,96,159,3.228800,5.347700,,,0,0,0,ADL,1.000000
Subject 1/ADL/08.mp4#f112-175,Subject 1/ADL/08.mp4,1,gmdcsa24,0,112,175,3.766933,5.885833,,,0,0,0,ADL,1.000000
Subject 1/ADL/09.mp4#f0-63,Subject 1/ADL/09.mp4,1,gmdcsa24,0,0,63,0.000000,2.140114,,,0,0,0,ADL,1.000000
Subject 1/ADL/09.mp4#f16-79,Subject 1/ADL/09.mp4,1,gmdcsa24,0,16,79,0.543521,2.683635,,,0,0,0,ADL,1.000000
Subject 1/ADL/09.mp4#f32-95,Subject 1/ADL/09.mp4,1,gmdcsa24,0,32,95,1.087042,3.227157,,,0,0,0,ADL,1.000000
Subject 1/ADL/09.mp4#f48-111,Subject 1/ADL/09.mp4,1,gmdcsa24,0,48,111,1.630563,3.770678,,,0,0,0,ADL,1.000000
Subject 1/ADL/09.mp4#f64-127,Subject 1/ADL/09.mp4,1,gmdcsa24,0,64,127,2.174084,4.314199,,,0,0,0,ADL,1.000000
Subject 1/ADL/09.mp4#f80-143,Subject 1/ADL/09.mp4,1,gmdcsa24,0,80,143,2.717606,4.857720,,,0,0,0,ADL,1.000000
Subject 1/ADL/10.mp4#f0-63,Subject 1/ADL/10.mp4,1,gmdcsa24,0,0,63,0.000000,2.148154,,,0,0,0,ADL,1.000000
Subject 1/ADL/10.mp4#f16-79,Subject 1/ADL/10.mp4,1,gmdcsa24,0,16,79,0.545563,2.693717,,,0,0,0,ADL,1.000000
Subject 1/ADL/10.mp4#f32-95,Subject 1/ADL/10.mp4,1,gmdcsa24,0,32,95,1.091126,3.239280,,,0,0,0,ADL,1.000000
Subject 1/ADL/10.mp4#f48-111,Subject 1/ADL/10.mp4,1,gmdcsa24,0,48,111,1.636689,3.784843,,,0,0,0,ADL,1.000000
Subject 1/ADL/11.mp4#f0-63,Subject 1/ADL/11.mp4,1,gmdcsa24,0,0,63,0.000000,2.118240,,,0,0,0,ADL,1.000000
Subject 1/ADL/11.mp4#f16-79,Subject 1/ADL/11.mp4,1,gmdcsa24,0,16,79,0.537966,2.656206,,,0,0,0,ADL,1.000000
Subject 1/ADL/11.mp4#f32-95,Subject 1/ADL/11.mp4,1,gmdcsa24,0,32,95,1.075932,3.194172,,,0,0,0,ADL,1.000000
Subject 1/ADL/11.mp4#f48-111,Subject 1/ADL/11.mp4,1,gmdcsa24,0,48,111,1.613897,3.732138,,,0,0,0,ADL,1.000000
Subject 1/ADL/11.mp4#f64-127,Subject 1/ADL/11.mp4,1,gmdcsa24,0,64,127,2.151863,4.270104,,,0,0,0,ADL,1.000000
Subject 1/ADL/11.mp4#f80-143,Subject 1/ADL/11.mp4,1,gmdcsa24,0,80,143,2.689829,4.808069,,,0,0,0,ADL,1.000000
Subject 1/ADL/11.mp4#f96-159,Subject 1/ADL/11.mp4,1,gmdcsa24,0,96,159,3.227795,5.346035,,,0,0,0,ADL,1.000000
Subject 1/ADL/11.mp4#f112-175,Subject 1/ADL/11.mp4,1,gmdcsa24,0,112,175,3.765761,5.884001,,,0,0,0,ADL,1.000000
Subject 1/ADL/11.mp4#f128-191,Subject 1/ADL/11.mp4,1,gmdcsa24,0,128,191,4.303727,6.421967,,,0,0,0,ADL,1.000000
Subject 1/ADL/11.mp4#f144-207,Subject 1/ADL/11.mp4,1,gmdcsa24,0,144,207,4.841692,6.959933,,,0,0,0,ADL,1.000000
Subject 1/ADL/11.mp4#f160-223,Subject 1/ADL/11.mp4,1,gmdcsa24,0,160,223,5.379658,7.497899,,,0,0,0,ADL,1.000000
Subject 1/ADL/11.mp4#f176-239,Subject 1/ADL/11.mp4,1,gmdcsa24,0,176,239,5.917624,8.035864,,,0,0,0,ADL,1.000000
Subject 1/ADL/11.mp4#f192-255,Subject 1/ADL/11.mp4,1,gmdcsa24,0,192,255,6.455590,8.573830,,,0,0,0,ADL,1.000000
Subject 1/ADL/11.mp4#f208-271,Subject 1/ADL/11.mp4,1,gmdcsa24,0,208,271,6.993556,9.111796,,,0,0,0,ADL,1.000000
Subject 1/ADL/12.mp4#f0-63,Subject 1/ADL/12.mp4,1,gmdcsa24,0,0,63,0.000000,2.118168,,,0,0,0,ADL,1.000000
Subject 1/ADL/12.mp4#f16-79,Subject 1/ADL/12.mp4,1,gmdcsa24,0,16,79,0.537947,2.656115,,,0,0,0,ADL,1.000000
Subject 1/ADL/12.mp4#f32-95,Subject 1/ADL/12.mp4,1,gmdcsa24,0,32,95,1.075895,3.194063,,,0,0,0,ADL,1.000000
Subject 1/ADL/12.mp4#f48-111,Subject 1/ADL/12.mp4,1,gmdcsa24,0,48,111,1.613842,3.732010,,,0,0,0,ADL,1.000000
Subject 1/ADL/12.mp4#f64-127,Subject 1/ADL/12.mp4,1,gmdcsa24,0,64,127,2.151790,4.269957,,,0,0,0,ADL,1.000000
Subject 1/ADL/12.mp4#f80-143,Subject 1/ADL/12.mp4,1,gmdcsa24,0,80,143,2.689737,4.807905,,,0,0,0,ADL,1.000000
Subject 1/ADL/12.mp4#f96-159,Subject 1/ADL/12.mp4,1,gmdcsa24,0,96,159,3.227684,5.345852,,,0,0,0,ADL,1.000000
Subject 1/ADL/12.mp4#f112-175,Subject 1/ADL/12.mp4,1,gmdcsa24,0,112,175,3.765632,5.883800,,,0,0,0,ADL,1.000000
Subject 1/ADL/12.mp4#f128-191,Subject 1/ADL/12.mp4,1,gmdcsa24,0,128,191,4.303579,6.421747,,,0,0,0,ADL,1.000000
Subject 1/ADL/12.mp4#f144-207,Subject 1/ADL/12.mp4,1,gmdcsa24,0,144,207,4.841527,6.959694,,,0,0,0,ADL,1.000000
Subject 1/ADL/13.mp4#f0-63,Subject 1/ADL/13.mp4,1,gmdcsa24,0,0,63,0.000000,2.124346,,,0,0,0,ADL,1.000000
Subject 1/ADL/13.mp4#f16-79,Subject 1/ADL/13.mp4,1,gmdcsa24,0,16,79,0.539517,2.663863,,,0,0,0,ADL,1.000000
Subject 1/ADL/13.mp4#f32-95,Subject 1/ADL/13.mp4,1,gmdcsa24,0,32,95,1.079033,3.203380,,,0,0,0,ADL,1.000000
Subject 1/ADL/13.mp4#f48-111,Subject 1/ADL/13.mp4,1,gmdcsa24,0,48,111,1.618550,3.742896,,,0,0,0,ADL,1.000000
Subject 1/ADL/13.mp4#f64-127,Subject 1/ADL/13.mp4,1,gmdcsa24,0,64,127,2.158066,4.282413,,,0,0,0,ADL,1.000000
Subject 1/ADL/13.mp4#f80-143,Subject 1/ADL/13.mp4,1,gmdcsa24,0,80,143,2.697583,4.821929,,,0,0,0,ADL,1.000000
Subject 1/ADL/13.mp4#f96-159,Subject 1/ADL/13.mp4,1,gmdcsa24,0,96,159,3.237099,5.361446,,,0,0,0,ADL,1.000000
Subject 1/ADL/13.mp4#f112-175,Subject 1/ADL/13.mp4,1,gmdcsa24,0,112,175,3.776616,5.900962,,,0,0,0,ADL,1.000000
Subject 1/ADL/14.mp4#f0-63,Subject 1/ADL/14.mp4,1,gmdcsa24,0,0,63,0.000000,2.133139,,,0,0,0,ADL,1.000000
Subject 1/ADL/14.mp4#f16-79,Subject 1/ADL/14.mp4,1,gmdcsa24,0,16,79,0.541750,2.674888,,,0,0,0,ADL,1.000000
Subject 1/ADL/14.mp4#f32-95,Subject 1/ADL/14.mp4,1,gmdcsa24,0,32,95,1.083499,3.216638,,,0,0,0,ADL,1.000000
Subject 1/ADL/14.mp4#f48-111,Subject 1/ADL/14.mp4,1,gmdcsa24,0,48,111,1.625249,3.758387,,,0,0,0,ADL,1.000000
Subject 1/ADL/14.mp4#f64-127,Subject 1/ADL/14.mp4,1,gmdcsa24,0,64,127,2.166998,4.300137,,,0,0,0,ADL,1.000000
Subject 1/ADL/14.mp4#f80-143,Subject 1/ADL/14.mp4,1,gmdcsa24,0,80,143,2.708748,4.841886,,,0,0,0,ADL,1.000000
Subject 1/ADL/14.mp4#f96-159,Subject 1/ADL/14.mp4,1,gmdcsa24,0,96,159,3.250497,5.383636,,,0,0,0,ADL,1.000000
Subject 1/ADL/15.mp4#f0-63,Subject 1/ADL/15.mp4,1,gmdcsa24,0,0,63,0.000000,2.130480,,,0,0,0,ADL,1.000000
Subject 1/ADL/15.mp4#f16-79,Subject 1/ADL/15.mp4,1,gmdcsa24,0,16,79,0.541074,2.671554,,,0,0,0,ADL,1.000000
Subject 1/ADL/15.mp4#f32-95,Subject 1/ADL/15.mp4,1,gmdcsa24,0,32,95,1.082148,3.212628,,,0,0,0,ADL,1.000000
Subject 1/ADL/15.mp4#f48-111,Subject 1/ADL/15.mp4,1,gmdcsa24,0,48,111,1.623223,3.753702,,,0,0,0,ADL,1.000000
Subject 1/ADL/15.mp4#f64-127,Subject 1/ADL/15.mp4,1,gmdcsa24,0,64,127,2.164297,4.294777,,,0,0,0,ADL,1.000000
Subject 1/ADL/15.mp4#f80-143,Subject 1/ADL/15.mp4,1,gmdcsa24,0,80,143,2.705371,4.835851,,,0,0,0,ADL,1.000000
Subject 1/ADL/15.mp4#f96-159,Subject 1/ADL/15.mp4,1,gmdcsa24,0,96,159,3.246445,5.376925,,,0,0,0,ADL,1.000000
Subject 1/ADL/15.mp4#f112-175,Subject 1/ADL/15.mp4,1,gmdcsa24,0,112,175,3.787520,5.917999,,,0,0,0,ADL,1.000000
Subject 1/ADL/15.mp4#f128-191,Subject 1/ADL/15.mp4,1,gmdcsa24,0,128,191,4.328594,6.459073,,,0,0,0,ADL,1.000000
Subject 1/ADL/15.mp4#f144-207,Subject 1/ADL/15.mp4,1,gmdcsa24,0,144,207,4.869668,7.000148,,,0,0,0,ADL,1.000000
Subject 1/ADL/16.mp4#f0-63,Subject 1/ADL/16.mp4,1,gmdcsa24,0,0,63,0.000000,2.133156,,,0,0,0,ADL,1.000000
Subject 1/ADL/16.mp4#f16-79,Subject 1/ADL/16.mp4,1,gmdcsa24,0,16,79,0.541754,2.674910,,,0,0,0,ADL,1.000000
Subject 1/ADL/16.mp4#f32-95,Subject 1/ADL/16.mp4,1,gmdcsa24,0,32,95,1.083508,3.216663,,,0,0,0,ADL,1.000000
Subject 1/Fall/01.mp4#f0-63,Subject 1/Fall/01.mp4,1,gmdcsa24,1,0,63,0.000000,2.130683,3.400000,1.285174,0,1,1,PRE_FALL_1_2S,1.000000
Subject 1/Fall/01.mp4#f16-79,Subject 1/Fall/01.mp4,1,gmdcsa24,1,16,79,0.541126,2.671808,3.400000,0.744048,1,1,1,PRE_FALL_0_1S,1.000000
Subject 1/Fall/01.mp4#f32-95,Subject 1/Fall/01.mp4,1,gmdcsa24,1,32,95,1.082252,3.212934,3.400000,0.202922,1,1,1,PRE_FALL_0_1S,1.000000
Subject 1/Fall/03.mp4#f0-63,Subject 1/Fall/03.mp4,1,gmdcsa24,1,0,63,0.000000,2.119676,2.500000,0.370102,1,1,1,PRE_FALL_0_1S,1.000000
Subject 1/Fall/04.mp4#f0-63,Subject 1/Fall/04.mp4,1,gmdcsa24,1,0,63,0.000000,2.140835,2.300000,0.169908,1,1,1,PRE_FALL_0_1S,1.000000
Subject 1/Fall/06.mp4#f0-63,Subject 1/Fall/06.mp4,1,gmdcsa24,1,0,63,0.000000,2.123821,2.200000,0.067423,1,1,1,PRE_FALL_0_1S,1.000000
Subject 1/Fall/16.mp4#f0-63,Subject 1/Fall/16.mp4,1,gmdcsa24,1,0,63,0.000000,2.122265,2.800000,0.673735,1,1,1,PRE_FALL_0_1S,1.000000
Subject 1/Fall/16.mp4#f16-79,Subject 1/Fall/16.mp4,1,gmdcsa24,1,16,79,0.538988,2.661253,2.800000,0.134747,1,1,1,PRE_FALL_0_1S,1.000000
Subject 2/ADL/01.mp4#f0-63,Subject 2/ADL/01.mp4,2,gmdcsa24,0,0,63,0.000000,2.111179,,,0,0,0,ADL,1.000000
Subject 2/ADL/01.mp4#f16-79,Subject 2/ADL/01.mp4,2,gmdcsa24,0,16,79,0.536173,2.647352,,,0,0,0,ADL,1.000000
Subject 2/ADL/01.mp4#f32-95,Subject 2/ADL/01.mp4,2,gmdcsa24,0,32,95,1.072345,3.183524,,,0,0,0,ADL,1.000000
Subject 2/ADL/01.mp4#f48-111,Subject 2/ADL/01.mp4,2,gmdcsa24,0,48,111,1.608518,3.719697,,,0,0,0,ADL,1.000000
Subject 2/ADL/01.mp4#f64-127,Subject 2/ADL/01.mp4,2,gmdcsa24,0,64,127,2.144690,4.255869,,,0,0,0,ADL,1.000000
Subject 2/ADL/01.mp4#f80-143,Subject 2/ADL/01.mp4,2,gmdcsa24,0,80,143,2.680863,4.792042,,,0,0,0,ADL,1.000000
Subject 2/ADL/01.mp4#f96-159,Subject 2/ADL/01.mp4,2,gmdcsa24,0,96,159,3.217035,5.328215,,,0,0,0,ADL,1.000000
Subject 2/ADL/01.mp4#f112-175,Subject 2/ADL/01.mp4,2,gmdcsa24,0,112,175,3.753208,5.864387,,,0,0,0,ADL,1.000000
Subject 2/ADL/01.mp4#f128-191,Subject 2/ADL/01.mp4,2,gmdcsa24,0,128,191,4.289380,6.400560,,,0,0,0,ADL,1.000000
Subject 2/ADL/01.mp4#f144-207,Subject 2/ADL/01.mp4,2,gmdcsa24,0,144,207,4.825553,6.936732,,,0,0,0,ADL,1.000000
Subject 2/ADL/01.mp4#f160-223,Subject 2/ADL/01.mp4,2,gmdcsa24,0,160,223,5.361725,7.472905,,,0,0,0,ADL,1.000000
Subject 2/ADL/01.mp4#f176-239,Subject 2/ADL/01.mp4,2,gmdcsa24,0,176,239,5.897898,8.009077,,,0,0,0,ADL,1.000000
Subject 2/ADL/01.mp4#f192-255,Subject 2/ADL/01.mp4,2,gmdcsa24,0,192,255,6.434070,8.545250,,,0,0,0,ADL,1.000000
Subject 2/ADL/01.mp4#f208-271,Subject 2/ADL/01.mp4,2,gmdcsa24,0,208,271,6.970243,9.081422,,,0,0,0,ADL,1.000000
Subject 2/ADL/01.mp4#f224-287,Subject 2/ADL/01.mp4,2,gmdcsa24,0,224,287,7.506415,9.617595,,,0,0,0,ADL,1.000000
Subject 2/ADL/01.mp4#f240-303,Subject 2/ADL/01.mp4,2,gmdcsa24,0,240,303,8.042588,10.153767,,,0,0,0,ADL,1.000000
Subject 2/ADL/01.mp4#f256-319,Subject 2/ADL/01.mp4,2,gmdcsa24,0,256,319,8.578761,10.689940,,,0,0,0,ADL,1.000000
Subject 2/ADL/01.mp4#f272-335,Subject 2/ADL/01.mp4,2,gmdcsa24,0,272,335,9.114933,11.226112,,,0,0,0,ADL,1.000000
Subject 2/ADL/02.mp4#f0-63,Subject 2/ADL/02.mp4,2,gmdcsa24,0,0,63,0.000000,2.110751,,,0,0,0,ADL,1.000000
Subject 2/ADL/02.mp4#f16-79,Subject 2/ADL/02.mp4,2,gmdcsa24,0,16,79,0.536064,2.646814,,,0,0,0,ADL,1.000000
Subject 2/ADL/02.mp4#f32-95,Subject 2/ADL/02.mp4,2,gmdcsa24,0,32,95,1.072127,3.182878,,,0,0,0,ADL,1.000000
Subject 2/ADL/02.mp4#f48-111,Subject 2/ADL/02.mp4,2,gmdcsa24,0,48,111,1.608191,3.718942,,,0,0,0,ADL,1.000000
Subject 2/ADL/02.mp4#f64-127,Subject 2/ADL/02.mp4,2,gmdcsa24,0,64,127,2.144255,4.255005,,,0,0,0,ADL,1.000000
Subject 2/ADL/02.mp4#f80-143,Subject 2/ADL/02.mp4,2,gmdcsa24,0,80,143,2.680318,4.791069,,,0,0,0,ADL,1.000000
Subject 2/ADL/02.mp4#f96-159,Subject 2/ADL/02.mp4,2,gmdcsa24,0,96,159,3.216382,5.327132,,,0,0,0,ADL,1.000000
Subject 2/ADL/02.mp4#f112-175,Subject 2/ADL/02.mp4,2,gmdcsa24,0,112,175,3.752446,5.863196,,,0,0,0,ADL,1.000000
Subject 2/ADL/02.mp4#f128-191,Subject 2/ADL/02.mp4,2,gmdcsa24,0,128,191,4.288509,6.399260,,,0,0,0,ADL,1.000000
Subject 2/ADL/02.mp4#f144-207,Subject 2/ADL/02.mp4,2,gmdcsa24,0,144,207,4.824573,6.935323,,,0,0,0,ADL,1.000000
Subject 2/ADL/02.mp4#f160-223,Subject 2/ADL/02.mp4,2,gmdcsa24,0,160,223,5.360636,7.471387,,,0,0,0,ADL,1.000000
Subject 2/ADL/02.mp4#f176-239,Subject 2/ADL/02.mp4,2,gmdcsa24,0,176,239,5.896700,8.007451,,,0,0,0,ADL,1.000000
Subject 2/ADL/02.mp4#f192-255,Subject 2/ADL/02.mp4,2,gmdcsa24,0,192,255,6.432764,8.543514,,,0,0,0,ADL,1.000000
Subject 2/ADL/02.mp4#f208-271,Subject 2/ADL/02.mp4,2,gmdcsa24,0,208,271,6.968827,9.079578,,,0,0,0,ADL,1.000000
Subject 2/ADL/02.mp4#f224-287,Subject 2/ADL/02.mp4,2,gmdcsa24,0,224,287,7.504891,9.615642,,,0,0,0,ADL,1.000000
Subject 2/ADL/02.mp4#f240-303,Subject 2/ADL/02.mp4,2,gmdcsa24,0,240,303,8.040955,10.151705,,,0,0,0,ADL,1.000000
Subject 2/ADL/02.mp4#f256-319,Subject 2/ADL/02.mp4,2,gmdcsa24,0,256,319,8.577018,10.687769,,,0,0,0,ADL,1.000000
Subject 2/ADL/02.mp4#f272-335,Subject 2/ADL/02.mp4,2,gmdcsa24,0,272,335,9.113082,11.223833,,,0,0,0,ADL,1.000000
Subject 2/ADL/02.mp4#f288-351,Subject 2/ADL/02.mp4,2,gmdcsa24,0,288,351,9.649146,11.759896,,,0,0,0,ADL,1.000000
Subject 2/ADL/03.mp4#f0-63,Subject 2/ADL/03.mp4,2,gmdcsa24,0,0,63,0.000000,2.112506,,,0,0,0,ADL,1.000000
Subject 2/ADL/03.mp4#f16-79,Subject 2/ADL/03.mp4,2,gmdcsa24,0,16,79,0.536509,2.649015,,,0,0,0,ADL,1.000000
Subject 2/ADL/03.mp4#f32-95,Subject 2/ADL/03.mp4,2,gmdcsa24,0,32,95,1.073019,3.185524,,,0,0,0,ADL,1.000000
Subject 2/ADL/03.mp4#f48-111,Subject 2/ADL/03.mp4,2,gmdcsa24,0,48,111,1.609528,3.722034,,,0,0,0,ADL,1.000000
Subject 2/ADL/03.mp4#f64-127,Subject 2/ADL/03.mp4,2,gmdcsa24,0,64,127,2.146037,4.258543,,,0,0,0,ADL,1.000000
Subject 2/ADL/03.mp4#f80-143,Subject 2/ADL/03.mp4,2,gmdcsa24,0,80,143,2.682547,4.795052,,,0,0,0,ADL,1.000000
Subject 2/ADL/03.mp4#f96-159,Subject 2/ADL/03.mp4,2,gmdcsa24,0,96,159,3.219056,5.331562,,,0,0,0,ADL,1.000000
Subject 2/ADL/03.mp4#f112-175,Subject 2/ADL/03.mp4,2,gmdcsa24,0,112,175,3.755565,5.868071,,,0,0,0,ADL,1.000000
Subject 2/ADL/03.mp4#f128-191,Subject 2/ADL/03.mp4,2,gmdcsa24,0,128,191,4.292075,6.404580,,,0,0,0,ADL,1.000000
Subject 2/ADL/03.mp4#f144-207,Subject 2/ADL/03.mp4,2,gmdcsa24,0,144,207,4.828584,6.941090,,,0,0,0,ADL,1.000000
Subject 2/ADL/03.mp4#f160-223,Subject 2/ADL/03.mp4,2,gmdcsa24,0,160,223,5.365093,7.477599,,,0,0,0,ADL,1.000000
Subject 2/ADL/03.mp4#f176-239,Subject 2/ADL/03.mp4,2,gmdcsa24,0,176,239,5.901603,8.014108,,,0,0,0,ADL,1.000000
Subject 2/ADL/03.mp4#f192-255,Subject 2/ADL/03.mp4,2,gmdcsa24,0,192,255,6.438112,8.550618,,,0,0,0,ADL,1.000000
Subject 2/ADL/03.mp4#f208-271,Subject 2/ADL/03.mp4,2,gmdcsa24,0,208,271,6.974622,9.087127,,,0,0,0,ADL,1.000000
Subject 2/ADL/03.mp4#f224-287,Subject 2/ADL/03.mp4,2,gmdcsa24,0,224,287,7.511131,9.623636,,,0,0,0,ADL,1.000000
Subject 2/ADL/03.mp4#f240-303,Subject 2/ADL/03.mp4,2,gmdcsa24,0,240,303,8.047640,10.160146,,,0,0,0,ADL,1.000000
Subject 2/ADL/03.mp4#f256-319,Subject 2/ADL/03.mp4,2,gmdcsa24,0,256,319,8.584150,10.696655,,,0,0,0,ADL,1.000000
Subject 2/ADL/03.mp4#f272-335,Subject 2/ADL/03.mp4,2,gmdcsa24,0,272,335,9.120659,11.233164,,,0,0,0,ADL,1.000000
Subject 2/ADL/03.mp4#f288-351,Subject 2/ADL/03.mp4,2,gmdcsa24,0,288,351,9.657168,11.769674,,,0,0,0,ADL,1.000000
Subject 2/ADL/04.mp4#f0-63,Subject 2/ADL/04.mp4,2,gmdcsa24,0,0,63,0.000000,2.111182,,,0,0,0,ADL,1.000000
Subject 2/ADL/04.mp4#f16-79,Subject 2/ADL/04.mp4,2,gmdcsa24,0,16,79,0.536173,2.647355,,,0,0,0,ADL,1.000000
Subject 2/ADL/04.mp4#f32-95,Subject 2/ADL/04.mp4,2,gmdcsa24,0,32,95,1.072346,3.183528,,,0,0,0,ADL,1.000000
Subject 2/ADL/04.mp4#f48-111,Subject 2/ADL/04.mp4,2,gmdcsa24,0,48,111,1.608520,3.719702,,,0,0,0,ADL,1.000000
Subject 2/ADL/04.mp4#f64-127,Subject 2/ADL/04.mp4,2,gmdcsa24,0,64,127,2.144693,4.255875,,,0,0,0,ADL,1.000000
Subject 2/ADL/04.mp4#f80-143,Subject 2/ADL/04.mp4,2,gmdcsa24,0,80,143,2.680866,4.792048,,,0,0,0,ADL,1.000000
Subject 2/ADL/04.mp4#f96-159,Subject 2/ADL/04.mp4,2,gmdcsa24,0,96,159,3.217039,5.328221,,,0,0,0,ADL,1.000000
Subject 2/ADL/04.mp4#f112-175,Subject 2/ADL/04.mp4,2,gmdcsa24,0,112,175,3.753213,5.864395,,,0,0,0,ADL,1.000000
Subject 2/ADL/04.mp4#f128-191,Subject 2/ADL/04.mp4,2,gmdcsa24,0,128,191,4.289386,6.400568,,,0,0,0,ADL,1.000000
Subject 2/ADL/04.mp4#f144-207,Subject 2/ADL/04.mp4,2,gmdcsa24,0,144,207,4.825559,6.936741,,,0,0,0,ADL,1.000000
Subject 2/ADL/04.mp4#f160-223,Subject 2/ADL/04.mp4,2,gmdcsa24,0,160,223,5.361732,7.472914,,,0,0,0,ADL,1.000000
Subject 2/ADL/05.mp4#f0-63,Subject 2/ADL/05.mp4,2,gmdcsa24,0,0,63,0.000000,2.109921,,,0,0,0,ADL,1.000000
Subject 2/ADL/05.mp4#f16-79,Subject 2/ADL/05.mp4,2,gmdcsa24,0,16,79,0.535853,2.645774,,,0,0,0,ADL,1.000000
Subject 2/ADL/05.mp4#f32-95,Subject 2/ADL/05.mp4,2,gmdcsa24,0,32,95,1.071706,3.181627,,,0,0,0,ADL,1.000000
Subject 2/ADL/05.mp4#f48-111,Subject 2/ADL/05.mp4,2,gmdcsa24,0,48,111,1.607559,3.717481,,,0,0,0,ADL,1.000000
Subject 2/ADL/05.mp4#f64-127,Subject 2/ADL/05.mp4,2,gmdcsa24,0,64,127,2.143412,4.253334,,,0,0,0,ADL,1.000000
Subject 2/ADL/05.mp4#f80-143,Subject 2/ADL/05.mp4,2,gmdcsa24,0,80,143,2.679265,4.789187,,,0,0,0,ADL,1.000000
Subject 2/ADL/05.mp4#f96-159,Subject 2/ADL/05.mp4,2,gmdcsa24,0,96,159,3.215118,5.325040,,,0,0,0,ADL,1.000000
Subject 2/ADL/05.mp4#f112-175,Subject 2/ADL/05.mp4,2,gmdcsa24,0,112,175,3.750971,5.860893,,,0,0,0,ADL,1.000000
Subject 2/ADL/05.mp4#f128-191,Subject 2/ADL/05.mp4,2,gmdcsa24,0,128,191,4.286824,6.396746,,,0,0,0,ADL,1.000000
Subject 2/ADL/05.mp4#f144-207,Subject 2/ADL/05.mp4,2,gmdcsa24,0,144,207,4.822677,6.932599,,,0,0,0,ADL,1.000000
Subject 2/ADL/05.mp4#f160-223,Subject 2/ADL/05.mp4,2,gmdcsa24,0,160,223,5.358530,7.468452,,,0,0,0,ADL,1.000000
Subject 2/ADL/05.mp4#f176-239,Subject 2/ADL/05.mp4,2,gmdcsa24,0,176,239,5.894384,8.004305,,,0,0,0,ADL,1.000000
Subject 2/ADL/05.mp4#f192-255,Subject 2/ADL/05.mp4,2,gmdcsa24,0,192,255,6.430237,8.540158,,,0,0,0,ADL,1.000000
Subject 2/ADL/05.mp4#f208-271,Subject 2/ADL/05.mp4,2,gmdcsa24,0,208,271,6.966090,9.076011,,,0,0,0,ADL,1.000000
Subject 2/ADL/05.mp4#f224-287,Subject 2/ADL/05.mp4,2,gmdcsa24,0,224,287,7.501943,9.611864,,,0,0,0,ADL,1.000000
Subject 2/ADL/05.mp4#f240-303,Subject 2/ADL/05.mp4,2,gmdcsa24,0,240,303,8.037796,10.147717,,,0,0,0,ADL,1.000000
Subject 2/ADL/05.mp4#f256-319,Subject 2/ADL/05.mp4,2,gmdcsa24,0,256,319,8.573649,10.683570,,,0,0,0,ADL,1.000000
Subject 2/ADL/06.mp4#f0-63,Subject 2/ADL/06.mp4,2,gmdcsa24,0,0,63,0.000000,2.110480,,,0,0,0,ADL,1.000000
Subject 2/ADL/06.mp4#f16-79,Subject 2/ADL/06.mp4,2,gmdcsa24,0,16,79,0.535995,2.646475,,,0,0,0,ADL,1.000000
Subject 2/ADL/06.mp4#f32-95,Subject 2/ADL/06.mp4,2,gmdcsa24,0,32,95,1.071990,3.182470,,,0,0,0,ADL,1.000000
Subject 2/ADL/06.mp4#f48-111,Subject 2/ADL/06.mp4,2,gmdcsa24,0,48,111,1.607985,3.718465,,,0,0,0,ADL,1.000000
Subject 2/ADL/06.mp4#f64-127,Subject 2/ADL/06.mp4,2,gmdcsa24,0,64,127,2.143980,4.254460,,,0,0,0,ADL,1.000000
Subject 2/ADL/06.mp4#f80-143,Subject 2/ADL/06.mp4,2,gmdcsa24,0,80,143,2.679975,4.790455,,,0,0,0,ADL,1.000000
Subject 2/ADL/06.mp4#f96-159,Subject 2/ADL/06.mp4,2,gmdcsa24,0,96,159,3.215970,5.326450,,,0,0,0,ADL,1.000000
Subject 2/ADL/06.mp4#f112-175,Subject 2/ADL/06.mp4,2,gmdcsa24,0,112,175,3.751965,5.862445,,,0,0,0,ADL,1.000000
Subject 2/ADL/06.mp4#f128-191,Subject 2/ADL/06.mp4,2,gmdcsa24,0,128,191,4.287960,6.398440,,,0,0,0,ADL,1.000000
Subject 2/ADL/06.mp4#f144-207,Subject 2/ADL/06.mp4,2,gmdcsa24,0,144,207,4.823955,6.934435,,,0,0,0,ADL,1.000000
Subject 2/ADL/06.mp4#f160-223,Subject 2/ADL/06.mp4,2,gmdcsa24,0,160,223,5.359950,7.470430,,,0,0,0,ADL,1.000000
Subject 2/ADL/06.mp4#f176-239,Subject 2/ADL/06.mp4,2,gmdcsa24,0,176,239,5.895945,8.006425,,,0,0,0,ADL,1.000000
Subject 2/ADL/06.mp4#f192-255,Subject 2/ADL/06.mp4,2,gmdcsa24,0,192,255,6.431940,8.542420,,,0,0,0,ADL,1.000000
Subject 2/ADL/06.mp4#f208-271,Subject 2/ADL/06.mp4,2,gmdcsa24,0,208,271,6.967935,9.078415,,,0,0,0,ADL,1.000000
Subject 2/ADL/06.mp4#f224-287,Subject 2/ADL/06.mp4,2,gmdcsa24,0,224,287,7.503930,9.614410,,,0,0,0,ADL,1.000000
Subject 2/ADL/06.mp4#f240-303,Subject 2/ADL/06.mp4,2,gmdcsa24,0,240,303,8.039925,10.150405,,,0,0,0,ADL,1.000000
Subject 2/ADL/06.mp4#f256-319,Subject 2/ADL/06.mp4,2,gmdcsa24,0,256,319,8.575920,10.686400,,,0,0,0,ADL,1.000000
Subject 2/ADL/07.mp4#f0-63,Subject 2/ADL/07.mp4,2,gmdcsa24,0,0,63,0.000000,2.109753,,,0,0,0,ADL,1.000000
Subject 2/ADL/07.mp4#f16-79,Subject 2/ADL/07.mp4,2,gmdcsa24,0,16,79,0.535810,2.645563,,,0,0,0,ADL,1.000000
Subject 2/ADL/07.mp4#f32-95,Subject 2/ADL/07.mp4,2,gmdcsa24,0,32,95,1.071621,3.181374,,,0,0,0,ADL,1.000000
Subject 2/ADL/07.mp4#f48-111,Subject 2/ADL/07.mp4,2,gmdcsa24,0,48,111,1.607431,3.717184,,,0,0,0,ADL,1.000000
Subject 2/ADL/07.mp4#f64-127,Subject 2/ADL/07.mp4,2,gmdcsa24,0,64,127,2.143241,4.252994,,,0,0,0,ADL,1.000000
Subject 2/ADL/07.mp4#f80-143,Subject 2/ADL/07.mp4,2,gmdcsa24,0,80,143,2.679051,4.788805,,,0,0,0,ADL,1.000000
Subject 2/ADL/07.mp4#f96-159,Subject 2/ADL/07.mp4,2,gmdcsa24,0,96,159,3.214862,5.324615,,,0,0,0,ADL,1.000000
Subject 2/ADL/07.mp4#f112-175,Subject 2/ADL/07.mp4,2,gmdcsa24,0,112,175,3.750672,5.860425,,,0,0,0,ADL,1.000000
Subject 2/ADL/07.mp4#f128-191,Subject 2/ADL/07.mp4,2,gmdcsa24,0,128,191,4.286482,6.396235,,,0,0,0,ADL,1.000000
Subject 2/ADL/07.mp4#f144-207,Subject 2/ADL/07.mp4,2,gmdcsa24,0,144,207,4.822293,6.932046,,,0,0,0,ADL,1.000000
Subject 2/ADL/07.mp4#f160-223,Subject 2/ADL/07.mp4,2,gmdcsa24,0,160,223,5.358103,7.467856,,,0,0,0,ADL,1.000000
Subject 2/ADL/07.mp4#f176-239,Subject 2/ADL/07.mp4,2,gmdcsa24,0,176,239,5.893913,8.003666,,,0,0,0,ADL,1.000000
Subject 2/ADL/07.mp4#f192-255,Subject 2/ADL/07.mp4,2,gmdcsa24,0,192,255,6.429724,8.539477,,,0,0,0,ADL,1.000000
Subject 2/ADL/07.mp4#f208-271,Subject 2/ADL/07.mp4,2,gmdcsa24,0,208,271,6.965534,9.075287,,,0,0,0,ADL,1.000000
Subject 2/ADL/07.mp4#f224-287,Subject 2/ADL/07.mp4,2,gmdcsa24,0,224,287,7.501344,9.611097,,,0,0,0,ADL,1.000000
Subject 2/ADL/07.mp4#f240-303,Subject 2/ADL/07.mp4,2,gmdcsa24,0,240,303,8.037154,10.146908,,,0,0,0,ADL,1.000000
Subject 2/ADL/07.mp4#f256-319,Subject 2/ADL/07.mp4,2,gmdcsa24,0,256,319,8.572965,10.682718,,,0,0,0,ADL,1.000000
Subject 2/ADL/07.mp4#f272-335,Subject 2/ADL/07.mp4,2,gmdcsa24,0,272,335,9.108775,11.218528,,,0,0,0,ADL,1.000000
Subject 2/ADL/07.mp4#f288-351,Subject 2/ADL/07.mp4,2,gmdcsa24,0,288,351,9.644585,11.754338,,,0,0,0,ADL,1.000000
Subject 2/ADL/07.mp4#f304-367,Subject 2/ADL/07.mp4,2,gmdcsa24,0,304,367,10.180396,12.290149,,,0,0,0,ADL,1.000000
Subject 2/ADL/07.mp4#f320-383,Subject 2/ADL/07.mp4,2,gmdcsa24,0,320,383,10.716206,12.825959,,,0,0,0,ADL,1.000000
Subject 2/ADL/08.mp4#f0-63,Subject 2/ADL/08.mp4,2,gmdcsa24,0,0,63,0.000000,2.110129,,,0,0,0,ADL,1.000000
Subject 2/ADL/08.mp4#f16-79,Subject 2/ADL/08.mp4,2,gmdcsa24,0,16,79,0.535906,2.646035,,,0,0,0,ADL,1.000000
Subject 2/ADL/08.mp4#f32-95,Subject 2/ADL/08.mp4,2,gmdcsa24,0,32,95,1.071812,3.181941,,,0,0,0,ADL,1.000000
Subject 2/ADL/08.mp4#f48-111,Subject 2/ADL/08.mp4,2,gmdcsa24,0,48,111,1.607718,3.717847,,,0,0,0,ADL,1.000000
Subject 2/ADL/08.mp4#f64-127,Subject 2/ADL/08.mp4,2,gmdcsa24,0,64,127,2.143623,4.253753,,,0,0,0,ADL,1.000000
Subject 2/ADL/08.mp4#f80-143,Subject 2/ADL/08.mp4,2,gmdcsa24,0,80,143,2.679529,4.789659,,,0,0,0,ADL,1.000000
Subject 2/ADL/08.mp4#f96-159,Subject 2/ADL/08.mp4,2,gmdcsa24,0,96,159,3.215435,5.325565,,,0,0,0,ADL,1.000000
Subject 2/ADL/08.mp4#f112-175,Subject 2/ADL/08.mp4,2,gmdcsa24,0,112,175,3.751341,5.861470,,,0,0,0,ADL,1.000000
Subject 2/ADL/08.mp4#f128-191,Subject 2/ADL/08.mp4,2,gmdcsa24,0,128,191,4.287247,6.397376,,,0,0,0,ADL,1.000000
Subject 2/ADL/08.mp4#f144-207,Subject 2/ADL/08.mp4,2,gmdcsa24,0,144,207,4.823153,6.933282,,,0,0,0,ADL,1.000000
Subject 2/ADL/08.mp4#f160-223,Subject 2/ADL/08.mp4,2,gmdcsa24,0,160,223,5.359059,7.469188,,,0,0,0,ADL,1.000000
Subject 2/ADL/08.mp4#f176-239,Subject 2/ADL/08.mp4,2,gmdcsa24,0,176,239,5.894965,8.005094,,,0,0,0,ADL,1.000000
Subject 2/ADL/08.mp4#f192-255,Subject 2/ADL/08.mp4,2,gmdcsa24,0,192,255,6.430870,8.541000,,,0,0,0,ADL,1.000000
Subject 2/ADL/08.mp4#f208-271,Subject 2/ADL/08.mp4,2,gmdcsa24,0,208,271,6.966776,9.076906,,,0,0,0,ADL,1.000000
Subject 2/ADL/08.mp4#f224-287,Subject 2/ADL/08.mp4,2,gmdcsa24,0,224,287,7.502682,9.612812,,,0,0,0,ADL,1.000000
Subject 2/ADL/08.mp4#f240-303,Subject 2/ADL/08.mp4,2,gmdcsa24,0,240,303,8.038588,10.148717,,,0,0,0,ADL,1.000000
Subject 2/ADL/08.mp4#f256-319,Subject 2/ADL/08.mp4,2,gmdcsa24,0,256,319,8.574494,10.684623,,,0,0,0,ADL,1.000000
Subject 2/ADL/08.mp4#f272-335,Subject 2/ADL/08.mp4,2,gmdcsa24,0,272,335,9.110400,11.220529,,,0,0,0,ADL,1.000000
Subject 2/ADL/08.mp4#f288-351,Subject 2/ADL/08.mp4,2,gmdcsa24,0,288,351,9.646306,11.756435,,,0,0,0,ADL,1.000000
Subject 2/ADL/08.mp4#f304-367,Subject 2/ADL/08.mp4,2,gmdcsa24,0,304,367,10.182212,12.292341,,,0,0,0,ADL,1.000000
Subject 2/ADL/08.mp4#f320-383,Subject 2/ADL/08.mp4,2,gmdcsa24,0,320,383,10.718117,12.828247,,,0,0,0,ADL,1.000000
Subject 2/ADL/08.mp4#f336-399,Subject 2/ADL/08.mp4,2,gmdcsa24,0,336,399,11.254023,13.364153,,,0,0,0,ADL,1.000000
Subject 2/ADL/09.mp4#f0-63,Subject 2/ADL/09.mp4,2,gmdcsa24,0,0,63,0.000000,2.111650,,,0,0,0,ADL,1.000000
Subject 2/ADL/09.mp4#f16-79,Subject 2/ADL/09.mp4,2,gmdcsa24,0,16,79,0.536292,2.647942,,,0,0,0,ADL,1.000000
Subject 2/ADL/09.mp4#f32-95,Subject 2/ADL/09.mp4,2,gmdcsa24,0,32,95,1.072584,3.184233,,,0,0,0,ADL,1.000000
Subject 2/ADL/09.mp4#f48-111,Subject 2/ADL/09.mp4,2,gmdcsa24,0,48,111,1.608876,3.720525,,,0,0,0,ADL,1.000000
Subject 2/ADL/09.mp4#f64-127,Subject 2/ADL/09.mp4,2,gmdcsa24,0,64,127,2.145168,4.256817,,,0,0,0,ADL,1.000000
Subject 2/ADL/09.mp4#f80-143,Subject 2/ADL/09.mp4,2,gmdcsa24,0,80,143,2.681460,4.793109,,,0,0,0,ADL,1.000000
Subject 2/ADL/09.mp4#f96-159,Subject 2/ADL/09.mp4,2,gmdcsa24,0,96,159,3.217752,5.329401,,,0,0,0,ADL,1.000000
Subject 2/ADL/09.mp4#f112-175,Subject 2/ADL/09.mp4,2,gmdcsa24,0,112,175,3.754044,5.865693,,,0,0,0,ADL,1.000000
Subject 2/ADL/09.mp4#f128-191,Subject 2/ADL/09.mp4,2,gmdcsa24,0,128,191,4.290336,6.401985,,,0,0,0,ADL,1.000000
Subject 2/ADL/09.mp4#f144-207,Subject 2/ADL/09.mp4,2,gmdcsa24,0,144,207,4.826628,6.938277,,,0,0,0,ADL,1.000000
Subject 2/ADL/09.mp4#f160-223,Subject 2/ADL/09.mp4,2,gmdcsa24,0,160,223,5.362920,7.474569,,,0,0,0,ADL,1.000000
Subject 2/ADL/09.mp4#f176-239,Subject 2/ADL/09.mp4,2,gmdcsa24,0,176,239,5.899212,8.010861,,,0,0,0,ADL,1.000000
Subject 2/ADL/09.mp4#f192-255,Subject 2/ADL/09.mp4,2,gmdcsa24,0,192,255,6.435503,8.547153,,,0,0,0,ADL,1.000000
Subject 2/ADL/09.mp4#f208-271,Subject 2/ADL/09.mp4,2,gmdcsa24,0,208,271,6.971795,9.083445,,,0,0,0,ADL,1.000000
Subject 2/ADL/09.mp4#f224-287,Subject 2/ADL/09.mp4,2,gmdcsa24,0,224,287,7.508087,9.619737,,,0,0,0,ADL,1.000000
Subject 2/ADL/09.mp4#f240-303,Subject 2/ADL/09.mp4,2,gmdcsa24,0,240,303,8.044379,10.156029,,,0,0,0,ADL,1.000000
Subject 2/ADL/09.mp4#f256-319,Subject 2/ADL/09.mp4,2,gmdcsa24,0,256,319,8.580671,10.692321,,,0,0,0,ADL,1.000000
Subject 2/ADL/10.mp4#f0-63,Subject 2/ADL/10.mp4,2,gmdcsa24,0,0,63,0.000000,2.109673,,,0,0,0,ADL,1.000000
Subject 2/ADL/10.mp4#f16-79,Subject 2/ADL/10.mp4,2,gmdcsa24,0,16,79,0.535790,2.645463,,,0,0,0,ADL,1.000000
Subject 2/ADL/10.mp4#f32-95,Subject 2/ADL/10.mp4,2,gmdcsa24,0,32,95,1.071580,3.181253,,,0,0,0,ADL,1.000000
Subject 2/ADL/10.mp4#f48-111,Subject 2/ADL/10.mp4,2,gmdcsa24,0,48,111,1.607370,3.717043,,,0,0,0,ADL,1.000000
Subject 2/ADL/10.mp4#f64-127,Subject 2/ADL/10.mp4,2,gmdcsa24,0,64,127,2.143160,4.252833,,,0,0,0,ADL,1.000000
Subject 2/ADL/10.mp4#f80-143,Subject 2/ADL/10.mp4,2,gmdcsa24,0,80,143,2.678950,4.788623,,,0,0,0,ADL,1.000000
Subject 2/ADL/10.mp4#f96-159,Subject 2/ADL/10.mp4,2,gmdcsa24,0,96,159,3.214740,5.324413,,,0,0,0,ADL,1.000000
Subject 2/ADL/10.mp4#f112-175,Subject 2/ADL/10.mp4,2,gmdcsa24,0,112,175,3.750530,5.860203,,,0,0,0,ADL,1.000000
Subject 2/ADL/10.mp4#f128-191,Subject 2/ADL/10.mp4,2,gmdcsa24,0,128,191,4.286320,6.395993,,,0,0,0,ADL,1.000000
Subject 2/ADL/10.mp4#f144-207,Subject 2/ADL/10.mp4,2,gmdcsa24,0,144,207,4.822110,6.931783,,,0,0,0,ADL,1.000000
Subject 2/ADL/10.mp4#f160-223,Subject 2/ADL/10.mp4,2,gmdcsa24,0,160,223,5.357900,7.467573,,,0,0,0,ADL,1.000000
Subject 2/ADL/11.mp4#f0-63,Subject 2/ADL/11.mp4,2,gmdcsa24,0,0,63,0.000000,2.110986,,,0,0,0,ADL,1.000000
Subject 2/ADL/11.mp4#f16-79,Subject 2/ADL/11.mp4,2,gmdcsa24,0,16,79,0.536123,2.647110,,,0,0,0,ADL,1.000000
Subject 2/ADL/11.mp4#f32-95,Subject 2/ADL/11.mp4,2,gmdcsa24,0,32,95,1.072247,3.183233,,,0,0,0,ADL,1.000000
Subject 2/ADL/11.mp4#f48-111,Subject 2/ADL/11.mp4,2,gmdcsa24,0,48,111,1.608370,3.719357,,,0,0,0,ADL,1.000000
Subject 2/ADL/11.mp4#f64-127,Subject 2/ADL/11.mp4,2,gmdcsa24,0,64,127,2.144494,4.255480,,,0,0,0,ADL,1.000000
Subject 2/ADL/11.mp4#f80-143,Subject 2/ADL/11.mp4,2,gmdcsa24,0,80,143,2.680617,4.791604,,,0,0,0,ADL,1.000000
Subject 2/ADL/11.mp4#f96-159,Subject 2/ADL/11.mp4,2,gmdcsa24,0,96,159,3.216741,5.327727,,,0,0,0,ADL,1.000000
Subject 2/ADL/11.mp4#f112-175,Subject 2/ADL/11.mp4,2,gmdcsa24,0,112,175,3.752864,5.863851,,,0,0,0,ADL,1.000000
Subject 2/ADL/11.mp4#f128-191,Subject 2/ADL/11.mp4,2,gmdcsa24,0,128,191,4.288988,6.399974,,,0,0,0,ADL,1.000000
Subject 2/ADL/11.mp4#f144-207,Subject 2/ADL/11.mp4,2,gmdcsa24,0,144,207,4.825111,6.936098,,,0,0,0,ADL,1.000000
Subject 2/ADL/11.mp4#f160-223,Subject 2/ADL/11.mp4,2,gmdcsa24,0,160,223,5.361235,7.472221,,,0,0,0,ADL,1.000000
Subject 2/ADL/11.mp4#f176-239,Subject 2/ADL/11.mp4,2,gmdcsa24,0,176,239,5.897358,8.008345,,,0,0,0,ADL,1.000000
Subject 2/ADL/11.mp4#f192-255,Subject 2/ADL/11.mp4,2,gmdcsa24,0,192,255,6.433482,8.544468,,,0,0,0,ADL,1.000000
Subject 2/ADL/11.mp4#f208-271,Subject 2/ADL/11.mp4,2,gmdcsa24,0,208,271,6.969605,9.080592,,,0,0,0,ADL,1.000000
Subject 2/ADL/11.mp4#f224-287,Subject 2/ADL/11.mp4,2,gmdcsa24,0,224,287,7.505729,9.616715,,,0,0,0,ADL,1.000000
Subject 2/ADL/12.mp4#f0-63,Subject 2/ADL/12.mp4,2,gmdcsa24,0,0,63,0.000000,2.109677,,,0,0,0,ADL,1.000000
Subject 2/ADL/12.mp4#f16-79,Subject 2/ADL/12.mp4,2,gmdcsa24,0,16,79,0.535791,2.645468,,,0,0,0,ADL,1.000000
Subject 2/ADL/12.mp4#f32-95,Subject 2/ADL/12.mp4,2,gmdcsa24,0,32,95,1.071582,3.181258,,,0,0,0,ADL,1.000000
Subject 2/ADL/12.mp4#f48-111,Subject 2/ADL/12.mp4,2,gmdcsa24,0,48,111,1.607373,3.717049,,,0,0,0,ADL,1.000000
Subject 2/ADL/12.mp4#f64-127,Subject 2/ADL/12.mp4,2,gmdcsa24,0,64,127,2.143164,4.252840,,,0,0,0,ADL,1.000000
Subject 2/ADL/12.mp4#f80-143,Subject 2/ADL/12.mp4,2,gmdcsa24,0,80,143,2.678954,4.788631,,,0,0,0,ADL,1.000000
Subject 2/ADL/12.mp4#f96-159,Subject 2/ADL/12.mp4,2,gmdcsa24,0,96,159,3.214745,5.324422,,,0,0,0,ADL,1.000000
Subject 2/ADL/12.mp4#f112-175,Subject 2/ADL/12.mp4,2,gmdcsa24,0,112,175,3.750536,5.860213,,,0,0,0,ADL,1.000000
Subject 2/ADL/12.mp4#f128-191,Subject 2/ADL/12.mp4,2,gmdcsa24,0,128,191,4.286327,6.396004,,,0,0,0,ADL,1.000000
Subject 2/ADL/12.mp4#f144-207,Subject 2/ADL/12.mp4,2,gmdcsa24,0,144,207,4.822118,6.931795,,,0,0,0,ADL,1.000000
Subject 2/ADL/12.mp4#f160-223,Subject 2/ADL/12.mp4,2,gmdcsa24,0,160,223,5.357909,7.467586,,,0,0,0,ADL,1.000000
Subject 2/ADL/13.mp4#f0-63,Subject 2/ADL/13.mp4,2,gmdcsa24,0,0,63,0.000000,2.106503,,,0,0,0,ADL,1.000000
Subject 2/ADL/13.mp4#f16-79,Subject 2/ADL/13.mp4,2,gmdcsa24,0,16,79,0.534985,2.641488,,,0,0,0,ADL,1.000000
Subject 2/ADL/13.mp4#f32-95,Subject 2/ADL/13.mp4,2,gmdcsa24,0,32,95,1.069970,3.176472,,,0,0,0,ADL,1.000000
Subject 2/ADL/13.mp4#f48-111,Subject 2/ADL/13.mp4,2,gmdcsa24,0,48,111,1.604954,3.711457,,,0,0,0,ADL,1.000000
Subject 2/ADL/13.mp4#f64-127,Subject 2/ADL/13.mp4,2,gmdcsa24,0,64,127,2.139939,4.246442,,,0,0,0,ADL,1.000000
Subject 2/ADL/13.mp4#f80-143,Subject 2/ADL/13.mp4,2,gmdcsa24,0,80,143,2.674924,4.781427,,,0,0,0,ADL,1.000000
Subject 2/ADL/14.mp4#f0-63,Subject 2/ADL/14.mp4,2,gmdcsa24,0,0,63,0.000000,4.196546,,,0,0,0,ADL,1.000000
Subject 2/ADL/14.mp4#f16-79,Subject 2/ADL/14.mp4,2,gmdcsa24,0,16,79,1.065790,5.262336,,,0,0,0,ADL,1.000000
Subject 2/ADL/14.mp4#f32-95,Subject 2/ADL/14.mp4,2,gmdcsa24,0,32,95,2.131579,6.328126,,,0,0,0,ADL,1.000000
Subject 2/ADL/14.mp4#f48-111,Subject 2/ADL/14.mp4,2,gmdcsa24,0,48,111,3.197369,7.393915,,,0,0,0,ADL,1.000000
Subject 2/ADL/14.mp4#f64-127,Subject 2/ADL/14.mp4,2,gmdcsa24,0,64,127,4.263158,8.459705,,,0,0,0,ADL,1.000000
Subject 2/ADL/14.mp4#f80-143,Subject 2/ADL/14.mp4,2,gmdcsa24,0,80,143,5.328948,9.525494,,,0,0,0,ADL,1.000000
Subject 2/ADL/14.mp4#f96-159,Subject 2/ADL/14.mp4,2,gmdcsa24,0,96,159,6.394737,10.591284,,,0,0,0,ADL,1.000000
Subject 2/ADL/15.mp4#f0-63,Subject 2/ADL/15.mp4,2,gmdcsa24,0,0,63,0.000000,4.195800,,,0,0,0,ADL,1.000000
Subject 2/ADL/15.mp4#f16-79,Subject 2/ADL/15.mp4,2,gmdcsa24,0,16,79,1.065600,5.261400,,,0,0,0,ADL,1.000000
Subject 2/ADL/15.mp4#f32-95,Subject 2/ADL/15.mp4,2,gmdcsa24,0,32,95,2.131200,6.327000,,,0,0,0,ADL,1.000000
Subject 2/ADL/15.mp4#f48-111,Subject 2/ADL/15.mp4,2,gmdcsa24,0,48,111,3.196800,7.392600,,,0,0,0,ADL,1.000000
Subject 2/ADL/15.mp4#f64-127,Subject 2/ADL/15.mp4,2,gmdcsa24,0,64,127,4.262400,8.458200,,,0,0,0,ADL,1.000000
Subject 2/ADL/15.mp4#f80-143,Subject 2/ADL/15.mp4,2,gmdcsa24,0,80,143,5.328000,9.523800,,,0,0,0,ADL,1.000000
Subject 2/ADL/15.mp4#f96-159,Subject 2/ADL/15.mp4,2,gmdcsa24,0,96,159,6.393600,10.589400,,,0,0,0,ADL,1.000000
Subject 2/ADL/15.mp4#f112-175,Subject 2/ADL/15.mp4,2,gmdcsa24,0,112,175,7.459200,11.655000,,,0,0,0,ADL,1.000000
Subject 2/ADL/16.mp4#f0-63,Subject 2/ADL/16.mp4,2,gmdcsa24,0,0,63,0.000000,4.201505,,,0,0,0,ADL,1.000000
Subject 2/ADL/16.mp4#f16-79,Subject 2/ADL/16.mp4,2,gmdcsa24,0,16,79,1.067049,5.268554,,,0,0,0,ADL,1.000000
Subject 2/ADL/16.mp4#f32-95,Subject 2/ADL/16.mp4,2,gmdcsa24,0,32,95,2.134098,6.335603,,,0,0,0,ADL,1.000000
Subject 2/ADL/16.mp4#f48-111,Subject 2/ADL/16.mp4,2,gmdcsa24,0,48,111,3.201147,7.402652,,,0,0,0,ADL,1.000000
Subject 2/ADL/16.mp4#f64-127,Subject 2/ADL/16.mp4,2,gmdcsa24,0,64,127,4.268196,8.469701,,,0,0,0,ADL,1.000000
Subject 2/ADL/16.mp4#f80-143,Subject 2/ADL/16.mp4,2,gmdcsa24,0,80,143,5.335245,9.536750,,,0,0,0,ADL,1.000000
Subject 2/ADL/16.mp4#f96-159,Subject 2/ADL/16.mp4,2,gmdcsa24,0,96,159,6.402294,10.603799,,,0,0,0,ADL,1.000000
Subject 2/ADL/17.mp4#f0-63,Subject 2/ADL/17.mp4,2,gmdcsa24,0,0,63,0.000000,4.199604,,,0,0,0,ADL,1.000000
Subject 2/ADL/17.mp4#f16-79,Subject 2/ADL/17.mp4,2,gmdcsa24,0,16,79,1.066566,5.266170,,,0,0,0,ADL,1.000000
Subject 2/ADL/17.mp4#f32-95,Subject 2/ADL/17.mp4,2,gmdcsa24,0,32,95,2.133132,6.332736,,,0,0,0,ADL,1.000000
Subject 2/ADL/17.mp4#f48-111,Subject 2/ADL/17.mp4,2,gmdcsa24,0,48,111,3.199698,7.399302,,,0,0,0,ADL,1.000000
Subject 2/ADL/17.mp4#f64-127,Subject 2/ADL/17.mp4,2,gmdcsa24,0,64,127,4.266264,8.465868,,,0,0,0,ADL,1.000000
Subject 2/ADL/17.mp4#f80-143,Subject 2/ADL/17.mp4,2,gmdcsa24,0,80,143,5.332831,9.532435,,,0,0,0,ADL,1.000000
Subject 2/ADL/17.mp4#f96-159,Subject 2/ADL/17.mp4,2,gmdcsa24,0,96,159,6.399397,10.599001,,,0,0,0,ADL,1.000000
Subject 2/ADL/18.mp4#f0-63,Subject 2/ADL/18.mp4,2,gmdcsa24,0,0,63,0.000000,4.199520,,,0,0,0,ADL,1.000000
Subject 2/ADL/18.mp4#f16-79,Subject 2/ADL/18.mp4,2,gmdcsa24,0,16,79,1.066545,5.266065,,,0,0,0,ADL,1.000000
Subject 2/ADL/18.mp4#f32-95,Subject 2/ADL/18.mp4,2,gmdcsa24,0,32,95,2.133089,6.332609,,,0,0,0,ADL,1.000000
Subject 2/ADL/18.mp4#f48-111,Subject 2/ADL/18.mp4,2,gmdcsa24,0,48,111,3.199634,7.399154,,,0,0,0,ADL,1.000000
Subject 2/ADL/18.mp4#f64-127,Subject 2/ADL/18.mp4,2,gmdcsa24,0,64,127,4.266179,8.465699,,,0,0,0,ADL,1.000000
Subject 2/ADL/18.mp4#f80-143,Subject 2/ADL/18.mp4,2,gmdcsa24,0,80,143,5.332724,9.532244,,,0,0,0,ADL,1.000000
Subject 2/ADL/18.mp4#f96-159,Subject 2/ADL/18.mp4,2,gmdcsa24,0,96,159,6.399268,10.598788,,,0,0,0,ADL,1.000000
Subject 2/ADL/19.mp4#f0-63,Subject 2/ADL/19.mp4,2,gmdcsa24,0,0,63,0.000000,4.198542,,,0,0,0,ADL,1.000000
Subject 2/ADL/19.mp4#f16-79,Subject 2/ADL/19.mp4,2,gmdcsa24,0,16,79,1.066296,5.264839,,,0,0,0,ADL,1.000000
Subject 2/ADL/19.mp4#f32-95,Subject 2/ADL/19.mp4,2,gmdcsa24,0,32,95,2.132593,6.331135,,,0,0,0,ADL,1.000000
Subject 2/ADL/19.mp4#f48-111,Subject 2/ADL/19.mp4,2,gmdcsa24,0,48,111,3.198889,7.397432,,,0,0,0,ADL,1.000000
Subject 2/ADL/19.mp4#f64-127,Subject 2/ADL/19.mp4,2,gmdcsa24,0,64,127,4.265186,8.463728,,,0,0,0,ADL,1.000000
Subject 2/ADL/19.mp4#f80-143,Subject 2/ADL/19.mp4,2,gmdcsa24,0,80,143,5.331482,9.530024,,,0,0,0,ADL,1.000000
Subject 2/ADL/19.mp4#f96-159,Subject 2/ADL/19.mp4,2,gmdcsa24,0,96,159,6.397779,10.596321,,,0,0,0,ADL,1.000000
Subject 2/ADL/20.mp4#f0-63,Subject 2/ADL/20.mp4,2,gmdcsa24,0,0,63,0.000000,4.199544,,,0,0,0,ADL,1.000000
Subject 2/ADL/20.mp4#f16-79,Subject 2/ADL/20.mp4,2,gmdcsa24,0,16,79,1.066551,5.266095,,,0,0,0,ADL,1.000000
Subject 2/ADL/20.mp4#f32-95,Subject 2/ADL/20.mp4,2,gmdcsa24,0,32,95,2.133102,6.332646,,,0,0,0,ADL,1.000000
Subject 2/ADL/20.mp4#f48-111,Subject 2/ADL/20.mp4,2,gmdcsa24,0,48,111,3.199653,7.399197,,,0,0,0,ADL,1.000000
Subject 2/ADL/20.mp4#f64-127,Subject 2/ADL/20.mp4,2,gmdcsa24,0,64,127,4.266203,8.465747,,,0,0,0,ADL,1.000000
Subject 2/ADL/20.mp4#f80-143,Subject 2/ADL/20.mp4,2,gmdcsa24,0,80,143,5.332754,9.532298,,,0,0,0,ADL,1.000000
Subject 2/ADL/20.mp4#f96-159,Subject 2/ADL/20.mp4,2,gmdcsa24,0,96,159,6.399305,10.598849,,,0,0,0,ADL,1.000000
Subject 2/ADL/21.mp4#f0-63,Subject 2/ADL/21.mp4,2,gmdcsa24,0,0,63,0.000000,4.198405,,,0,0,0,ADL,1.000000
Subject 2/ADL/21.mp4#f16-79,Subject 2/ADL/21.mp4,2,gmdcsa24,0,16,79,1.066262,5.264667,,,0,0,0,ADL,1.000000
Subject 2/ADL/21.mp4#f32-95,Subject 2/ADL/21.mp4,2,gmdcsa24,0,32,95,2.132523,6.330928,,,0,0,0,ADL,1.000000
Subject 2/ADL/21.mp4#f48-111,Subject 2/ADL/21.mp4,2,gmdcsa24,0,48,111,3.198785,7.397190,,,0,0,0,ADL,1.000000
Subject 2/ADL/21.mp4#f64-127,Subject 2/ADL/21.mp4,2,gmdcsa24,0,64,127,4.265046,8.463452,,,0,0,0,ADL,1.000000
Subject 2/ADL/21.mp4#f80-143,Subject 2/ADL/21.mp4,2,gmdcsa24,0,80,143,5.331308,9.529713,,,0,0,0,ADL,1.000000
Subject 2/ADL/22.mp4#f0-63,Subject 2/ADL/22.mp4,2,gmdcsa24,0,0,63,0.000000,4.198604,,,0,0,0,ADL,1.000000
Subject 2/ADL/22.mp4#f16-79,Subject 2/ADL/22.mp4,2,gmdcsa24,0,16,79,1.066312,5.264916,,,0,0,0,ADL,1.000000
Subject 2/ADL/22.mp4#f32-95,Subject 2/ADL/22.mp4,2,gmdcsa24,0,32,95,2.132624,6.331228,,,0,0,0,ADL,1.000000
Subject 2/ADL/22.mp4#f48-111,Subject 2/ADL/22.mp4,2,gmdcsa24,0,48,111,3.198936,7.397540,,,0,0,0,ADL,1.000000
Subject 2/ADL/22.mp4#f64-127,Subject 2/ADL/22.mp4,2,gmdcsa24,0,64,127,4.265248,8.463852,,,0,0,0,ADL,1.000000
Subject 2/ADL/22.mp4#f80-143,Subject 2/ADL/22.mp4,2,gmdcsa24,0,80,143,5.331561,9.530164,,,0,0,0,ADL,1.000000
Subject 2/ADL/22.mp4#f96-159,Subject 2/ADL/22.mp4,2,gmdcsa24,0,96,159,6.397873,10.596477,,,0,0,0,ADL,1.000000
Subject 2/ADL/22.mp4#f112-175,Subject 2/ADL/22.mp4,2,gmdcsa24,0,112,175,7.464185,11.662789,,,0,0,0,ADL,1.000000
Subject 2/ADL/23.mp4#f0-63,Subject 2/ADL/23.mp4,2,gmdcsa24,0,0,63,0.000000,4.207880,,,0,0,0,ADL,1.000000
Subject 2/ADL/23.mp4#f16-79,Subject 2/ADL/23.mp4,2,gmdcsa24,0,16,79,1.068668,5.276548,,,0,0,0,ADL,1.000000
Subject 2/ADL/23.mp4#f32-95,Subject 2/ADL/23.mp4,2,gmdcsa24,0,32,95,2.137336,6.345216,,,0,0,0,ADL,1.000000
Subject 2/Fall/02.mp4#f0-63,Subject 2/Fall/02.mp4,2,gmdcsa24,1,0,63,0.000000,2.111975,2.700000,0.603421,1,1,1,PRE_FALL_0_1S,1.000000
Subject 2/Fall/02.mp4#f16-79,Subject 2/Fall/02.mp4,2,gmdcsa24,1,16,79,0.536375,2.648350,2.700000,0.067047,1,1,1,PRE_FALL_0_1S,1.000000
Subject 2/Fall/04.mp4#f0-63,Subject 2/Fall/04.mp4,2,gmdcsa24,1,0,63,0.000000,2.108875,3.300000,1.205071,0,1,1,PRE_FALL_1_2S,1.000000
Subject 2/Fall/04.mp4#f16-79,Subject 2/Fall/04.mp4,2,gmdcsa24,1,16,79,0.535587,2.644462,3.300000,0.669484,1,1,1,PRE_FALL_0_1S,1.000000
Subject 2/Fall/04.mp4#f32-95,Subject 2/Fall/04.mp4,2,gmdcsa24,1,32,95,1.071175,3.180050,3.300000,0.133897,1,1,1,PRE_FALL_0_1S,1.000000
Subject 2/Fall/08.mp4#f0-63,Subject 2/Fall/08.mp4,2,gmdcsa24,1,0,63,0.000000,2.110790,3.200000,1.105652,0,1,1,PRE_FALL_1_2S,1.000000
Subject 2/Fall/08.mp4#f16-79,Subject 2/Fall/08.mp4,2,gmdcsa24,1,16,79,0.536074,2.646864,3.200000,0.569578,1,1,1,PRE_FALL_0_1S,1.000000
Subject 2/Fall/08.mp4#f32-95,Subject 2/Fall/08.mp4,2,gmdcsa24,1,32,95,1.072147,3.182937,3.200000,0.033505,1,1,1,PRE_FALL_0_1S,1.000000
Subject 2/Fall/11.mp4#f0-63,Subject 2/Fall/11.mp4,2,gmdcsa24,1,0,63,0.000000,4.197359,5.900000,1.732243,0,1,1,PRE_FALL_1_2S,1.000000
Subject 2/Fall/11.mp4#f16-79,Subject 2/Fall/11.mp4,2,gmdcsa24,1,16,79,1.065996,5.263354,5.900000,0.666247,1,1,1,PRE_FALL_0_1S,1.000000
Subject 2/Fall/12.mp4#f0-63,Subject 2/Fall/12.mp4,2,gmdcsa24,1,0,63,0.000000,4.196827,6.900000,2.731268,0,0,1,PRE_FALL_2_3S,1.000000
Subject 2/Fall/12.mp4#f16-79,Subject 2/Fall/12.mp4,2,gmdcsa24,1,16,79,1.065861,5.262688,6.900000,1.665408,0,1,1,PRE_FALL_1_2S,1.000000
Subject 2/Fall/12.mp4#f32-95,Subject 2/Fall/12.mp4,2,gmdcsa24,1,32,95,2.131722,6.328549,6.900000,0.599547,1,1,1,PRE_FALL_0_1S,1.000000
Subject 2/Fall/15.mp4#f0-63,Subject 2/Fall/15.mp4,2,gmdcsa24,1,0,63,0.000000,2.111822,7.700000,5.598003,0,0,0,EARLY_FALL_VIDEO,1.000000
Subject 2/Fall/15.mp4#f16-79,Subject 2/Fall/15.mp4,2,gmdcsa24,1,16,79,0.536336,2.648157,7.700000,5.061668,0,0,0,EARLY_FALL_VIDEO,1.000000
Subject 2/Fall/15.mp4#f32-95,Subject 2/Fall/15.mp4,2,gmdcsa24,1,32,95,1.072671,3.184493,7.700000,4.525332,0,0,0,EARLY_FALL_VIDEO,1.000000
Subject 2/Fall/15.mp4#f48-111,Subject 2/Fall/15.mp4,2,gmdcsa24,1,48,111,1.609007,3.720829,7.700000,3.988996,0,0,0,EARLY_FALL_VIDEO,1.000000
Subject 2/Fall/15.mp4#f64-127,Subject 2/Fall/15.mp4,2,gmdcsa24,1,64,127,2.145343,4.257164,7.700000,3.452661,0,0,0,EARLY_FALL_VIDEO,1.000000
Subject 2/Fall/15.mp4#f80-143,Subject 2/Fall/15.mp4,2,gmdcsa24,1,80,143,2.681678,4.793500,7.700000,2.916325,0,0,1,PRE_FALL_2_3S,1.000000
Subject 2/Fall/15.mp4#f96-159,Subject 2/Fall/15.mp4,2,gmdcsa24,1,96,159,3.218014,5.329835,7.700000,2.379989,0,0,1,PRE_FALL_2_3S,1.000000
Subject 2/Fall/15.mp4#f112-175,Subject 2/Fall/15.mp4,2,gmdcsa24,1,112,175,3.754349,5.866171,7.700000,1.843654,0,1,1,PRE_FALL_1_2S,1.000000
Subject 2/Fall/15.mp4#f128-191,Subject 2/Fall/15.mp4,2,gmdcsa24,1,128,191,4.290685,6.402507,7.700000,1.307318,0,1,1,PRE_FALL_1_2S,1.000000
Subject 2/Fall/15.mp4#f144-207,Subject 2/Fall/15.mp4,2,gmdcsa24,1,144,207,4.827021,6.938842,7.700000,0.770982,1,1,1,PRE_FALL_0_1S,1.000000
Subject 2/Fall/15.mp4#f160-223,Subject 2/Fall/15.mp4,2,gmdcsa24,1,160,223,5.363356,7.475178,7.700000,0.234647,1,1,1,PRE_FALL_0_1S,1.000000
Subject 2/Fall/17.mp4#f0-63,Subject 2/Fall/17.mp4,2,gmdcsa24,1,0,63,0.000000,2.109970,2.500000,0.401899,1,1,1,PRE_FALL_0_1S,1.000000
Subject 2/Fall/18.mp4#f0-63,Subject 2/Fall/18.mp4,2,gmdcsa24,1,0,63,0.000000,2.109776,9.800000,7.702356,0,0,0,EARLY_FALL_VIDEO,1.000000
Subject 2/Fall/18.mp4#f16-79,Subject 2/Fall/18.mp4,2,gmdcsa24,1,16,79,0.535816,2.645592,9.800000,7.166540,0,0,0,EARLY_FALL_VIDEO,1.000000
Subject 2/Fall/18.mp4#f32-95,Subject 2/Fall/18.mp4,2,gmdcsa24,1,32,95,1.071632,3.181408,9.800000,6.630724,0,0,0,EARLY_FALL_VIDEO,1.000000
Subject 2/Fall/18.mp4#f48-111,Subject 2/Fall/18.mp4,2,gmdcsa24,1,48,111,1.607448,3.717224,9.800000,6.094908,0,0,0,EARLY_FALL_VIDEO,1.000000
Subject 2/Fall/18.mp4#f64-127,Subject 2/Fall/18.mp4,2,gmdcsa24,1,64,127,2.143264,4.253040,9.800000,5.559092,0,0,0,EARLY_FALL_VIDEO,1.000000
Subject 2/Fall/18.mp4#f80-143,Subject 2/Fall/18.mp4,2,gmdcsa24,1,80,143,2.679080,4.788856,9.800000,5.023275,0,0,0,EARLY_FALL_VIDEO,1.000000
Subject 2/Fall/18.mp4#f96-159,Subject 2/Fall/18.mp4,2,gmdcsa24,1,96,159,3.214896,5.324672,9.800000,4.487459,0,0,0,EARLY_FALL_VIDEO,1.000000
Subject 2/Fall/18.mp4#f112-175,Subject 2/Fall/18.mp4,2,gmdcsa24,1,112,175,3.750712,5.860488,9.800000,3.951643,0,0,0,EARLY_FALL_VIDEO,1.000000
Subject 2/Fall/18.mp4#f128-191,Subject 2/Fall/18.mp4,2,gmdcsa24,1,128,191,4.286528,6.396304,9.800000,3.415827,0,0,0,EARLY_FALL_VIDEO,1.000000
Subject 2/Fall/18.mp4#f144-207,Subject 2/Fall/18.mp4,2,gmdcsa24,1,144,207,4.822344,6.932120,9.800000,2.880011,0,0,1,PRE_FALL_2_3S,1.000000
Subject 2/Fall/18.mp4#f160-223,Subject 2/Fall/18.mp4,2,gmdcsa24,1,160,223,5.358160,7.467936,9.800000,2.344195,0,0,1,PRE_FALL_2_3S,1.000000
Subject 2/Fall/18.mp4#f176-239,Subject 2/Fall/18.mp4,2,gmdcsa24,1,176,239,5.893977,8.003752,9.800000,1.808379,0,1,1,PRE_FALL_1_2S,1.000000
Subject 2/Fall/18.mp4#f192-255,Subject 2/Fall/18.mp4,2,gmdcsa24,1,192,255,6.429793,8.539568,9.800000,1.272563,0,1,1,PRE_FALL_1_2S,1.000000
Subject 2/Fall/18.mp4#f208-271,Subject 2/Fall/18.mp4,2,gmdcsa24,1,208,271,6.965609,9.075384,9.800000,0.736747,1,1,1,PRE_FALL_0_1S,1.000000
Subject 2/Fall/18.mp4#f224-287,Subject 2/Fall/18.mp4,2,gmdcsa24,1,224,287,7.501425,9.611200,9.800000,0.200931,1,1,1,PRE_FALL_0_1S,1.000000
Subject 2/Fall/19.mp4#f0-63,Subject 2/Fall/19.mp4,2,gmdcsa24,1,0,63,0.000000,2.111970,8.200000,6.101245,0,0,0,EARLY_FALL_VIDEO,1.000000
Subject 2/Fall/19.mp4#f16-79,Subject 2/Fall/19.mp4,2,gmdcsa24,1,16,79,0.536373,2.648343,8.200000,5.564872,0,0,0,EARLY_FALL_VIDEO,1.000000
Subject 2/Fall/19.mp4#f32-95,Subject 2/Fall/19.mp4,2,gmdcsa24,1,32,95,1.072746,3.184716,8.200000,5.028499,0,0,0,EARLY_FALL_VIDEO,1.000000
Subject 2/Fall/19.mp4#f48-111,Subject 2/Fall/19.mp4,2,gmdcsa24,1,48,111,1.609120,3.721089,8.200000,4.492126,0,0,0,EARLY_FALL_VIDEO,1.000000
Subject 2/Fall/19.mp4#f64-127,Subject 2/Fall/19.mp4,2,gmdcsa24,1,64,127,2.145493,4.257462,8.200000,3.955753,0,0,0,EARLY_FALL_VIDEO,1.000000
Subject 2/Fall/19.mp4#f80-143,Subject 2/Fall/19.mp4,2,gmdcsa24,1,80,143,2.681866,4.793836,8.200000,3.419379,0,0,0,EARLY_FALL_VIDEO,1.000000
Subject 2/Fall/19.mp4#f96-159,Subject 2/Fall/19.mp4,2,gmdcsa24,1,96,159,3.218239,5.330209,8.200000,2.883006,0,0,1,PRE_FALL_2_3S,1.000000
Subject 2/Fall/19.mp4#f112-175,Subject 2/Fall/19.mp4,2,gmdcsa24,1,112,175,3.754613,5.866582,8.200000,2.346633,0,0,1,PRE_FALL_2_3S,1.000000
Subject 2/Fall/19.mp4#f128-191,Subject 2/Fall/19.mp4,2,gmdcsa24,1,128,191,4.290986,6.402955,8.200000,1.810260,0,1,1,PRE_FALL_1_2S,1.000000
Subject 2/Fall/19.mp4#f144-207,Subject 2/Fall/19.mp4,2,gmdcsa24,1,144,207,4.827359,6.939329,8.200000,1.273886,0,1,1,PRE_FALL_1_2S,1.000000
Subject 2/Fall/19.mp4#f160-223,Subject 2/Fall/19.mp4,2,gmdcsa24,1,160,223,5.363732,7.475702,8.200000,0.737513,1,1,1,PRE_FALL_0_1S,1.000000
Subject 2/Fall/19.mp4#f176-239,Subject 2/Fall/19.mp4,2,gmdcsa24,1,176,239,5.900105,8.012075,8.200000,0.201140,1,1,1,PRE_FALL_0_1S,1.000000
Subject 2/Fall/20.mp4#f0-63,Subject 2/Fall/20.mp4,2,gmdcsa24,1,0,63,0.000000,2.110617,7.900000,5.795820,0,0,0,EARLY_FALL_VIDEO,1.000000
Subject 2/Fall/20.mp4#f16-79,Subject 2/Fall/20.mp4,2,gmdcsa24,1,16,79,0.536030,2.646646,7.900000,5.259791,0,0,0,EARLY_FALL_VIDEO,1.000000
Subject 2/Fall/20.mp4#f32-95,Subject 2/Fall/20.mp4,2,gmdcsa24,1,32,95,1.072059,3.182676,7.900000,4.723761,0,0,0,EARLY_FALL_VIDEO,1.000000
Subject 2/Fall/20.mp4#f48-111,Subject 2/Fall/20.mp4,2,gmdcsa24,1,48,111,1.608089,3.718706,7.900000,4.187731,0,0,0,EARLY_FALL_VIDEO,1.000000
Subject 2/Fall/20.mp4#f64-127,Subject 2/Fall/20.mp4,2,gmdcsa24,1,64,127,2.144119,4.254735,7.900000,3.651702,0,0,0,EARLY_FALL_VIDEO,1.000000
Subject 2/Fall/20.mp4#f80-143,Subject 2/Fall/20.mp4,2,gmdcsa24,1,80,143,2.680148,4.790765,7.900000,3.115672,0,0,0,EARLY_FALL_VIDEO,1.000000
Subject 2/Fall/20.mp4#f96-159,Subject 2/Fall/20.mp4,2,gmdcsa24,1,96,159,3.216178,5.326794,7.900000,2.579643,0,0,1,PRE_FALL_2_3S,1.000000
Subject 2/Fall/20.mp4#f112-175,Subject 2/Fall/20.mp4,2,gmdcsa24,1,112,175,3.752207,5.862824,7.900000,2.043613,0,0,1,PRE_FALL_2_3S,1.000000
Subject 2/Fall/20.mp4#f128-191,Subject 2/Fall/20.mp4,2,gmdcsa24,1,128,191,4.288237,6.398854,7.900000,1.507583,0,1,1,PRE_FALL_1_2S,1.000000
Subject 2/Fall/20.mp4#f144-207,Subject 2/Fall/20.mp4,2,gmdcsa24,1,144,207,4.824267,6.934883,7.900000,0.971554,1,1,1,PRE_FALL_0_1S,1.000000
Subject 2/Fall/20.mp4#f160-223,Subject 2/Fall/20.mp4,2,gmdcsa24,1,160,223,5.360296,7.470913,7.900000,0.435524,1,1,1,PRE_FALL_0_1S,1.000000
Subject 2/Fall/21.mp4#f0-63,Subject 2/Fall/21.mp4,2,gmdcsa24,1,0,63,0.000000,2.112548,6.200000,4.090966,0,0,0,EARLY_FALL_VIDEO,1.000000
Subject 2/Fall/21.mp4#f16-79,Subject 2/Fall/21.mp4,2,gmdcsa24,1,16,79,0.536520,2.649068,6.200000,3.554446,0,0,0,EARLY_FALL_VIDEO,1.000000
Subject 2/Fall/21.mp4#f32-95,Subject 2/Fall/21.mp4,2,gmdcsa24,1,32,95,1.073040,3.185588,6.200000,3.017926,0,0,0,EARLY_FALL_VIDEO,1.000000
Subject 2/Fall/21.mp4#f48-111,Subject 2/Fall/21.mp4,2,gmdcsa24,1,48,111,1.609560,3.722109,6.200000,2.481406,0,0,1,PRE_FALL_2_3S,1.000000
Subject 2/Fall/21.mp4#f64-127,Subject 2/Fall/21.mp4,2,gmdcsa24,1,64,127,2.146081,4.258629,6.200000,1.944886,0,1,1,PRE_FALL_1_2S,1.000000
Subject 2/Fall/21.mp4#f80-143,Subject 2/Fall/21.mp4,2,gmdcsa24,1,80,143,2.682601,4.795149,6.200000,1.408365,0,1,1,PRE_FALL_1_2S,1.000000
Subject 2/Fall/21.mp4#f96-159,Subject 2/Fall/21.mp4,2,gmdcsa24,1,96,159,3.219121,5.331669,6.200000,0.871845,1,1,1,PRE_FALL_0_1S,1.000000
Subject 2/Fall/21.mp4#f112-175,Subject 2/Fall/21.mp4,2,gmdcsa24,1,112,175,3.755641,5.868189,6.200000,0.335325,1,1,1,PRE_FALL_0_1S,1.000000
Subject 2/Fall/23.mp4#f0-63,Subject 2/Fall/23.mp4,2,gmdcsa24,1,0,63,0.000000,2.110593,3.600000,1.474065,0,1,1,PRE_FALL_1_2S,1.000000
Subject 2/Fall/23.mp4#f16-79,Subject 2/Fall/23.mp4,2,gmdcsa24,1,16,79,0.536024,2.646617,3.600000,0.938041,1,1,1,PRE_FALL_0_1S,1.000000
Subject 2/Fall/23.mp4#f32-95,Subject 2/Fall/23.mp4,2,gmdcsa24,1,32,95,1.072047,3.182641,3.600000,0.402018,1,1,1,PRE_FALL_0_1S,1.000000
Subject 2/Fall/24.mp4#f0-63,Subject 2/Fall/24.mp4,2,gmdcsa24,1,0,63,0.000000,2.111032,3.300000,1.172796,0,1,1,PRE_FALL_1_2S,1.000000
Subject 2/Fall/24.mp4#f16-79,Subject 2/Fall/24.mp4,2,gmdcsa24,1,16,79,0.536135,2.647168,3.300000,0.636661,1,1,1,PRE_FALL_0_1S,1.000000
Subject 2/Fall/24.mp4#f32-95,Subject 2/Fall/24.mp4,2,gmdcsa24,1,32,95,1.072270,3.183303,3.300000,0.100525,1,1,1,PRE_FALL_0_1S,1.000000
Subject 2/Fall/25.mp4#f0-63,Subject 2/Fall/25.mp4,2,gmdcsa24,1,0,63,0.000000,2.109026,3.000000,0.903868,1,1,1,PRE_FALL_0_1S,1.000000
Subject 2/Fall/25.mp4#f16-79,Subject 2/Fall/25.mp4,2,gmdcsa24,1,16,79,0.535626,2.644652,3.000000,0.368243,1,1,1,PRE_FALL_0_1S,1.000000
Subject 3/ADL/01.mp4#f0-63,Subject 3/ADL/01.mp4,3,gmdcsa24,0,0,63,0.000000,2.112914,,,0,0,0,ADL,1.000000
Subject 3/ADL/01.mp4#f16-79,Subject 3/ADL/01.mp4,3,gmdcsa24,0,16,79,0.536613,2.649527,,,0,0,0,ADL,1.000000
Subject 3/ADL/01.mp4#f32-95,Subject 3/ADL/01.mp4,3,gmdcsa24,0,32,95,1.073226,3.186140,,,0,0,0,ADL,1.000000
Subject 3/ADL/01.mp4#f48-111,Subject 3/ADL/01.mp4,3,gmdcsa24,0,48,111,1.609839,3.722753,,,0,0,0,ADL,1.000000
Subject 3/ADL/01.mp4#f64-127,Subject 3/ADL/01.mp4,3,gmdcsa24,0,64,127,2.146452,4.259366,,,0,0,0,ADL,1.000000
Subject 3/ADL/01.mp4#f80-143,Subject 3/ADL/01.mp4,3,gmdcsa24,0,80,143,2.683065,4.795979,,,0,0,0,ADL,1.000000
Subject 3/ADL/01.mp4#f96-159,Subject 3/ADL/01.mp4,3,gmdcsa24,0,96,159,3.219678,5.332592,,,0,0,0,ADL,1.000000
Subject 3/ADL/01.mp4#f112-175,Subject 3/ADL/01.mp4,3,gmdcsa24,0,112,175,3.756291,5.869205,,,0,0,0,ADL,1.000000
Subject 3/ADL/01.mp4#f128-191,Subject 3/ADL/01.mp4,3,gmdcsa24,0,128,191,4.292904,6.405818,,,0,0,0,ADL,1.000000
Subject 3/ADL/01.mp4#f144-207,Subject 3/ADL/01.mp4,3,gmdcsa24,0,144,207,4.829517,6.942431,,,0,0,0,ADL,1.000000
Subject 3/ADL/01.mp4#f160-223,Subject 3/ADL/01.mp4,3,gmdcsa24,0,160,223,5.366130,7.479044,,,0,0,0,ADL,1.000000
Subject 3/ADL/01.mp4#f176-239,Subject 3/ADL/01.mp4,3,gmdcsa24,0,176,239,5.902743,8.015657,,,0,0,0,ADL,1.000000
Subject 3/ADL/01.mp4#f192-255,Subject 3/ADL/01.mp4,3,gmdcsa24,0,192,255,6.439356,8.552270,,,0,0,0,ADL,1.000000
Subject 3/ADL/02.mp4#f0-63,Subject 3/ADL/02.mp4,3,gmdcsa24,0,0,63,0.000000,2.108662,,,0,0,0,ADL,1.000000
Subject 3/ADL/02.mp4#f16-79,Subject 3/ADL/02.mp4,3,gmdcsa24,0,16,79,0.535533,2.644195,,,0,0,0,ADL,1.000000
Subject 3/ADL/02.mp4#f32-95,Subject 3/ADL/02.mp4,3,gmdcsa24,0,32,95,1.071066,3.179728,,,0,0,0,ADL,1.000000
Subject 3/ADL/02.mp4#f48-111,Subject 3/ADL/02.mp4,3,gmdcsa24,0,48,111,1.606599,3.715261,,,0,0,0,ADL,1.000000
Subject 3/ADL/02.mp4#f64-127,Subject 3/ADL/02.mp4,3,gmdcsa24,0,64,127,2.142132,4.250794,,,0,0,0,ADL,1.000000
Subject 3/ADL/02.mp4#f80-143,Subject 3/ADL/02.mp4,3,gmdcsa24,0,80,143,2.677665,4.786327,,,0,0,0,ADL,1.000000
Subject 3/ADL/02.mp4#f96-159,Subject 3/ADL/02.mp4,3,gmdcsa24,0,96,159,3.213199,5.321860,,,0,0,0,ADL,1.000000
Subject 3/ADL/02.mp4#f112-175,Subject 3/ADL/02.mp4,3,gmdcsa24,0,112,175,3.748732,5.857393,,,0,0,0,ADL,1.000000
Subject 3/ADL/02.mp4#f128-191,Subject 3/ADL/02.mp4,3,gmdcsa24,0,128,191,4.284265,6.392926,,,0,0,0,ADL,1.000000
Subject 3/ADL/02.mp4#f144-207,Subject 3/ADL/02.mp4,3,gmdcsa24,0,144,207,4.819798,6.928459,,,0,0,0,ADL,1.000000
Subject 3/ADL/02.mp4#f160-223,Subject 3/ADL/02.mp4,3,gmdcsa24,0,160,223,5.355331,7.463992,,,0,0,0,ADL,1.000000
Subject 3/ADL/02.mp4#f176-239,Subject 3/ADL/02.mp4,3,gmdcsa24,0,176,239,5.890864,7.999526,,,0,0,0,ADL,1.000000
Subject 3/ADL/02.mp4#f192-255,Subject 3/ADL/02.mp4,3,gmdcsa24,0,192,255,6.426397,8.535059,,,0,0,0,ADL,1.000000
Subject 3/ADL/02.mp4#f208-271,Subject 3/ADL/02.mp4,3,gmdcsa24,0,208,271,6.961930,9.070592,,,0,0,0,ADL,1.000000
Subject 3/ADL/03.mp4#f0-63,Subject 3/ADL/03.mp4,3,gmdcsa24,0,0,63,0.000000,2.111727,,,0,0,0,ADL,1.000000
Subject 3/ADL/03.mp4#f16-79,Subject 3/ADL/03.mp4,3,gmdcsa24,0,16,79,0.536312,2.648039,,,0,0,0,ADL,1.000000
Subject 3/ADL/03.mp4#f32-95,Subject 3/ADL/03.mp4,3,gmdcsa24,0,32,95,1.072623,3.184351,,,0,0,0,ADL,1.000000
Subject 3/ADL/03.mp4#f48-111,Subject 3/ADL/03.mp4,3,gmdcsa24,0,48,111,1.608935,3.720662,,,0,0,0,ADL,1.000000
Subject 3/ADL/03.mp4#f64-127,Subject 3/ADL/03.mp4,3,gmdcsa24,0,64,127,2.145247,4.256974,,,0,0,0,ADL,1.000000
Subject 3/ADL/03.mp4#f80-143,Subject 3/ADL/03.mp4,3,gmdcsa24,0,80,143,2.681559,4.793286,,,0,0,0,ADL,1.000000
Subject 3/ADL/03.mp4#f96-159,Subject 3/ADL/03.mp4,3,gmdcsa24,0,96,159,3.217870,5.329598,,,0,0,0,ADL,1.000000
Subject 3/ADL/03.mp4#f112-175,Subject 3/ADL/03.mp4,3,gmdcsa24,0,112,175,3.754182,5.865909,,,0,0,0,ADL,1.000000
Subject 3/ADL/03.mp4#f128-191,Subject 3/ADL/03.mp4,3,gmdcsa24,0,128,191,4.290494,6.402221,,,0,0,0,ADL,1.000000
Subject 3/ADL/03.mp4#f144-207,Subject 3/ADL/03.mp4,3,gmdcsa24,0,144,207,4.826805,6.938533,,,0,0,0,ADL,1.000000
Subject 3/ADL/03.mp4#f160-223,Subject 3/ADL/03.mp4,3,gmdcsa24,0,160,223,5.363117,7.474844,,,0,0,0,ADL,1.000000
Subject 3/ADL/03.mp4#f176-239,Subject 3/ADL/03.mp4,3,gmdcsa24,0,176,239,5.899429,8.011156,,,0,0,0,ADL,1.000000
Subject 3/ADL/03.mp4#f192-255,Subject 3/ADL/03.mp4,3,gmdcsa24,0,192,255,6.435740,8.547468,,,0,0,0,ADL,1.000000
Subject 3/ADL/03.mp4#f208-271,Subject 3/ADL/03.mp4,3,gmdcsa24,0,208,271,6.972052,9.083780,,,0,0,0,ADL,1.000000
Subject 3/ADL/03.mp4#f224-287,Subject 3/ADL/03.mp4,3,gmdcsa24,0,224,287,7.508364,9.620091,,,0,0,0,ADL,1.000000
Subject 3/ADL/04.mp4#f0-63,Subject 3/ADL/04.mp4,3,gmdcsa24,0,0,63,0.000000,2.110395,,,0,0,0,ADL,1.000000
Subject 3/ADL/04.mp4#f16-79,Subject 3/ADL/04.mp4,3,gmdcsa24,0,16,79,0.535973,2.646368,,,0,0,0,ADL,1.000000
Subject 3/ADL/04.mp4#f32-95,Subject 3/ADL/04.mp4,3,gmdcsa24,0,32,95,1.071947,3.182342,,,0,0,0,ADL,1.000000
Subject 3/ADL/04.mp4#f48-111,Subject 3/ADL/04.mp4,3,gmdcsa24,0,48,111,1.607920,3.718315,,,0,0,0,ADL,1.000000
Subject 3/ADL/04.mp4#f64-127,Subject 3/ADL/04.mp4,3,gmdcsa24,0,64,127,2.143893,4.254288,,,0,0,0,ADL,1.000000
Subject 3/ADL/04.mp4#f80-143,Subject 3/ADL/04.mp4,3,gmdcsa24,0,80,143,2.679867,4.790262,,,0,0,0,ADL,1.000000
Subject 3/ADL/04.mp4#f96-159,Subject 3/ADL/04.mp4,3,gmdcsa24,0,96,159,3.215840,5.326235,,,0,0,0,ADL,1.000000
Subject 3/ADL/04.mp4#f112-175,Subject 3/ADL/04.mp4,3,gmdcsa24,0,112,175,3.751813,5.862208,,,0,0,0,ADL,1.000000
Subject 3/ADL/04.mp4#f128-191,Subject 3/ADL/04.mp4,3,gmdcsa24,0,128,191,4.287787,6.398182,,,0,0,0,ADL,1.000000
Subject 3/ADL/04.mp4#f144-207,Subject 3/ADL/04.mp4,3,gmdcsa24,0,144,207,4.823760,6.934155,,,0,0,0,ADL,1.000000
Subject 3/ADL/04.mp4#f160-223,Subject 3/ADL/04.mp4,3,gmdcsa24,0,160,223,5.359733,7.470128,,,0,0,0,ADL,1.000000
Subject 3/ADL/04.mp4#f176-239,Subject 3/ADL/04.mp4,3,gmdcsa24,0,176,239,5.895707,8.006102,,,0,0,0,ADL,1.000000
Subject 3/ADL/04.mp4#f192-255,Subject 3/ADL/04.mp4,3,gmdcsa24,0,192,255,6.431680,8.542075,,,0,0,0,ADL,1.000000
Subject 3/ADL/04.mp4#f208-271,Subject 3/ADL/04.mp4,3,gmdcsa24,0,208,271,6.967653,9.078048,,,0,0,0,ADL,1.000000
Subject 3/ADL/04.mp4#f224-287,Subject 3/ADL/04.mp4,3,gmdcsa24,0,224,287,7.503627,9.614021,,,0,0,0,ADL,1.000000
Subject 3/ADL/05.mp4#f0-63,Subject 3/ADL/05.mp4,3,gmdcsa24,0,0,63,0.000000,2.114714,,,0,0,0,ADL,1.000000
Subject 3/ADL/05.mp4#f16-79,Subject 3/ADL/05.mp4,3,gmdcsa24,0,16,79,0.537070,2.651784,,,0,0,0,ADL,1.000000
Subject 3/ADL/05.mp4#f32-95,Subject 3/ADL/05.mp4,3,gmdcsa24,0,32,95,1.074140,3.188854,,,0,0,0,ADL,1.000000
Subject 3/ADL/05.mp4#f48-111,Subject 3/ADL/05.mp4,3,gmdcsa24,0,48,111,1.611210,3.725924,,,0,0,0,ADL,1.000000
Subject 3/ADL/05.mp4#f64-127,Subject 3/ADL/05.mp4,3,gmdcsa24,0,64,127,2.148281,4.262994,,,0,0,0,ADL,1.000000
Subject 3/ADL/05.mp4#f80-143,Subject 3/ADL/05.mp4,3,gmdcsa24,0,80,143,2.685351,4.800064,,,0,0,0,ADL,1.000000
Subject 3/ADL/06.mp4#f0-63,Subject 3/ADL/06.mp4,3,gmdcsa24,0,0,63,0.000000,2.110712,,,0,0,0,ADL,1.000000
Subject 3/ADL/06.mp4#f16-79,Subject 3/ADL/06.mp4,3,gmdcsa24,0,16,79,0.536054,2.646766,,,0,0,0,ADL,1.000000
Subject 3/ADL/06.mp4#f32-95,Subject 3/ADL/06.mp4,3,gmdcsa24,0,32,95,1.072108,3.182820,,,0,0,0,ADL,1.000000
Subject 3/ADL/06.mp4#f48-111,Subject 3/ADL/06.mp4,3,gmdcsa24,0,48,111,1.608162,3.718874,,,0,0,0,ADL,1.000000
Subject 3/ADL/06.mp4#f64-127,Subject 3/ADL/06.mp4,3,gmdcsa24,0,64,127,2.144216,4.254928,,,0,0,0,ADL,1.000000
Subject 3/ADL/06.mp4#f80-143,Subject 3/ADL/06.mp4,3,gmdcsa24,0,80,143,2.680270,4.790982,,,0,0,0,ADL,1.000000
Subject 3/ADL/06.mp4#f96-159,Subject 3/ADL/06.mp4,3,gmdcsa24,0,96,159,3.216324,5.327036,,,0,0,0,ADL,1.000000
Subject 3/ADL/06.mp4#f112-175,Subject 3/ADL/06.mp4,3,gmdcsa24,0,112,175,3.752378,5.863090,,,0,0,0,ADL,1.000000
Subject 3/ADL/06.mp4#f128-191,Subject 3/ADL/06.mp4,3,gmdcsa24,0,128,191,4.288432,6.399144,,,0,0,0,ADL,1.000000
Subject 3/ADL/06.mp4#f144-207,Subject 3/ADL/06.mp4,3,gmdcsa24,0,144,207,4.824486,6.935198,,,0,0,0,ADL,1.000000
Subject 3/ADL/06.mp4#f160-223,Subject 3/ADL/06.mp4,3,gmdcsa24,0,160,223,5.360539,7.471252,,,0,0,0,ADL,1.000000
Subject 3/ADL/06.mp4#f176-239,Subject 3/ADL/06.mp4,3,gmdcsa24,0,176,239,5.896593,8.007306,,,0,0,0,ADL,1.000000
Subject 3/ADL/06.mp4#f192-255,Subject 3/ADL/06.mp4,3,gmdcsa24,0,192,255,6.432647,8.543360,,,0,0,0,ADL,1.000000
Subject 3/ADL/07.mp4#f0-63,Subject 3/ADL/07.mp4,3,gmdcsa24,0,0,63,0.000000,2.107665,,,0,0,0,ADL,1.000000
Subject 3/ADL/07.mp4#f16-79,Subject 3/ADL/07.mp4,3,gmdcsa24,0,16,79,0.535280,2.642945,,,0,0,0,ADL,1.000000
Subject 3/ADL/07.mp4#f32-95,Subject 3/ADL/07.mp4,3,gmdcsa24,0,32,95,1.070560,3.178225,,,0,0,0,ADL,1.000000
Subject 3/ADL/08.mp4#f0-63,Subject 3/ADL/08.mp4,3,gmdcsa24,0,0,63,0.000000,2.112729,,,0,0,0,ADL,1.000000
Subject 3/ADL/08.mp4#f16-79,Subject 3/ADL/08.mp4,3,gmdcsa24,0,16,79,0.536566,2.649296,,,0,0,0,ADL,1.000000
Subject 3/ADL/08.mp4#f32-95,Subject 3/ADL/08.mp4,3,gmdcsa24,0,32,95,1.073132,3.185862,,,0,0,0,ADL,1.000000
Subject 3/ADL/08.mp4#f48-111,Subject 3/ADL/08.mp4,3,gmdcsa24,0,48,111,1.609699,3.722428,,,0,0,0,ADL,1.000000
Subject 3/ADL/08.mp4#f64-127,Subject 3/ADL/08.mp4,3,gmdcsa24,0,64,127,2.146265,4.258994,,,0,0,0,ADL,1.000000
Subject 3/ADL/08.mp4#f80-143,Subject 3/ADL/08.mp4,3,gmdcsa24,0,80,143,2.682831,4.795561,,,0,0,0,ADL,1.000000
Subject 3/ADL/09.mp4#f0-63,Subject 3/ADL/09.mp4,3,gmdcsa24,0,0,63,0.000000,2.111577,,,0,0,0,ADL,1.000000
Subject 3/ADL/09.mp4#f16-79,Subject 3/ADL/09.mp4,3,gmdcsa24,0,16,79,0.536274,2.647851,,,0,0,0,ADL,1.000000
Subject 3/ADL/09.mp4#f32-95,Subject 3/ADL/09.mp4,3,gmdcsa24,0,32,95,1.072547,3.184124,,,0,0,0,ADL,1.000000
Subject 3/ADL/09.mp4#f48-111,Subject 3/ADL/09.mp4,3,gmdcsa24,0,48,111,1.608821,3.720398,,,0,0,0,ADL,1.000000
Subject 3/ADL/09.mp4#f64-127,Subject 3/ADL/09.mp4,3,gmdcsa24,0,64,127,2.145094,4.256671,,,0,0,0,ADL,1.000000
Subject 3/ADL/09.mp4#f80-143,Subject 3/ADL/09.mp4,3,gmdcsa24,0,80,143,2.681368,4.792945,,,0,0,0,ADL,1.000000
Subject 3/ADL/09.mp4#f96-159,Subject 3/ADL/09.mp4,3,gmdcsa24,0,96,159,3.217641,5.329218,,,0,0,0,ADL,1.000000
Subject 3/ADL/09.mp4#f112-175,Subject 3/ADL/09.mp4,3,gmdcsa24,0,112,175,3.753915,5.865492,,,0,0,0,ADL,1.000000
Subject 3/ADL/09.mp4#f128-191,Subject 3/ADL/09.mp4,3,gmdcsa24,0,128,191,4.290188,6.401765,,,0,0,0,ADL,1.000000
Subject 3/ADL/09.mp4#f144-207,Subject 3/ADL/09.mp4,3,gmdcsa24,0,144,207,4.826462,6.938039,,,0,0,0,ADL,1.000000
Subject 3/ADL/09.mp4#f160-223,Subject 3/ADL/09.mp4,3,gmdcsa24,0,160,223,5.362735,7.474313,,,0,0,0,ADL,1.000000
Subject 3/ADL/10.mp4#f0-63,Subject 3/ADL/10.mp4,3,gmdcsa24,0,0,63,0.000000,2.111360,,,0,0,0,ADL,1.000000
Subject 3/ADL/10.mp4#f16-79,Subject 3/ADL/10.mp4,3,gmdcsa24,0,16,79,0.536218,2.647579,,,0,0,0,ADL,1.000000
Subject 3/ADL/10.mp4#f32-95,Subject 3/ADL/10.mp4,3,gmdcsa24,0,32,95,1.072437,3.183797,,,0,0,0,ADL,1.000000
Subject 3/ADL/10.mp4#f48-111,Subject 3/ADL/10.mp4,3,gmdcsa24,0,48,111,1.608655,3.720016,,,0,0,0,ADL,1.000000
Subject 3/ADL/10.mp4#f64-127,Subject 3/ADL/10.mp4,3,gmdcsa24,0,64,127,2.144874,4.256234,,,0,0,0,ADL,1.000000
Subject 3/ADL/10.mp4#f80-143,Subject 3/ADL/10.mp4,3,gmdcsa24,0,80,143,2.681092,4.792453,,,0,0,0,ADL,1.000000
Subject 3/ADL/10.mp4#f96-159,Subject 3/ADL/10.mp4,3,gmdcsa24,0,96,159,3.217311,5.328671,,,0,0,0,ADL,1.000000
Subject 3/ADL/10.mp4#f112-175,Subject 3/ADL/10.mp4,3,gmdcsa24,0,112,175,3.753529,5.864890,,,0,0,0,ADL,1.000000
Subject 3/ADL/10.mp4#f128-191,Subject 3/ADL/10.mp4,3,gmdcsa24,0,128,191,4.289748,6.401108,,,0,0,0,ADL,1.000000
Subject 3/ADL/10.mp4#f144-207,Subject 3/ADL/10.mp4,3,gmdcsa24,0,144,207,4.825966,6.937327,,,0,0,0,ADL,1.000000
Subject 3/ADL/10.mp4#f160-223,Subject 3/ADL/10.mp4,3,gmdcsa24,0,160,223,5.362185,7.473545,,,0,0,0,ADL,1.000000
Subject 3/ADL/10.mp4#f176-239,Subject 3/ADL/10.mp4,3,gmdcsa24,0,176,239,5.898403,8.009764,,,0,0,0,ADL,1.000000
Subject 3/ADL/10.mp4#f192-255,Subject 3/ADL/10.mp4,3,gmdcsa24,0,192,255,6.434622,8.545982,,,0,0,0,ADL,1.000000
Subject 3/ADL/10.mp4#f208-271,Subject 3/ADL/10.mp4,3,gmdcsa24,0,208,271,6.970840,9.082201,,,0,0,0,ADL,1.000000
Subject 3/ADL/10.mp4#f224-287,Subject 3/ADL/10.mp4,3,gmdcsa24,0,224,287,7.507059,9.618419,,,0,0,0,ADL,1.000000
Subject 3/ADL/10.mp4#f240-303,Subject 3/ADL/10.mp4,3,gmdcsa24,0,240,303,8.043277,10.154638,,,0,0,0,ADL,1.000000
Subject 3/ADL/10.mp4#f256-319,Subject 3/ADL/10.mp4,3,gmdcsa24,0,256,319,8.579496,10.690856,,,0,0,0,ADL,1.000000
Subject 3/ADL/10.mp4#f272-335,Subject 3/ADL/10.mp4,3,gmdcsa24,0,272,335,9.115714,11.227075,,,0,0,0,ADL,1.000000
Subject 3/ADL/10.mp4#f288-351,Subject 3/ADL/10.mp4,3,gmdcsa24,0,288,351,9.651933,11.763293,,,0,0,0,ADL,1.000000
Subject 3/ADL/10.mp4#f304-367,Subject 3/ADL/10.mp4,3,gmdcsa24,0,304,367,10.188151,12.299512,,,0,0,0,ADL,1.000000
Subject 3/ADL/11.mp4#f0-63,Subject 3/ADL/11.mp4,3,gmdcsa24,0,0,63,0.000000,2.108406,,,0,0,0,ADL,1.000000
Subject 3/ADL/11.mp4#f16-79,Subject 3/ADL/11.mp4,3,gmdcsa24,0,16,79,0.535468,2.643874,,,0,0,0,ADL,1.000000
Subject 3/ADL/11.mp4#f32-95,Subject 3/ADL/11.mp4,3,gmdcsa24,0,32,95,1.070936,3.179342,,,0,0,0,ADL,1.000000
Subject 3/ADL/11.mp4#f48-111,Subject 3/ADL/11.mp4,3,gmdcsa24,0,48,111,1.606404,3.714810,,,0,0,0,ADL,1.000000
Subject 3/ADL/11.mp4#f64-127,Subject 3/ADL/11.mp4,3,gmdcsa24,0,64,127,2.141873,4.250278,,,0,0,0,ADL,1.000000
Subject 3/ADL/11.mp4#f80-143,Subject 3/ADL/11.mp4,3,gmdcsa24,0,80,143,2.677341,4.785746,,,0,0,0,ADL,1.000000
Subject 3/ADL/11.mp4#f96-159,Subject 3/ADL/11.mp4,3,gmdcsa24,0,96,159,3.212809,5.321215,,,0,0,0,ADL,1.000000
Subject 3/ADL/11.mp4#f112-175,Subject 3/ADL/11.mp4,3,gmdcsa24,0,112,175,3.748277,5.856683,,,0,0,0,ADL,1.000000
Subject 3/ADL/11.mp4#f128-191,Subject 3/ADL/11.mp4,3,gmdcsa24,0,128,191,4.283745,6.392151,,,0,0,0,ADL,1.000000
Subject 3/ADL/11.mp4#f144-207,Subject 3/ADL/11.mp4,3,gmdcsa24,0,144,207,4.819213,6.927619,,,0,0,0,ADL,1.000000
Subject 3/ADL/11.mp4#f160-223,Subject 3/ADL/11.mp4,3,gmdcsa24,0,160,223,5.354681,7.463087,,,0,0,0,ADL,1.000000
Subject 3/ADL/11.mp4#f176-239,Subject 3/ADL/11.mp4,3,gmdcsa24,0,176,239,5.890150,7.998555,,,0,0,0,ADL,1.000000
Subject 3/ADL/11.mp4#f192-255,Subject 3/ADL/11.mp4,3,gmdcsa24,0,192,255,6.425618,8.534023,,,0,0,0,ADL,1.000000
Subject 3/ADL/11.mp4#f208-271,Subject 3/ADL/11.mp4,3,gmdcsa24,0,208,271,6.961086,9.069492,,,0,0,0,ADL,1.000000
Subject 3/ADL/11.mp4#f224-287,Subject 3/ADL/11.mp4,3,gmdcsa24,0,224,287,7.496554,9.604960,,,0,0,0,ADL,1.000000
Subject 3/ADL/11.mp4#f240-303,Subject 3/ADL/11.mp4,3,gmdcsa24,0,240,303,8.032022,10.140428,,,0,0,0,ADL,1.000000
Subject 3/ADL/11.mp4#f256-319,Subject 3/ADL/11.mp4,3,gmdcsa24,0,256,319,8.567490,10.675896,,,0,0,0,ADL,1.000000
Subject 3/ADL/11.mp4#f272-335,Subject 3/ADL/11.mp4,3,gmdcsa24,0,272,335,9.102958,11.211364,,,0,0,0,ADL,1.000000
Subject 3/ADL/11.mp4#f288-351,Subject 3/ADL/11.mp4,3,gmdcsa24,0,288,351,9.638427,11.746832,,,0,0,0,ADL,1.000000
Subject 3/ADL/12.mp4#f0-63,Subject 3/ADL/12.mp4,3,gmdcsa24,0,0,63,0.000000,4.202625,,,0,0,0,ADL,1.000000
Subject 3/ADL/12.mp4#f16-79,Subject 3/ADL/12.mp4,3,gmdcsa24,0,16,79,1.067333,5.269958,,,0,0,0,ADL,1.000000
Subject 3/ADL/12.mp4#f32-95,Subject 3/ADL/12.mp4,3,gmdcsa24,0,32,95,2.134667,6.337292,,,0,0,0,ADL,1.000000
Subject 3/ADL/12.mp4#f48-111,Subject 3/ADL/12.mp4,3,gmdcsa24,0,48,111,3.202000,7.404625,,,0,0,0,ADL,1.000000
Subject 3/ADL/12.mp4#f64-127,Subject 3/ADL/12.mp4,3,gmdcsa24,0,64,127,4.269333,8.471958,,,0,0,0,ADL,1.000000
Subject 3/ADL/12.mp4#f80-143,Subject 3/ADL/12.mp4,3,gmdcsa24,0,80,143,5.336667,9.539292,,,0,0,0,ADL,1.000000
Subject 3/ADL/12.mp4#f96-159,Subject 3/ADL/12.mp4,3,gmdcsa24,0,96,159,6.404000,10.606625,,,0,0,0,ADL,1.000000
Subject 3/ADL/13.mp4#f0-63,Subject 3/ADL/13.mp4,3,gmdcsa24,0,0,63,0.000000,4.187804,,,0,0,0,ADL,1.000000
Subject 3/ADL/13.mp4#f16-79,Subject 3/ADL/13.mp4,3,gmdcsa24,0,16,79,1.063569,5.251373,,,0,0,0,ADL,1.000000
Subject 3/ADL/13.mp4#f32-95,Subject 3/ADL/13.mp4,3,gmdcsa24,0,32,95,2.127138,6.314942,,,0,0,0,ADL,1.000000
Subject 3/ADL/13.mp4#f48-111,Subject 3/ADL/13.mp4,3,gmdcsa24,0,48,111,3.190708,7.378511,,,0,0,0,ADL,1.000000
Subject 3/ADL/13.mp4#f64-127,Subject 3/ADL/13.mp4,3,gmdcsa24,0,64,127,4.254277,8.442081,,,0,0,0,ADL,1.000000
Subject 3/ADL/14.mp4#f0-63,Subject 3/ADL/14.mp4,3,gmdcsa24,0,0,63,0.000000,4.199511,,,0,0,0,ADL,1.000000
Subject 3/ADL/14.mp4#f16-79,Subject 3/ADL/14.mp4,3,gmdcsa24,0,16,79,1.066542,5.266053,,,0,0,0,ADL,1.000000
Subject 3/ADL/14.mp4#f32-95,Subject 3/ADL/14.mp4,3,gmdcsa24,0,32,95,2.133085,6.332595,,,0,0,0,ADL,1.000000
Subject 3/ADL/14.mp4#f48-111,Subject 3/ADL/14.mp4,3,gmdcsa24,0,48,111,3.199627,7.399138,,,0,0,0,ADL,1.000000
Subject 3/ADL/14.mp4#f64-127,Subject 3/ADL/14.mp4,3,gmdcsa24,0,64,127,4.266169,8.465680,,,0,0,0,ADL,1.000000
Subject 3/ADL/15.mp4#f0-63,Subject 3/ADL/15.mp4,3,gmdcsa24,0,0,63,0.000000,4.199215,,,0,0,0,ADL,1.000000
Subject 3/ADL/15.mp4#f16-79,Subject 3/ADL/15.mp4,3,gmdcsa24,0,16,79,1.066467,5.265682,,,0,0,0,ADL,1.000000
Subject 3/ADL/15.mp4#f32-95,Subject 3/ADL/15.mp4,3,gmdcsa24,0,32,95,2.132935,6.332149,,,0,0,0,ADL,1.000000
Subject 3/ADL/15.mp4#f48-111,Subject 3/ADL/15.mp4,3,gmdcsa24,0,48,111,3.199402,7.398617,,,0,0,0,ADL,1.000000
Subject 3/ADL/16.mp4#f0-63,Subject 3/ADL/16.mp4,3,gmdcsa24,0,0,63,0.000000,2.111790,,,0,0,0,ADL,1.000000
Subject 3/ADL/16.mp4#f16-79,Subject 3/ADL/16.mp4,3,gmdcsa24,0,16,79,0.536328,2.648118,,,0,0,0,ADL,1.000000
Subject 3/ADL/16.mp4#f32-95,Subject 3/ADL/16.mp4,3,gmdcsa24,0,32,95,1.072655,3.184446,,,0,0,0,ADL,1.000000
Subject 3/ADL/16.mp4#f48-111,Subject 3/ADL/16.mp4,3,gmdcsa24,0,48,111,1.608983,3.720773,,,0,0,0,ADL,1.000000
Subject 3/ADL/16.mp4#f64-127,Subject 3/ADL/16.mp4,3,gmdcsa24,0,64,127,2.145311,4.257101,,,0,0,0,ADL,1.000000
Subject 3/ADL/16.mp4#f80-143,Subject 3/ADL/16.mp4,3,gmdcsa24,0,80,143,2.681638,4.793429,,,0,0,0,ADL,1.000000
Subject 3/ADL/16.mp4#f96-159,Subject 3/ADL/16.mp4,3,gmdcsa24,0,96,159,3.217966,5.329756,,,0,0,0,ADL,1.000000
Subject 3/ADL/16.mp4#f112-175,Subject 3/ADL/16.mp4,3,gmdcsa24,0,112,175,3.754294,5.866084,,,0,0,0,ADL,1.000000
Subject 3/ADL/16.mp4#f128-191,Subject 3/ADL/16.mp4,3,gmdcsa24,0,128,191,4.290621,6.402412,,,0,0,0,ADL,1.000000
Subject 3/ADL/16.mp4#f144-207,Subject 3/ADL/16.mp4,3,gmdcsa24,0,144,207,4.826949,6.938739,,,0,0,0,ADL,1.000000
Subject 3/ADL/16.mp4#f160-223,Subject 3/ADL/16.mp4,3,gmdcsa24,0,160,223,5.363277,7.475067,,,0,0,0,ADL,1.000000
Subject 3/ADL/16.mp4#f176-239,Subject 3/ADL/16.mp4,3,gmdcsa24,0,176,239,5.899605,8.011395,,,0,0,0,ADL,1.000000
Subject 3/ADL/16.mp4#f192-255,Subject 3/ADL/16.mp4,3,gmdcsa24,0,192,255,6.435932,8.547722,,,0,0,0,ADL,1.000000
Subject 3/ADL/16.mp4#f208-271,Subject 3/ADL/16.mp4,3,gmdcsa24,0,208,271,6.972260,9.084050,,,0,0,0,ADL,1.000000
Subject 3/ADL/16.mp4#f224-287,Subject 3/ADL/16.mp4,3,gmdcsa24,0,224,287,7.508588,9.620378,,,0,0,0,ADL,1.000000
Subject 3/ADL/16.mp4#f240-303,Subject 3/ADL/16.mp4,3,gmdcsa24,0,240,303,8.044915,10.156706,,,0,0,0,ADL,1.000000
Subject 3/ADL/17.mp4#f0-63,Subject 3/ADL/17.mp4,3,gmdcsa24,0,0,63,0.000000,4.198650,,,0,0,0,ADL,1.000000
Subject 3/ADL/17.mp4#f16-79,Subject 3/ADL/17.mp4,3,gmdcsa24,0,16,79,1.066324,5.264974,,,0,0,0,ADL,1.000000
Subject 3/ADL/17.mp4#f32-95,Subject 3/ADL/17.mp4,3,gmdcsa24,0,32,95,2.132648,6.331298,,,0,0,0,ADL,1.000000
Subject 3/ADL/17.mp4#f48-111,Subject 3/ADL/17.mp4,3,gmdcsa24,0,48,111,3.198971,7.397622,,,0,0,0,ADL,1.000000
Subject 3/ADL/17.mp4#f64-127,Subject 3/ADL/17.mp4,3,gmdcsa24,0,64,127,4.265295,8.463945,,,0,0,0,ADL,1.000000
Subject 3/ADL/17.mp4#f80-143,Subject 3/ADL/17.mp4,3,gmdcsa24,0,80,143,5.331619,9.530269,,,0,0,0,ADL,1.000000
Subject 3/ADL/17.mp4#f96-159,Subject 3/ADL/17.mp4,3,gmdcsa24,0,96,159,6.397943,10.596593,,,0,0,0,ADL,1.000000
Subject 3/ADL/17.mp4#f112-175,Subject 3/ADL/17.mp4,3,gmdcsa24,0,112,175,7.464267,11.662917,,,0,0,0,ADL,1.000000
Subject 3/ADL/18.mp4#f0-63,Subject 3/ADL/18.mp4,3,gmdcsa24,0,0,63,0.000000,4.195523,,,0,0,0,ADL,1.000000
Subject 3/ADL/18.mp4#f16-79,Subject 3/ADL/18.mp4,3,gmdcsa24,0,16,79,1.065530,5.261053,,,0,0,0,ADL,1.000000
Subject 3/ADL/18.mp4#f32-95,Subject 3/ADL/18.mp4,3,gmdcsa24,0,32,95,2.131059,6.326583,,,0,0,0,ADL,1.000000
Subject 3/ADL/18.mp4#f48-111,Subject 3/ADL/18.mp4,3,gmdcsa24,0,48,111,3.196589,7.392112,,,0,0,0,ADL,1.000000
Subject 3/ADL/18.mp4#f64-127,Subject 3/ADL/18.mp4,3,gmdcsa24,0,64,127,4.262119,8.457642,,,0,0,0,ADL,1.000000
Subject 3/ADL/18.mp4#f80-143,Subject 3/ADL/18.mp4,3,gmdcsa24,0,80,143,5.327649,9.523172,,,0,0,0,ADL,1.000000
Subject 3/ADL/18.mp4#f96-159,Subject 3/ADL/18.mp4,3,gmdcsa24,0,96,159,6.393178,10.588701,,,0,0,0,ADL,1.000000
Subject 3/ADL/19.mp4#f0-63,Subject 3/ADL/19.mp4,3,gmdcsa24,0,0,63,0.000000,4.187122,,,0,0,0,ADL,1.000000
Subject 3/ADL/19.mp4#f16-79,Subject 3/ADL/19.mp4,3,gmdcsa24,0,16,79,1.063396,5.250518,,,0,0,0,ADL,1.000000
Subject 3/ADL/19.mp4#f32-95,Subject 3/ADL/19.mp4,3,gmdcsa24,0,32,95,2.126792,6.313913,,,0,0,0,ADL,1.000000
Subject 3/ADL/20.mp4#f0-63,Subject 3/ADL/20.mp4,3,gmdcsa24,0,0,63,0.000000,4.197006,,,0,0,0,ADL,1.000000
Subject 3/ADL/20.mp4#f16-79,Subject 3/ADL/20.mp4,3,gmdcsa24,0,16,79,1.065906,5.262913,,,0,0,0,ADL,1.000000
Subject 3/ADL/20.mp4#f32-95,Subject 3/ADL/20.mp4,3,gmdcsa24,0,32,95,2.131813,6.328819,,,0,0,0,ADL,1.000000
Subject 3/ADL/20.mp4#f48-111,Subject 3/ADL/20.mp4,3,gmdcsa24,0,48,111,3.197719,7.394725,,,0,0,0,ADL,1.000000
Subject 3/ADL/20.mp4#f64-127,Subject 3/ADL/20.mp4,3,gmdcsa24,0,64,127,4.263625,8.460632,,,0,0,0,ADL,1.000000
Subject 3/ADL/21.mp4#f0-63,Subject 3/ADL/21.mp4,3,gmdcsa24,0,0,63,0.000000,2.112090,,,0,0,0,ADL,1.000000
Subject 3/ADL/21.mp4#f16-79,Subject 3/ADL/21.mp4,3,gmdcsa24,0,16,79,0.536404,2.648494,,,0,0,0,ADL,1.000000
Subject 3/ADL/21.mp4#f32-95,Subject 3/ADL/21.mp4,3,gmdcsa24,0,32,95,1.072808,3.184898,,,0,0,0,ADL,1.000000
Subject 3/ADL/21.mp4#f48-111,Subject 3/ADL/21.mp4,3,gmdcsa24,0,48,111,1.609212,3.721302,,,0,0,0,ADL,1.000000
Subject 3/ADL/21.mp4#f64-127,Subject 3/ADL/21.mp4,3,gmdcsa24,0,64,127,2.145616,4.257706,,,0,0,0,ADL,1.000000
Subject 3/ADL/21.mp4#f80-143,Subject 3/ADL/21.mp4,3,gmdcsa24,0,80,143,2.682020,4.794110,,,0,0,0,ADL,1.000000
Subject 3/ADL/21.mp4#f96-159,Subject 3/ADL/21.mp4,3,gmdcsa24,0,96,159,3.218424,5.330514,,,0,0,0,ADL,1.000000
Subject 3/ADL/21.mp4#f112-175,Subject 3/ADL/21.mp4,3,gmdcsa24,0,112,175,3.754827,5.866918,,,0,0,0,ADL,1.000000
Subject 3/ADL/21.mp4#f128-191,Subject 3/ADL/21.mp4,3,gmdcsa24,0,128,191,4.291231,6.403322,,,0,0,0,ADL,1.000000
Subject 3/ADL/21.mp4#f144-207,Subject 3/ADL/21.mp4,3,gmdcsa24,0,144,207,4.827635,6.939726,,,0,0,0,ADL,1.000000
Subject 3/ADL/21.mp4#f160-223,Subject 3/ADL/21.mp4,3,gmdcsa24,0,160,223,5.364039,7.476130,,,0,0,0,ADL,1.000000
Subject 3/ADL/21.mp4#f176-239,Subject 3/ADL/21.mp4,3,gmdcsa24,0,176,239,5.900443,8.012534,,,0,0,0,ADL,1.000000
Subject 3/ADL/21.mp4#f192-255,Subject 3/ADL/21.mp4,3,gmdcsa24,0,192,255,6.436847,8.548938,,,0,0,0,ADL,1.000000
Subject 3/ADL/21.mp4#f208-271,Subject 3/ADL/21.mp4,3,gmdcsa24,0,208,271,6.973251,9.085341,,,0,0,0,ADL,1.000000
Subject 3/ADL/21.mp4#f224-287,Subject 3/ADL/21.mp4,3,gmdcsa24,0,224,287,7.509655,9.621745,,,0,0,0,ADL,1.000000
Subject 3/ADL/21.mp4#f240-303,Subject 3/ADL/21.mp4,3,gmdcsa24,0,240,303,8.046059,10.158149,,,0,0,0,ADL,1.000000
Subject 3/ADL/22.mp4#f0-63,Subject 3/ADL/22.mp4,3,gmdcsa24,0,0,63,0.000000,2.112526,,,0,0,0,ADL,1.000000
Subject 3/ADL/22.mp4#f16-79,Subject 3/ADL/22.mp4,3,gmdcsa24,0,16,79,0.536514,2.649040,,,0,0,0,ADL,1.000000
Subject 3/ADL/22.mp4#f32-95,Subject 3/ADL/22.mp4,3,gmdcsa24,0,32,95,1.073029,3.185555,,,0,0,0,ADL,1.000000
Subject 3/ADL/22.mp4#f48-111,Subject 3/ADL/22.mp4,3,gmdcsa24,0,48,111,1.609543,3.722069,,,0,0,0,ADL,1.000000
Subject 3/ADL/22.mp4#f64-127,Subject 3/ADL/22.mp4,3,gmdcsa24,0,64,127,2.146058,4.258584,,,0,0,0,ADL,1.000000
Subject 3/ADL/22.mp4#f80-143,Subject 3/ADL/22.mp4,3,gmdcsa24,0,80,143,2.682572,4.795098,,,0,0,0,ADL,1.000000
Subject 3/ADL/22.mp4#f96-159,Subject 3/ADL/22.mp4,3,gmdcsa24,0,96,159,3.219087,5.331613,,,0,0,0,ADL,1.000000
Subject 3/ADL/22.mp4#f112-175,Subject 3/ADL/22.mp4,3,gmdcsa24,0,112,175,3.755601,5.868127,,,0,0,0,ADL,1.000000
Subject 3/ADL/22.mp4#f128-191,Subject 3/ADL/22.mp4,3,gmdcsa24,0,128,191,4.292116,6.404642,,,0,0,0,ADL,1.000000
Subject 3/ADL/22.mp4#f144-207,Subject 3/ADL/22.mp4,3,gmdcsa24,0,144,207,4.828630,6.941156,,,0,0,0,ADL,1.000000
Subject 3/ADL/22.mp4#f160-223,Subject 3/ADL/22.mp4,3,gmdcsa24,0,160,223,5.365145,7.477671,,,0,0,0,ADL,1.000000
Subject 3/ADL/22.mp4#f176-239,Subject 3/ADL/22.mp4,3,gmdcsa24,0,176,239,5.901659,8.014185,,,0,0,0,ADL,1.000000
Subject 3/ADL/22.mp4#f192-255,Subject 3/ADL/22.mp4,3,gmdcsa24,0,192,255,6.438174,8.550700,,,0,0,0,ADL,1.000000
Subject 3/ADL/22.mp4#f208-271,Subject 3/ADL/22.mp4,3,gmdcsa24,0,208,271,6.974688,9.087214,,,0,0,0,ADL,1.000000
Subject 3/Fall/02.mp4#f0-63,Subject 3/Fall/02.mp4,3,gmdcsa24,1,0,63,0.000000,2.109118,2.600000,0.502171,1,1,1,PRE_FALL_0_1S,1.000000
Subject 3/Fall/05.mp4#f0-63,Subject 3/Fall/05.mp4,3,gmdcsa24,1,0,63,0.000000,2.110367,3.200000,1.105430,0,1,1,PRE_FALL_1_2S,1.000000
Subject 3/Fall/05.mp4#f16-79,Subject 3/Fall/05.mp4,3,gmdcsa24,1,16,79,0.535966,2.646333,3.200000,0.569464,1,1,1,PRE_FALL_0_1S,1.000000
Subject 3/Fall/05.mp4#f32-95,Subject 3/Fall/05.mp4,3,gmdcsa24,1,32,95,1.071932,3.182300,3.200000,0.033498,1,1,1,PRE_FALL_0_1S,1.000000
Subject 3/Fall/09.mp4#f0-63,Subject 3/Fall/09.mp4,3,gmdcsa24,1,0,63,0.000000,2.108208,3.300000,1.204690,0,1,1,PRE_FALL_1_2S,1.000000
Subject 3/Fall/09.mp4#f16-79,Subject 3/Fall/09.mp4,3,gmdcsa24,1,16,79,0.535418,2.643626,3.300000,0.669272,1,1,1,PRE_FALL_0_1S,1.000000
Subject 3/Fall/09.mp4#f32-95,Subject 3/Fall/09.mp4,3,gmdcsa24,1,32,95,1.070836,3.179044,3.300000,0.133854,1,1,1,PRE_FALL_0_1S,1.000000
Subject 3/Fall/11.mp4#f0-63,Subject 3/Fall/11.mp4,3,gmdcsa24,1,0,63,0.000000,2.110736,4.700000,2.579788,0,0,1,PRE_FALL_2_3S,1.000000
Subject 3/Fall/11.mp4#f16-79,Subject 3/Fall/11.mp4,3,gmdcsa24,1,16,79,0.536060,2.646796,4.700000,2.043728,0,0,1,PRE_FALL_2_3S,1.000000
Subject 3/Fall/11.mp4#f32-95,Subject 3/Fall/11.mp4,3,gmdcsa24,1,32,95,1.072120,3.182856,4.700000,1.507668,0,1,1,PRE_FALL_1_2S,1.000000
Subject 3/Fall/11.mp4#f48-111,Subject 3/Fall/11.mp4,3,gmdcsa24,1,48,111,1.608180,3.718916,4.700000,0.971609,1,1,1,PRE_FALL_0_1S,1.000000
Subject 3/Fall/11.mp4#f64-127,Subject 3/Fall/11.mp4,3,gmdcsa24,1,64,127,2.144240,4.254976,4.700000,0.435549,1,1,1,PRE_FALL_0_1S,1.000000
Subject 3/Fall/14.mp4#f0-63,Subject 3/Fall/14.mp4,3,gmdcsa24,1,0,63,0.000000,2.112405,8.100000,6.001914,0,0,0,EARLY_FALL_VIDEO,1.000000
Subject 3/Fall/14.mp4#f16-79,Subject 3/Fall/14.mp4,3,gmdcsa24,1,16,79,0.536484,2.648889,8.100000,5.465430,0,0,0,EARLY_FALL_VIDEO,1.000000
Subject 3/Fall/14.mp4#f32-95,Subject 3/Fall/14.mp4,3,gmdcsa24,1,32,95,1.072968,3.185373,8.100000,4.928946,0,0,0,EARLY_FALL_VIDEO,1.000000
Subject 3/Fall/14.mp4#f48-111,Subject 3/Fall/14.mp4,3,gmdcsa24,1,48,111,1.609452,3.721857,8.100000,4.392462,0,0,0,EARLY_FALL_VIDEO,1.000000
Subject 3/Fall/14.mp4#f64-127,Subject 3/Fall/14.mp4,3,gmdcsa24,1,64,127,2.145936,4.258341,8.100000,3.855978,0,0,0,EARLY_FALL_VIDEO,1.000000
Subject 3/Fall/14.mp4#f80-143,Subject 3/Fall/14.mp4,3,gmdcsa24,1,80,143,2.682420,4.794825,8.100000,3.319494,0,0,0,EARLY_FALL_VIDEO,1.000000
Subject 3/Fall/14.mp4#f96-159,Subject 3/Fall/14.mp4,3,gmdcsa24,1,96,159,3.218904,5.331309,8.100000,2.783010,0,0,1,PRE_FALL_2_3S,1.000000
Subject 3/Fall/14.mp4#f112-175,Subject 3/Fall/14.mp4,3,gmdcsa24,1,112,175,3.755387,5.867793,8.100000,2.246526,0,0,1,PRE_FALL_2_3S,1.000000
Subject 3/Fall/14.mp4#f128-191,Subject 3/Fall/14.mp4,3,gmdcsa24,1,128,191,4.291871,6.404277,8.100000,1.710043,0,1,1,PRE_FALL_1_2S,1.000000
Subject 3/Fall/14.mp4#f144-207,Subject 3/Fall/14.mp4,3,gmdcsa24,1,144,207,4.828355,6.940761,8.100000,1.173559,0,1,1,PRE_FALL_1_2S,1.000000
Subject 3/Fall/14.mp4#f160-223,Subject 3/Fall/14.mp4,3,gmdcsa24,1,160,223,5.364839,7.477245,8.100000,0.637075,1,1,1,PRE_FALL_0_1S,1.000000
Subject 3/Fall/14.mp4#f176-239,Subject 3/Fall/14.mp4,3,gmdcsa24,1,176,239,5.901323,8.013729,8.100000,0.100591,1,1,1,PRE_FALL_0_1S,1.000000
Subject 3/Fall/21.mp4#f0-63,Subject 3/Fall/21.mp4,3,gmdcsa24,1,0,63,0.000000,2.108346,5.400000,3.279650,0,0,0,EARLY_FALL_VIDEO,1.000000
Subject 3/Fall/21.mp4#f16-79,Subject 3/Fall/21.mp4,3,gmdcsa24,1,16,79,0.535453,2.643799,5.400000,2.744197,0,0,1,PRE_FALL_2_3S,1.000000
Subject 3/Fall/21.mp4#f32-95,Subject 3/Fall/21.mp4,3,gmdcsa24,1,32,95,1.070906,3.179252,5.400000,2.208744,0,0,1,PRE_FALL_2_3S,1.000000
Subject 3/Fall/21.mp4#f48-111,Subject 3/Fall/21.mp4,3,gmdcsa24,1,48,111,1.606359,3.714705,5.400000,1.673291,0,1,1,PRE_FALL_1_2S,1.000000
Subject 3/Fall/21.mp4#f64-127,Subject 3/Fall/21.mp4,3,gmdcsa24,1,64,127,2.141812,4.250158,5.400000,1.137838,0,1,1,PRE_FALL_1_2S,1.000000
Subject 3/Fall/21.mp4#f80-143,Subject 3/Fall/21.mp4,3,gmdcsa24,1,80,143,2.677265,4.785611,5.400000,0.602385,1,1,1,PRE_FALL_0_1S,1.000000
Subject 3/Fall/21.mp4#f96-159,Subject 3/Fall/21.mp4,3,gmdcsa24,1,96,159,3.212718,5.321065,5.400000,0.066932,1,1,1,PRE_FALL_0_1S,1.000000
Subject 4/ADL/01.mp4#f0-63,Subject 4/ADL/01.mp4,4,gmdcsa24,0,0,63,0.000000,2.111590,,,0,0,0,ADL,1.000000
Subject 4/ADL/01.mp4#f16-79,Subject 4/ADL/01.mp4,4,gmdcsa24,0,16,79,0.536277,2.647867,,,0,0,0,ADL,1.000000
Subject 4/ADL/01.mp4#f32-95,Subject 4/ADL/01.mp4,4,gmdcsa24,0,32,95,1.072554,3.184143,,,0,0,0,ADL,1.000000
Subject 4/ADL/01.mp4#f48-111,Subject 4/ADL/01.mp4,4,gmdcsa24,0,48,111,1.608830,3.720420,,,0,0,0,ADL,1.000000
Subject 4/ADL/01.mp4#f64-127,Subject 4/ADL/01.mp4,4,gmdcsa24,0,64,127,2.145107,4.256697,,,0,0,0,ADL,1.000000
Subject 4/ADL/01.mp4#f80-143,Subject 4/ADL/01.mp4,4,gmdcsa24,0,80,143,2.681384,4.792974,,,0,0,0,ADL,1.000000
Subject 4/ADL/01.mp4#f96-159,Subject 4/ADL/01.mp4,4,gmdcsa24,0,96,159,3.217661,5.329250,,,0,0,0,ADL,1.000000
Subject 4/ADL/01.mp4#f112-175,Subject 4/ADL/01.mp4,4,gmdcsa24,0,112,175,3.753937,5.865527,,,0,0,0,ADL,1.000000
Subject 4/ADL/01.mp4#f128-191,Subject 4/ADL/01.mp4,4,gmdcsa24,0,128,191,4.290214,6.401804,,,0,0,0,ADL,1.000000
Subject 4/ADL/01.mp4#f144-207,Subject 4/ADL/01.mp4,4,gmdcsa24,0,144,207,4.826491,6.938081,,,0,0,0,ADL,1.000000
Subject 4/ADL/01.mp4#f160-223,Subject 4/ADL/01.mp4,4,gmdcsa24,0,160,223,5.362768,7.474357,,,0,0,0,ADL,1.000000
Subject 4/ADL/01.mp4#f176-239,Subject 4/ADL/01.mp4,4,gmdcsa24,0,176,239,5.899044,8.010634,,,0,0,0,ADL,1.000000
Subject 4/ADL/01.mp4#f192-255,Subject 4/ADL/01.mp4,4,gmdcsa24,0,192,255,6.435321,8.546911,,,0,0,0,ADL,1.000000
Subject 4/ADL/01.mp4#f208-271,Subject 4/ADL/01.mp4,4,gmdcsa24,0,208,271,6.971598,9.083188,,,0,0,0,ADL,1.000000
Subject 4/ADL/01.mp4#f224-287,Subject 4/ADL/01.mp4,4,gmdcsa24,0,224,287,7.507875,9.619465,,,0,0,0,ADL,1.000000
Subject 4/ADL/01.mp4#f240-303,Subject 4/ADL/01.mp4,4,gmdcsa24,0,240,303,8.044152,10.155741,,,0,0,0,ADL,1.000000
Subject 4/ADL/01.mp4#f256-319,Subject 4/ADL/01.mp4,4,gmdcsa24,0,256,319,8.580428,10.692018,,,0,0,0,ADL,1.000000
Subject 4/ADL/01.mp4#f272-335,Subject 4/ADL/01.mp4,4,gmdcsa24,0,272,335,9.116705,11.228295,,,0,0,0,ADL,1.000000
Subject 4/ADL/01.mp4#f288-351,Subject 4/ADL/01.mp4,4,gmdcsa24,0,288,351,9.652982,11.764572,,,0,0,0,ADL,1.000000
Subject 4/ADL/01.mp4#f304-367,Subject 4/ADL/01.mp4,4,gmdcsa24,0,304,367,10.189259,12.300848,,,0,0,0,ADL,1.000000
Subject 4/ADL/02.mp4#f0-63,Subject 4/ADL/02.mp4,4,gmdcsa24,0,0,63,0.000000,2.112293,,,0,0,0,ADL,1.000000
Subject 4/ADL/02.mp4#f16-79,Subject 4/ADL/02.mp4,4,gmdcsa24,0,16,79,0.536455,2.648749,,,0,0,0,ADL,1.000000
Subject 4/ADL/02.mp4#f32-95,Subject 4/ADL/02.mp4,4,gmdcsa24,0,32,95,1.072911,3.185204,,,0,0,0,ADL,1.000000
Subject 4/ADL/02.mp4#f48-111,Subject 4/ADL/02.mp4,4,gmdcsa24,0,48,111,1.609366,3.721660,,,0,0,0,ADL,1.000000
Subject 4/ADL/02.mp4#f64-127,Subject 4/ADL/02.mp4,4,gmdcsa24,0,64,127,2.145822,4.258115,,,0,0,0,ADL,1.000000
Subject 4/ADL/02.mp4#f80-143,Subject 4/ADL/02.mp4,4,gmdcsa24,0,80,143,2.682277,4.794571,,,0,0,0,ADL,1.000000
Subject 4/ADL/02.mp4#f96-159,Subject 4/ADL/02.mp4,4,gmdcsa24,0,96,159,3.218733,5.331026,,,0,0,0,ADL,1.000000
Subject 4/ADL/02.mp4#f112-175,Subject 4/ADL/02.mp4,4,gmdcsa24,0,112,175,3.755188,5.867481,,,0,0,0,ADL,1.000000
Subject 4/ADL/02.mp4#f128-191,Subject 4/ADL/02.mp4,4,gmdcsa24,0,128,191,4.291644,6.403937,,,0,0,0,ADL,1.000000
Subject 4/ADL/02.mp4#f144-207,Subject 4/ADL/02.mp4,4,gmdcsa24,0,144,207,4.828099,6.940392,,,0,0,0,ADL,1.000000
Subject 4/ADL/02.mp4#f160-223,Subject 4/ADL/02.mp4,4,gmdcsa24,0,160,223,5.364554,7.476848,,,0,0,0,ADL,1.000000
Subject 4/ADL/02.mp4#f176-239,Subject 4/ADL/02.mp4,4,gmdcsa24,0,176,239,5.901010,8.013303,,,0,0,0,ADL,1.000000
Subject 4/ADL/02.mp4#f192-255,Subject 4/ADL/02.mp4,4,gmdcsa24,0,192,255,6.437465,8.549759,,,0,0,0,ADL,1.000000
Subject 4/ADL/02.mp4#f208-271,Subject 4/ADL/02.mp4,4,gmdcsa24,0,208,271,6.973921,9.086214,,,0,0,0,ADL,1.000000
Subject 4/ADL/02.mp4#f224-287,Subject 4/ADL/02.mp4,4,gmdcsa24,0,224,287,7.510376,9.622670,,,0,0,0,ADL,1.000000
Subject 4/ADL/02.mp4#f240-303,Subject 4/ADL/02.mp4,4,gmdcsa24,0,240,303,8.046832,10.159125,,,0,0,0,ADL,1.000000
Subject 4/ADL/03.mp4#f0-63,Subject 4/ADL/03.mp4,4,gmdcsa24,0,0,63,0.000000,2.110783,,,0,0,0,ADL,1.000000
Subject 4/ADL/03.mp4#f16-79,Subject 4/ADL/03.mp4,4,gmdcsa24,0,16,79,0.536072,2.646855,,,0,0,0,ADL,1.000000
Subject 4/ADL/03.mp4#f32-95,Subject 4/ADL/03.mp4,4,gmdcsa24,0,32,95,1.072144,3.182927,,,0,0,0,ADL,1.000000
Subject 4/ADL/03.mp4#f48-111,Subject 4/ADL/03.mp4,4,gmdcsa24,0,48,111,1.608216,3.718999,,,0,0,0,ADL,1.000000
Subject 4/ADL/03.mp4#f64-127,Subject 4/ADL/03.mp4,4,gmdcsa24,0,64,127,2.144288,4.255071,,,0,0,0,ADL,1.000000
Subject 4/ADL/03.mp4#f80-143,Subject 4/ADL/03.mp4,4,gmdcsa24,0,80,143,2.680359,4.791143,,,0,0,0,ADL,1.000000
Subject 4/ADL/03.mp4#f96-159,Subject 4/ADL/03.mp4,4,gmdcsa24,0,96,159,3.216431,5.327214,,,0,0,0,ADL,1.000000
Subject 4/ADL/03.mp4#f112-175,Subject 4/ADL/03.mp4,4,gmdcsa24,0,112,175,3.752503,5.863286,,,0,0,0,ADL,1.000000
Subject 4/ADL/03.mp4#f128-191,Subject 4/ADL/03.mp4,4,gmdcsa24,0,128,191,4.288575,6.399358,,,0,0,0,ADL,1.000000
Subject 4/ADL/03.mp4#f144-207,Subject 4/ADL/03.mp4,4,gmdcsa24,0,144,207,4.824647,6.935430,,,0,0,0,ADL,1.000000
Subject 4/ADL/03.mp4#f160-223,Subject 4/ADL/03.mp4,4,gmdcsa24,0,160,223,5.360719,7.471502,,,0,0,0,ADL,1.000000
Subject 4/ADL/03.mp4#f176-239,Subject 4/ADL/03.mp4,4,gmdcsa24,0,176,239,5.896791,8.007574,,,0,0,0,ADL,1.000000
Subject 4/ADL/03.mp4#f192-255,Subject 4/ADL/03.mp4,4,gmdcsa24,0,192,255,6.432863,8.543646,,,0,0,0,ADL,1.000000
Subject 4/ADL/04.mp4#f0-63,Subject 4/ADL/04.mp4,4,gmdcsa24,0,0,63,0.000000,2.112362,,,0,0,0,ADL,1.000000
Subject 4/ADL/04.mp4#f16-79,Subject 4/ADL/04.mp4,4,gmdcsa24,0,16,79,0.536473,2.648835,,,0,0,0,ADL,1.000000
Subject 4/ADL/04.mp4#f32-95,Subject 4/ADL/04.mp4,4,gmdcsa24,0,32,95,1.072946,3.185307,,,0,0,0,ADL,1.000000
Subject 4/ADL/04.mp4#f48-111,Subject 4/ADL/04.mp4,4,gmdcsa24,0,48,111,1.609419,3.721780,,,0,0,0,ADL,1.000000
Subject 4/ADL/04.mp4#f64-127,Subject 4/ADL/04.mp4,4,gmdcsa24,0,64,127,2.145891,4.258253,,,0,0,0,ADL,1.000000
Subject 4/ADL/04.mp4#f80-143,Subject 4/ADL/04.mp4,4,gmdcsa24,0,80,143,2.682364,4.794726,,,0,0,0,ADL,1.000000
Subject 4/ADL/04.mp4#f96-159,Subject 4/ADL/04.mp4,4,gmdcsa24,0,96,159,3.218837,5.331199,,,0,0,0,ADL,1.000000
Subject 4/ADL/04.mp4#f112-175,Subject 4/ADL/04.mp4,4,gmdcsa24,0,112,175,3.755310,5.867672,,,0,0,0,ADL,1.000000
Subject 4/ADL/04.mp4#f128-191,Subject 4/ADL/04.mp4,4,gmdcsa24,0,128,191,4.291783,6.404145,,,0,0,0,ADL,1.000000
Subject 4/ADL/04.mp4#f144-207,Subject 4/ADL/04.mp4,4,gmdcsa24,0,144,207,4.828256,6.940617,,,0,0,0,ADL,1.000000
Subject 4/ADL/04.mp4#f160-223,Subject 4/ADL/04.mp4,4,gmdcsa24,0,160,223,5.364728,7.477090,,,0,0,0,ADL,1.000000
Subject 4/ADL/04.mp4#f176-239,Subject 4/ADL/04.mp4,4,gmdcsa24,0,176,239,5.901201,8.013563,,,0,0,0,ADL,1.000000
Subject 4/ADL/04.mp4#f192-255,Subject 4/ADL/04.mp4,4,gmdcsa24,0,192,255,6.437674,8.550036,,,0,0,0,ADL,1.000000
Subject 4/ADL/04.mp4#f208-271,Subject 4/ADL/04.mp4,4,gmdcsa24,0,208,271,6.974147,9.086509,,,0,0,0,ADL,1.000000
Subject 4/ADL/04.mp4#f224-287,Subject 4/ADL/04.mp4,4,gmdcsa24,0,224,287,7.510620,9.622982,,,0,0,0,ADL,1.000000
Subject 4/ADL/04.mp4#f240-303,Subject 4/ADL/04.mp4,4,gmdcsa24,0,240,303,8.047093,10.159454,,,0,0,0,ADL,1.000000
Subject 4/ADL/04.mp4#f256-319,Subject 4/ADL/04.mp4,4,gmdcsa24,0,256,319,8.583565,10.695927,,,0,0,0,ADL,1.000000
Subject 4/ADL/04.mp4#f272-335,Subject 4/ADL/04.mp4,4,gmdcsa24,0,272,335,9.120038,11.232400,,,0,0,0,ADL,1.000000
Subject 4/ADL/04.mp4#f288-351,Subject 4/ADL/04.mp4,4,gmdcsa24,0,288,351,9.656511,11.768873,,,0,0,0,ADL,1.000000
Subject 4/ADL/04.mp4#f304-367,Subject 4/ADL/04.mp4,4,gmdcsa24,0,304,367,10.192984,12.305346,,,0,0,0,ADL,1.000000
Subject 4/ADL/04.mp4#f320-383,Subject 4/ADL/04.mp4,4,gmdcsa24,0,320,383,10.729457,12.841819,,,0,0,0,ADL,1.000000
Subject 4/ADL/05.mp4#f0-63,Subject 4/ADL/05.mp4,4,gmdcsa24,0,0,63,0.000000,2.108114,,,0,0,0,ADL,1.000000
Subject 4/ADL/05.mp4#f16-79,Subject 4/ADL/05.mp4,4,gmdcsa24,0,16,79,0.535394,2.643508,,,0,0,0,ADL,1.000000
Subject 4/ADL/05.mp4#f32-95,Subject 4/ADL/05.mp4,4,gmdcsa24,0,32,95,1.070788,3.178902,,,0,0,0,ADL,1.000000
Subject 4/ADL/05.mp4#f48-111,Subject 4/ADL/05.mp4,4,gmdcsa24,0,48,111,1.606182,3.714295,,,0,0,0,ADL,1.000000
Subject 4/ADL/05.mp4#f64-127,Subject 4/ADL/05.mp4,4,gmdcsa24,0,64,127,2.141576,4.249689,,,0,0,0,ADL,1.000000
Subject 4/ADL/05.mp4#f80-143,Subject 4/ADL/05.mp4,4,gmdcsa24,0,80,143,2.676970,4.785083,,,0,0,0,ADL,1.000000
Subject 4/ADL/05.mp4#f96-159,Subject 4/ADL/05.mp4,4,gmdcsa24,0,96,159,3.212364,5.320477,,,0,0,0,ADL,1.000000
Subject 4/ADL/05.mp4#f112-175,Subject 4/ADL/05.mp4,4,gmdcsa24,0,112,175,3.747758,5.855871,,,0,0,0,ADL,1.000000
Subject 4/ADL/05.mp4#f128-191,Subject 4/ADL/05.mp4,4,gmdcsa24,0,128,191,4.283152,6.391265,,,0,0,0,ADL,1.000000
Subject 4/ADL/05.mp4#f144-207,Subject 4/ADL/05.mp4,4,gmdcsa24,0,144,207,4.818545,6.926659,,,0,0,0,ADL,1.000000
Subject 4/ADL/06.mp4#f0-63,Subject 4/ADL/06.mp4,4,gmdcsa24,0,0,63,0.000000,2.114229,,,0,0,0,ADL,1.000000
Subject 4/ADL/06.mp4#f16-79,Subject 4/ADL/06.mp4,4,gmdcsa24,0,16,79,0.536947,2.651175,,,0,0,0,ADL,1.000000
Subject 4/ADL/06.mp4#f32-95,Subject 4/ADL/06.mp4,4,gmdcsa24,0,32,95,1.073894,3.188122,,,0,0,0,ADL,1.000000
Subject 4/ADL/06.mp4#f48-111,Subject 4/ADL/06.mp4,4,gmdcsa24,0,48,111,1.610841,3.725069,,,0,0,0,ADL,1.000000
Subject 4/ADL/06.mp4#f64-127,Subject 4/ADL/06.mp4,4,gmdcsa24,0,64,127,2.147788,4.262016,,,0,0,0,ADL,1.000000
Subject 4/ADL/06.mp4#f80-143,Subject 4/ADL/06.mp4,4,gmdcsa24,0,80,143,2.684735,4.798963,,,0,0,0,ADL,1.000000
Subject 4/ADL/06.mp4#f96-159,Subject 4/ADL/06.mp4,4,gmdcsa24,0,96,159,3.221682,5.335910,,,0,0,0,ADL,1.000000
Subject 4/ADL/06.mp4#f112-175,Subject 4/ADL/06.mp4,4,gmdcsa24,0,112,175,3.758628,5.872857,,,0,0,0,ADL,1.000000
Subject 4/ADL/06.mp4#f128-191,Subject 4/ADL/06.mp4,4,gmdcsa24,0,128,191,4.295575,6.409804,,,0,0,0,ADL,1.000000
Subject 4/ADL/07.mp4#f0-63,Subject 4/ADL/07.mp4,4,gmdcsa24,0,0,63,0.000000,2.111303,,,0,0,0,ADL,1.000000
Subject 4/ADL/07.mp4#f16-79,Subject 4/ADL/07.mp4,4,gmdcsa24,0,16,79,0.536204,2.647507,,,0,0,0,ADL,1.000000
Subject 4/ADL/07.mp4#f32-95,Subject 4/ADL/07.mp4,4,gmdcsa24,0,32,95,1.072408,3.183711,,,0,0,0,ADL,1.000000
Subject 4/ADL/07.mp4#f48-111,Subject 4/ADL/07.mp4,4,gmdcsa24,0,48,111,1.608612,3.719915,,,0,0,0,ADL,1.000000
Subject 4/ADL/07.mp4#f64-127,Subject 4/ADL/07.mp4,4,gmdcsa24,0,64,127,2.144816,4.256119,,,0,0,0,ADL,1.000000
Subject 4/ADL/07.mp4#f80-143,Subject 4/ADL/07.mp4,4,gmdcsa24,0,80,143,2.681020,4.792324,,,0,0,0,ADL,1.000000
Subject 4/ADL/08.mp4#f0-63,Subject 4/ADL/08.mp4,4,gmdcsa24,0,0,63,0.000000,2.112126,,,0,0,0,ADL,1.000000
Subject 4/ADL/08.mp4#f16-79,Subject 4/ADL/08.mp4,4,gmdcsa24,0,16,79,0.536413,2.648539,,,0,0,0,ADL,1.000000
Subject 4/ADL/08.mp4#f32-95,Subject 4/ADL/08.mp4,4,gmdcsa24,0,32,95,1.072826,3.184952,,,0,0,0,ADL,1.000000
Subject 4/ADL/08.mp4#f48-111,Subject 4/ADL/08.mp4,4,gmdcsa24,0,48,111,1.609239,3.721366,,,0,0,0,ADL,1.000000
Subject 4/ADL/08.mp4#f64-127,Subject 4/ADL/08.mp4,4,gmdcsa24,0,64,127,2.145652,4.257779,,,0,0,0,ADL,1.000000
Subject 4/ADL/08.mp4#f80-143,Subject 4/ADL/08.mp4,4,gmdcsa24,0,80,143,2.682065,4.794192,,,0,0,0,ADL,1.000000
Subject 4/ADL/08.mp4#f96-159,Subject 4/ADL/08.mp4,4,gmdcsa24,0,96,159,3.218478,5.330605,,,0,0,0,ADL,1.000000
Subject 4/ADL/08.mp4#f112-175,Subject 4/ADL/08.mp4,4,gmdcsa24,0,112,175,3.754891,5.867018,,,0,0,0,ADL,1.000000
Subject 4/ADL/08.mp4#f128-191,Subject 4/ADL/08.mp4,4,gmdcsa24,0,128,191,4.291304,6.403431,,,0,0,0,ADL,1.000000
Subject 4/ADL/08.mp4#f144-207,Subject 4/ADL/08.mp4,4,gmdcsa24,0,144,207,4.827717,6.939844,,,0,0,0,ADL,1.000000
Subject 4/ADL/08.mp4#f160-223,Subject 4/ADL/08.mp4,4,gmdcsa24,0,160,223,5.364130,7.476257,,,0,0,0,ADL,1.000000
Subject 4/ADL/08.mp4#f176-239,Subject 4/ADL/08.mp4,4,gmdcsa24,0,176,239,5.900544,8.012670,,,0,0,0,ADL,1.000000
Subject 4/ADL/08.mp4#f192-255,Subject 4/ADL/08.mp4,4,gmdcsa24,0,192,255,6.436957,8.549083,,,0,0,0,ADL,1.000000
Subject 4/ADL/08.mp4#f208-271,Subject 4/ADL/08.mp4,4,gmdcsa24,0,208,271,6.973370,9.085496,,,0,0,0,ADL,1.000000
Subject 4/ADL/08.mp4#f224-287,Subject 4/ADL/08.mp4,4,gmdcsa24,0,224,287,7.509783,9.621909,,,0,0,0,ADL,1.000000
Subject 4/ADL/08.mp4#f240-303,Subject 4/ADL/08.mp4,4,gmdcsa24,0,240,303,8.046196,10.158322,,,0,0,0,ADL,1.000000
Subject 4/ADL/08.mp4#f256-319,Subject 4/ADL/08.mp4,4,gmdcsa24,0,256,319,8.582609,10.694735,,,0,0,0,ADL,1.000000
Subject 4/ADL/08.mp4#f272-335,Subject 4/ADL/08.mp4,4,gmdcsa24,0,272,335,9.119022,11.231148,,,0,0,0,ADL,1.000000
Subject 4/ADL/08.mp4#f288-351,Subject 4/ADL/08.mp4,4,gmdcsa24,0,288,351,9.655435,11.767561,,,0,0,0,ADL,1.000000
Subject 4/ADL/08.mp4#f304-367,Subject 4/ADL/08.mp4,4,gmdcsa24,0,304,367,10.191848,12.303974,,,0,0,0,ADL,1.000000
Subject 4/ADL/09.mp4#f0-63,Subject 4/ADL/09.mp4,4,gmdcsa24,0,0,63,0.000000,2.110929,,,0,0,0,ADL,1.000000
Subject 4/ADL/09.mp4#f16-79,Subject 4/ADL/09.mp4,4,gmdcsa24,0,16,79,0.536109,2.647038,,,0,0,0,ADL,1.000000
Subject 4/ADL/09.mp4#f32-95,Subject 4/ADL/09.mp4,4,gmdcsa24,0,32,95,1.072218,3.183147,,,0,0,0,ADL,1.000000
Subject 4/ADL/09.mp4#f48-111,Subject 4/ADL/09.mp4,4,gmdcsa24,0,48,111,1.608327,3.719256,,,0,0,0,ADL,1.000000
Subject 4/ADL/09.mp4#f64-127,Subject 4/ADL/09.mp4,4,gmdcsa24,0,64,127,2.144436,4.255365,,,0,0,0,ADL,1.000000
Subject 4/ADL/09.mp4#f80-143,Subject 4/ADL/09.mp4,4,gmdcsa24,0,80,143,2.680545,4.791475,,,0,0,0,ADL,1.000000
Subject 4/ADL/09.mp4#f96-159,Subject 4/ADL/09.mp4,4,gmdcsa24,0,96,159,3.216654,5.327584,,,0,0,0,ADL,1.000000
Subject 4/ADL/09.mp4#f112-175,Subject 4/ADL/09.mp4,4,gmdcsa24,0,112,175,3.752763,5.863693,,,0,0,0,ADL,1.000000
Subject 4/ADL/09.mp4#f128-191,Subject 4/ADL/09.mp4,4,gmdcsa24,0,128,191,4.288872,6.399802,,,0,0,0,ADL,1.000000
Subject 4/ADL/09.mp4#f144-207,Subject 4/ADL/09.mp4,4,gmdcsa24,0,144,207,4.824981,6.935911,,,0,0,0,ADL,1.000000
Subject 4/ADL/09.mp4#f160-223,Subject 4/ADL/09.mp4,4,gmdcsa24,0,160,223,5.361090,7.472020,,,0,0,0,ADL,1.000000
Subject 4/ADL/09.mp4#f176-239,Subject 4/ADL/09.mp4,4,gmdcsa24,0,176,239,5.897199,8.008129,,,0,0,0,ADL,1.000000
Subject 4/ADL/09.mp4#f192-255,Subject 4/ADL/09.mp4,4,gmdcsa24,0,192,255,6.433308,8.544238,,,0,0,0,ADL,1.000000
Subject 4/ADL/09.mp4#f208-271,Subject 4/ADL/09.mp4,4,gmdcsa24,0,208,271,6.969417,9.080347,,,0,0,0,ADL,1.000000
Subject 4/ADL/09.mp4#f224-287,Subject 4/ADL/09.mp4,4,gmdcsa24,0,224,287,7.505527,9.616456,,,0,0,0,ADL,1.000000
Subject 4/ADL/09.mp4#f240-303,Subject 4/ADL/09.mp4,4,gmdcsa24,0,240,303,8.041636,10.152565,,,0,0,0,ADL,1.000000
Subject 4/ADL/09.mp4#f256-319,Subject 4/ADL/09.mp4,4,gmdcsa24,0,256,319,8.577745,10.688674,,,0,0,0,ADL,1.000000
Subject 4/ADL/09.mp4#f272-335,Subject 4/ADL/09.mp4,4,gmdcsa24,0,272,335,9.113854,11.224783,,,0,0,0,ADL,1.000000
Subject 4/ADL/09.mp4#f288-351,Subject 4/ADL/09.mp4,4,gmdcsa24,0,288,351,9.649963,11.760892,,,0,0,0,ADL,1.000000
Subject 4/ADL/10.mp4#f0-63,Subject 4/ADL/10.mp4,4,gmdcsa24,0,0,63,0.000000,2.111193,,,0,0,0,ADL,1.000000
Subject 4/ADL/10.mp4#f16-79,Subject 4/ADL/10.mp4,4,gmdcsa24,0,16,79,0.536176,2.647369,,,0,0,0,ADL,1.000000
Subject 4/ADL/10.mp4#f32-95,Subject 4/ADL/10.mp4,4,gmdcsa24,0,32,95,1.072352,3.183545,,,0,0,0,ADL,1.000000
Subject 4/ADL/10.mp4#f48-111,Subject 4/ADL/10.mp4,4,gmdcsa24,0,48,111,1.608528,3.719720,,,0,0,0,ADL,1.000000
Subject 4/ADL/10.mp4#f64-127,Subject 4/ADL/10.mp4,4,gmdcsa24,0,64,127,2.144704,4.255896,,,0,0,0,ADL,1.000000
Subject 4/ADL/10.mp4#f80-143,Subject 4/ADL/10.mp4,4,gmdcsa24,0,80,143,2.680880,4.792072,,,0,0,0,ADL,1.000000
Subject 4/ADL/10.mp4#f96-159,Subject 4/ADL/10.mp4,4,gmdcsa24,0,96,159,3.217056,5.328248,,,0,0,0,ADL,1.000000
Subject 4/ADL/10.mp4#f112-175,Subject 4/ADL/10.mp4,4,gmdcsa24,0,112,175,3.753231,5.864424,,,0,0,0,ADL,1.000000
Subject 4/ADL/10.mp4#f128-191,Subject 4/ADL/10.mp4,4,gmdcsa24,0,128,191,4.289407,6.400600,,,0,0,0,ADL,1.000000
Subject 4/ADL/10.mp4#f144-207,Subject 4/ADL/10.mp4,4,gmdcsa24,0,144,207,4.825583,6.936776,,,0,0,0,ADL,1.000000
Subject 4/ADL/10.mp4#f160-223,Subject 4/ADL/10.mp4,4,gmdcsa24,0,160,223,5.361759,7.472952,,,0,0,0,ADL,1.000000
Subject 4/ADL/10.mp4#f176-239,Subject 4/ADL/10.mp4,4,gmdcsa24,0,176,239,5.897935,8.009128,,,0,0,0,ADL,1.000000
Subject 4/ADL/10.mp4#f192-255,Subject 4/ADL/10.mp4,4,gmdcsa24,0,192,255,6.434111,8.545304,,,0,0,0,ADL,1.000000
Subject 4/ADL/10.mp4#f208-271,Subject 4/ADL/10.mp4,4,gmdcsa24,0,208,271,6.970287,9.081480,,,0,0,0,ADL,1.000000
Subject 4/ADL/10.mp4#f224-287,Subject 4/ADL/10.mp4,4,gmdcsa24,0,224,287,7.506463,9.617656,,,0,0,0,ADL,1.000000
Subject 4/ADL/10.mp4#f240-303,Subject 4/ADL/10.mp4,4,gmdcsa24,0,240,303,8.042639,10.153832,,,0,0,0,ADL,1.000000
Subject 4/ADL/10.mp4#f256-319,Subject 4/ADL/10.mp4,4,gmdcsa24,0,256,319,8.578815,10.690008,,,0,0,0,ADL,1.000000
Subject 4/ADL/10.mp4#f272-335,Subject 4/ADL/10.mp4,4,gmdcsa24,0,272,335,9.114991,11.226183,,,0,0,0,ADL,1.000000
Subject 4/ADL/10.mp4#f288-351,Subject 4/ADL/10.mp4,4,gmdcsa24,0,288,351,9.651167,11.762359,,,0,0,0,ADL,1.000000
Subject 4/ADL/10.mp4#f304-367,Subject 4/ADL/10.mp4,4,gmdcsa24,0,304,367,10.187343,12.298535,,,0,0,0,ADL,1.000000
Subject 4/ADL/11.mp4#f0-63,Subject 4/ADL/11.mp4,4,gmdcsa24,0,0,63,0.000000,2.110789,,,0,0,0,ADL,1.000000
Subject 4/ADL/11.mp4#f16-79,Subject 4/ADL/11.mp4,4,gmdcsa24,0,16,79,0.536073,2.646862,,,0,0,0,ADL,1.000000
Subject 4/ADL/11.mp4#f32-95,Subject 4/ADL/11.mp4,4,gmdcsa24,0,32,95,1.072147,3.182935,,,0,0,0,ADL,1.000000
Subject 4/ADL/11.mp4#f48-111,Subject 4/ADL/11.mp4,4,gmdcsa24,0,48,111,1.608220,3.719009,,,0,0,0,ADL,1.000000
Subject 4/ADL/11.mp4#f64-127,Subject 4/ADL/11.mp4,4,gmdcsa24,0,64,127,2.144293,4.255082,,,0,0,0,ADL,1.000000
Subject 4/ADL/11.mp4#f80-143,Subject 4/ADL/11.mp4,4,gmdcsa24,0,80,143,2.680367,4.791155,,,0,0,0,ADL,1.000000
Subject 4/ADL/11.mp4#f96-159,Subject 4/ADL/11.mp4,4,gmdcsa24,0,96,159,3.216440,5.327229,,,0,0,0,ADL,1.000000
Subject 4/ADL/11.mp4#f112-175,Subject 4/ADL/11.mp4,4,gmdcsa24,0,112,175,3.752513,5.863302,,,0,0,0,ADL,1.000000
Subject 4/ADL/11.mp4#f128-191,Subject 4/ADL/11.mp4,4,gmdcsa24,0,128,191,4.288587,6.399375,,,0,0,0,ADL,1.000000
Subject 4/ADL/11.mp4#f144-207,Subject 4/ADL/11.mp4,4,gmdcsa24,0,144,207,4.824660,6.935449,,,0,0,0,ADL,1.000000
Subject 4/ADL/11.mp4#f160-223,Subject 4/ADL/11.mp4,4,gmdcsa24,0,160,223,5.360733,7.471522,,,0,0,0,ADL,1.000000
Subject 4/ADL/11.mp4#f176-239,Subject 4/ADL/11.mp4,4,gmdcsa24,0,176,239,5.896807,8.007595,,,0,0,0,ADL,1.000000
Subject 4/ADL/11.mp4#f192-255,Subject 4/ADL/11.mp4,4,gmdcsa24,0,192,255,6.432880,8.543669,,,0,0,0,ADL,1.000000
Subject 4/ADL/11.mp4#f208-271,Subject 4/ADL/11.mp4,4,gmdcsa24,0,208,271,6.968953,9.079742,,,0,0,0,ADL,1.000000
Subject 4/ADL/11.mp4#f224-287,Subject 4/ADL/11.mp4,4,gmdcsa24,0,224,287,7.505027,9.615815,,,0,0,0,ADL,1.000000
Subject 4/ADL/11.mp4#f240-303,Subject 4/ADL/11.mp4,4,gmdcsa24,0,240,303,8.041100,10.151889,,,0,0,0,ADL,1.000000
Subject 4/ADL/11.mp4#f256-319,Subject 4/ADL/11.mp4,4,gmdcsa24,0,256,319,8.577173,10.687962,,,0,0,0,ADL,1.000000
Subject 4/ADL/12.mp4#f0-63,Subject 4/ADL/12.mp4,4,gmdcsa24,0,0,63,0.000000,2.110451,,,0,0,0,ADL,1.000000
Subject 4/ADL/12.mp4#f16-79,Subject 4/ADL/12.mp4,4,gmdcsa24,0,16,79,0.535988,2.646438,,,0,0,0,ADL,1.000000
Subject 4/ADL/12.mp4#f32-95,Subject 4/ADL/12.mp4,4,gmdcsa24,0,32,95,1.071975,3.182426,,,0,0,0,ADL,1.000000
Subject 4/ADL/12.mp4#f48-111,Subject 4/ADL/12.mp4,4,gmdcsa24,0,48,111,1.607963,3.718414,,,0,0,0,ADL,1.000000
Subject 4/ADL/12.mp4#f64-127,Subject 4/ADL/12.mp4,4,gmdcsa24,0,64,127,2.143950,4.254401,,,0,0,0,ADL,1.000000
Subject 4/ADL/12.mp4#f80-143,Subject 4/ADL/12.mp4,4,gmdcsa24,0,80,143,2.679938,4.790389,,,0,0,0,ADL,1.000000
Subject 4/ADL/12.mp4#f96-159,Subject 4/ADL/12.mp4,4,gmdcsa24,0,96,159,3.215925,5.326376,,,0,0,0,ADL,1.000000
Subject 4/ADL/12.mp4#f112-175,Subject 4/ADL/12.mp4,4,gmdcsa24,0,112,175,3.751913,5.862364,,,0,0,0,ADL,1.000000
Subject 4/ADL/12.mp4#f128-191,Subject 4/ADL/12.mp4,4,gmdcsa24,0,128,191,4.287900,6.398351,,,0,0,0,ADL,1.000000
Subject 4/ADL/12.mp4#f144-207,Subject 4/ADL/12.mp4,4,gmdcsa24,0,144,207,4.823888,6.934339,,,0,0,0,ADL,1.000000
Subject 4/ADL/12.mp4#f160-223,Subject 4/ADL/12.mp4,4,gmdcsa24,0,160,223,5.359875,7.470326,,,0,0,0,ADL,1.000000
Subject 4/ADL/12.mp4#f176-239,Subject 4/ADL/12.mp4,4,gmdcsa24,0,176,239,5.895863,8.006314,,,0,0,0,ADL,1.000000
Subject 4/ADL/12.mp4#f192-255,Subject 4/ADL/12.mp4,4,gmdcsa24,0,192,255,6.431850,8.542301,,,0,0,0,ADL,1.000000
Subject 4/ADL/13.mp4#f0-63,Subject 4/ADL/13.mp4,4,gmdcsa24,0,0,63,0.000000,2.108784,,,0,0,0,ADL,1.000000
Subject 4/ADL/13.mp4#f16-79,Subject 4/ADL/13.mp4,4,gmdcsa24,0,16,79,0.535564,2.644348,,,0,0,0,ADL,1.000000
Subject 4/ADL/13.mp4#f32-95,Subject 4/ADL/13.mp4,4,gmdcsa24,0,32,95,1.071128,3.179913,,,0,0,0,ADL,1.000000
Subject 4/ADL/13.mp4#f48-111,Subject 4/ADL/13.mp4,4,gmdcsa24,0,48,111,1.606693,3.715477,,,0,0,0,ADL,1.000000
Subject 4/ADL/13.mp4#f64-127,Subject 4/ADL/13.mp4,4,gmdcsa24,0,64,127,2.142257,4.251041,,,0,0,0,ADL,1.000000
Subject 4/ADL/13.mp4#f80-143,Subject 4/ADL/13.mp4,4,gmdcsa24,0,80,143,2.677821,4.786605,,,0,0,0,ADL,1.000000
Subject 4/ADL/13.mp4#f96-159,Subject 4/ADL/13.mp4,4,gmdcsa24,0,96,159,3.213385,5.322170,,,0,0,0,ADL,1.000000
Subject 4/ADL/14.mp4#f0-63,Subject 4/ADL/14.mp4,4,gmdcsa24,0,0,63,0.000000,2.109907,,,0,0,0,ADL,1.000000
Subject 4/ADL/14.mp4#f16-79,Subject 4/ADL/14.mp4,4,gmdcsa24,0,16,79,0.535849,2.645757,,,0,0,0,ADL,1.000000
Subject 4/ADL/14.mp4#f32-95,Subject 4/ADL/14.mp4,4,gmdcsa24,0,32,95,1.071699,3.181606,,,0,0,0,ADL,1.000000
Subject 4/ADL/14.mp4#f48-111,Subject 4/ADL/14.mp4,4,gmdcsa24,0,48,111,1.607548,3.717456,,,0,0,0,ADL,1.000000
Subject 4/ADL/14.mp4#f64-127,Subject 4/ADL/14.mp4,4,gmdcsa24,0,64,127,2.143398,4.253305,,,0,0,0,ADL,1.000000
Subject 4/ADL/14.mp4#f80-143,Subject 4/ADL/14.mp4,4,gmdcsa24,0,80,143,2.679247,4.789154,,,0,0,0,ADL,1.000000
Subject 4/ADL/14.mp4#f96-159,Subject 4/ADL/14.mp4,4,gmdcsa24,0,96,159,3.215097,5.325004,,,0,0,0,ADL,1.000000
Subject 4/ADL/14.mp4#f112-175,Subject 4/ADL/14.mp4,4,gmdcsa24,0,112,175,3.750946,5.860853,,,0,0,0,ADL,1.000000
Subject 4/ADL/14.mp4#f128-191,Subject 4/ADL/14.mp4,4,gmdcsa24,0,128,191,4.286796,6.396703,,,0,0,0,ADL,1.000000
Subject 4/ADL/14.mp4#f144-207,Subject 4/ADL/14.mp4,4,gmdcsa24,0,144,207,4.822645,6.932552,,,0,0,0,ADL,1.000000
Subject 4/ADL/14.mp4#f160-223,Subject 4/ADL/14.mp4,4,gmdcsa24,0,160,223,5.358495,7.468402,,,0,0,0,ADL,1.000000
Subject 4/ADL/14.mp4#f176-239,Subject 4/ADL/14.mp4,4,gmdcsa24,0,176,239,5.894344,8.004251,,,0,0,0,ADL,1.000000
Subject 4/ADL/15.mp4#f0-63,Subject 4/ADL/15.mp4,4,gmdcsa24,0,0,63,0.000000,2.111715,,,0,0,0,ADL,1.000000
Subject 4/ADL/15.mp4#f16-79,Subject 4/ADL/15.mp4,4,gmdcsa24,0,16,79,0.536309,2.648024,,,0,0,0,ADL,1.000000
Subject 4/ADL/15.mp4#f32-95,Subject 4/ADL/15.mp4,4,gmdcsa24,0,32,95,1.072617,3.184332,,,0,0,0,ADL,1.000000
Subject 4/ADL/15.mp4#f48-111,Subject 4/ADL/15.mp4,4,gmdcsa24,0,48,111,1.608926,3.720641,,,0,0,0,ADL,1.000000
Subject 4/ADL/15.mp4#f64-127,Subject 4/ADL/15.mp4,4,gmdcsa24,0,64,127,2.145234,4.256949,,,0,0,0,ADL,1.000000
Subject 4/ADL/15.mp4#f80-143,Subject 4/ADL/15.mp4,4,gmdcsa24,0,80,143,2.681543,4.793258,,,0,0,0,ADL,1.000000
Subject 4/ADL/16.mp4#f0-63,Subject 4/ADL/16.mp4,4,gmdcsa24,0,0,63,0.000000,2.111111,,,0,0,0,ADL,1.000000
Subject 4/ADL/16.mp4#f16-79,Subject 4/ADL/16.mp4,4,gmdcsa24,0,16,79,0.536155,2.647266,,,0,0,0,ADL,1.000000
Subject 4/ADL/16.mp4#f32-95,Subject 4/ADL/16.mp4,4,gmdcsa24,0,32,95,1.072310,3.183422,,,0,0,0,ADL,1.000000
Subject 4/ADL/16.mp4#f48-111,Subject 4/ADL/16.mp4,4,gmdcsa24,0,48,111,1.608466,3.719577,,,0,0,0,ADL,1.000000
Subject 4/ADL/16.mp4#f64-127,Subject 4/ADL/16.mp4,4,gmdcsa24,0,64,127,2.144621,4.255732,,,0,0,0,ADL,1.000000
Subject 4/ADL/16.mp4#f80-143,Subject 4/ADL/16.mp4,4,gmdcsa24,0,80,143,2.680776,4.791887,,,0,0,0,ADL,1.000000
Subject 4/ADL/16.mp4#f96-159,Subject 4/ADL/16.mp4,4,gmdcsa24,0,96,159,3.216931,5.328043,,,0,0,0,ADL,1.000000
Subject 4/ADL/16.mp4#f112-175,Subject 4/ADL/16.mp4,4,gmdcsa24,0,112,175,3.753087,5.864198,,,0,0,0,ADL,1.000000
Subject 4/ADL/16.mp4#f128-191,Subject 4/ADL/16.mp4,4,gmdcsa24,0,128,191,4.289242,6.400353,,,0,0,0,ADL,1.000000
Subject 4/ADL/16.mp4#f144-207,Subject 4/ADL/16.mp4,4,gmdcsa24,0,144,207,4.825397,6.936508,,,0,0,0,ADL,1.000000
Subject 4/ADL/17.mp4#f0-63,Subject 4/ADL/17.mp4,4,gmdcsa24,0,0,63,0.000000,2.108592,,,0,0,0,ADL,1.000000
Subject 4/ADL/17.mp4#f16-79,Subject 4/ADL/17.mp4,4,gmdcsa24,0,16,79,0.535515,2.644107,,,0,0,0,ADL,1.000000
Subject 4/ADL/17.mp4#f32-95,Subject 4/ADL/17.mp4,4,gmdcsa24,0,32,95,1.071031,3.179623,,,0,0,0,ADL,1.000000
Subject 4/ADL/17.mp4#f48-111,Subject 4/ADL/17.mp4,4,gmdcsa24,0,48,111,1.606546,3.715138,,,0,0,0,ADL,1.000000
Subject 4/ADL/17.mp4#f64-127,Subject 4/ADL/17.mp4,4,gmdcsa24,0,64,127,2.142062,4.250654,,,0,0,0,ADL,1.000000
Subject 4/ADL/17.mp4#f80-143,Subject 4/ADL/17.mp4,4,gmdcsa24,0,80,143,2.677577,4.786169,,,0,0,0,ADL,1.000000
Subject 4/ADL/17.mp4#f96-159,Subject 4/ADL/17.mp4,4,gmdcsa24,0,96,159,3.213092,5.321684,,,0,0,0,ADL,1.000000
Subject 4/ADL/17.mp4#f112-175,Subject 4/ADL/17.mp4,4,gmdcsa24,0,112,175,3.748608,5.857200,,,0,0,0,ADL,1.000000
Subject 4/ADL/18.mp4#f0-63,Subject 4/ADL/18.mp4,4,gmdcsa24,0,0,63,0.000000,2.109592,,,0,0,0,ADL,1.000000
Subject 4/ADL/18.mp4#f16-79,Subject 4/ADL/18.mp4,4,gmdcsa24,0,16,79,0.535769,2.645362,,,0,0,0,ADL,1.000000
Subject 4/ADL/18.mp4#f32-95,Subject 4/ADL/18.mp4,4,gmdcsa24,0,32,95,1.071539,3.181131,,,0,0,0,ADL,1.000000
Subject 4/ADL/18.mp4#f48-111,Subject 4/ADL/18.mp4,4,gmdcsa24,0,48,111,1.607308,3.716900,,,0,0,0,ADL,1.000000
Subject 4/ADL/18.mp4#f64-127,Subject 4/ADL/18.mp4,4,gmdcsa24,0,64,127,2.143078,4.252670,,,0,0,0,ADL,1.000000
Subject 4/ADL/18.mp4#f80-143,Subject 4/ADL/18.mp4,4,gmdcsa24,0,80,143,2.678847,4.788439,,,0,0,0,ADL,1.000000
Subject 4/ADL/18.mp4#f96-159,Subject 4/ADL/18.mp4,4,gmdcsa24,0,96,159,3.214617,5.324209,,,0,0,0,ADL,1.000000
Subject 4/ADL/18.mp4#f112-175,Subject 4/ADL/18.mp4,4,gmdcsa24,0,112,175,3.750386,5.859978,,,0,0,0,ADL,1.000000
Subject 4/ADL/18.mp4#f128-191,Subject 4/ADL/18.mp4,4,gmdcsa24,0,128,191,4.286156,6.395748,,,0,0,0,ADL,1.000000
Subject 4/ADL/18.mp4#f144-207,Subject 4/ADL/18.mp4,4,gmdcsa24,0,144,207,4.821925,6.931517,,,0,0,0,ADL,1.000000
Subject 4/ADL/18.mp4#f160-223,Subject 4/ADL/18.mp4,4,gmdcsa24,0,160,223,5.357694,7.467287,,,0,0,0,ADL,1.000000
Subject 4/ADL/18.mp4#f176-239,Subject 4/ADL/18.mp4,4,gmdcsa24,0,176,239,5.893464,8.003056,,,0,0,0,ADL,1.000000
Subject 4/ADL/18.mp4#f192-255,Subject 4/ADL/18.mp4,4,gmdcsa24,0,192,255,6.429233,8.538825,,,0,0,0,ADL,1.000000
Subject 4/ADL/18.mp4#f208-271,Subject 4/ADL/18.mp4,4,gmdcsa24,0,208,271,6.965003,9.074595,,,0,0,0,ADL,1.000000
Subject 4/ADL/18.mp4#f224-287,Subject 4/ADL/18.mp4,4,gmdcsa24,0,224,287,7.500772,9.610364,,,0,0,0,ADL,1.000000
Subject 4/ADL/18.mp4#f240-303,Subject 4/ADL/18.mp4,4,gmdcsa24,0,240,303,8.036542,10.146134,,,0,0,0,ADL,1.000000
Subject 4/ADL/18.mp4#f256-319,Subject 4/ADL/18.mp4,4,gmdcsa24,0,256,319,8.572311,10.681903,,,0,0,0,ADL,1.000000
Subject 4/ADL/18.mp4#f272-335,Subject 4/ADL/18.mp4,4,gmdcsa24,0,272,335,9.108080,11.217673,,,0,0,0,ADL,1.000000
Subject 4/ADL/18.mp4#f288-351,Subject 4/ADL/18.mp4,4,gmdcsa24,0,288,351,9.643850,11.753442,,,0,0,0,ADL,1.000000
Subject 4/ADL/18.mp4#f304-367,Subject 4/ADL/18.mp4,4,gmdcsa24,0,304,367,10.179619,12.289211,,,0,0,0,ADL,1.000000
Subject 4/ADL/18.mp4#f320-383,Subject 4/ADL/18.mp4,4,gmdcsa24,0,320,383,10.715389,12.824981,,,0,0,0,ADL,1.000000
Subject 4/ADL/18.mp4#f336-399,Subject 4/ADL/18.mp4,4,gmdcsa24,0,336,399,11.251158,13.360750,,,0,0,0,ADL,1.000000
Subject 4/ADL/18.mp4#f352-415,Subject 4/ADL/18.mp4,4,gmdcsa24,0,352,415,11.786928,13.896520,,,0,0,0,ADL,1.000000
Subject 4/ADL/19.mp4#f0-63,Subject 4/ADL/19.mp4,4,gmdcsa24,0,0,63,0.000000,2.108230,,,0,0,0,ADL,1.000000
Subject 4/ADL/19.mp4#f16-79,Subject 4/ADL/19.mp4,4,gmdcsa24,0,16,79,0.535423,2.643653,,,0,0,0,ADL,1.000000
Subject 4/ADL/19.mp4#f32-95,Subject 4/ADL/19.mp4,4,gmdcsa24,0,32,95,1.070847,3.179077,,,0,0,0,ADL,1.000000
Subject 4/ADL/19.mp4#f48-111,Subject 4/ADL/19.mp4,4,gmdcsa24,0,48,111,1.606270,3.714500,,,0,0,0,ADL,1.000000
Subject 4/ADL/19.mp4#f64-127,Subject 4/ADL/19.mp4,4,gmdcsa24,0,64,127,2.141694,4.249924,,,0,0,0,ADL,1.000000
Subject 4/ADL/19.mp4#f80-143,Subject 4/ADL/19.mp4,4,gmdcsa24,0,80,143,2.677117,4.785347,,,0,0,0,ADL,1.000000
Subject 4/ADL/19.mp4#f96-159,Subject 4/ADL/19.mp4,4,gmdcsa24,0,96,159,3.212541,5.320770,,,0,0,0,ADL,1.000000
Subject 4/ADL/19.mp4#f112-175,Subject 4/ADL/19.mp4,4,gmdcsa24,0,112,175,3.747964,5.856194,,,0,0,0,ADL,1.000000
Subject 4/ADL/19.mp4#f128-191,Subject 4/ADL/19.mp4,4,gmdcsa24,0,128,191,4.283387,6.391617,,,0,0,0,ADL,1.000000
Subject 4/ADL/19.mp4#f144-207,Subject 4/ADL/19.mp4,4,gmdcsa24,0,144,207,4.818811,6.927041,,,0,0,0,ADL,1.000000
Subject 4/ADL/19.mp4#f160-223,Subject 4/ADL/19.mp4,4,gmdcsa24,0,160,223,5.354234,7.462464,,,0,0,0,ADL,1.000000
Subject 4/ADL/19.mp4#f176-239,Subject 4/ADL/19.mp4,4,gmdcsa24,0,176,239,5.889658,7.997888,,,0,0,0,ADL,1.000000
Subject 4/ADL/19.mp4#f192-255,Subject 4/ADL/19.mp4,4,gmdcsa24,0,192,255,6.425081,8.533311,,,0,0,0,ADL,1.000000
Subject 4/ADL/19.mp4#f208-271,Subject 4/ADL/19.mp4,4,gmdcsa24,0,208,271,6.960505,9.068734,,,0,0,0,ADL,1.000000
Subject 4/ADL/19.mp4#f224-287,Subject 4/ADL/19.mp4,4,gmdcsa24,0,224,287,7.495928,9.604158,,,0,0,0,ADL,1.000000
Subject 4/ADL/20.mp4#f0-63,Subject 4/ADL/20.mp4,4,gmdcsa24,0,0,63,0.000000,2.110608,,,0,0,0,ADL,1.000000
Subject 4/ADL/20.mp4#f16-79,Subject 4/ADL/20.mp4,4,gmdcsa24,0,16,79,0.536028,2.646636,,,0,0,0,ADL,1.000000
Subject 4/ADL/20.mp4#f32-95,Subject 4/ADL/20.mp4,4,gmdcsa24,0,32,95,1.072055,3.182664,,,0,0,0,ADL,1.000000
Subject 4/ADL/20.mp4#f48-111,Subject 4/ADL/20.mp4,4,gmdcsa24,0,48,111,1.608083,3.718691,,,0,0,0,ADL,1.000000
Subject 4/ADL/20.mp4#f64-127,Subject 4/ADL/20.mp4,4,gmdcsa24,0,64,127,2.144110,4.254719,,,0,0,0,ADL,1.000000
Subject 4/ADL/20.mp4#f80-143,Subject 4/ADL/20.mp4,4,gmdcsa24,0,80,143,2.680138,4.790746,,,0,0,0,ADL,1.000000
Subject 4/ADL/20.mp4#f96-159,Subject 4/ADL/20.mp4,4,gmdcsa24,0,96,159,3.216165,5.326774,,,0,0,0,ADL,1.000000
Subject 4/ADL/20.mp4#f112-175,Subject 4/ADL/20.mp4,4,gmdcsa24,0,112,175,3.752193,5.862801,,,0,0,0,ADL,1.000000
Subject 4/ADL/20.mp4#f128-191,Subject 4/ADL/20.mp4,4,gmdcsa24,0,128,191,4.288220,6.398829,,,0,0,0,ADL,1.000000
Subject 4/ADL/20.mp4#f144-207,Subject 4/ADL/20.mp4,4,gmdcsa24,0,144,207,4.824248,6.934856,,,0,0,0,ADL,1.000000
Subject 4/ADL/20.mp4#f160-223,Subject 4/ADL/20.mp4,4,gmdcsa24,0,160,223,5.360275,7.470884,,,0,0,0,ADL,1.000000
Subject 4/ADL/20.mp4#f176-239,Subject 4/ADL/20.mp4,4,gmdcsa24,0,176,239,5.896303,8.006911,,,0,0,0,ADL,1.000000
Subject 4/ADL/20.mp4#f192-255,Subject 4/ADL/20.mp4,4,gmdcsa24,0,192,255,6.432330,8.542939,,,0,0,0,ADL,1.000000
Subject 4/ADL/20.mp4#f208-271,Subject 4/ADL/20.mp4,4,gmdcsa24,0,208,271,6.968358,9.078966,,,0,0,0,ADL,1.000000
Subject 4/ADL/20.mp4#f224-287,Subject 4/ADL/20.mp4,4,gmdcsa24,0,224,287,7.504386,9.614994,,,0,0,0,ADL,1.000000
Subject 4/ADL/20.mp4#f240-303,Subject 4/ADL/20.mp4,4,gmdcsa24,0,240,303,8.040413,10.151022,,,0,0,0,ADL,1.000000
Subject 4/ADL/20.mp4#f256-319,Subject 4/ADL/20.mp4,4,gmdcsa24,0,256,319,8.576441,10.687049,,,0,0,0,ADL,1.000000
Subject 4/ADL/20.mp4#f272-335,Subject 4/ADL/20.mp4,4,gmdcsa24,0,272,335,9.112468,11.223077,,,0,0,0,ADL,1.000000
Subject 4/ADL/20.mp4#f288-351,Subject 4/ADL/20.mp4,4,gmdcsa24,0,288,351,9.648496,11.759104,,,0,0,0,ADL,1.000000
Subject 4/ADL/20.mp4#f304-367,Subject 4/ADL/20.mp4,4,gmdcsa24,0,304,367,10.184523,12.295132,,,0,0,0,ADL,1.000000
Subject 4/ADL/20.mp4#f320-383,Subject 4/ADL/20.mp4,4,gmdcsa24,0,320,383,10.720551,12.831159,,,0,0,0,ADL,1.000000
Subject 4/ADL/20.mp4#f336-399,Subject 4/ADL/20.mp4,4,gmdcsa24,0,336,399,11.256578,13.367187,,,0,0,0,ADL,1.000000
Subject 4/ADL/20.mp4#f352-415,Subject 4/ADL/20.mp4,4,gmdcsa24,0,352,415,11.792606,13.903214,,,0,0,0,ADL,1.000000
Subject 4/ADL/20.mp4#f368-431,Subject 4/ADL/20.mp4,4,gmdcsa24,0,368,431,12.328633,14.439242,,,0,0,0,ADL,1.000000
Subject 4/ADL/20.mp4#f384-447,Subject 4/ADL/20.mp4,4,gmdcsa24,0,384,447,12.864661,14.975269,,,0,0,0,ADL,1.000000
Subject 4/ADL/20.mp4#f400-463,Subject 4/ADL/20.mp4,4,gmdcsa24,0,400,463,13.400688,15.511297,,,0,0,0,ADL,1.000000
Subject 4/ADL/20.mp4#f416-479,Subject 4/ADL/20.mp4,4,gmdcsa24,0,416,479,13.936716,16.047324,,,0,0,0,ADL,1.000000
Subject 4/ADL/20.mp4#f432-495,Subject 4/ADL/20.mp4,4,gmdcsa24,0,432,495,14.472744,16.583352,,,0,0,0,ADL,1.000000
Subject 4/ADL/20.mp4#f448-511,Subject 4/ADL/20.mp4,4,gmdcsa24,0,448,511,15.008771,17.119380,,,0,0,0,ADL,1.000000
Subject 4/Fall/05.mp4#f0-63,Subject 4/Fall/05.mp4,4,gmdcsa24,1,0,63,0.000000,2.112248,2.700000,0.603500,1,1,1,PRE_FALL_0_1S,1.000000
Subject 4/Fall/05.mp4#f16-79,Subject 4/Fall/05.mp4,4,gmdcsa24,1,16,79,0.536444,2.648693,2.700000,0.067056,1,1,1,PRE_FALL_0_1S,1.000000
Subject 4/Fall/07.mp4#f0-63,Subject 4/Fall/07.mp4,4,gmdcsa24,1,0,63,0.000000,2.112857,2.400000,0.301837,1,1,1,PRE_FALL_0_1S,1.000000
Subject 4/Fall/08.mp4#f0-63,Subject 4/Fall/08.mp4,4,gmdcsa24,1,0,63,0.000000,2.108153,2.300000,0.200776,1,1,1,PRE_FALL_0_1S,1.000000
Subject 4/Fall/09.mp4#f0-63,Subject 4/Fall/09.mp4,4,gmdcsa24,1,0,63,0.000000,2.111277,2.300000,0.201074,1,1,1,PRE_FALL_0_1S,1.000000
Subject 4/Fall/10.mp4#f0-63,Subject 4/Fall/10.mp4,4,gmdcsa24,1,0,63,0.000000,2.110111,2.200000,0.100481,1,1,1,PRE_FALL_0_1S,1.000000
Subject 4/Fall/16.mp4#f0-63,Subject 4/Fall/16.mp4,4,gmdcsa24,1,0,63,0.000000,2.111580,3.200000,1.072548,0,1,1,PRE_FALL_1_2S,1.000000
Subject 4/Fall/16.mp4#f16-79,Subject 4/Fall/16.mp4,4,gmdcsa24,1,16,79,0.536274,2.647854,3.200000,0.536274,1,1,1,PRE_FALL_0_1S,1.000000
Subject 4/Fall/17.mp4#f0-63,Subject 4/Fall/17.mp4,4,gmdcsa24,1,0,63,0.000000,2.108958,2.800000,0.702986,1,1,1,PRE_FALL_0_1S,1.000000
Subject 4/Fall/17.mp4#f16-79,Subject 4/Fall/17.mp4,4,gmdcsa24,1,16,79,0.535608,2.644566,2.800000,0.167378,1,1,1,PRE_FALL_0_1S,1.000000
