path,video_path,subject,dataset,video_label,start_frame,end_frame,start_seconds,end_seconds,fall_onset_seconds,lead_seconds,y_1s,y_2s,y_3s,stage,pose_valid_ratio
Subject 1/ADL/01.mp4#f0-63,Subject 1/ADL/01.mp4,1,gmdcsa24,0,0,63,0.000000,2.127480,,,0,0,0,ADL,1.000000
Subject 1/ADL/01.mp4#f4-67,Subject 1/ADL/01.mp4,1,gmdcsa24,0,4,67,0.135078,2.262558,,,0,0,0,ADL,1.000000
Subject 1/ADL/01.mp4#f8-71,Subject 1/ADL/01.mp4,1,gmdcsa24,0,8,71,0.270156,2.397636,,,0,0,0,ADL,1.000000
Subject 1/ADL/01.mp4#f12-75,Subject 1/ADL/01.mp4,1,gmdcsa24,0,12,75,0.405234,2.532714,,,0,0,0,ADL,1.000000
Subject 1/ADL/01.mp4#f16-79,Subject 1/ADL/01.mp4,1,gmdcsa24,0,16,79,0.540312,2.667792,,,0,0,0,ADL,1.000000
Subject 1/ADL/01.mp4#f20-83,Subject 1/ADL/01.mp4,1,gmdcsa24,0,20,83,0.675390,2.802870,,,0,0,0,ADL,1.000000
Subject 1/ADL/01.mp4#f24-87,Subject 1/ADL/01.mp4,1,gmdcsa24,0,24,87,0.810469,2.937949,,,0,0,0,ADL,1.000000
Subject 1/ADL/01.mp4#f28-91,Subject 1/ADL/01.mp4,1,gmdcsa24,0,28,91,0.945547,3.073027,,,0,0,0,ADL,1.000000
Subject 1/ADL/01.mp4#f32-95,Subject 1/ADL/01.mp4,1,gmdcsa24,0,32,95,1.080625,3.208105,,,0,0,0,ADL,1.000000
Subject 1/ADL/01.mp4#f36-99,Subject 1/ADL/01.mp4,1,gmdcsa24,0,36,99,1.215703,3.343183,,,0,0,0,ADL,1.000000
Subject 1/ADL/01.mp4#f40-103,Subject 1/ADL/01.mp4,1,gmdcsa24,0,40,103,1.350781,3.478261,,,0,0,0,ADL,1.000000
Subject 1/ADL/01.mp4#f44-107,Subject 1/ADL/01.mp4,1,gmdcsa24,0,44,107,1.485859,3.613339,,,0,0,0,ADL,1.000000
Subject 1/ADL/01.mp4#f48-111,Subject 1/ADL/01.mp4,1,gmdcsa24,0,48,111,1.620937,3.748417,,,0,0,0,ADL,1.000000
Subject 1/ADL/01.mp4#f52-115,Subject 1/ADL/01.mp4,1,gmdcsa24,0,52,115,1.756015,3.883495,,,0,0,0,ADL,1.000000
Subject 1/ADL/01.mp4#f56-119,Subject 1/ADL/01.mp4,1,gmdcsa24,0,56,119,1.891093,4.018573,,,0,0,0,ADL,1.000000
Subject 1/ADL/01.mp4#f60-123,Subject 1/ADL/01.mp4,1,gmdcsa24,0,60,123,2.026171,4.153651,,,0,0,0,ADL,1.000000
Subject 1/ADL/01.mp4#f64-127,Subject 1/ADL/01.mp4,1,gmdcsa24,0,64,127,2.161250,4.288730,,,0,0,0,ADL,1.000000
Subject 1/ADL/01.mp4#f68-131,Subject 1/ADL/01.mp4,1,gmdcsa24,0,68,131,2.296328,4.423808,,,0,0,0,ADL,1.000000
Subject 1/ADL/01.mp4#f72-135,Subject 1/ADL/01.mp4,1,gmdcsa24,0,72,135,2.431406,4.558886,,,0,0,0,ADL,1.000000
Subject 1/ADL/01.mp4#f76-139,Subject 1/ADL/01.mp4,1,gmdcsa24,0,76,139,2.566484,4.693964,,,0,0,0,ADL,1.000000
Subject 1/ADL/01.mp4#f80-143,Subject 1/ADL/01.mp4,1,gmdcsa24,0,80,143,2.701562,4.829042,,,0,0,0,ADL,1.000000
Subject 1/ADL/01.mp4#f84-147,Subject 1/ADL/01.mp4,1,gmdcsa24,0,84,147,2.836640,4.964120,,,0,0,0,ADL,1.000000
Subject 1/ADL/01.mp4#f88-151,Subject 1/ADL/01.mp4,1,gmdcsa24,0,88,151,2.971718,5.099198,,,0,0,0,ADL,1.000000
Subject 1/ADL/01.mp4#f92-155,Subject 1/ADL/01.mp4,1,gmdcsa24,0,92,155,3.106796,5.234276,,,0,0,0,ADL,1.000000
Subject 1/ADL/01.mp4#f96-159,Subject 1/ADL/01.mp4,1,gmdcsa24,0,96,159,3.241874,5.369354,,,0,0,0,ADL,1.000000
Subject 1/ADL/01.mp4#f100-163,Subject 1/ADL/01.mp4,1,gmdcsa24,0,100,163,3.376952,5.504432,,,0,0,0,ADL,1.000000
Subject 1/ADL/01.mp4#f104-167,Subject 1/ADL/01.mp4,1,gmdcsa24,0,104,167,3.512030,5.639510,,,0,0,0,ADL,1.000000
Subject 1/ADL/01.mp4#f108-171,Subject 1/ADL/01.mp4,1,gmdcsa24,0,108,171,3.647109,5.774589,,,0,0,0,ADL,1.000000
Subject 1/ADL/01.mp4#f112-175,Subject 1/ADL/01.mp4,1,gmdcsa24,0,112,175,3.782187,5.909667,,,0,0,0,ADL,1.000000
Subject 1/ADL/01.mp4#f116-179,Subject 1/ADL/01.mp4,1,gmdcsa24,0,116,179,3.917265,6.044745,,,0,0,0,ADL,1.000000
Subject 1/ADL/01.mp4#f120-183,Subject 1/ADL/01.mp4,1,gmdcsa24,0,120,183,4.052343,6.179823,,,0,0,0,ADL,1.000000
Subject 1/ADL/01.mp4#f124-187,Subject 1/ADL/01.mp4,1,gmdcsa24,0,124,187,4.187421,6.314901,,,0,0,0,ADL,1.000000
Subject 1/ADL/01.mp4#f128-191,Subject 1/ADL/01.mp4,1,gmdcsa24,0,128,191,4.322499,6.449979,,,0,0,0,ADL,1.000000
Subject 1/ADL/01.mp4#f132-195,Subject 1/ADL/01.mp4,1,gmdcsa24,0,132,195,4.457577,6.585057,,,0,0,0,ADL,1.000000
Subject 1/ADL/01.mp4#f136-199,Subject 1/ADL/01.mp4,1,gmdcsa24,0,136,199,4.592655,6.720135,,,0,0,0,ADL,1.000000
Subject 1/ADL/01.mp4#f140-203,Subject 1/ADL/01.mp4,1,gmdcsa24,0,140,203,4.727733,6.855213,,,0,0,0,ADL,1.000000
Subject 1/ADL/01.mp4#f144-207,Subject 1/ADL/01.mp4,1,gmdcsa24,0,144,207,4.862811,6.990291,,,0,0,0,ADL,1.000000
Subject 1/ADL/01.mp4#f148-211,Subject 1/ADL/01.mp4,1,gmdcsa24,0,148,211,4.997890,7.125370,,,0,0,0,ADL,1.000000
Subject 1/ADL/01.mp4#f152-215,Subject 1/ADL/01.mp4,1,gmdcsa24,0,152,215,5.132968,7.260448,,,0,0,0,ADL,1.000000
Subject 1/ADL/01.mp4#f156-219,Subject 1/ADL/01.mp4,1,gmdcsa24,0,156,219,5.268046,7.395526,,,0,0,0,ADL,1.000000
Subject 1/ADL/01.mp4#f160-223,Subject 1/ADL/01.mp4,1,gmdcsa24,0,160,223,5.403124,7.530604,,,0,0,0,ADL,1.000000
Subject 1/ADL/01.mp4#f164-227,Subject 1/ADL/01.mp4,1,gmdcsa24,0,164,227,5.538202,7.665682,,,0,0,0,ADL,1.000000
Subject 1/ADL/01.mp4#f168-231,Subject 1/ADL/01.mp4,1,gmdcsa24,0,168,231,5.673280,7.800760,,,0,0,0,ADL,1.000000
Subject 1/ADL/01.mp4#f172-235,Subject 1/ADL/01.mp4,1,gmdcsa24,0,172,235,5.808358,7.935838,,,0,0,0,ADL,1.000000
Subject 1/ADL/01.mp4#f176-239,Subject 1/ADL/01.mp4,1,gmdcsa24,0,176,239,5.943436,8.070916,,,0,0,0,ADL,1.000000
Subject 1/ADL/01.mp4#f180-243,Subject 1/ADL/01.mp4,1,gmdcsa24,0,180,243,6.078514,8.205994,,,0,0,0,ADL,1.000000
Subject 1/ADL/02.mp4#f0-63,Subject 1/ADL/02.mp4,1,gmdcsa24,0,0,63,0.000000,2.128488,,,0,0,0,ADL,1.000000
Subject 1/ADL/02.mp4#f4-67,Subject 1/ADL/02.mp4,1,gmdcsa24,0,4,67,0.135142,2.263630,,,0,0,0,ADL,1.000000
Subject 1/ADL/02.mp4#f8-71,Subject 1/ADL/02.mp4,1,gmdcsa24,0,8,71,0.270284,2.398772,,,0,0,0,ADL,1.000000
Subject 1/ADL/02.mp4#f12-75,Subject 1/ADL/02.mp4,1,gmdcsa24,0,12,75,0.405426,2.533914,,,0,0,0,ADL,1.000000
Subject 1/ADL/02.mp4#f16-79,Subject 1/ADL/02.mp4,1,gmdcsa24,0,16,79,0.540568,2.669056,,,0,0,0,ADL,1.000000
Subject 1/ADL/02.mp4#f20-83,Subject 1/ADL/02.mp4,1,gmdcsa24,0,20,83,0.675710,2.804198,,,0,0,0,ADL,1.000000
Subject 1/ADL/02.mp4#f24-87,Subject 1/ADL/02.mp4,1,gmdcsa24,0,24,87,0.810853,2.939340,,,0,0,0,ADL,1.000000
Subject 1/ADL/02.mp4#f28-91,Subject 1/ADL/02.mp4,1,gmdcsa24,0,28,91,0.945995,3.074483,,,0,0,0,ADL,1.000000
Subject 1/ADL/02.mp4#f32-95,Subject 1/ADL/02.mp4,1,gmdcsa24,0,32,95,1.081137,3.209625,,,0,0,0,ADL,1.000000
Subject 1/ADL/02.mp4#f36-99,Subject 1/ADL/02.mp4,1,gmdcsa24,0,36,99,1.216279,3.344767,,,0,0,0,ADL,1.000000
Subject 1/ADL/02.mp4#f40-103,Subject 1/ADL/02.mp4,1,gmdcsa24,0,40,103,1.351421,3.479909,,,0,0,0,ADL,1.000000
Subject 1/ADL/02.mp4#f44-107,Subject 1/ADL/02.mp4,1,gmdcsa24,0,44,107,1.486563,3.615051,,,0,0,0,ADL,1.000000
Subject 1/ADL/02.mp4#f48-111,Subject 1/ADL/02.mp4,1,gmdcsa24,0,48,111,1.621705,3.750193,,,0,0,0,ADL,1.000000
Subject 1/ADL/02.mp4#f52-115,Subject 1/ADL/02.mp4,1,gmdcsa24,0,52,115,1.756847,3.885335,,,0,0,0,ADL,1.000000
Subject 1/ADL/02.mp4#f56-119,Subject 1/ADL/02.mp4,1,gmdcsa24,0,56,119,1.891989,4.020477,,,0,0,0,ADL,1.000000
Subject 1/ADL/02.mp4#f60-123,Subject 1/ADL/02.mp4,1,gmdcsa24,0,60,123,2.027131,4.155619,,,0,0,0,ADL,1.000000
Subject 1/ADL/02.mp4#f64-127,Subject 1/ADL/02.mp4,1,gmdcsa24,0,64,127,2.162273,4.290761,,,0,0,0,ADL,1.000000
Subject 1/ADL/02.mp4#f68-131,Subject 1/ADL/02.mp4,1,gmdcsa24,0,68,131,2.297416,4.425903,,,0,0,0,ADL,1.000000
Subject 1/ADL/02.mp4#f72-135,Subject 1/ADL/02.mp4,1,gmdcsa24,0,72,135,2.432558,4.561046,,,0,0,0,ADL,1.000000
Subject 1/ADL/02.mp4#f76-139,Subject 1/ADL/02.mp4,1,gmdcsa24,0,76,139,2.567700,4.696188,,,0,0,0,ADL,1.000000
Subject 1/ADL/02.mp4#f80-143,Subject 1/ADL/02.mp4,1,gmdcsa24,0,80,143,2.702842,4.831330,,,0,0,0,ADL,1.000000
Subject 1/ADL/02.mp4#f84-147,Subject 1/ADL/02.mp4,1,gmdcsa24,0,84,147,2.837984,4.966472,,,0,0,0,ADL,1.000000
Subject 1/ADL/02.mp4#f88-151,Subject 1/ADL/02.mp4,1,gmdcsa24,0,88,151,2.973126,5.101614,,,0,0,0,ADL,1.000000
Subject 1/ADL/02.mp4#f92-155,Subject 1/ADL/02.mp4,1,gmdcsa24,0,92,155,3.108268,5.236756,,,0,0,0,ADL,1.000000
Subject 1/ADL/02.mp4#f96-159,Subject 1/ADL/02.mp4,1,gmdcsa24,0,96,159,3.243410,5.371898,,,0,0,0,ADL,1.000000
Subject 1/ADL/02.mp4#f100-163,Subject 1/ADL/02.mp4,1,gmdcsa24,0,100,163,3.378552,5.507040,,,0,0,0,ADL,1.000000
Subject 1/ADL/02.mp4#f104-167,Subject 1/ADL/02.mp4,1,gmdcsa24,0,104,167,3.513694,5.642182,,,0,0,0,ADL,1.000000
Subject 1/ADL/02.mp4#f108-171,Subject 1/ADL/02.mp4,1,gmdcsa24,0,108,171,3.648836,5.777324,,,0,0,0,ADL,1.000000
Subject 1/ADL/02.mp4#f112-175,Subject 1/ADL/02.mp4,1,gmdcsa24,0,112,175,3.783979,5.912466,,,0,0,0,ADL,1.000000
Subject 1/ADL/02.mp4#f116-179,Subject 1/ADL/02.mp4,1,gmdcsa24,0,116,179,3.919121,6.047609,,,0,0,0,ADL,1.000000
Subject 1/ADL/02.mp4#f120-183,Subject 1/ADL/02.mp4,1,gmdcsa24,0,120,183,4.054263,6.182751,,,0,0,0,ADL,1.000000
Subject 1/ADL/02.mp4#f124-187,Subject 1/ADL/02.mp4,1,gmdcsa24,0,124,187,4.189405,6.317893,,,0,0,0,ADL,1.000000
Subject 1/ADL/02.mp4#f128-191,Subject 1/ADL/02.mp4,1,gmdcsa24,0,128,191,4.324547,6.453035,,,0,0,0,ADL,1.000000
Subject 1/ADL/02.mp4#f132-195,Subject 1/ADL/02.mp4,1,gmdcsa24,0,132,195,4.459689,6.588177,,,0,0,0,ADL,1.000000
Subject 1/ADL/03.mp4#f0-63,Subject 1/ADL/03.mp4,1,gmdcsa24,0,0,63,0.000000,2.117760,,,0,0,0,ADL,1.000000
Subject 1/ADL/03.mp4#f4-67,Subject 1/ADL/03.mp4,1,gmdcsa24,0,4,67,0.134461,2.252221,,,0,0,0,ADL,1.000000
Subject 1/ADL/03.mp4#f8-71,Subject 1/ADL/03.mp4,1,gmdcsa24,0,8,71,0.268922,2.386682,,,0,0,0,ADL,1.000000
Subject 1/ADL/03.mp4#f12-75,Subject 1/ADL/03.mp4,1,gmdcsa24,0,12,75,0.403383,2.521143,,,0,0,0,ADL,1.000000
Subject 1/ADL/03.mp4#f16-79,Subject 1/ADL/03.mp4,1,gmdcsa24,0,16,79,0.537844,2.655604,,,0,0,0,ADL,1.000000
Subject 1/ADL/03.mp4#f20-83,Subject 1/ADL/03.mp4,1,gmdcsa24,0,20,83,0.672305,2.790065,,,0,0,0,ADL,1.000000
Subject 1/ADL/03.mp4#f24-87,Subject 1/ADL/03.mp4,1,gmdcsa24,0,24,87,0.806766,2.924526,,,0,0,0,ADL,1.000000
Subject 1/ADL/03.mp4#f28-91,Subject 1/ADL/03.mp4,1,gmdcsa24,0,28,91,0.941227,3.058987,,,0,0,0,ADL,1.000000
Subject 1/ADL/03.mp4#f32-95,Subject 1/ADL/03.mp4,1,gmdcsa24,0,32,95,1.075688,3.193448,,,0,0,0,ADL,1.000000
Subject 1/ADL/03.mp4#f36-99,Subject 1/ADL/03.mp4,1,gmdcsa24,0,36,99,1.210149,3.327909,,,0,0,0,ADL,1.000000
Subject 1/ADL/03.mp4#f40-103,Subject 1/ADL/03.mp4,1,gmdcsa24,0,40,103,1.344610,3.462370,,,0,0,0,ADL,1.000000
Subject 1/ADL/03.mp4#f44-107,Subject 1/ADL/03.mp4,1,gmdcsa24,0,44,107,1.479071,3.596831,,,0,0,0,ADL,1.000000
Subject 1/ADL/03.mp4#f48-111,Subject 1/ADL/03.mp4,1,gmdcsa24,0,48,111,1.613532,3.731292,,,0,0,0,ADL,1.000000
Subject 1/ADL/03.mp4#f52-115,Subject 1/ADL/03.mp4,1,gmdcsa24,0,52,115,1.747993,3.865753,,,0,0,0,ADL,1.000000
Subject 1/ADL/03.mp4#f56-119,Subject 1/ADL/03.mp4,1,gmdcsa24,0,56,119,1.882454,4.000214,,,0,0,0,ADL,1.000000
Subject 1/ADL/03.mp4#f60-123,Subject 1/ADL/03.mp4,1,gmdcsa24,0,60,123,2.016915,4.134675,,,0,0,0,ADL,1.000000
Subject 1/ADL/03.mp4#f64-127,Subject 1/ADL/03.mp4,1,gmdcsa24,0,64,127,2.151376,4.269136,,,0,0,0,ADL,1.000000
Subject 1/ADL/03.mp4#f68-131,Subject 1/ADL/03.mp4,1,gmdcsa24,0,68,131,2.285837,4.403597,,,0,0,0,ADL,1.000000
Subject 1/ADL/03.mp4#f72-135,Subject 1/ADL/03.mp4,1,gmdcsa24,0,72,135,2.420297,4.538058,,,0,0,0,ADL,1.000000
Subject 1/ADL/03.mp4#f76-139,Subject 1/ADL/03.mp4,1,gmdcsa24,0,76,139,2.554758,4.672519,,,0,0,0,ADL,1.000000
Subject 1/ADL/03.mp4#f80-143,Subject 1/ADL/03.mp4,1,gmdcsa24,0,80,143,2.689219,4.806980,,,0,0,0,ADL,1.000000
Subject 1/ADL/03.mp4#f84-147,Subject 1/ADL/03.mp4,1,gmdcsa24,0,84,147,2.823680,4.941441,,,0,0,0,ADL,1.000000
Subject 1/ADL/03.mp4#f88-151,Subject 1/ADL/03.mp4,1,gmdcsa24,0,88,151,2.958141,5.075902,,,0,0,0,ADL,1.000000
Subject 1/ADL/03.mp4#f92-155,Subject 1/ADL/03.mp4,1,gmdcsa24,0,92,155,3.092602,5.210363,,,0,0,0,ADL,1.000000
Subject 1/ADL/03.mp4#f96-159,Subject 1/ADL/03.mp4,1,gmdcsa24,0,96,159,3.227063,5.344824,,,0,0,0,ADL,1.000000
Subject 1/ADL/03.mp4#f100-163,Subject 1/ADL/03.mp4,1,gmdcsa24,0,100,163,3.361524,5.479285,,,0,0,0,ADL,1.000000
Subject 1/ADL/03.mp4#f104-167,Subject 1/ADL/03.mp4,1,gmdcsa24,0,104,167,3.495985,5.613746,,,0,0,0,ADL,1.000000
Subject 1/ADL/03.mp4#f108-171,Subject 1/ADL/03.mp4,1,gmdcsa24,0,108,171,3.630446,5.748207,,,0,0,0,ADL,1.000000
Subject 1/ADL/03.mp4#f112-175,Subject 1/ADL/03.mp4,1,gmdcsa24,0,112,175,3.764907,5.882667,,,0,0,0,ADL,1.000000
Subject 1/ADL/03.mp4#f116-179,Subject 1/ADL/03.mp4,1,gmdcsa24,0,116,179,3.899368,6.017128,,,0,0,0,ADL,1.000000
Subject 1/ADL/03.mp4#f120-183,Subject 1/ADL/03.mp4,1,gmdcsa24,0,120,183,4.033829,6.151589,,,0,0,0,ADL,1.000000
Subject 1/ADL/03.mp4#f124-187,Subject 1/ADL/03.mp4,1,gmdcsa24,0,124,187,4.168290,6.286050,,,0,0,0,ADL,1.000000
Subject 1/ADL/03.mp4#f128-191,Subject 1/ADL/03.mp4,1,gmdcsa24,0,128,191,4.302751,6.420511,,,0,0,0,ADL,1.000000
Subject 1/ADL/03.mp4#f132-195,Subject 1/ADL/03.mp4,1,gmdcsa24,0,132,195,4.437212,6.554972,,,0,0,0,ADL,1.000000
Subject 1/ADL/04.mp4#f0-63,Subject 1/ADL/04.mp4,1,gmdcsa24,0,0,63,0.000000,2.152858,,,0,0,0,ADL,1.000000
Subject 1/ADL/04.mp4#f4-67,Subject 1/ADL/04.mp4,1,gmdcsa24,0,4,67,0.136689,2.289548,,,0,0,0,ADL,1.000000
Subject 1/ADL/04.mp4#f8-71,Subject 1/ADL/04.mp4,1,gmdcsa24,0,8,71,0.273379,2.426237,,,0,0,0,ADL,1.000000
Subject 1/ADL/04.mp4#f12-75,Subject 1/ADL/04.mp4,1,gmdcsa24,0,12,75,0.410068,2.562927,,,0,0,0,ADL,1.000000
Subject 1/ADL/04.mp4#f16-79,Subject 1/ADL/04.mp4,1,gmdcsa24,0,16,79,0.546758,2.699616,,,0,0,0,ADL,1.000000
Subject 1/ADL/04.mp4#f20-83,Subject 1/ADL/04.mp4,1,gmdcsa24,0,20,83,0.683447,2.836305,,,0,0,0,ADL,1.000000
Subject 1/ADL/04.mp4#f24-87,Subject 1/ADL/04.mp4,1,gmdcsa24,0,24,87,0.820136,2.972995,,,0,0,0,ADL,1.000000
Subject 1/ADL/04.mp4#f28-91,Subject 1/ADL/04.mp4,1,gmdcsa24,0,28,91,0.956826,3.109684,,,0,0,0,ADL,1.000000
Subject 1/ADL/04.mp4#f32-95,Subject 1/ADL/04.mp4,1,gmdcsa24,0,32,95,1.093515,3.246374,,,0,0,0,ADL,1.000000
Subject 1/ADL/04.mp4#f36-99,Subject 1/ADL/04.mp4,1,gmdcsa24,0,36,99,1.230205,3.383063,,,0,0,0,ADL,1.000000
Subject 1/ADL/04.mp4#f40-103,Subject 1/ADL/04.mp4,1,gmdcsa24,0,40,103,1.366894,3.519752,,,0,0,0,ADL,1.000000
Subject 1/ADL/04.mp4#f44-107,Subject 1/ADL/04.mp4,1,gmdcsa24,0,44,107,1.503584,3.656442,,,0,0,0,ADL,1.000000
Subject 1/ADL/04.mp4#f48-111,Subject 1/ADL/04.mp4,1,gmdcsa24,0,48,111,1.640273,3.793131,,,0,0,0,ADL,1.000000
Subject 1/ADL/04.mp4#f52-115,Subject 1/ADL/04.mp4,1,gmdcsa24,0,52,115,1.776962,3.929821,,,0,0,0,ADL,1.000000
Subject 1/ADL/04.mp4#f56-119,Subject 1/ADL/04.mp4,1,gmdcsa24,0,56,119,1.913652,4.066510,,,0,0,0,ADL,1.000000
Subject 1/ADL/04.mp4#f60-123,Subject 1/ADL/04.mp4,1,gmdcsa24,0,60,123,2.050341,4.203199,,,0,0,0,ADL,1.000000
Subject 1/ADL/04.mp4#f64-127,Subject 1/ADL/04.mp4,1,gmdcsa24,0,64,127,2.187031,4.339889,,,0,0,0,ADL,1.000000
Subject 1/ADL/04.mp4#f68-131,Subject 1/ADL/04.mp4,1,gmdcsa24,0,68,131,2.323720,4.476578,,,0,0,0,ADL,1.000000
Subject 1/ADL/04.mp4#f72-135,Subject 1/ADL/04.mp4,1,gmdcsa24,0,72,135,2.460409,4.613268,,,0,0,0,ADL,1.000000
Subject 1/ADL/04.mp4#f76-139,Subject 1/ADL/04.mp4,1,gmdcsa24,0,76,139,2.597099,4.749957,,,0,0,0,ADL,1.000000
Subject 1/ADL/04.mp4#f80-143,Subject 1/ADL/04.mp4,1,gmdcsa24,0,80,143,2.733788,4.886647,,,0,0,0,ADL,1.000000
Subject 1/ADL/04.mp4#f84-147,Subject 1/ADL/04.mp4,1,gmdcsa24,0,84,147,2.870478,5.023336,,,0,0,0,ADL,1.000000
Subject 1/ADL/04.mp4#f88-151,Subject 1/ADL/04.mp4,1,gmdcsa24,0,88,151,3.007167,5.160025,,,0,0,0,ADL,1.000000
Subject 1/ADL/04.mp4#f92-155,Subject 1/ADL/04.mp4,1,gmdcsa24,0,92,155,3.143857,5.296715,,,0,0,0,ADL,1.000000
Subject 1/ADL/04.mp4#f96-159,Subject 1/ADL/04.mp4,1,gmdcsa24,0,96,159,3.280546,5.433404,,,0,0,0,ADL,1.000000
Subject 1/ADL/04.mp4#f100-163,Subject 1/ADL/04.mp4,1,gmdcsa24,0,100,163,3.417235,5.570094,,,0,0,0,ADL,1.000000
Subject 1/ADL/04.mp4#f104-167,Subject 1/ADL/04.mp4,1,gmdcsa24,0,104,167,3.553925,5.706783,,,0,0,0,ADL,1.000000
Subject 1/ADL/05.mp4#f0-63,Subject 1/ADL/05.mp4,1,gmdcsa24,0,0,63,0.000000,2.115837,,,0,0,0,ADL,1.000000
Subject 1/ADL/05.mp4#f4-67,Subject 1/ADL/05.mp4,1,gmdcsa24,0,4,67,0.134339,2.250176,,,0,0,0,ADL,1.000000
Subject 1/ADL/05.mp4#f8-71,Subject 1/ADL/05.mp4,1,gmdcsa24,0,8,71,0.268678,2.384515,,,0,0,0,ADL,1.000000
Subject 1/ADL/05.mp4#f12-75,Subject 1/ADL/05.mp4,1,gmdcsa24,0,12,75,0.403017,2.518853,,,0,0,0,ADL,1.000000
Subject 1/ADL/05.mp4#f16-79,Subject 1/ADL/05.mp4,1,gmdcsa24,0,16,79,0.537355,2.653192,,,0,0,0,ADL,1.000000
Subject 1/ADL/05.mp4#f20-83,Subject 1/ADL/05.mp4,1,gmdcsa24,0,20,83,0.671694,2.787531,,,0,0,0,ADL,1.000000
Subject 1/ADL/05.mp4#f24-87,Subject 1/ADL/05.mp4,1,gmdcsa24,0,24,87,0.806033,2.921870,,,0,0,0,ADL,1.000000
Subject 1/ADL/05.mp4#f28-91,Subject 1/ADL/05.mp4,1,gmdcsa24,0,28,91,0.940372,3.056209,,,0,0,0,ADL,1.000000
Subject 1/ADL/05.mp4#f32-95,Subject 1/ADL/05.mp4,1,gmdcsa24,0,32,95,1.074711,3.190548,,,0,0,0,ADL,1.000000
Subject 1/ADL/05.mp4#f36-99,Subject 1/ADL/05.mp4,1,gmdcsa24,0,36,99,1.209050,3.324887,,,0,0,0,ADL,1.000000
Subject 1/ADL/05.mp4#f40-103,Subject 1/ADL/05.mp4,1,gmdcsa24,0,40,103,1.343389,3.459225,,,0,0,0,ADL,1.000000
Subject 1/ADL/05.mp4#f44-107,Subject 1/ADL/05.mp4,1,gmdcsa24,0,44,107,1.477727,3.593564,,,0,0,0,ADL,1.000000
Subject 1/ADL/05.mp4#f48-111,Subject 1/ADL/05.mp4,1,gmdcsa24,0,48,111,1.612066,3.727903,,,0,0,0,ADL,1.000000
Subject 1/ADL/05.mp4#f52-115,Subject 1/ADL/05.mp4,1,gmdcsa24,0,52,115,1.746405,3.862242,,,0,0,0,ADL,1.000000
Subject 1/ADL/05.mp4#f56-119,Subject 1/ADL/05.mp4,1,gmdcsa24,0,56,119,1.880744,3.996581,,,0,0,0,ADL,1.000000
Subject 1/ADL/05.mp4#f60-123,Subject 1/ADL/05.mp4,1,gmdcsa24,0,60,123,2.015083,4.130920,,,0,0,0,ADL,1.000000
Subject 1/ADL/05.mp4#f64-127,Subject 1/ADL/05.mp4,1,gmdcsa24,0,64,127,2.149422,4.265259,,,0,0,0,ADL,1.000000
Subject 1/ADL/05.mp4#f68-131,Subject 1/ADL/05.mp4,1,gmdcsa24,0,68,131,2.283760,4.399597,,,0,0,0,ADL,1.000000
Subject 1/ADL/05.mp4#f72-135,Subject 1/ADL/05.mp4,1,gmdcsa24,0,72,135,2.418099,4.533936,,,0,0,0,ADL,1.000000
Subject 1/ADL/05.mp4#f76-139,Subject 1/ADL/05.mp4,1,gmdcsa24,0,76,139,2.552438,4.668275,,,0,0,0,ADL,1.000000
Subject 1/ADL/05.mp4#f80-143,Subject 1/ADL/05.mp4,1,gmdcsa24,0,80,143,2.686777,4.802614,,,0,0,0,ADL,1.000000
Subject 1/ADL/05.mp4#f84-147,Subject 1/ADL/05.mp4,1,gmdcsa24,0,84,147,2.821116,4.936953,,,0,0,0,ADL,1.000000
Subject 1/ADL/05.mp4#f88-151,Subject 1/ADL/05.mp4,1,gmdcsa24,0,88,151,2.955455,5.071292,,,0,0,0,ADL,1.000000
Subject 1/ADL/05.mp4#f92-155,Subject 1/ADL/05.mp4,1,gmdcsa24,0,92,155,3.089794,5.205631,,,0,0,0,ADL,1.000000
Subject 1/ADL/05.mp4#f96-159,Subject 1/ADL/05.mp4,1,gmdcsa24,0,96,159,3.224132,5.339969,,,0,0,0,ADL,1.000000
Subject 1/ADL/05.mp4#f100-163,Subject 1/ADL/05.mp4,1,gmdcsa24,0,100,163,3.358471,5.474308,,,0,0,0,ADL,1.000000
Subject 1/ADL/05.mp4#f104-167,Subject 1/ADL/05.mp4,1,gmdcsa24,0,104,167,3.492810,5.608647,,,0,0,0,ADL,1.000000
Subject 1/ADL/05.mp4#f108-171,Subject 1/ADL/05.mp4,1,gmdcsa24,0,108,171,3.627149,5.742986,,,0,0,0,ADL,1.000000
Subject 1/ADL/05.mp4#f112-175,Subject 1/ADL/05.mp4,1,gmdcsa24,0,112,175,3.761488,5.877325,,,0,0,0,ADL,1.000000
Subject 1/ADL/05.mp4#f116-179,Subject 1/ADL/05.mp4,1,gmdcsa24,0,116,179,3.895827,6.011664,,,0,0,0,ADL,1.000000
Subject 1/ADL/05.mp4#f120-183,Subject 1/ADL/05.mp4,1,gmdcsa24,0,120,183,4.030166,6.146002,,,0,0,0,ADL,1.000000
Subject 1/ADL/05.mp4#f124-187,Subject 1/ADL/05.mp4,1,gmdcsa24,0,124,187,4.164504,6.280341,,,0,0,0,ADL,1.000000
Subject 1/ADL/05.mp4#f128-191,Subject 1/ADL/05.mp4,1,gmdcsa24,0,128,191,4.298843,6.414680,,,0,0,0,ADL,1.000000
Subject 1/ADL/05.mp4#f132-195,Subject 1/ADL/05.mp4,1,gmdcsa24,0,132,195,4.433182,6.549019,,,0,0,0,ADL,1.000000
Subject 1/ADL/05.mp4#f136-199,Subject 1/ADL/05.mp4,1,gmdcsa24,0,136,199,4.567521,6.683358,,,0,0,0,ADL,1.000000
Subject 1/ADL/05.mp4#f140-203,Subject 1/ADL/05.mp4,1,gmdcsa24,0,140,203,4.701860,6.817697,,,0,0,0,ADL,1.000000
Subject 1/ADL/05.mp4#f144-207,Subject 1/ADL/05.mp4,1,gmdcsa24,0,144,207,4.836199,6.952036,,,0,0,0,ADL,1.000000
Subject 1/ADL/05.mp4#f148-211,Subject 1/ADL/05.mp4,1,gmdcsa24,0,148,211,4.970538,7.086374,,,0,0,0,ADL,1.000000
Subject 1/ADL/05.mp4#f152-215,Subject 1/ADL/05.mp4,1,gmdcsa24,0,152,215,5.104876,7.220713,,,0,0,0,ADL,1.000000
Subject 1/ADL/05.mp4#f156-219,Subject 1/ADL/05.mp4,1,gmdcsa24,0,156,219,5.239215,7.355052,,,0,0,0,ADL,1.000000
Subject 1/ADL/05.mp4#f160-223,Subject 1/ADL/05.mp4,1,gmdcsa24,0,160,223,5.373554,7.489391,,,0,0,0,ADL,1.000000
Subject 1/ADL/05.mp4#f164-227,Subject 1/ADL/05.mp4,1,gmdcsa24,0,164,227,5.507893,7.623730,,,0,0,0,ADL,1.000000
Subject 1/ADL/05.mp4#f168-231,Subject 1/ADL/05.mp4,1,gmdcsa24,0,168,231,5.642232,7.758069,,,0,0,0,ADL,1.000000
Subject 1/ADL/05.mp4#f172-235,Subject 1/ADL/05.mp4,1,gmdcsa24,0,172,235,5.776571,7.892408,,,0,0,0,ADL,1.000000
Subject 1/ADL/05.mp4#f176-239,Subject 1/ADL/05.mp4,1,gmdcsa24,0,176,239,5.910909,8.026746,,,0,0,0,ADL,1.000000
Subject 1/ADL/05.mp4#f180-243,Subject 1/ADL/05.mp4,1,gmdcsa24,0,180,243,6.045248,8.161085,,,0,0,0,ADL,1.000000
Subject 1/ADL/05.mp4#f184-247,Subject 1/ADL/05.mp4,1,gmdcsa24,0,184,247,6.179587,8.295424,,,0,0,0,ADL,1.000000
Subject 1/ADL/05.mp4#f188-251,Subject 1/ADL/05.mp4,1,gmdcsa24,0,188,251,6.313926,8.429763,,,0,0,0,ADL,1.000000
Subject 1/ADL/05.mp4#f192-255,Subject 1/ADL/05.mp4,1,gmdcsa24,0,192,255,6.448265,8.564102,,,0,0,0,ADL,1.000000
Subject 1/ADL/05.mp4#f196-259,Subject 1/ADL/05.mp4,1,gmdcsa24,0,196,259,6.582604,8.698441,,,0,0,0,ADL,1.000000
Subject 1/ADL/05.mp4#f200-263,Subject 1/ADL/05.mp4,1,gmdcsa24,0,200,263,6.716943,8.832780,,,0,0,0,ADL,1.000000
Subject 1/ADL/05.mp4#f204-267,Subject 1/ADL/05.mp4,1,gmdcsa24,0,204,267,6.851281,8.967118,,,0,0,0,ADL,1.000000
Subject 1/ADL/05.mp4#f208-271,Subject 1/ADL/05.mp4,1,gmdcsa24,0,208,271,6.985620,9.101457,,,0,0,0,ADL,1.000000
Subject 1/ADL/05.mp4#f212-275,Subject 1/ADL/05.mp4,1,gmdcsa24,0,212,275,7.119959,9.235796,,,0,0,0,ADL,1.000000
Subject 1/ADL/05.mp4#f216-279,Subject 1/ADL/05.mp4,1,gmdcsa24,0,216,279,7.254298,9.370135,,,0,0,0,ADL,1.000000
Subject 1/ADL/05.mp4#f220-283,Subject 1/ADL/05.mp4,1,gmdcsa24,0,220,283,7.388637,9.504474,,,0,0,0,ADL,1.000000
Subject 1/ADL/05.mp4#f224-287,Subject 1/ADL/05.mp4,1,gmdcsa24,0,224,287,7.522976,9.638813,,,0,0,0,ADL,1.000000
Subject 1/ADL/05.mp4#f228-291,Subject 1/ADL/05.mp4,1,gmdcsa24,0,228,291,7.657315,9.773151,,,0,0,0,ADL,1.000000
Subject 1/ADL/05.mp4#f232-295,Subject 1/ADL/05.mp4,1,gmdcsa24,0,232,295,7.791653,9.907490,,,0,0,0,ADL,1.000000
Subject 1/ADL/05.mp4#f236-299,Subject 1/ADL/05.mp4,1,gmdcsa24,0,236,299,7.925992,10.041829,,,0,0,0,ADL,1.000000
Subject 1/ADL/05.mp4#f240-303,Subject 1/ADL/05.mp4,1,gmdcsa24,0,240,303,8.060331,10.176168,,,0,0,0,ADL,1.000000
Subject 1/ADL/05.mp4#f244-307,Subject 1/ADL/05.mp4,1,gmdcsa24,0,244,307,8.194670,10.310507,,,0,0,0,ADL,1.000000
Subject 1/ADL/05.mp4#f248-311,Subject 1/ADL/05.mp4,1,gmdcsa24,0,248,311,8.329009,10.444846,,,0,0,0,ADL,1.000000
Subject 1/ADL/06.mp4#f0-63,Subject 1/ADL/06.mp4,1,gmdcsa24,0,0,63,0.000000,2.115952,,,0,0,0,ADL,1.000000
Subject 1/ADL/06.mp4#f4-67,Subject 1/ADL/06.mp4,1,gmdcsa24,0,4,67,0.134346,2.250298,,,0,0,0,ADL,1.000000
Subject 1/ADL/06.mp4#f8-71,Subject 1/ADL/06.mp4,1,gmdcsa24,0,8,71,0.268692,2.384644,,,0,0,0,ADL,1.000000
Subject 1/ADL/06.mp4#f12-75,Subject 1/ADL/06.mp4,1,gmdcsa24,0,12,75,0.403038,2.518990,,,0,0,0,ADL,1.000000
Subject 1/ADL/06.mp4#f16-79,Subject 1/ADL/06.mp4,1,gmdcsa24,0,16,79,0.537385,2.653336,,,0,0,0,ADL,1.000000
Subject 1/ADL/06.mp4#f20-83,Subject 1/ADL/06.mp4,1,gmdcsa24,0,20,83,0.671731,2.787683,,,0,0,0,ADL,1.000000
Subject 1/ADL/06.mp4#f24-87,Subject 1/ADL/06.mp4,1,gmdcsa24,0,24,87,0.806077,2.922029,,,0,0,0,ADL,1.000000
Subject 1/ADL/06.mp4#f28-91,Subject 1/ADL/06.mp4,1,gmdcsa24,0,28,91,0.940423,3.056375,,,0,0,0,ADL,1.000000
Subject 1/ADL/06.mp4#f32-95,Subject 1/ADL/06.mp4,1,gmdcsa24,0,32,95,1.074769,3.190721,,,0,0,0,ADL,1.000000
Subject 1/ADL/06.mp4#f36-99,Subject 1/ADL/06.mp4,1,gmdcsa24,0,36,99,1.209115,3.325067,,,0,0,0,ADL,1.000000
Subject 1/ADL/06.mp4#f40-103,Subject 1/ADL/06.mp4,1,gmdcsa24,0,40,103,1.343462,3.459413,,,0,0,0,ADL,1.000000
Subject 1/ADL/06.mp4#f44-107,Subject 1/ADL/06.mp4,1,gmdcsa24,0,44,107,1.477808,3.593760,,,0,0,0,ADL,1.000000
Subject 1/ADL/06.mp4#f48-111,Subject 1/ADL/06.mp4,1,gmdcsa24,0,48,111,1.612154,3.728106,,,0,0,0,ADL,1.000000
Subject 1/ADL/06.mp4#f52-115,Subject 1/ADL/06.mp4,1,gmdcsa24,0,52,115,1.746500,3.862452,,,0,0,0,ADL,1.000000
Subject 1/ADL/06.mp4#f56-119,Subject 1/ADL/06.mp4,1,gmdcsa24,0,56,119,1.880846,3.996798,,,0,0,0,ADL,1.000000
Subject 1/ADL/06.mp4#f60-123,Subject 1/ADL/06.mp4,1,gmdcsa24,0,60,123,2.015192,4.131144,,,0,0,0,ADL,1.000000
Subject 1/ADL/06.mp4#f64-127,Subject 1/ADL/06.mp4,1,gmdcsa24,0,64,127,2.149538,4.265490,,,0,0,0,ADL,1.000000
Subject 1/ADL/06.mp4#f68-131,Subject 1/ADL/06.mp4,1,gmdcsa24,0,68,131,2.283885,4.399836,,,0,0,0,ADL,1.000000
Subject 1/ADL/06.mp4#f72-135,Subject 1/ADL/06.mp4,1,gmdcsa24,0,72,135,2.418231,4.534183,,,0,0,0,ADL,1.000000
Subject 1/ADL/06.mp4#f76-139,Subject 1/ADL/06.mp4,1,gmdcsa24,0,76,139,2.552577,4.668529,,,0,0,0,ADL,1.000000
Subject 1/ADL/06.mp4#f80-143,Subject 1/ADL/06.mp4,1,gmdcsa24,0,80,143,2.686923,4.802875,,,0,0,0,ADL,1.000000
Subject 1/ADL/06.mp4#f84-147,Subject 1/ADL/06.mp4,1,gmdcsa24,0,84,147,2.821269,4.937221,,,0,0,0,ADL,1.000000
Subject 1/ADL/06.mp4#f88-151,Subject 1/ADL/06.mp4,1,gmdcsa24,0,88,151,2.955615,5.071567,,,0,0,0,ADL,1.000000
Subject 1/ADL/06.mp4#f92-155,Subject 1/ADL/06.mp4,1,gmdcsa24,0,92,155,3.089961,5.205913,,,0,0,0,ADL,1.000000
Subject 1/ADL/06.mp4#f96-159,Subject 1/ADL/06.mp4,1,gmdcsa24,0,96,159,3.224308,5.340259,,,0,0,0,ADL,1.000000
Subject 1/ADL/06.mp4#f100-163,Subject 1/ADL/06.mp4,1,gmdcsa24,0,100,163,3.358654,5.474606,,,0,0,0,ADL,1.000000
Subject 1/ADL/06.mp4#f104-167,Subject 1/ADL/06.mp4,1,gmdcsa24,0,104,167,3.493000,5.608952,,,0,0,0,ADL,1.000000
Subject 1/ADL/06.mp4#f108-171,Subject 1/ADL/06.mp4,1,gmdcsa24,0,108,171,3.627346,5.743298,,,0,0,0,ADL,1.000000
Subject 1/ADL/06.mp4#f112-175,Subject 1/ADL/06.mp4,1,gmdcsa24,0,112,175,3.761692,5.877644,,,0,0,0,ADL,1.000000
Subject 1/ADL/06.mp4#f116-179,Subject 1/ADL/06.mp4,1,gmdcsa24,0,116,179,3.896038,6.011990,,,0,0,0,ADL,1.000000
Subject 1/ADL/06.mp4#f120-183,Subject 1/ADL/06.mp4,1,gmdcsa24,0,120,183,4.030385,6.146336,,,0,0,0,ADL,1.000000
Subject 1/ADL/06.mp4#f124-187,Subject 1/ADL/06.mp4,1,gmdcsa24,0,124,187,4.164731,6.280683,,,0,0,0,ADL,1.000000
Subject 1/ADL/06.mp4#f128-191,Subject 1/ADL/06.mp4,1,gmdcsa24,0,128,191,4.299077,6.415029,,,0,0,0,ADL,1.000000
Subject 1/ADL/06.mp4#f132-195,Subject 1/ADL/06.mp4,1,gmdcsa24,0,132,195,4.433423,6.549375,,,0,0,0,ADL,1.000000
Subject 1/ADL/06.mp4#f136-199,Subject 1/ADL/06.mp4,1,gmdcsa24,0,136,199,4.567769,6.683721,,,0,0,0,ADL,1.000000
Subject 1/ADL/06.mp4#f140-203,Subject 1/ADL/06.mp4,1,gmdcsa24,0,140,203,4.702115,6.818067,,,0,0,0,ADL,1.000000
Subject 1/ADL/06.mp4#f144-207,Subject 1/ADL/06.mp4,1,gmdcsa24,0,144,207,4.836461,6.952413,,,0,0,0,ADL,1.000000
Subject 1/ADL/06.mp4#f148-211,Subject 1/ADL/06.mp4,1,gmdcsa24,0,148,211,4.970808,7.086759,,,0,0,0,ADL,1.000000
Subject 1/ADL/06.mp4#f152-215,Subject 1/ADL/06.mp4,1,gmdcsa24,0,152,215,5.105154,7.221106,,,0,0,0,ADL,1.000000
Subject 1/ADL/06.mp4#f156-219,Subject 1/ADL/06.mp4,1,gmdcsa24,0,156,219,5.239500,7.355452,,,0,0,0,ADL,1.000000
Subject 1/ADL/06.mp4#f160-223,Subject 1/ADL/06.mp4,1,gmdcsa24,0,160,223,5.373846,7.489798,,,0,0,0,ADL,1.000000
Subject 1/ADL/06.mp4#f164-227,Subject 1/ADL/06.mp4,1,gmdcsa24,0,164,227,5.508192,7.624144,,,0,0,0,ADL,1.000000
Subject 1/ADL/06.mp4#f168-231,Subject 1/ADL/06.mp4,1,gmdcsa24,0,168,231,5.642538,7.758490,,,0,0,0,ADL,1.000000
Subject 1/ADL/06.mp4#f172-235,Subject 1/ADL/06.mp4,1,gmdcsa24,0,172,235,5.776884,7.892836,,,0,0,0,ADL,1.000000
Subject 1/ADL/06.mp4#f176-239,Subject 1/ADL/06.mp4,1,gmdcsa24,0,176,239,5.911231,8.027182,,,0,0,0,ADL,1.000000
Subject 1/ADL/06.mp4#f180-243,Subject 1/ADL/06.mp4,1,gmdcsa24,0,180,243,6.045577,8.161529,,,0,0,0,ADL,1.000000
Subject 1/ADL/06.mp4#f184-247,Subject 1/ADL/06.mp4,1,gmdcsa24,0,184,247,6.179923,8.295875,,,0,0,0,ADL,1.000000
Subject 1/ADL/06.mp4#f188-251,Subject 1/ADL/06.mp4,1,gmdcsa24,0,188,251,6.314269,8.430221,,,0,0,0,ADL,1.000000
Subject 1/ADL/06.mp4#f192-255,Subject 1/ADL/06.mp4,1,gmdcsa24,0,192,255,6.448615,8.564567,,,0,0,0,ADL,1.000000
Subject 1/ADL/06.mp4#f196-259,Subject 1/ADL/06.mp4,1,gmdcsa24,0,196,259,6.582961,8.698913,,,0,0,0,ADL,1.000000
Subject 1/ADL/06.mp4#f200-263,Subject 1/ADL/06.mp4,1,gmdcsa24,0,200,263,6.717308,8.833259,,,0,0,0,ADL,1.000000
Subject 1/ADL/06.mp4#f204-267,Subject 1/ADL/06.mp4,1,gmdcsa24,0,204,267,6.851654,8.967606,,,0,0,0,ADL,1.000000
Subject 1/ADL/06.mp4#f208-271,Subject 1/ADL/06.mp4,1,gmdcsa24,0,208,271,6.986000,9.101952,,,0,0,0,ADL,1.000000
Subject 1/ADL/06.mp4#f212-275,Subject 1/ADL/06.mp4,1,gmdcsa24,0,212,275,7.120346,9.236298,,,0,0,0,ADL,1.000000
Subject 1/ADL/06.mp4#f216-279,Subject 1/ADL/06.mp4,1,gmdcsa24,0,216,279,7.254692,9.370644,,,0,0,0,ADL,1.000000
Subject 1/ADL/06.mp4#f220-283,Subject 1/ADL/06.mp4,1,gmdcsa24,0,220,283,7.389038,9.504990,,,0,0,0,ADL,1.000000
Subject 1/ADL/06.mp4#f224-287,Subject 1/ADL/06.mp4,1,gmdcsa24,0,224,287,7.523384,9.639336,,,0,0,0,ADL,1.000000
Subject 1/ADL/06.mp4#f228-291,Subject 1/ADL/06.mp4,1,gmdcsa24,0,228,291,7.657731,9.773682,,,0,0,0,ADL,1.000000
Subject 1/ADL/06.mp4#f232-295,Subject 1/ADL/06.mp4,1,gmdcsa24,0,232,295,7.792077,9.908029,,,0,0,0,ADL,1.000000
Subject 1/ADL/06.mp4#f236-299,Subject 1/ADL/06.mp4,1,gmdcsa24,0,236,299,7.926423,10.042375,,,0,0,0,ADL,1.000000
Subject 1/ADL/06.mp4#f240-303,Subject 1/ADL/06.mp4,1,gmdcsa24,0,240,303,8.060769,10.176721,,,0,0,0,ADL,1.000000
Subject 1/ADL/06.mp4#f244-307,Subject 1/ADL/06.mp4,1,gmdcsa24,0,244,307,8.195115,10.311067,,,0,0,0,ADL,1.000000
Subject 1/ADL/06.mp4#f248-311,Subject 1/ADL/06.mp4,1,gmdcsa24,0,248,311,8.329461,10.445413,,,0,0,0,ADL,1.000000
Subject 1/ADL/06.mp4#f252-315,Subject 1/ADL/06.mp4,1,gmdcsa24,0,252,315,8.463807,10.579759,,,0,0,0,ADL,1.000000
Subject 1/ADL/06.mp4#f256-319,Subject 1/ADL/06.mp4,1,gmdcsa24,0,256,319,8.598154,10.714105,,,0,0,0,ADL,1.000000
Subject 1/ADL/06.mp4#f260-323,Subject 1/ADL/06.mp4,1,gmdcsa24,0,260,323,8.732500,10.848452,,,0,0,0,ADL,1.000000
Subject 1/ADL/06.mp4#f264-327,Subject 1/ADL/06.mp4,1,gmdcsa24,0,264,327,8.866846,10.982798,,,0,0,0,ADL,1.000000
Subject 1/ADL/06.mp4#f268-331,Subject 1/ADL/06.mp4,1,gmdcsa24,0,268,331,9.001192,11.117144,,,0,0,0,ADL,1.000000
Subject 1/ADL/06.mp4#f272-335,Subject 1/ADL/06.mp4,1,gmdcsa24,0,272,335,9.135538,11.251490,,,0,0,0,ADL,1.000000
Subject 1/ADL/06.mp4#f276-339,Subject 1/ADL/06.mp4,1,gmdcsa24,0,276,339,9.269884,11.385836,,,0,0,0,ADL,1.000000
Subject 1/ADL/06.mp4#f280-343,Subject 1/ADL/06.mp4,1,gmdcsa24,0,280,343,9.404231,11.520182,,,0,0,0,ADL,1.000000
Subject 1/ADL/06.mp4#f284-347,Subject 1/ADL/06.mp4,1,gmdcsa24,0,284,347,9.538577,11.654529,,,0,0,0,ADL,1.000000
Subject 1/ADL/06.mp4#f288-351,Subject 1/ADL/06.mp4,1,gmdcsa24,0,288,351,9.672923,11.788875,,,0,0,0,ADL,1.000000
Subject 1/ADL/06.mp4#f292-355,Subject 1/ADL/06.mp4,1,gmdcsa24,0,292,355,9.807269,11.923221,,,0,0,0,ADL,1.000000
Subject 1/ADL/06.mp4#f296-359,Subject 1/ADL/06.mp4,1,gmdcsa24,0,296,359,9.941615,12.057567,,,0,0,0,ADL,1.000000
Subject 1/ADL/06.mp4#f300-363,Subject 1/ADL/06.mp4,1,gmdcsa24,0,300,363,10.075961,12.191913,,,0,0,0,ADL,1.000000
Subject 1/ADL/07.mp4#f0-63,Subject 1/ADL/07.mp4,1,gmdcsa24,0,0,63,0.000000,2.119847,,,0,0,0,ADL,1.000000
Subject 1/ADL/07.mp4#f4-67,Subject 1/ADL/07.mp4,1,gmdcsa24,0,4,67,0.134593,2.254440,,,0,0,0,ADL,1.000000
Subject 1/ADL/07.mp4#f8-71,Subject 1/ADL/07.mp4,1,gmdcsa24,0,8,71,0.269187,2.389034,,,0,0,0,ADL,1.000000
Subject 1/ADL/07.mp4#f12-75,Subject 1/ADL/07.mp4,1,gmdcsa24,0,12,75,0.403780,2.523627,,,0,0,0,ADL,1.000000
Subject 1/ADL/07.mp4#f16-79,Subject 1/ADL/07.mp4,1,gmdcsa24,0,16,79,0.538374,2.658221,,,0,0,0,ADL,1.000000
Subject 1/ADL/07.mp4#f20-83,Subject 1/ADL/07.mp4,1,gmdcsa24,0,20,83,0.672967,2.792814,,,0,0,0,ADL,1.000000
Subject 1/ADL/07.mp4#f24-87,Subject 1/ADL/07.mp4,1,gmdcsa24,0,24,87,0.807561,2.927408,,,0,0,0,ADL,1.000000
Subject 1/ADL/07.mp4#f28-91,Subject 1/ADL/07.mp4,1,gmdcsa24,0,28,91,0.942154,3.062001,,,0,0,0,ADL,1.000000
Subject 1/ADL/07.mp4#f32-95,Subject 1/ADL/07.mp4,1,gmdcsa24,0,32,95,1.076748,3.196594,,,0,0,0,ADL,1.000000
Subject 1/ADL/07.mp4#f36-99,Subject 1/ADL/07.mp4,1,gmdcsa24,0,36,99,1.211341,3.331188,,,0,0,0,ADL,1.000000
Subject 1/ADL/07.mp4#f40-103,Subject 1/ADL/07.mp4,1,gmdcsa24,0,40,103,1.345935,3.465781,,,0,0,0,ADL,1.000000
Subject 1/ADL/07.mp4#f44-107,Subject 1/ADL/07.mp4,1,gmdcsa24,0,44,107,1.480528,3.600375,,,0,0,0,ADL,1.000000
Subject 1/ADL/07.mp4#f48-111,Subject 1/ADL/07.mp4,1,gmdcsa24,0,48,111,1.615121,3.734968,,,0,0,0,ADL,1.000000
Subject 1/ADL/07.mp4#f52-115,Subject 1/ADL/07.mp4,1,gmdcsa24,0,52,115,1.749715,3.869562,,,0,0,0,ADL,1.000000
Subject 1/ADL/07.mp4#f56-119,Subject 1/ADL/07.mp4,1,gmdcsa24,0,56,119,1.884308,4.004155,,,0,0,0,ADL,1.000000
Subject 1/ADL/07.mp4#f60-123,Subject 1/ADL/07.mp4,1,gmdcsa24,0,60,123,2.018902,4.138749,,,0,0,0,ADL,1.000000
Subject 1/ADL/07.mp4#f64-127,Subject 1/ADL/07.mp4,1,gmdcsa24,0,64,127,2.153495,4.273342,,,0,0,0,ADL,1.000000
Subject 1/ADL/07.mp4#f68-131,Subject 1/ADL/07.mp4,1,gmdcsa24,0,68,131,2.288089,4.407936,,,0,0,0,ADL,1.000000
Subject 1/ADL/07.mp4#f72-135,Subject 1/ADL/07.mp4,1,gmdcsa24,0,72,135,2.422682,4.542529,,,0,0,0,ADL,1.000000
Subject 1/ADL/07.mp4#f76-139,Subject 1/ADL/07.mp4,1,gmdcsa24,0,76,139,2.557276,4.677122,,,0,0,0,ADL,1.000000
Subject 1/ADL/07.mp4#f80-143,Subject 1/ADL/07.mp4,1,gmdcsa24,0,80,143,2.691869,4.811716,,,0,0,0,ADL,1.000000
Subject 1/ADL/07.mp4#f84-147,Subject 1/ADL/07.mp4,1,gmdcsa24,0,84,147,2.826463,4.946309,,,0,0,0,ADL,1.000000
Subject 1/ADL/07.mp4#f88-151,Subject 1/ADL/07.mp4,1,gmdcsa24,0,88,151,2.961056,5.080903,,,0,0,0,ADL,1.000000
Subject 1/ADL/07.mp4#f92-155,Subject 1/ADL/07.mp4,1,gmdcsa24,0,92,155,3.095649,5.215496,,,0,0,0,ADL,1.000000
Subject 1/ADL/07.mp4#f96-159,Subject 1/ADL/07.mp4,1,gmdcsa24,0,96,159,3.230243,5.350090,,,0,0,0,ADL,1.000000
Subject 1/ADL/07.mp4#f100-163,Subject 1/ADL/07.mp4,1,gmdcsa24,0,100,163,3.364836,5.484683,,,0,0,0,ADL,1.000000
Subject 1/ADL/07.mp4#f104-167,Subject 1/ADL/07.mp4,1,gmdcsa24,0,104,167,3.499430,5.619277,,,0,0,0,ADL,1.000000
Subject 1/ADL/07.mp4#f108-171,Subject 1/ADL/07.mp4,1,gmdcsa24,0,108,171,3.634023,5.753870,,,0,0,0,ADL,1.000000
Subject 1/ADL/07.mp4#f112-175,Subject 1/ADL/07.mp4,1,gmdcsa24,0,112,175,3.768617,5.888464,,,0,0,0,ADL,1.000000
Subject 1/ADL/07.mp4#f116-179,Subject 1/ADL/07.mp4,1,gmdcsa24,0,116,179,3.903210,6.023057,,,0,0,0,ADL,1.000000
Subject 1/ADL/07.mp4#f120-183,Subject 1/ADL/07.mp4,1,gmdcsa24,0,120,183,4.037804,6.157650,,,0,0,0,ADL,1.000000
Subject 1/ADL/07.mp4#f124-187,Subject 1/ADL/07.mp4,1,gmdcsa24,0,124,187,4.172397,6.292244,,,0,0,0,ADL,1.000000
Subject 1/ADL/07.mp4#f128-191,Subject 1/ADL/07.mp4,1,gmdcsa24,0,128,191,4.306990,6.426837,,,0,0,0,ADL,1.000000
Subject 1/ADL/07.mp4#f132-195,Subject 1/ADL/07.mp4,1,gmdcsa24,0,132,195,4.441584,6.561431,,,0,0,0,ADL,1.000000
Subject 1/ADL/07.mp4#f136-199,Subject 1/ADL/07.mp4,1,gmdcsa24,0,136,199,4.576177,6.696024,,,0,0,0,ADL,1.000000
Subject 1/ADL/07.mp4#f140-203,Subject 1/ADL/07.mp4,1,gmdcsa24,0,140,203,4.710771,6.830618,,,0,0,0,ADL,1.000000
Subject 1/ADL/07.mp4#f144-207,Subject 1/ADL/07.mp4,1,gmdcsa24,0,144,207,4.845364,6.965211,,,0,0,0,ADL,1.000000
Subject 1/ADL/07.mp4#f148-211,Subject 1/ADL/07.mp4,1,gmdcsa24,0,148,211,4.979958,7.099805,,,0,0,0,ADL,1.000000
Subject 1/ADL/07.mp4#f152-215,Subject 1/ADL/07.mp4,1,gmdcsa24,0,152,215,5.114551,7.234398,,,0,0,0,ADL,1.000000
Subject 1/ADL/07.mp4#f156-219,Subject 1/ADL/07.mp4,1,gmdcsa24,0,156,219,5.249145,7.368992,,,0,0,0,ADL,1.000000
Subject 1/ADL/07.mp4#f160-223,Subject 1/ADL/07.mp4,1,gmdcsa24,0,160,223,5.383738,7.503585,,,0,0,0,ADL,1.000000
Subject 1/ADL/08.mp4#f0-63,Subject 1/ADL/08.mp4,1,gmdcsa24,0,0,63,0.000000,2.118900,,,0,0,0,ADL,1.000000
Subject 1/ADL/08.mp4#f4-67,Subject 1/ADL/08.mp4,1,gmdcsa24,0,4,67,0.134533,2.253433,,,0,0,0,ADL,1.000000
Subject 1/ADL/08.mp4#f8-71,Subject 1/ADL/08.mp4,1,gmdcsa24,0,8,71,0.269067,2.387967,,,0,0,0,ADL,1.000000
Subject 1/ADL/08.mp4#f12-75,Subject 1/ADL/08.mp4,1,gmdcsa24,0,12,75,0.403600,2.522500,,,0,0,0,ADL,1.000000
Subject 1/ADL/08.mp4#f16-79,Subject 1/ADL/08.mp4,1,gmdcsa24,0,16,79,0.538133,2.657033,,,0,0,0,ADL,1.000000
Subject 1/ADL/08.mp4#f20-83,Subject 1/ADL/08.mp4,1,gmdcsa24,0,20,83,0.672667,2.791567,,,0,0,0,ADL,1.000000
Subject 1/ADL/08.mp4#f24-87,Subject 1/ADL/08.mp4,1,gmdcsa24,0,24,87,0.807200,2.926100,,,0,0,0,ADL,1.000000
Subject 1/ADL/08.mp4#f28-91,Subject 1/ADL/08.mp4,1,gmdcsa24,0,28,91,0.941733,3.060633,,,0,0,0,ADL,1.000000
Subject 1/ADL/08.mp4#f32-95,Subject 1/ADL/08.mp4,1,gmdcsa24,0,32,95,1.076267,3.195167,,,0,0,0,ADL,1.000000
Subject 1/ADL/08.mp4#f36-99,Subject 1/ADL/08.mp4,1,gmdcsa24,0,36,99,1.210800,3.329700,,,0,0,0,ADL,1.000000
Subject 1/ADL/08.mp4#f40-103,Subject 1/ADL/08.mp4,1,gmdcsa24,0,40,103,1.345333,3.464233,,,0,0,0,ADL,1.000000
Subject 1/ADL/08.mp4#f44-107,Subject 1/ADL/08.mp4,1,gmdcsa24,0,44,107,1.479867,3.598767,,,0,0,0,ADL,1.000000
Subject 1/ADL/08.mp4#f48-111,Subject 1/ADL/08.mp4,1,gmdcsa24,0,48,111,1.614400,3.733300,,,0,0,0,ADL,1.000000
Subject 1/ADL/08.mp4#f52-115,Subject 1/ADL/08.mp4,1,gmdcsa24,0,52,115,1.748933,3.867833,,,0,0,0,ADL,1.000000
Subject 1/ADL/08.mp4#f56-119,Subject 1/ADL/08.mp4,1,gmdcsa24,0,56,119,1.883467,4.002367,,,0,0,0,ADL,1.000000
Subject 1/ADL/08.mp4#f60-123,Subject 1/ADL/08.mp4,1,gmdcsa24,0,60,123,2.018000,4.136900,,,0,0,0,ADL,1.000000
Subject 1/ADL/08.mp4#f64-127,Subject 1/ADL/08.mp4,1,gmdcsa24,0,64,127,2.152533,4.271433,,,0,0,0,ADL,1.000000
Subject 1/ADL/08.mp4#f68-131,Subject 1/ADL/08.mp4,1,gmdcsa24,0,68,131,2.287067,4.405967,,,0,0,0,ADL,1.000000
Subject 1/ADL/08.mp4#f72-135,Subject 1/ADL/08.mp4,1,gmdcsa24,0,72,135,2.421600,4.540500,,,0,0,0,ADL,1.000000
Subject 1/ADL/08.mp4#f76-139,Subject 1/ADL/08.mp4,1,gmdcsa24,0,76,139,2.556133,4.675033,,,0,0,0,ADL,1.000000
Subject 1/ADL/08.mp4#f80-143,Subject 1/ADL/08.mp4,1,gmdcsa24,0,80,143,2.690667,4.809567,,,0,0,0,ADL,1.000000
Subject 1/ADL/08.mp4#f84-147,Subject 1/ADL/08.mp4,1,gmdcsa24,0,84,147,2.825200,4.944100,,,0,0,0,ADL,1.000000
Subject 1/ADL/08.mp4#f88-151,Subject 1/ADL/08.mp4,1,gmdcsa24,0,88,151,2.959733,5.078633,,,0,0,0,ADL,1.000000
Subject 1/ADL/08.mp4#f92-155,Subject 1/ADL/08.mp4,1,gmdcsa24,0,92,155,3.094267,5.213167,,,0,0,0,ADL,1.000000
Subject 1/ADL/08.mp4#f96-159,Subject 1/ADL/08.mp4,1,gmdcsa24,0,96,159,3.228800,5.347700,,,0,0,0,ADL,1.000000
Subject 1/ADL/08.mp4#f100-163,Subject 1/ADL/08.mp4,1,gmdcsa24,0,100,163,3.363333,5.482233,,,0,0,0,ADL,1.000000
Subject 1/ADL/08.mp4#f104-167,Subject 1/ADL/08.mp4,1,gmdcsa24,0,104,167,3.497867,5.616767,,,0,0,0,ADL,1.000000
Subject 1/ADL/08.mp4#f108-171,Subject 1/ADL/08.mp4,1,gmdcsa24,0,108,171,3.632400,5.751300,,,0,0,0,ADL,1.000000
Subject 1/ADL/08.mp4#f112-175,Subject 1/ADL/08.mp4,1,gmdcsa24,0,112,175,3.766933,5.885833,,,0,0,0,ADL,1.000000
Subject 1/ADL/08.mp4#f116-179,Subject 1/ADL/08.mp4,1,gmdcsa24,0,116,179,3.901467,6.020367,,,0,0,0,ADL,1.000000
Subject 1/ADL/08.mp4#f120-183,Subject 1/ADL/08.mp4,1,gmdcsa24,0,120,183,4.036000,6.154900,,,0,0,0,ADL,1.000000
Subject 1/ADL/09.mp4#f0-63,Subject 1/ADL/09.mp4,1,gmdcsa24,0,0,63,0.000000,2.140114,,,0,0,0,ADL,1.000000
Subject 1/ADL/09.mp4#f4-67,Subject 1/ADL/09.mp4,1,gmdcsa24,0,4,67,0.135880,2.275995,,,0,0,0,ADL,1.000000
Subject 1/ADL/09.mp4#f8-71,Subject 1/ADL/09.mp4,1,gmdcsa24,0,8,71,0.271761,2.411875,,,0,0,0,ADL,1.000000
Subject 1/ADL/09.mp4#f12-75,Subject 1/ADL/09.mp4,1,gmdcsa24,0,12,75,0.407641,2.547755,,,0,0,0,ADL,1.000000
Subject 1/ADL/09.mp4#f16-79,Subject 1/ADL/09.mp4,1,gmdcsa24,0,16,79,0.543521,2.683635,,,0,0,0,ADL,1.000000
Subject 1/ADL/09.mp4#f20-83,Subject 1/ADL/09.mp4,1,gmdcsa24,0,20,83,0.679401,2.819516,,,0,0,0,ADL,1.000000
Subject 1/ADL/09.mp4#f24-87,Subject 1/ADL/09.mp4,1,gmdcsa24,0,24,87,0.815282,2.955396,,,0,0,0,ADL,1.000000
Subject 1/ADL/09.mp4#f28-91,Subject 1/ADL/09.mp4,1,gmdcsa24,0,28,91,0.951162,3.091276,,,0,0,0,ADL,1.000000
Subject 1/ADL/09.mp4#f32-95,Subject 1/ADL/09.mp4,1,gmdcsa24,0,32,95,1.087042,3.227157,,,0,0,0,ADL,1.000000
Subject 1/ADL/09.mp4#f36-99,Subject 1/ADL/09.mp4,1,gmdcsa24,0,36,99,1.222922,3.363037,,,0,0,0,ADL,1.000000
Subject 1/ADL/09.mp4#f40-103,Subject 1/ADL/09.mp4,1,gmdcsa24,0,40,103,1.358803,3.498917,,,0,0,0,ADL,1.000000
Subject 1/ADL/09.mp4#f44-107,Subject 1/ADL/09.mp4,1,gmdcsa24,0,44,107,1.494683,3.634797,,,0,0,0,ADL,1.000000
Subject 1/ADL/09.mp4#f48-111,Subject 1/ADL/09.mp4,1,gmdcsa24,0,48,111,1.630563,3.770678,,,0,0,0,ADL,1.000000
Subject 1/ADL/09.mp4#f52-115,Subject 1/ADL/09.mp4,1,gmdcsa24,0,52,115,1.766444,3.906558,,,0,0,0,ADL,1.000000
Subject 1/ADL/09.mp4#f56-119,Subject 1/ADL/09.mp4,1,gmdcsa24,0,56,119,1.902324,4.042438,,,0,0,0,ADL,1.000000
Subject 1/ADL/09.mp4#f60-123,Subject 1/ADL/09.mp4,1,gmdcsa24,0,60,123,2.038204,4.178319,,,0,0,0,ADL,1.000000
Subject 1/ADL/09.mp4#f64-127,Subject 1/ADL/09.mp4,1,gmdcsa24,0,64,127,2.174084,4.314199,,,0,0,0,ADL,1.000000
Subject 1/ADL/09.mp4#f68-131,Subject 1/ADL/09.mp4,1,gmdcsa24,0,68,131,2.309965,4.450079,,,0,0,0,ADL,1.000000
Subject 1/ADL/09.mp4#f72-135,Subject 1/ADL/09.mp4,1,gmdcsa24,0,72,135,2.445845,4.585959,,,0,0,0,ADL,1.000000
Subject 1/ADL/09.mp4#f76-139,Subject 1/ADL/09.mp4,1,gmdcsa24,0,76,139,2.581725,4.721840,,,0,0,0,ADL,1.000000
Subject 1/ADL/09.mp4#f80-143,Subject 1/ADL/09.mp4,1,gmdcsa24,0,80,143,2.717606,4.857720,,,0,0,0,ADL,1.000000
Subject 1/ADL/10.mp4#f0-63,Subject 1/ADL/10.mp4,1,gmdcsa24,0,0,63,0.000000,2.148154,,,0,0,0,ADL,1.000000
Subject 1/ADL/10.mp4#f4-67,Subject 1/ADL/10.mp4,1,gmdcsa24,0,4,67,0.136391,2.284545,,,0,0,0,ADL,1.000000
Subject 1/ADL/10.mp4#f8-71,Subject 1/ADL/10.mp4,1,gmdcsa24,0,8,71,0.272781,2.420935,,,0,0,0,ADL,1.000000
Subject 1/ADL/10.mp4#f12-75,Subject 1/ADL/10.mp4,1,gmdcsa24,0,12,75,0.409172,2.557326,,,0,0,0,ADL,1.000000
Subject 1/ADL/10.mp4#f16-79,Subject 1/ADL/10.mp4,1,gmdcsa24,0,16,79,0.545563,2.693717,,,0,0,0,ADL,1.000000
Subject 1/ADL/10.mp4#f20-83,Subject 1/ADL/10.mp4,1,gmdcsa24,0,20,83,0.681954,2.830108,,,0,0,0,ADL,1.000000
Subject 1/ADL/10.mp4#f24-87,Subject 1/ADL/10.mp4,1,gmdcsa24,0,24,87,0.818344,2.966498,,,0,0,0,ADL,1.000000
Subject 1/ADL/10.mp4#f28-91,Subject 1/ADL/10.mp4,1,gmdcsa24,0,28,91,0.954735,3.102889,,,0,0,0,ADL,1.000000
Subject 1/ADL/10.mp4#f32-95,Subject 1/ADL/10.mp4,1,gmdcsa24,0,32,95,1.091126,3.239280,,,0,0,0,ADL,1.000000
Subject 1/ADL/10.mp4#f36-99,Subject 1/ADL/10.mp4,1,gmdcsa24,0,36,99,1.227517,3.375670,,,0,0,0,ADL,1.000000
Subject 1/ADL/10.mp4#f40-103,Subject 1/ADL/10.mp4,1,gmdcsa24,0,40,103,1.363907,3.512061,,,0,0,0,ADL,1.000000
Subject 1/ADL/10.mp4#f44-107,Subject 1/ADL/10.mp4,1,gmdcsa24,0,44,107,1.500298,3.648452,,,0,0,0,ADL,1.000000
Subject 1/ADL/10.mp4#f48-111,Subject 1/ADL/10.mp4,1,gmdcsa24,0,48,111,1.636689,3.784843,,,0,0,0,ADL,1.000000
Subject 1/ADL/11.mp4#f0-63,Subject 1/ADL/11.mp4,1,gmdcsa24,0,0,63,0.000000,2.118240,,,0,0,0,ADL,1.000000
Subject 1/ADL/11.mp4#f4-67,Subject 1/ADL/11.mp4,1,gmdcsa24,0,4,67,0.134491,2.252732,,,0,0,0,ADL,1.000000
Subject 1/ADL/11.mp4#f8-71,Subject 1/ADL/11.mp4,1,gmdcsa24,0,8,71,0.268983,2.387223,,,0,0,0,ADL,1.000000
Subject 1/ADL/11.mp4#f12-75,Subject 1/ADL/11.mp4,1,gmdcsa24,0,12,75,0.403474,2.521715,,,0,0,0,ADL,1.000000
Subject 1/ADL/11.mp4#f16-79,Subject 1/ADL/11.mp4,1,gmdcsa24,0,16,79,0.537966,2.656206,,,0,0,0,ADL,1.000000
Subject 1/ADL/11.mp4#f20-83,Subject 1/ADL/11.mp4,1,gmdcsa24,0,20,83,0.672457,2.790698,,,0,0,0,ADL,1.000000
Subject 1/ADL/11.mp4#f24-87,Subject 1/ADL/11.mp4,1,gmdcsa24,0,24,87,0.806949,2.925189,,,0,0,0,ADL,1.000000
Subject 1/ADL/11.mp4#f28-91,Subject 1/ADL/11.mp4,1,gmdcsa24,0,28,91,0.941440,3.059681,,,0,0,0,ADL,1.000000
Subject 1/ADL/11.mp4#f32-95,Subject 1/ADL/11.mp4,1,gmdcsa24,0,32,95,1.075932,3.194172,,,0,0,0,ADL,1.000000
Subject 1/ADL/11.mp4#f36-99,Subject 1/ADL/11.mp4,1,gmdcsa24,0,36,99,1.210423,3.328663,,,0,0,0,ADL,1.000000
Subject 1/ADL/11.mp4#f40-103,Subject 1/ADL/11.mp4,1,gmdcsa24,0,40,103,1.344915,3.463155,,,0,0,0,ADL,1.000000
Subject 1/ADL/11.mp4#f44-107,Subject 1/ADL/11.mp4,1,gmdcsa24,0,44,107,1.479406,3.597646,,,0,0,0,ADL,1.000000
Subject 1/ADL/11.mp4#f48-111,Subject 1/ADL/11.mp4,1,gmdcsa24,0,48,111,1.613897,3.732138,,,0,0,0,ADL,1.000000
Subject 1/ADL/11.mp4#f52-115,Subject 1/ADL/11.mp4,1,gmdcsa24,0,52,115,1.748389,3.866629,,,0,0,0,ADL,1.000000
Subject 1/ADL/11.mp4#f56-119,Subject 1/ADL/11.mp4,1,gmdcsa24,0,56,119,1.882880,4.001121,,,0,0,0,ADL,1.000000
Subject 1/ADL/11.mp4#f60-123,Subject 1/ADL/11.mp4,1,gmdcsa24,0,60,123,2.017372,4.135612,,,0,0,0,ADL,1.000000
Subject 1/ADL/11.mp4#f64-127,Subject 1/ADL/11.mp4,1,gmdcsa24,0,64,127,2.151863,4.270104,,,0,0,0,ADL,1.000000
Subject 1/ADL/11.mp4#f68-131,Subject 1/ADL/11.mp4,1,gmdcsa24,0,68,131,2.286355,4.404595,,,0,0,0,ADL,1.000000
Subject 1/ADL/11.mp4#f72-135,Subject 1/ADL/11.mp4,1,gmdcsa24,0,72,135,2.420846,4.539087,,,0,0,0,ADL,1.000000
Subject 1/ADL/11.mp4#f76-139,Subject 1/ADL/11.mp4,1,gmdcsa24,0,76,139,2.555338,4.673578,,,0,0,0,ADL,1.000000
Subject 1/ADL/11.mp4#f80-143,Subject 1/ADL/11.mp4,1,gmdcsa24,0,80,143,2.689829,4.808069,,,0,0,0,ADL,1.000000
Subject 1/ADL/11.mp4#f84-147,Subject 1/ADL/11.mp4,1,gmdcsa24,0,84,147,2.824321,4.942561,,,0,0,0,ADL,1.000000
Subject 1/ADL/11.mp4#f88-151,Subject 1/ADL/11.mp4,1,gmdcsa24,0,88,151,2.958812,5.077052,,,0,0,0,ADL,1.000000
Subject 1/ADL/11.mp4#f92-155,Subject 1/ADL/11.mp4,1,gmdcsa24,0,92,155,3.093303,5.211544,,,0,0,0,ADL,1.000000
Subject 1/ADL/11.mp4#f96-159,Subject 1/ADL/11.mp4,1,gmdcsa24,0,96,159,3.227795,5.346035,,,0,0,0,ADL,1.000000
Subject 1/ADL/11.mp4#f100-163,Subject 1/ADL/11.mp4,1,gmdcsa24,0,100,163,3.362286,5.480527,,,0,0,0,ADL,1.000000
Subject 1/ADL/11.mp4#f104-167,Subject 1/ADL/11.mp4,1,gmdcsa24,0,104,167,3.496778,5.615018,,,0,0,0,ADL,1.000000
Subject 1/ADL/11.mp4#f108-171,Subject 1/ADL/11.mp4,1,gmdcsa24,0,108,171,3.631269,5.749510,,,0,0,0,ADL,1.000000
Subject 1/ADL/11.mp4#f112-175,Subject 1/ADL/11.mp4,1,gmdcsa24,0,112,175,3.765761,5.884001,,,0,0,0,ADL,1.000000
Subject 1/ADL/11.mp4#f116-179,Subject 1/ADL/11.mp4,1,gmdcsa24,0,116,179,3.900252,6.018493,,,0,0,0,ADL,1.000000
Subject 1/ADL/11.mp4#f120-183,Subject 1/ADL/11.mp4,1,gmdcsa24,0,120,183,4.034744,6.152984,,,0,0,0,ADL,1.000000
Subject 1/ADL/11.mp4#f124-187,Subject 1/ADL/11.mp4,1,gmdcsa24,0,124,187,4.169235,6.287475,,,0,0,0,ADL,1.000000
Subject 1/ADL/11.mp4#f128-191,Subject 1/ADL/11.mp4,1,gmdcsa24,0,128,191,4.303727,6.421967,,,0,0,0,ADL,1.000000
Subject 1/ADL/11.mp4#f132-195,Subject 1/ADL/11.mp4,1,gmdcsa24,0,132,195,4.438218,6.556458,,,0,0,0,ADL,1.000000
Subject 1/ADL/11.mp4#f136-199,Subject 1/ADL/11.mp4,1,gmdcsa24,0,136,199,4.572709,6.690950,,,0,0,0,ADL,1.000000
Subject 1/ADL/11.mp4#f140-203,Subject 1/ADL/11.mp4,1,gmdcsa24,0,140,203,4.707201,6.825441,,,0,0,0,ADL,1.000000
Subject 1/ADL/11.mp4#f144-207,Subject 1/ADL/11.mp4,1,gmdcsa24,0,144,207,4.841692,6.959933,,,0,0,0,ADL,1.000000
Subject 1/ADL/11.mp4#f148-211,Subject 1/ADL/11.mp4,1,gmdcsa24,0,148,211,4.976184,7.094424,,,0,0,0,ADL,1.000000
Subject 1/ADL/11.mp4#f152-215,Subject 1/ADL/11.mp4,1,gmdcsa24,0,152,215,5.110675,7.228916,,,0,0,0,ADL,1.000000
Subject 1/ADL/11.mp4#f156-219,Subject 1/ADL/11.mp4,1,gmdcsa24,0,156,219,5.245167,7.363407,,,0,0,0,ADL,1.000000
Subject 1/ADL/11.mp4#f160-223,Subject 1/ADL/11.mp4,1,gmdcsa24,0,160,223,5.379658,7.497899,,,0,0,0,ADL,1.000000
Subject 1/ADL/11.mp4#f164-227,Subject 1/ADL/11.mp4,1,gmdcsa24,0,164,227,5.514150,7.632390,,,0,0,0,ADL,1.000000
Subject 1/ADL/11.mp4#f168-231,Subject 1/ADL/11.mp4,1,gmdcsa24,0,168,231,5.648641,7.766881,,,0,0,0,ADL,1.000000
Subject 1/ADL/11.mp4#f172-235,Subject 1/ADL/11.mp4,1,gmdcsa24,0,172,235,5.783133,7.901373,,,0,0,0,ADL,1.000000
Subject 1/ADL/11.mp4#f176-239,Subject 1/ADL/11.mp4,1,gmdcsa24,0,176,239,5.917624,8.035864,,,0,0,0,ADL,1.000000
Subject 1/ADL/11.mp4#f180-243,Subject 1/ADL/11.mp4,1,gmdcsa24,0,180,243,6.052115,8.170356,,,0,0,0,ADL,1.000000
Subject 1/ADL/11.mp4#f184-247,Subject 1/ADL/11.mp4,1,gmdcsa24,0,184,247,6.186607,8.304847,,,0,0,0,ADL,1.000000
Subject 1/ADL/11.mp4#f188-251,Subject 1/ADL/11.mp4,1,gmdcsa24,0,188,251,6.321098,8.439339,,,0,0,0,ADL,1.000000
Subject 1/ADL/11.mp4#f192-255,Subject 1/ADL/11.mp4,1,gmdcsa24,0,192,255,6.455590,8.573830,,,0,0,0,ADL,1.000000
Subject 1/ADL/11.mp4#f196-259,Subject 1/ADL/11.mp4,1,gmdcsa24,0,196,259,6.590081,8.708322,,,0,0,0,ADL,1.000000
Subject 1/ADL/11.mp4#f200-263,Subject 1/ADL/11.mp4,1,gmdcsa24,0,200,263,6.724573,8.842813,,,0,0,0,ADL,1.000000
Subject 1/ADL/11.mp4#f204-267,Subject 1/ADL/11.mp4,1,gmdcsa24,0,204,267,6.859064,8.977305,,,0,0,0,ADL,1.000000
Subject 1/ADL/11.mp4#f208-271,Subject 1/ADL/11.mp4,1,gmdcsa24,0,208,271,6.993556,9.111796,,,0,0,0,ADL,1.000000
Subject 1/ADL/11.mp4#f212-275,Subject 1/ADL/11.mp4,1,gmdcsa24,0,212,275,7.128047,9.246287,,,0,0,0,ADL,1.000000
Subject 1/ADL/12.mp4#f0-63,Subject 1/ADL/12.mp4,1,gmdcsa24,0,0,63,0.000000,2.118168,,,0,0,0,ADL,1.000000
Subject 1/ADL/12.mp4#f4-67,Subject 1/ADL/12.mp4,1,gmdcsa24,0,4,67,0.134487,2.252655,,,0,0,0,ADL,1.000000
Subject 1/ADL/12.mp4#f8-71,Subject 1/ADL/12.mp4,1,gmdcsa24,0,8,71,0.268974,2.387142,,,0,0,0,ADL,1.000000
Subject 1/ADL/12.mp4#f12-75,Subject 1/ADL/12.mp4,1,gmdcsa24,0,12,75,0.403461,2.521628,,,0,0,0,ADL,1.000000
Subject 1/ADL/12.mp4#f16-79,Subject 1/ADL/12.mp4,1,gmdcsa24,0,16,79,0.537947,2.656115,,,0,0,0,ADL,1.000000
Subject 1/ADL/12.mp4#f20-83,Subject 1/ADL/12.mp4,1,gmdcsa24,0,20,83,0.672434,2.790602,,,0,0,0,ADL,1.000000
Subject 1/ADL/12.mp4#f24-87,Subject 1/ADL/12.mp4,1,gmdcsa24,0,24,87,0.806921,2.925089,,,0,0,0,ADL,1.000000
Subject 1/ADL/12.mp4#f28-91,Subject 1/ADL/12.mp4,1,gmdcsa24,0,28,91,0.941408,3.059576,,,0,0,0,ADL,1.000000
Subject 1/ADL/12.mp4#f32-95,Subject 1/ADL/12.mp4,1,gmdcsa24,0,32,95,1.075895,3.194063,,,0,0,0,ADL,1.000000
Subject 1/ADL/12.mp4#f36-99,Subject 1/ADL/12.mp4,1,gmdcsa24,0,36,99,1.210382,3.328549,,,0,0,0,ADL,1.000000
Subject 1/ADL/12.mp4#f40-103,Subject 1/ADL/12.mp4,1,gmdcsa24,0,40,103,1.344868,3.463036,,,0,0,0,ADL,1.000000
Subject 1/ADL/12.mp4#f44-107,Subject 1/ADL/12.mp4,1,gmdcsa24,0,44,107,1.479355,3.597523,,,0,0,0,ADL,1.000000
Subject 1/ADL/12.mp4#f48-111,Subject 1/ADL/12.mp4,1,gmdcsa24,0,48,111,1.613842,3.732010,,,0,0,0,ADL,1.000000
Subject 1/ADL/12.mp4#f52-115,Subject 1/ADL/12.mp4,1,gmdcsa24,0,52,115,1.748329,3.866497,,,0,0,0,ADL,1.000000
Subject 1/ADL/12.mp4#f56-119,Subject 1/ADL/12.mp4,1,gmdcsa24,0,56,119,1.882816,4.000984,,,0,0,0,ADL,1.000000
Subject 1/ADL/12.mp4#f60-123,Subject 1/ADL/12.mp4,1,gmdcsa24,0,60,123,2.017303,4.135471,,,0,0,0,ADL,1.000000
Subject 1/ADL/12.mp4#f64-127,Subject 1/ADL/12.mp4,1,gmdcsa24,0,64,127,2.151790,4.269957,,,0,0,0,ADL,1.000000
Subject 1/ADL/12.mp4#f68-131,Subject 1/ADL/12.mp4,1,gmdcsa24,0,68,131,2.286276,4.404444,,,0,0,0,ADL,1.000000
Subject 1/ADL/12.mp4#f72-135,Subject 1/ADL/12.mp4,1,gmdcsa24,0,72,135,2.420763,4.538931,,,0,0,0,ADL,1.000000
Subject 1/ADL/12.mp4#f76-139,Subject 1/ADL/12.mp4,1,gmdcsa24,0,76,139,2.555250,4.673418,,,0,0,0,ADL,1.000000
Subject 1/ADL/12.mp4#f80-143,Subject 1/ADL/12.mp4,1,gmdcsa24,0,80,143,2.689737,4.807905,,,0,0,0,ADL,1.000000
Subject 1/ADL/12.mp4#f84-147,Subject 1/ADL/12.mp4,1,gmdcsa24,0,84,147,2.824224,4.942392,,,0,0,0,ADL,1.000000
Subject 1/ADL/12.mp4#f88-151,Subject 1/ADL/12.mp4,1,gmdcsa24,0,88,151,2.958711,5.076879,,,0,0,0,ADL,1.000000
Subject 1/ADL/12.mp4#f92-155,Subject 1/ADL/12.mp4,1,gmdcsa24,0,92,155,3.093198,5.211365,,,0,0,0,ADL,1.000000
Subject 1/ADL/12.mp4#f96-159,Subject 1/ADL/12.mp4,1,gmdcsa24,0,96,159,3.227684,5.345852,,,0,0,0,ADL,1.000000
Subject 1/ADL/12.mp4#f100-163,Subject 1/ADL/12.mp4,1,gmdcsa24,0,100,163,3.362171,5.480339,,,0,0,0,ADL,1.000000
Subject 1/ADL/12.mp4#f104-167,Subject 1/ADL/12.mp4,1,gmdcsa24,0,104,167,3.496658,5.614826,,,0,0,0,ADL,1.000000
Subject 1/ADL/12.mp4#f108-171,Subject 1/ADL/12.mp4,1,gmdcsa24,0,108,171,3.631145,5.749313,,,0,0,0,ADL,1.000000
Subject 1/ADL/12.mp4#f112-175,Subject 1/ADL/12.mp4,1,gmdcsa24,0,112,175,3.765632,5.883800,,,0,0,0,ADL,1.000000
Subject 1/ADL/12.mp4#f116-179,Subject 1/ADL/12.mp4,1,gmdcsa24,0,116,179,3.900119,6.018286,,,0,0,0,ADL,1.000000
Subject 1/ADL/12.mp4#f120-183,Subject 1/ADL/12.mp4,1,gmdcsa24,0,120,183,4.034605,6.152773,,,0,0,0,ADL,1.000000
Subject 1/ADL/12.mp4#f124-187,Subject 1/ADL/12.mp4,1,gmdcsa24,0,124,187,4.169092,6.287260,,,0,0,0,ADL,1.000000
Subject 1/ADL/12.mp4#f128-191,Subject 1/ADL/12.mp4,1,gmdcsa24,0,128,191,4.303579,6.421747,,,0,0,0,ADL,1.000000
Subject 1/ADL/12.mp4#f132-195,Subject 1/ADL/12.mp4,1,gmdcsa24,0,132,195,4.438066,6.556234,,,0,0,0,ADL,1.000000
Subject 1/ADL/12.mp4#f136-199,Subject 1/ADL/12.mp4,1,gmdcsa24,0,136,199,4.572553,6.690721,,,0,0,0,ADL,1.000000
Subject 1/ADL/12.mp4#f140-203,Subject 1/ADL/12.mp4,1,gmdcsa24,0,140,203,4.707040,6.825208,,,0,0,0,ADL,1.000000
Subject 1/ADL/12.mp4#f144-207,Subject 1/ADL/12.mp4,1,gmdcsa24,0,144,207,4.841527,6.959694,,,0,0,0,ADL,1.000000
Subject 1/ADL/12.mp4#f148-211,Subject 1/ADL/12.mp4,1,gmdcsa24,0,148,211,4.976013,7.094181,,,0,0,0,ADL,1.000000
Subject 1/ADL/12.mp4#f152-215,Subject 1/ADL/12.mp4,1,gmdcsa24,0,152,215,5.110500,7.228668,,,0,0,0,ADL,1.000000
Subject 1/ADL/13.mp4#f0-63,Subject 1/ADL/13.mp4,1,gmdcsa24,0,0,63,0.000000,2.124346,,,0,0,0,ADL,1.000000
Subject 1/ADL/13.mp4#f4-67,Subject 1/ADL/13.mp4,1,gmdcsa24,0,4,67,0.134879,2.259226,,,0,0,0,ADL,1.000000
Subject 1/ADL/13.mp4#f8-71,Subject 1/ADL/13.mp4,1,gmdcsa24,0,8,71,0.269758,2.394105,,,0,0,0,ADL,1.000000
Subject 1/ADL/13.mp4#f12-75,Subject 1/ADL/13.mp4,1,gmdcsa24,0,12,75,0.404637,2.528984,,,0,0,0,ADL,1.000000
Subject 1/ADL/13.mp4#f16-79,Subject 1/ADL/13.mp4,1,gmdcsa24,0,16,79,0.539517,2.663863,,,0,0,0,ADL,1.000000
Subject 1/ADL/13.mp4#f20-83,Subject 1/ADL/13.mp4,1,gmdcsa24,0,20,83,0.674396,2.798742,,,0,0,0,ADL,1.000000
Subject 1/ADL/13.mp4#f24-87,Subject 1/ADL/13.mp4,1,gmdcsa24,0,24,87,0.809275,2.933621,,,0,0,0,ADL,1.000000
Subject 1/ADL/13.mp4#f28-91,Subject 1/ADL/13.mp4,1,gmdcsa24,0,28,91,0.944154,3.068500,,,0,0,0,ADL,1.000000
Subject 1/ADL/13.mp4#f32-95,Subject 1/ADL/13.mp4,1,gmdcsa24,0,32,95,1.079033,3.203380,,,0,0,0,ADL,1.000000
Subject 1/ADL/13.mp4#f36-99,Subject 1/ADL/13.mp4,1,gmdcsa24,0,36,99,1.213912,3.338259,,,0,0,0,ADL,1.000000
Subject 1/ADL/13.mp4#f40-103,Subject 1/ADL/13.mp4,1,gmdcsa24,0,40,103,1.348791,3.473138,,,0,0,0,ADL,1.000000
Subject 1/ADL/13.mp4#f44-107,Subject 1/ADL/13.mp4,1,gmdcsa24,0,44,107,1.483671,3.608017,,,0,0,0,ADL,1.000000
Subject 1/ADL/13.mp4#f48-111,Subject 1/ADL/13.mp4,1,gmdcsa24,0,48,111,1.618550,3.742896,,,0,0,0,ADL,1.000000
Subject 1/ADL/13.mp4#f52-115,Subject 1/ADL/13.mp4,1,gmdcsa24,0,52,115,1.753429,3.877775,,,0,0,0,ADL,1.000000
Subject 1/ADL/13.mp4#f56-119,Subject 1/ADL/13.mp4,1,gmdcsa24,0,56,119,1.888308,4.012654,,,0,0,0,ADL,1.000000
Subject 1/ADL/13.mp4#f60-123,Subject 1/ADL/13.mp4,1,gmdcsa24,0,60,123,2.023187,4.147534,,,0,0,0,ADL,1.000000
Subject 1/ADL/13.mp4#f64-127,Subject 1/ADL/13.mp4,1,gmdcsa24,0,64,127,2.158066,4.282413,,,0,0,0,ADL,1.000000
Subject 1/ADL/13.mp4#f68-131,Subject 1/ADL/13.mp4,1,gmdcsa24,0,68,131,2.292945,4.417292,,,0,0,0,ADL,1.000000
Subject 1/ADL/13.mp4#f72-135,Subject 1/ADL/13.mp4,1,gmdcsa24,0,72,135,2.427825,4.552171,,,0,0,0,ADL,1.000000
Subject 1/ADL/13.mp4#f76-139,Subject 1/ADL/13.mp4,1,gmdcsa24,0,76,139,2.562704,4.687050,,,0,0,0,ADL,1.000000
Subject 1/ADL/13.mp4#f80-143,Subject 1/ADL/13.mp4,1,gmdcsa24,0,80,143,2.697583,4.821929,,,0,0,0,ADL,1.000000
Subject 1/ADL/13.mp4#f84-147,Subject 1/ADL/13.mp4,1,gmdcsa24,0,84,147,2.832462,4.956808,,,0,0,0,ADL,1.000000
Subject 1/ADL/13.mp4#f88-151,Subject 1/ADL/13.mp4,1,gmdcsa24,0,88,151,2.967341,5.091688,,,0,0,0,ADL,1.000000
Subject 1/ADL/13.mp4#f92-155,Subject 1/ADL/13.mp4,1,gmdcsa24,0,92,155,3.102220,5.226567,,,0,0,0,ADL,1.000000
Subject 1/ADL/13.mp4#f96-159,Subject 1/ADL/13.mp4,1,gmdcsa24,0,96,159,3.237099,5.361446,,,0,0,0,ADL,1.000000
Subject 1/ADL/13.mp4#f100-163,Subject 1/ADL/13.mp4,1,gmdcsa24,0,100,163,3.371979,5.496325,,,0,0,0,ADL,1.000000
Subject 1/ADL/13.mp4#f104-167,Subject 1/ADL/13.mp4,1,gmdcsa24,0,104,167,3.506858,5.631204,,,0,0,0,ADL,1.000000
Subject 1/ADL/13.mp4#f108-171,Subject 1/ADL/13.mp4,1,gmdcsa24,0,108,171,3.641737,5.766083,,,0,0,0,ADL,1.000000
Subject 1/ADL/13.mp4#f112-175,Subject 1/ADL/13.mp4,1,gmdcsa24,0,112,175,3.776616,5.900962,,,0,0,0,ADL,1.000000
Subject 1/ADL/13.mp4#f116-179,Subject 1/ADL/13.mp4,1,gmdcsa24,0,116,179,3.911495,6.035842,,,0,0,0,ADL,1.000000
Subject 1/ADL/13.mp4#f120-183,Subject 1/ADL/13.mp4,1,gmdcsa24,0,120,183,4.046374,6.170721,,,0,0,0,ADL,1.000000
Subject 1/ADL/14.mp4#f0-63,Subject 1/ADL/14.mp4,1,gmdcsa24,0,0,63,0.000000,2.133139,,,0,0,0,ADL,1.000000
Subject 1/ADL/14.mp4#f4-67,Subject 1/ADL/14.mp4,1,gmdcsa24,0,4,67,0.135437,2.268576,,,0,0,0,ADL,1.000000
Subject 1/ADL/14.mp4#f8-71,Subject 1/ADL/14.mp4,1,gmdcsa24,0,8,71,0.270875,2.404014,,,0,0,0,ADL,1.000000
Subject 1/ADL/14.mp4#f12-75,Subject 1/ADL/14.mp4,1,gmdcsa24,0,12,75,0.406312,2.539451,,,0,0,0,ADL,1.000000
Subject 1/ADL/14.mp4#f16-79,Subject 1/ADL/14.mp4,1,gmdcsa24,0,16,79,0.541750,2.674888,,,0,0,0,ADL,1.000000
Subject 1/ADL/14.mp4#f20-83,Subject 1/ADL/14.mp4,1,gmdcsa24,0,20,83,0.677187,2.810326,,,0,0,0,ADL,1.000000
Subject 1/ADL/14.mp4#f24-87,Subject 1/ADL/14.mp4,1,gmdcsa24,0,24,87,0.812624,2.945763,,,0,0,0,ADL,1.000000
Subject 1/ADL/14.mp4#f28-91,Subject 1/ADL/14.mp4,1,gmdcsa24,0,28,91,0.948062,3.081200,,,0,0,0,ADL,1.000000
Subject 1/ADL/14.mp4#f32-95,Subject 1/ADL/14.mp4,1,gmdcsa24,0,32,95,1.083499,3.216638,,,0,0,0,ADL,1.000000
Subject 1/ADL/14.mp4#f36-99,Subject 1/ADL/14.mp4,1,gmdcsa24,0,36,99,1.218936,3.352075,,,0,0,0,ADL,1.000000
Subject 1/ADL/14.mp4#f40-103,Subject 1/ADL/14.mp4,1,gmdcsa24,0,40,103,1.354374,3.487513,,,0,0,0,ADL,1.000000
Subject 1/ADL/14.mp4#f44-107,Subject 1/ADL/14.mp4,1,gmdcsa24,0,44,107,1.489811,3.622950,,,0,0,0,ADL,1.000000
Subject 1/ADL/14.mp4#f48-111,Subject 1/ADL/14.mp4,1,gmdcsa24,0,48,111,1.625249,3.758387,,,0,0,0,ADL,1.000000
Subject 1/ADL/14.mp4#f52-115,Subject 1/ADL/14.mp4,1,gmdcsa24,0,52,115,1.760686,3.893825,,,0,0,0,ADL,1.000000
Subject 1/ADL/14.mp4#f56-119,Subject 1/ADL/14.mp4,1,gmdcsa24,0,56,119,1.896123,4.029262,,,0,0,0,ADL,1.000000
Subject 1/ADL/14.mp4#f60-123,Subject 1/ADL/14.mp4,1,gmdcsa24,0,60,123,2.031561,4.164700,,,0,0,0,ADL,1.000000
Subject 1/ADL/14.mp4#f64-127,Subject 1/ADL/14.mp4,1,gmdcsa24,0,64,127,2.166998,4.300137,,,0,0,0,ADL,1.000000
Subject 1/ADL/14.mp4#f68-131,Subject 1/ADL/14.mp4,1,gmdcsa24,0,68,131,2.302436,4.435574,,,0,0,0,ADL,1.000000
Subject 1/ADL/14.mp4#f72-135,Subject 1/ADL/14.mp4,1,gmdcsa24,0,72,135,2.437873,4.571012,,,0,0,0,ADL,1.000000
Subject 1/ADL/14.mp4#f76-139,Subject 1/ADL/14.mp4,1,gmdcsa24,0,76,139,2.573310,4.706449,,,0,0,0,ADL,1.000000
Subject 1/ADL/14.mp4#f80-143,Subject 1/ADL/14.mp4,1,gmdcsa24,0,80,143,2.708748,4.841886,,,0,0,0,ADL,1.000000
Subject 1/ADL/14.mp4#f84-147,Subject 1/ADL/14.mp4,1,gmdcsa24,0,84,147,2.844185,4.977324,,,0,0,0,ADL,1.000000
Subject 1/ADL/14.mp4#f88-151,Subject 1/ADL/14.mp4,1,gmdcsa24,0,88,151,2.979622,5.112761,,,0,0,0,ADL,1.000000
Subject 1/ADL/14.mp4#f92-155,Subject 1/ADL/14.mp4,1,gmdcsa24,0,92,155,3.115060,5.248199,,,0,0,0,ADL,1.000000
Subject 1/ADL/14.mp4#f96-159,Subject 1/ADL/14.mp4,1,gmdcsa24,0,96,159,3.250497,5.383636,,,0,0,0,ADL,1.000000
Subject 1/ADL/14.mp4#f100-163,Subject 1/ADL/14.mp4,1,gmdcsa24,0,100,163,3.385935,5.519073,,,0,0,0,ADL,1.000000
Subject 1/ADL/14.mp4#f104-167,Subject 1/ADL/14.mp4,1,gmdcsa24,0,104,167,3.521372,5.654511,,,0,0,0,ADL,1.000000
Subject 1/ADL/14.mp4#f108-171,Subject 1/ADL/14.mp4,1,gmdcsa24,0,108,171,3.656809,5.789948,,,0,0,0,ADL,1.000000
Subject 1/ADL/15.mp4#f0-63,Subject 1/ADL/15.mp4,1,gmdcsa24,0,0,63,0.000000,2.130480,,,0,0,0,ADL,1.000000
Subject 1/ADL/15.mp4#f4-67,Subject 1/ADL/15.mp4,1,gmdcsa24,0,4,67,0.135269,2.265748,,,0,0,0,ADL,1.000000
Subject 1/ADL/15.mp4#f8-71,Subject 1/ADL/15.mp4,1,gmdcsa24,0,8,71,0.270537,2.401017,,,0,0,0,ADL,1.000000
Subject 1/ADL/15.mp4#f12-75,Subject 1/ADL/15.mp4,1,gmdcsa24,0,12,75,0.405806,2.536285,,,0,0,0,ADL,1.000000
Subject 1/ADL/15.mp4#f16-79,Subject 1/ADL/15.mp4,1,gmdcsa24,0,16,79,0.541074,2.671554,,,0,0,0,ADL,1.000000
Subject 1/ADL/15.mp4#f20-83,Subject 1/ADL/15.mp4,1,gmdcsa24,0,20,83,0.676343,2.806823,,,0,0,0,ADL,1.000000
Subject 1/ADL/15.mp4#f24-87,Subject 1/ADL/15.mp4,1,gmdcsa24,0,24,87,0.811611,2.942091,,,0,0,0,ADL,1.000000
Subject 1/ADL/15.mp4#f28-91,Subject 1/ADL/15.mp4,1,gmdcsa24,0,28,91,0.946880,3.077360,,,0,0,0,ADL,1.000000
Subject 1/ADL/15.mp4#f32-95,Subject 1/ADL/15.mp4,1,gmdcsa24,0,32,95,1.082148,3.212628,,,0,0,0,ADL,1.000000
Subject 1/ADL/15.mp4#f36-99,Subject 1/ADL/15.mp4,1,gmdcsa24,0,36,99,1.217417,3.347897,,,0,0,0,ADL,1.000000
Subject 1/ADL/15.mp4#f40-103,Subject 1/ADL/15.mp4,1,gmdcsa24,0,40,103,1.352686,3.483165,,,0,0,0,ADL,1.000000
Subject 1/ADL/15.mp4#f44-107,Subject 1/ADL/15.mp4,1,gmdcsa24,0,44,107,1.487954,3.618434,,,0,0,0,ADL,1.000000
Subject 1/ADL/15.mp4#f48-111,Subject 1/ADL/15.mp4,1,gmdcsa24,0,48,111,1.623223,3.753702,,,0,0,0,ADL,1.000000
Subject 1/ADL/15.mp4#f52-115,Subject 1/ADL/15.mp4,1,gmdcsa24,0,52,115,1.758491,3.888971,,,0,0,0,ADL,1.000000
Subject 1/ADL/15.mp4#f56-119,Subject 1/ADL/15.mp4,1,gmdcsa24,0,56,119,1.893760,4.024240,,,0,0,0,ADL,1.000000
Subject 1/ADL/15.mp4#f60-123,Subject 1/ADL/15.mp4,1,gmdcsa24,0,60,123,2.029028,4.159508,,,0,0,0,ADL,1.000000
Subject 1/ADL/15.mp4#f64-127,Subject 1/ADL/15.mp4,1,gmdcsa24,0,64,127,2.164297,4.294777,,,0,0,0,ADL,1.000000
Subject 1/ADL/15.mp4#f68-131,Subject 1/ADL/15.mp4,1,gmdcsa24,0,68,131,2.299565,4.430045,,,0,0,0,ADL,1.000000
Subject 1/ADL/15.mp4#f72-135,Subject 1/ADL/15.mp4,1,gmdcsa24,0,72,135,2.434834,4.565314,,,0,0,0,ADL,1.000000
Subject 1/ADL/15.mp4#f76-139,Subject 1/ADL/15.mp4,1,gmdcsa24,0,76,139,2.570103,4.700582,,,0,0,0,ADL,1.000000
Subject 1/ADL/15.mp4#f80-143,Subject 1/ADL/15.mp4,1,gmdcsa24,0,80,143,2.705371,4.835851,,,0,0,0,ADL,1.000000
Subject 1/ADL/15.mp4#f84-147,Subject 1/ADL/15.mp4,1,gmdcsa24,0,84,147,2.840640,4.971119,,,0,0,0,ADL,1.000000
Subject 1/ADL/15.mp4#f88-151,Subject 1/ADL/15.mp4,1,gmdcsa24,0,88,151,2.975908,5.106388,,,0,0,0,ADL,1.000000
Subject 1/ADL/15.mp4#f92-155,Subject 1/ADL/15.mp4,1,gmdcsa24,0,92,155,3.111177,5.241656,,,0,0,0,ADL,1.000000
Subject 1/ADL/15.mp4#f96-159,Subject 1/ADL/15.mp4,1,gmdcsa24,0,96,159,3.246445,5.376925,,,0,0,0,ADL,1.000000
Subject 1/ADL/15.mp4#f100-163,Subject 1/ADL/15.mp4,1,gmdcsa24,0,100,163,3.381714,5.512194,,,0,0,0,ADL,1.000000
Subject 1/ADL/15.mp4#f104-167,Subject 1/ADL/15.mp4,1,gmdcsa24,0,104,167,3.516982,5.647462,,,0,0,0,ADL,1.000000
Subject 1/ADL/15.mp4#f108-171,Subject 1/ADL/15.mp4,1,gmdcsa24,0,108,171,3.652251,5.782731,,,0,0,0,ADL,1.000000
Subject 1/ADL/15.mp4#f112-175,Subject 1/ADL/15.mp4,1,gmdcsa24,0,112,175,3.787520,5.917999,,,0,0,0,ADL,1.000000
Subject 1/ADL/15.mp4#f116-179,Subject 1/ADL/15.mp4,1,gmdcsa24,0,116,179,3.922788,6.053268,,,0,0,0,ADL,1.000000
Subject 1/ADL/15.mp4#f120-183,Subject 1/ADL/15.mp4,1,gmdcsa24,0,120,183,4.058057,6.188536,,,0,0,0,ADL,1.000000
Subject 1/ADL/15.mp4#f124-187,Subject 1/ADL/15.mp4,1,gmdcsa24,0,124,187,4.193325,6.323805,,,0,0,0,ADL,1.000000
Subject 1/ADL/15.mp4#f128-191,Subject 1/ADL/15.mp4,1,gmdcsa24,0,128,191,4.328594,6.459073,,,0,0,0,ADL,1.000000
Subject 1/ADL/15.mp4#f132-195,Subject 1/ADL/15.mp4,1,gmdcsa24,0,132,195,4.463862,6.594342,,,0,0,0,ADL,1.000000
Subject 1/ADL/15.mp4#f136-199,Subject 1/ADL/15.mp4,1,gmdcsa24,0,136,199,4.599131,6.729611,,,0,0,0,ADL,1.000000
Subject 1/ADL/15.mp4#f140-203,Subject 1/ADL/15.mp4,1,gmdcsa24,0,140,203,4.734399,6.864879,,,0,0,0,ADL,1.000000
Subject 1/ADL/15.mp4#f144-207,Subject 1/ADL/15.mp4,1,gmdcsa24,0,144,207,4.869668,7.000148,,,0,0,0,ADL,1.000000
Subject 1/ADL/15.mp4#f148-211,Subject 1/ADL/15.mp4,1,gmdcsa24,0,148,211,5.004937,7.135416,,,0,0,0,ADL,1.000000
Subject 1/ADL/16.mp4#f0-63,Subject 1/ADL/16.mp4,1,gmdcsa24,0,0,63,0.000000,2.133156,,,0,0,0,ADL,1.000000
Subject 1/ADL/16.mp4#f4-67,Subject 1/ADL/16.mp4,1,gmdcsa24,0,4,67,0.135438,2.268594,,,0,0,0,ADL,1.000000
Subject 1/ADL/16.mp4#f8-71,Subject 1/ADL/16.mp4,1,gmdcsa24,0,8,71,0.270877,2.404033,,,0,0,0,ADL,1.000000
Subject 1/ADL/16.mp4#f12-75,Subject 1/ADL/16.mp4,1,gmdcsa24,0,12,75,0.406315,2.539471,,,0,0,0,ADL,1.000000
Subject 1/ADL/16.mp4#f16-79,Subject 1/ADL/16.mp4,1,gmdcsa24,0,16,79,0.541754,2.674910,,,0,0,0,ADL,1.000000
Subject 1/ADL/16.mp4#f20-83,Subject 1/ADL/16.mp4,1,gmdcsa24,0,20,83,0.677192,2.810348,,,0,0,0,ADL,1.000000
Subject 1/ADL/16.mp4#f24-87,Subject 1/ADL/16.mp4,1,gmdcsa24,0,24,87,0.812631,2.945786,,,0,0,0,ADL,1.000000
Subject 1/ADL/16.mp4#f28-91,Subject 1/ADL/16.mp4,1,gmdcsa24,0,28,91,0.948069,3.081225,,,0,0,0,ADL,1.000000
Subject 1/ADL/16.mp4#f32-95,Subject 1/ADL/16.mp4,1,gmdcsa24,0,32,95,1.083508,3.216663,,,0,0,0,ADL,1.000000
Subject 1/ADL/16.mp4#f36-99,Subject 1/ADL/16.mp4,1,gmdcsa24,0,36,99,1.218946,3.352102,,,0,0,0,ADL,1.000000
Subject 1/ADL/16.mp4#f40-103,Subject 1/ADL/16.mp4,1,gmdcsa24,0,40,103,1.354385,3.487540,,,0,0,0,ADL,1.000000
Subject 1/Fall/01.mp4#f0-63,Subject 1/Fall/01.mp4,1,gmdcsa24,1,0,63,0.000000,2.130683,3.400000,1.285174,0,1,1,PRE_FALL_1_2S,1.000000
Subject 1/Fall/01.mp4#f4-67,Subject 1/Fall/01.mp4,1,gmdcsa24,1,4,67,0.135281,2.265964,3.400000,1.149892,0,1,1,PRE_FALL_1_2S,1.000000
Subject 1/Fall/01.mp4#f8-71,Subject 1/Fall/01.mp4,1,gmdcsa24,1,8,71,0.270563,2.401246,3.400000,1.014611,0,1,1,PRE_FALL_1_2S,1.000000
Subject 1/Fall/01.mp4#f12-75,Subject 1/Fall/01.mp4,1,gmdcsa24,1,12,75,0.405844,2.536527,3.400000,0.879329,1,1,1,PRE_FALL_0_1S,1.000000
Subject 1/Fall/01.mp4#f16-79,Subject 1/Fall/01.mp4,1,gmdcsa24,1,16,79,0.541126,2.671808,3.400000,0.744048,1,1,1,PRE_FALL_0_1S,1.000000
Subject 1/Fall/01.mp4#f20-83,Subject 1/Fall/01.mp4,1,gmdcsa24,1,20,83,0.676407,2.807090,3.400000,0.608766,1,1,1,PRE_FALL_0_1S,1.000000
Subject 1/Fall/01.mp4#f24-87,Subject 1/Fall/01.mp4,1,gmdcsa24,1,24,87,0.811689,2.942371,3.400000,0.473485,1,1,1,PRE_FALL_0_1S,1.000000
Subject 1/Fall/01.mp4#f28-91,Subject 1/Fall/01.mp4,1,gmdcsa24,1,28,91,0.946970,3.077653,3.400000,0.338204,1,1,1,PRE_FALL_0_1S,1.000000
Subject 1/Fall/01.mp4#f32-95,Subject 1/Fall/01.mp4,1,gmdcsa24,1,32,95,1.082252,3.212934,3.400000,0.202922,1,1,1,PRE_FALL_0_1S,1.000000
Subject 1/Fall/01.mp4#f36-99,Subject 1/Fall/01.mp4,1,gmdcsa24,1,36,99,1.217533,3.348216,3.400000,0.067641,1,1,1,PRE_FALL_0_1S,1.000000
Subject 1/Fall/03.mp4#f0-63,Subject 1/Fall/03.mp4,1,gmdcsa24,1,0,63,0.000000,2.119676,2.500000,0.370102,1,1,1,PRE_FALL_0_1S,1.000000
Subject 1/Fall/03.mp4#f4-67,Subject 1/Fall/03.mp4,1,gmdcsa24,1,4,67,0.134583,2.254258,2.500000,0.235520,1,1,1,PRE_FALL_0_1S,1.000000
Subject 1/Fall/03.mp4#f8-71,Subject 1/Fall/03.mp4,1,gmdcsa24,1,8,71,0.269165,2.388841,2.500000,0.100937,1,1,1,PRE_FALL_0_1S,1.000000
Subject 1/Fall/04.mp4#f0-63,Subject 1/Fall/04.mp4,1,gmdcsa24,1,0,63,0.000000,2.140835,2.300000,0.169908,1,1,1,PRE_FALL_0_1S,1.000000
Subject 1/Fall/04.mp4#f4-67,Subject 1/Fall/04.mp4,1,gmdcsa24,1,4,67,0.135926,2.276761,2.300000,0.033982,1,1,1,PRE_FALL_0_1S,1.000000
Subject 1/Fall/06.mp4#f0-63,Subject 1/Fall/06.mp4,1,gmdcsa24,1,0,63,0.000000,2.123821,2.200000,0.067423,1,1,1,PRE_FALL_0_1S,1.000000
Subject 1/Fall/16.mp4#f0-63,Subject 1/Fall/16.mp4,1,gmdcsa24,1,0,63,0.000000,2.122265,2.800000,0.673735,1,1,1,PRE_FALL_0_1S,1.000000
Subject 1/Fall/16.mp4#f4-67,Subject 1/Fall/16.mp4,1,gmdcsa24,1,4,67,0.134747,2.257012,2.800000,0.538988,1,1,1,PRE_FALL_0_1S,1.000000
Subject 1/Fall/16.mp4#f8-71,Subject 1/Fall/16.mp4,1,gmdcsa24,1,8,71,0.269494,2.391759,2.800000,0.404241,1,1,1,PRE_FALL_0_1S,1.000000
Subject 1/Fall/16.mp4#f12-75,Subject 1/Fall/16.mp4,1,gmdcsa24,1,12,75,0.404241,2.526506,2.800000,0.269494,1,1,1,PRE_FALL_0_1S,1.000000
Subject 1/Fall/16.mp4#f16-79,Subject 1/Fall/16.mp4,1,gmdcsa24,1,16,79,0.538988,2.661253,2.800000,0.134747,1,1,1,PRE_FALL_0_1S,1.000000
Subject 2/ADL/01.mp4#f0-63,Subject 2/ADL/01.mp4,2,gmdcsa24,0,0,63,0.000000,2.111179,,,0,0,0,ADL,1.000000
Subject 2/ADL/01.mp4#f4-67,Subject 2/ADL/01.mp4,2,gmdcsa24,0,4,67,0.134043,2.245222,,,0,0,0,ADL,1.000000
Subject 2/ADL/01.mp4#f8-71,Subject 2/ADL/01.mp4,2,gmdcsa24,0,8,71,0.268086,2.379266,,,0,0,0,ADL,1.000000
Subject 2/ADL/01.mp4#f12-75,Subject 2/ADL/01.mp4,2,gmdcsa24,0,12,75,0.402129,2.513309,,,0,0,0,ADL,1.000000
Subject 2/ADL/01.mp4#f16-79,Subject 2/ADL/01.mp4,2,gmdcsa24,0,16,79,0.536173,2.647352,,,0,0,0,ADL,1.000000
Subject 2/ADL/01.mp4#f20-83,Subject 2/ADL/01.mp4,2,gmdcsa24,0,20,83,0.670216,2.781395,,,0,0,0,ADL,1.000000
Subject 2/ADL/01.mp4#f24-87,Subject 2/ADL/01.mp4,2,gmdcsa24,0,24,87,0.804259,2.915438,,,0,0,0,ADL,1.000000
Subject 2/ADL/01.mp4#f28-91,Subject 2/ADL/01.mp4,2,gmdcsa24,0,28,91,0.938302,3.049481,,,0,0,0,ADL,1.000000
Subject 2/ADL/01.mp4#f32-95,Subject 2/ADL/01.mp4,2,gmdcsa24,0,32,95,1.072345,3.183524,,,0,0,0,ADL,1.000000
Subject 2/ADL/01.mp4#f36-99,Subject 2/ADL/01.mp4,2,gmdcsa24,0,36,99,1.206388,3.317568,,,0,0,0,ADL,1.000000
Subject 2/ADL/01.mp4#f40-103,Subject 2/ADL/01.mp4,2,gmdcsa24,0,40,103,1.340431,3.451611,,,0,0,0,ADL,1.000000
Subject 2/ADL/01.mp4#f44-107,Subject 2/ADL/01.mp4,2,gmdcsa24,0,44,107,1.474474,3.585654,,,0,0,0,ADL,1.000000
Subject 2/ADL/01.mp4#f48-111,Subject 2/ADL/01.mp4,2,gmdcsa24,0,48,111,1.608518,3.719697,,,0,0,0,ADL,1.000000
Subject 2/ADL/01.mp4#f52-115,Subject 2/ADL/01.mp4,2,gmdcsa24,0,52,115,1.742561,3.853740,,,0,0,0,ADL,1.000000
Subject 2/ADL/01.mp4#f56-119,Subject 2/ADL/01.mp4,2,gmdcsa24,0,56,119,1.876604,3.987783,,,0,0,0,ADL,1.000000
Subject 2/ADL/01.mp4#f60-123,Subject 2/ADL/01.mp4,2,gmdcsa24,0,60,123,2.010647,4.121826,,,0,0,0,ADL,1.000000
Subject 2/ADL/01.mp4#f64-127,Subject 2/ADL/01.mp4,2,gmdcsa24,0,64,127,2.144690,4.255869,,,0,0,0,ADL,1.000000
Subject 2/ADL/01.mp4#f68-131,Subject 2/ADL/01.mp4,2,gmdcsa24,0,68,131,2.278733,4.389913,,,0,0,0,ADL,1.000000
Subject 2/ADL/01.mp4#f72-135,Subject 2/ADL/01.mp4,2,gmdcsa24,0,72,135,2.412776,4.523956,,,0,0,0,ADL,1.000000
Subject 2/ADL/01.mp4#f76-139,Subject 2/ADL/01.mp4,2,gmdcsa24,0,76,139,2.546820,4.657999,,,0,0,0,ADL,1.000000
Subject 2/ADL/01.mp4#f80-143,Subject 2/ADL/01.mp4,2,gmdcsa24,0,80,143,2.680863,4.792042,,,0,0,0,ADL,1.000000
Subject 2/ADL/01.mp4#f84-147,Subject 2/ADL/01.mp4,2,gmdcsa24,0,84,147,2.814906,4.926085,,,0,0,0,ADL,1.000000
Subject 2/ADL/01.mp4#f88-151,Subject 2/ADL/01.mp4,2,gmdcsa24,0,88,151,2.948949,5.060128,,,0,0,0,ADL,1.000000
Subject 2/ADL/01.mp4#f92-155,Subject 2/ADL/01.mp4,2,gmdcsa24,0,92,155,3.082992,5.194171,,,0,0,0,ADL,1.000000
Subject 2/ADL/01.mp4#f96-159,Subject 2/ADL/01.mp4,2,gmdcsa24,0,96,159,3.217035,5.328215,,,0,0,0,ADL,1.000000
Subject 2/ADL/01.mp4#f100-163,Subject 2/ADL/01.mp4,2,gmdcsa24,0,100,163,3.351078,5.462258,,,0,0,0,ADL,1.000000
Subject 2/ADL/01.mp4#f104-167,Subject 2/ADL/01.mp4,2,gmdcsa24,0,104,167,3.485121,5.596301,,,0,0,0,ADL,1.000000
Subject 2/ADL/01.mp4#f108-171,Subject 2/ADL/01.mp4,2,gmdcsa24,0,108,171,3.619165,5.730344,,,0,0,0,ADL,1.000000
Subject 2/ADL/01.mp4#f112-175,Subject 2/ADL/01.mp4,2,gmdcsa24,0,112,175,3.753208,5.864387,,,0,0,0,ADL,1.000000
Subject 2/ADL/01.mp4#f116-179,Subject 2/ADL/01.mp4,2,gmdcsa24,0,116,179,3.887251,5.998430,,,0,0,0,ADL,1.000000
Subject 2/ADL/01.mp4#f120-183,Subject 2/ADL/01.mp4,2,gmdcsa24,0,120,183,4.021294,6.132473,,,0,0,0,ADL,1.000000
Subject 2/ADL/01.mp4#f124-187,Subject 2/ADL/01.mp4,2,gmdcsa24,0,124,187,4.155337,6.266516,,,0,0,0,ADL,1.000000
Subject 2/ADL/01.mp4#f128-191,Subject 2/ADL/01.mp4,2,gmdcsa24,0,128,191,4.289380,6.400560,,,0,0,0,ADL,1.000000
Subject 2/ADL/01.mp4#f132-195,Subject 2/ADL/01.mp4,2,gmdcsa24,0,132,195,4.423423,6.534603,,,0,0,0,ADL,1.000000
Subject 2/ADL/01.mp4#f136-199,Subject 2/ADL/01.mp4,2,gmdcsa24,0,136,199,4.557467,6.668646,,,0,0,0,ADL,1.000000
Subject 2/ADL/01.mp4#f140-203,Subject 2/ADL/01.mp4,2,gmdcsa24,0,140,203,4.691510,6.802689,,,0,0,0,ADL,1.000000
Subject 2/ADL/01.mp4#f144-207,Subject 2/ADL/01.mp4,2,gmdcsa24,0,144,207,4.825553,6.936732,,,0,0,0,ADL,1.000000
Subject 2/ADL/01.mp4#f148-211,Subject 2/ADL/01.mp4,2,gmdcsa24,0,148,211,4.959596,7.070775,,,0,0,0,ADL,1.000000
Subject 2/ADL/01.mp4#f152-215,Subject 2/ADL/01.mp4,2,gmdcsa24,0,152,215,5.093639,7.204818,,,0,0,0,ADL,1.000000
Subject 2/ADL/01.mp4#f156-219,Subject 2/ADL/01.mp4,2,gmdcsa24,0,156,219,5.227682,7.338862,,,0,0,0,ADL,1.000000
Subject 2/ADL/01.mp4#f160-223,Subject 2/ADL/01.mp4,2,gmdcsa24,0,160,223,5.361725,7.472905,,,0,0,0,ADL,1.000000
Subject 2/ADL/01.mp4#f164-227,Subject 2/ADL/01.mp4,2,gmdcsa24,0,164,227,5.495768,7.606948,,,0,0,0,ADL,1.000000
Subject 2/ADL/01.mp4#f168-231,Subject 2/ADL/01.mp4,2,gmdcsa24,0,168,231,5.629812,7.740991,,,0,0,0,ADL,1.000000
Subject 2/ADL/01.mp4#f172-235,Subject 2/ADL/01.mp4,2,gmdcsa24,0,172,235,5.763855,7.875034,,,0,0,0,ADL,1.000000
Subject 2/ADL/01.mp4#f176-239,Subject 2/ADL/01.mp4,2,gmdcsa24,0,176,239,5.897898,8.009077,,,0,0,0,ADL,1.000000
Subject 2/ADL/01.mp4#f180-243,Subject 2/ADL/01.mp4,2,gmdcsa24,0,180,243,6.031941,8.143120,,,0,0,0,ADL,1.000000
Subject 2/ADL/01.mp4#f184-247,Subject 2/ADL/01.mp4,2,gmdcsa24,0,184,247,6.165984,8.277163,,,0,0,0,ADL,1.000000
Subject 2/ADL/01.mp4#f188-251,Subject 2/ADL/01.mp4,2,gmdcsa24,0,188,251,6.300027,8.411207,,,0,0,0,ADL,1.000000
Subject 2/ADL/01.mp4#f192-255,Subject 2/ADL/01.mp4,2,gmdcsa24,0,192,255,6.434070,8.545250,,,0,0,0,ADL,1.000000
Subject 2/ADL/01.mp4#f196-259,Subject 2/ADL/01.mp4,2,gmdcsa24,0,196,259,6.568114,8.679293,,,0,0,0,ADL,1.000000
Subject 2/ADL/01.mp4#f200-263,Subject 2/ADL/01.mp4,2,gmdcsa24,0,200,263,6.702157,8.813336,,,0,0,0,ADL,1.000000
Subject 2/ADL/01.mp4#f204-267,Subject 2/ADL/01.mp4,2,gmdcsa24,0,204,267,6.836200,8.947379,,,0,0,0,ADL,1.000000
Subject 2/ADL/01.mp4#f208-271,Subject 2/ADL/01.mp4,2,gmdcsa24,0,208,271,6.970243,9.081422,,,0,0,0,ADL,1.000000
Subject 2/ADL/01.mp4#f212-275,Subject 2/ADL/01.mp4,2,gmdcsa24,0,212,275,7.104286,9.215465,,,0,0,0,ADL,1.000000
Subject 2/ADL/01.mp4#f216-279,Subject 2/ADL/01.mp4,2,gmdcsa24,0,216,279,7.238329,9.349509,,,0,0,0,ADL,1.000000
Subject 2/ADL/01.mp4#f220-283,Subject 2/ADL/01.mp4,2,gmdcsa24,0,220,283,7.372372,9.483552,,,0,0,0,ADL,1.000000
Subject 2/ADL/01.mp4#f224-287,Subject 2/ADL/01.mp4,2,gmdcsa24,0,224,287,7.506415,9.617595,,,0,0,0,ADL,1.000000
Subject 2/ADL/01.mp4#f228-291,Subject 2/ADL/01.mp4,2,gmdcsa24,0,228,291,7.640459,9.751638,,,0,0,0,ADL,1.000000
Subject 2/ADL/01.mp4#f232-295,Subject 2/ADL/01.mp4,2,gmdcsa24,0,232,295,7.774502,9.885681,,,0,0,0,ADL,1.000000
Subject 2/ADL/01.mp4#f236-299,Subject 2/ADL/01.mp4,2,gmdcsa24,0,236,299,7.908545,10.019724,,,0,0,0,ADL,1.000000
Subject 2/ADL/01.mp4#f240-303,Subject 2/ADL/01.mp4,2,gmdcsa24,0,240,303,8.042588,10.153767,,,0,0,0,ADL,1.000000
Subject 2/ADL/01.mp4#f244-307,Subject 2/ADL/01.mp4,2,gmdcsa24,0,244,307,8.176631,10.287810,,,0,0,0,ADL,1.000000
Subject 2/ADL/01.mp4#f248-311,Subject 2/ADL/01.mp4,2,gmdcsa24,0,248,311,8.310674,10.421854,,,0,0,0,ADL,1.000000
Subject 2/ADL/01.mp4#f252-315,Subject 2/ADL/01.mp4,2,gmdcsa24,0,252,315,8.444717,10.555897,,,0,0,0,ADL,1.000000
Subject 2/ADL/01.mp4#f256-319,Subject 2/ADL/01.mp4,2,gmdcsa24,0,256,319,8.578761,10.689940,,,0,0,0,ADL,1.000000
Subject 2/ADL/01.mp4#f260-323,Subject 2/ADL/01.mp4,2,gmdcsa24,0,260,323,8.712804,10.823983,,,0,0,0,ADL,1.000000
Subject 2/ADL/01.mp4#f264-327,Subject 2/ADL/01.mp4,2,gmdcsa24,0,264,327,8.846847,10.958026,,,0,0,0,ADL,1.000000
Subject 2/ADL/01.mp4#f268-331,Subject 2/ADL/01.mp4,2,gmdcsa24,0,268,331,8.980890,11.092069,,,0,0,0,ADL,1.000000
Subject 2/ADL/01.mp4#f272-335,Subject 2/ADL/01.mp4,2,gmdcsa24,0,272,335,9.114933,11.226112,,,0,0,0,ADL,1.000000
Subject 2/ADL/01.mp4#f276-339,Subject 2/ADL/01.mp4,2,gmdcsa24,0,276,339,9.248976,11.360156,,,0,0,0,ADL,1.000000
Subject 2/ADL/02.mp4#f0-63,Subject 2/ADL/02.mp4,2,gmdcsa24,0,0,63,0.000000,2.110751,,,0,0,0,ADL,1.000000
Subject 2/ADL/02.mp4#f4-67,Subject 2/ADL/02.mp4,2,gmdcsa24,0,4,67,0.134016,2.244767,,,0,0,0,ADL,1.000000
Subject 2/ADL/02.mp4#f8-71,Subject 2/ADL/02.mp4,2,gmdcsa24,0,8,71,0.268032,2.378782,,,0,0,0,ADL,1.000000
Subject 2/ADL/02.mp4#f12-75,Subject 2/ADL/02.mp4,2,gmdcsa24,0,12,75,0.402048,2.512798,,,0,0,0,ADL,1.000000
Subject 2/ADL/02.mp4#f16-79,Subject 2/ADL/02.mp4,2,gmdcsa24,0,16,79,0.536064,2.646814,,,0,0,0,ADL,1.000000
Subject 2/ADL/02.mp4#f20-83,Subject 2/ADL/02.mp4,2,gmdcsa24,0,20,83,0.670080,2.780830,,,0,0,0,ADL,1.000000
Subject 2/ADL/02.mp4#f24-87,Subject 2/ADL/02.mp4,2,gmdcsa24,0,24,87,0.804095,2.914846,,,0,0,0,ADL,1.000000
Subject 2/ADL/02.mp4#f28-91,Subject 2/ADL/02.mp4,2,gmdcsa24,0,28,91,0.938111,3.048862,,,0,0,0,ADL,1.000000
Subject 2/ADL/02.mp4#f32-95,Subject 2/ADL/02.mp4,2,gmdcsa24,0,32,95,1.072127,3.182878,,,0,0,0,ADL,1.000000
Subject 2/ADL/02.mp4#f36-99,Subject 2/ADL/02.mp4,2,gmdcsa24,0,36,99,1.206143,3.316894,,,0,0,0,ADL,1.000000
Subject 2/ADL/02.mp4#f40-103,Subject 2/ADL/02.mp4,2,gmdcsa24,0,40,103,1.340159,3.450910,,,0,0,0,ADL,1.000000
Subject 2/ADL/02.mp4#f44-107,Subject 2/ADL/02.mp4,2,gmdcsa24,0,44,107,1.474175,3.584926,,,0,0,0,ADL,1.000000
Subject 2/ADL/02.mp4#f48-111,Subject 2/ADL/02.mp4,2,gmdcsa24,0,48,111,1.608191,3.718942,,,0,0,0,ADL,1.000000
Subject 2/ADL/02.mp4#f52-115,Subject 2/ADL/02.mp4,2,gmdcsa24,0,52,115,1.742207,3.852957,,,0,0,0,ADL,1.000000
Subject 2/ADL/02.mp4#f56-119,Subject 2/ADL/02.mp4,2,gmdcsa24,0,56,119,1.876223,3.986973,,,0,0,0,ADL,1.000000
Subject 2/ADL/02.mp4#f60-123,Subject 2/ADL/02.mp4,2,gmdcsa24,0,60,123,2.010239,4.120989,,,0,0,0,ADL,1.000000
Subject 2/ADL/02.mp4#f64-127,Subject 2/ADL/02.mp4,2,gmdcsa24,0,64,127,2.144255,4.255005,,,0,0,0,ADL,1.000000
Subject 2/ADL/02.mp4#f68-131,Subject 2/ADL/02.mp4,2,gmdcsa24,0,68,131,2.278270,4.389021,,,0,0,0,ADL,1.000000
Subject 2/ADL/02.mp4#f72-135,Subject 2/ADL/02.mp4,2,gmdcsa24,0,72,135,2.412286,4.523037,,,0,0,0,ADL,1.000000
Subject 2/ADL/02.mp4#f76-139,Subject 2/ADL/02.mp4,2,gmdcsa24,0,76,139,2.546302,4.657053,,,0,0,0,ADL,1.000000
Subject 2/ADL/02.mp4#f80-143,Subject 2/ADL/02.mp4,2,gmdcsa24,0,80,143,2.680318,4.791069,,,0,0,0,ADL,1.000000
Subject 2/ADL/02.mp4#f84-147,Subject 2/ADL/02.mp4,2,gmdcsa24,0,84,147,2.814334,4.925085,,,0,0,0,ADL,1.000000
Subject 2/ADL/02.mp4#f88-151,Subject 2/ADL/02.mp4,2,gmdcsa24,0,88,151,2.948350,5.059101,,,0,0,0,ADL,1.000000
Subject 2/ADL/02.mp4#f92-155,Subject 2/ADL/02.mp4,2,gmdcsa24,0,92,155,3.082366,5.193117,,,0,0,0,ADL,1.000000
Subject 2/ADL/02.mp4#f96-159,Subject 2/ADL/02.mp4,2,gmdcsa24,0,96,159,3.216382,5.327132,,,0,0,0,ADL,1.000000
Subject 2/ADL/02.mp4#f100-163,Subject 2/ADL/02.mp4,2,gmdcsa24,0,100,163,3.350398,5.461148,,,0,0,0,ADL,1.000000
Subject 2/ADL/02.mp4#f104-167,Subject 2/ADL/02.mp4,2,gmdcsa24,0,104,167,3.484414,5.595164,,,0,0,0,ADL,1.000000
Subject 2/ADL/02.mp4#f108-171,Subject 2/ADL/02.mp4,2,gmdcsa24,0,108,171,3.618430,5.729180,,,0,0,0,ADL,1.000000
Subject 2/ADL/02.mp4#f112-175,Subject 2/ADL/02.mp4,2,gmdcsa24,0,112,175,3.752446,5.863196,,,0,0,0,ADL,1.000000
Subject 2/ADL/02.mp4#f116-179,Subject 2/ADL/02.mp4,2,gmdcsa24,0,116,179,3.886461,5.997212,,,0,0,0,ADL,1.000000
Subject 2/ADL/02.mp4#f120-183,Subject 2/ADL/02.mp4,2,gmdcsa24,0,120,183,4.020477,6.131228,,,0,0,0,ADL,1.000000
Subject 2/ADL/02.mp4#f124-187,Subject 2/ADL/02.mp4,2,gmdcsa24,0,124,187,4.154493,6.265244,,,0,0,0,ADL,1.000000
Subject 2/ADL/02.mp4#f128-191,Subject 2/ADL/02.mp4,2,gmdcsa24,0,128,191,4.288509,6.399260,,,0,0,0,ADL,1.000000
Subject 2/ADL/02.mp4#f132-195,Subject 2/ADL/02.mp4,2,gmdcsa24,0,132,195,4.422525,6.533276,,,0,0,0,ADL,1.000000
Subject 2/ADL/02.mp4#f136-199,Subject 2/ADL/02.mp4,2,gmdcsa24,0,136,199,4.556541,6.667292,,,0,0,0,ADL,1.000000
Subject 2/ADL/02.mp4#f140-203,Subject 2/ADL/02.mp4,2,gmdcsa24,0,140,203,4.690557,6.801307,,,0,0,0,ADL,1.000000
Subject 2/ADL/02.mp4#f144-207,Subject 2/ADL/02.mp4,2,gmdcsa24,0,144,207,4.824573,6.935323,,,0,0,0,ADL,1.000000
Subject 2/ADL/02.mp4#f148-211,Subject 2/ADL/02.mp4,2,gmdcsa24,0,148,211,4.958589,7.069339,,,0,0,0,ADL,1.000000
Subject 2/ADL/02.mp4#f152-215,Subject 2/ADL/02.mp4,2,gmdcsa24,0,152,215,5.092605,7.203355,,,0,0,0,ADL,1.000000
Subject 2/ADL/02.mp4#f156-219,Subject 2/ADL/02.mp4,2,gmdcsa24,0,156,219,5.226621,7.337371,,,0,0,0,ADL,1.000000
Subject 2/ADL/02.mp4#f160-223,Subject 2/ADL/02.mp4,2,gmdcsa24,0,160,223,5.360636,7.471387,,,0,0,0,ADL,1.000000
Subject 2/ADL/02.mp4#f164-227,Subject 2/ADL/02.mp4,2,gmdcsa24,0,164,227,5.494652,7.605403,,,0,0,0,ADL,1.000000
Subject 2/ADL/02.mp4#f168-231,Subject 2/ADL/02.mp4,2,gmdcsa24,0,168,231,5.628668,7.739419,,,0,0,0,ADL,1.000000
Subject 2/ADL/02.mp4#f172-235,Subject 2/ADL/02.mp4,2,gmdcsa24,0,172,235,5.762684,7.873435,,,0,0,0,ADL,1.000000
Subject 2/ADL/02.mp4#f176-239,Subject 2/ADL/02.mp4,2,gmdcsa24,0,176,239,5.896700,8.007451,,,0,0,0,ADL,1.000000
Subject 2/ADL/02.mp4#f180-243,Subject 2/ADL/02.mp4,2,gmdcsa24,0,180,243,6.030716,8.141467,,,0,0,0,ADL,1.000000
Subject 2/ADL/02.mp4#f184-247,Subject 2/ADL/02.mp4,2,gmdcsa24,0,184,247,6.164732,8.275482,,,0,0,0,ADL,1.000000
Subject 2/ADL/02.mp4#f188-251,Subject 2/ADL/02.mp4,2,gmdcsa24,0,188,251,6.298748,8.409498,,,0,0,0,ADL,1.000000
Subject 2/ADL/02.mp4#f192-255,Subject 2/ADL/02.mp4,2,gmdcsa24,0,192,255,6.432764,8.543514,,,0,0,0,ADL,1.000000
Subject 2/ADL/02.mp4#f196-259,Subject 2/ADL/02.mp4,2,gmdcsa24,0,196,259,6.566780,8.677530,,,0,0,0,ADL,1.000000
Subject 2/ADL/02.mp4#f200-263,Subject 2/ADL/02.mp4,2,gmdcsa24,0,200,263,6.700796,8.811546,,,0,0,0,ADL,1.000000
Subject 2/ADL/02.mp4#f204-267,Subject 2/ADL/02.mp4,2,gmdcsa24,0,204,267,6.834811,8.945562,,,0,0,0,ADL,1.000000
Subject 2/ADL/02.mp4#f208-271,Subject 2/ADL/02.mp4,2,gmdcsa24,0,208,271,6.968827,9.079578,,,0,0,0,ADL,1.000000
Subject 2/ADL/02.mp4#f212-275,Subject 2/ADL/02.mp4,2,gmdcsa24,0,212,275,7.102843,9.213594,,,0,0,0,ADL,1.000000
Subject 2/ADL/02.mp4#f216-279,Subject 2/ADL/02.mp4,2,gmdcsa24,0,216,279,7.236859,9.347610,,,0,0,0,ADL,1.000000
Subject 2/ADL/02.mp4#f220-283,Subject 2/ADL/02.mp4,2,gmdcsa24,0,220,283,7.370875,9.481626,,,0,0,0,ADL,1.000000
Subject 2/ADL/02.mp4#f224-287,Subject 2/ADL/02.mp4,2,gmdcsa24,0,224,287,7.504891,9.615642,,,0,0,0,ADL,1.000000
Subject 2/ADL/02.mp4#f228-291,Subject 2/ADL/02.mp4,2,gmdcsa24,0,228,291,7.638907,9.749658,,,0,0,0,ADL,1.000000
Subject 2/ADL/02.mp4#f232-295,Subject 2/ADL/02.mp4,2,gmdcsa24,0,232,295,7.772923,9.883673,,,0,0,0,ADL,1.000000
Subject 2/ADL/02.mp4#f236-299,Subject 2/ADL/02.mp4,2,gmdcsa24,0,236,299,7.906939,10.017689,,,0,0,0,ADL,1.000000
Subject 2/ADL/02.mp4#f240-303,Subject 2/ADL/02.mp4,2,gmdcsa24,0,240,303,8.040955,10.151705,,,0,0,0,ADL,1.000000
Subject 2/ADL/02.mp4#f244-307,Subject 2/ADL/02.mp4,2,gmdcsa24,0,244,307,8.174971,10.285721,,,0,0,0,ADL,1.000000
Subject 2/ADL/02.mp4#f248-311,Subject 2/ADL/02.mp4,2,gmdcsa24,0,248,311,8.308986,10.419737,,,0,0,0,ADL,1.000000
Subject 2/ADL/02.mp4#f252-315,Subject 2/ADL/02.mp4,2,gmdcsa24,0,252,315,8.443002,10.553753,,,0,0,0,ADL,1.000000
Subject 2/ADL/02.mp4#f256-319,Subject 2/ADL/02.mp4,2,gmdcsa24,0,256,319,8.577018,10.687769,,,0,0,0,ADL,1.000000
Subject 2/ADL/02.mp4#f260-323,Subject 2/ADL/02.mp4,2,gmdcsa24,0,260,323,8.711034,10.821785,,,0,0,0,ADL,1.000000
Subject 2/ADL/02.mp4#f264-327,Subject 2/ADL/02.mp4,2,gmdcsa24,0,264,327,8.845050,10.955801,,,0,0,0,ADL,1.000000
Subject 2/ADL/02.mp4#f268-331,Subject 2/ADL/02.mp4,2,gmdcsa24,0,268,331,8.979066,11.089817,,,0,0,0,ADL,1.000000
Subject 2/ADL/02.mp4#f272-335,Subject 2/ADL/02.mp4,2,gmdcsa24,0,272,335,9.113082,11.223833,,,0,0,0,ADL,1.000000
Subject 2/ADL/02.mp4#f276-339,Subject 2/ADL/02.mp4,2,gmdcsa24,0,276,339,9.247098,11.357848,,,0,0,0,ADL,1.000000
Subject 2/ADL/02.mp4#f280-343,Subject 2/ADL/02.mp4,2,gmdcsa24,0,280,343,9.381114,11.491864,,,0,0,0,ADL,1.000000
Subject 2/ADL/02.mp4#f284-347,Subject 2/ADL/02.mp4,2,gmdcsa24,0,284,347,9.515130,11.625880,,,0,0,0,ADL,1.000000
Subject 2/ADL/02.mp4#f288-351,Subject 2/ADL/02.mp4,2,gmdcsa24,0,288,351,9.649146,11.759896,,,0,0,0,ADL,1.000000
Subject 2/ADL/03.mp4#f0-63,Subject 2/ADL/03.mp4,2,gmdcsa24,0,0,63,0.000000,2.112506,,,0,0,0,ADL,1.000000
Subject 2/ADL/03.mp4#f4-67,Subject 2/ADL/03.mp4,2,gmdcsa24,0,4,67,0.134127,2.246633,,,0,0,0,ADL,1.000000
Subject 2/ADL/03.mp4#f8-71,Subject 2/ADL/03.mp4,2,gmdcsa24,0,8,71,0.268255,2.380760,,,0,0,0,ADL,1.000000
Subject 2/ADL/03.mp4#f12-75,Subject 2/ADL/03.mp4,2,gmdcsa24,0,12,75,0.402382,2.514888,,,0,0,0,ADL,1.000000
Subject 2/ADL/03.mp4#f16-79,Subject 2/ADL/03.mp4,2,gmdcsa24,0,16,79,0.536509,2.649015,,,0,0,0,ADL,1.000000
Subject 2/ADL/03.mp4#f20-83,Subject 2/ADL/03.mp4,2,gmdcsa24,0,20,83,0.670637,2.783142,,,0,0,0,ADL,1.000000
Subject 2/ADL/03.mp4#f24-87,Subject 2/ADL/03.mp4,2,gmdcsa24,0,24,87,0.804764,2.917270,,,0,0,0,ADL,1.000000
Subject 2/ADL/03.mp4#f28-91,Subject 2/ADL/03.mp4,2,gmdcsa24,0,28,91,0.938891,3.051397,,,0,0,0,ADL,1.000000
Subject 2/ADL/03.mp4#f32-95,Subject 2/ADL/03.mp4,2,gmdcsa24,0,32,95,1.073019,3.185524,,,0,0,0,ADL,1.000000
Subject 2/ADL/03.mp4#f36-99,Subject 2/ADL/03.mp4,2,gmdcsa24,0,36,99,1.207146,3.319652,,,0,0,0,ADL,1.000000
Subject 2/ADL/03.mp4#f40-103,Subject 2/ADL/03.mp4,2,gmdcsa24,0,40,103,1.341273,3.453779,,,0,0,0,ADL,1.000000
Subject 2/ADL/03.mp4#f44-107,Subject 2/ADL/03.mp4,2,gmdcsa24,0,44,107,1.475401,3.587906,,,0,0,0,ADL,1.000000
Subject 2/ADL/03.mp4#f48-111,Subject 2/ADL/03.mp4,2,gmdcsa24,0,48,111,1.609528,3.722034,,,0,0,0,ADL,1.000000
Subject 2/ADL/03.mp4#f52-115,Subject 2/ADL/03.mp4,2,gmdcsa24,0,52,115,1.743655,3.856161,,,0,0,0,ADL,1.000000
Subject 2/ADL/03.mp4#f56-119,Subject 2/ADL/03.mp4,2,gmdcsa24,0,56,119,1.877783,3.990288,,,0,0,0,ADL,1.000000
Subject 2/ADL/03.mp4#f60-123,Subject 2/ADL/03.mp4,2,gmdcsa24,0,60,123,2.011910,4.124416,,,0,0,0,ADL,1.000000
Subject 2/ADL/03.mp4#f64-127,Subject 2/ADL/03.mp4,2,gmdcsa24,0,64,127,2.146037,4.258543,,,0,0,0,ADL,1.000000
Subject 2/ADL/03.mp4#f68-131,Subject 2/ADL/03.mp4,2,gmdcsa24,0,68,131,2.280165,4.392670,,,0,0,0,ADL,1.000000
Subject 2/ADL/03.mp4#f72-135,Subject 2/ADL/03.mp4,2,gmdcsa24,0,72,135,2.414292,4.526798,,,0,0,0,ADL,1.000000
Subject 2/ADL/03.mp4#f76-139,Subject 2/ADL/03.mp4,2,gmdcsa24,0,76,139,2.548419,4.660925,,,0,0,0,ADL,1.000000
Subject 2/ADL/03.mp4#f80-143,Subject 2/ADL/03.mp4,2,gmdcsa24,0,80,143,2.682547,4.795052,,,0,0,0,ADL,1.000000
Subject 2/ADL/03.mp4#f84-147,Subject 2/ADL/03.mp4,2,gmdcsa24,0,84,147,2.816674,4.929180,,,0,0,0,ADL,1.000000
Subject 2/ADL/03.mp4#f88-151,Subject 2/ADL/03.mp4,2,gmdcsa24,0,88,151,2.950801,5.063307,,,0,0,0,ADL,1.000000
Subject 2/ADL/03.mp4#f92-155,Subject 2/ADL/03.mp4,2,gmdcsa24,0,92,155,3.084929,5.197434,,,0,0,0,ADL,1.000000
Subject 2/ADL/03.mp4#f96-159,Subject 2/ADL/03.mp4,2,gmdcsa24,0,96,159,3.219056,5.331562,,,0,0,0,ADL,1.000000
Subject 2/ADL/03.mp4#f100-163,Subject 2/ADL/03.mp4,2,gmdcsa24,0,100,163,3.353183,5.465689,,,0,0,0,ADL,1.000000
Subject 2/ADL/03.mp4#f104-167,Subject 2/ADL/03.mp4,2,gmdcsa24,0,104,167,3.487311,5.599816,,,0,0,0,ADL,1.000000
Subject 2/ADL/03.mp4#f108-171,Subject 2/ADL/03.mp4,2,gmdcsa24,0,108,171,3.621438,5.733944,,,0,0,0,ADL,1.000000
Subject 2/ADL/03.mp4#f112-175,Subject 2/ADL/03.mp4,2,gmdcsa24,0,112,175,3.755565,5.868071,,,0,0,0,ADL,1.000000
Subject 2/ADL/03.mp4#f116-179,Subject 2/ADL/03.mp4,2,gmdcsa24,0,116,179,3.889693,6.002198,,,0,0,0,ADL,1.000000
Subject 2/ADL/03.mp4#f120-183,Subject 2/ADL/03.mp4,2,gmdcsa24,0,120,183,4.023820,6.136326,,,0,0,0,ADL,1.000000
Subject 2/ADL/03.mp4#f124-187,Subject 2/ADL/03.mp4,2,gmdcsa24,0,124,187,4.157947,6.270453,,,0,0,0,ADL,1.000000
Subject 2/ADL/03.mp4#f128-191,Subject 2/ADL/03.mp4,2,gmdcsa24,0,128,191,4.292075,6.404580,,,0,0,0,ADL,1.000000
Subject 2/ADL/03.mp4#f132-195,Subject 2/ADL/03.mp4,2,gmdcsa24,0,132,195,4.426202,6.538708,,,0,0,0,ADL,1.000000
Subject 2/ADL/03.mp4#f136-199,Subject 2/ADL/03.mp4,2,gmdcsa24,0,136,199,4.560329,6.672835,,,0,0,0,ADL,1.000000
Subject 2/ADL/03.mp4#f140-203,Subject 2/ADL/03.mp4,2,gmdcsa24,0,140,203,4.694457,6.806962,,,0,0,0,ADL,1.000000
Subject 2/ADL/03.mp4#f144-207,Subject 2/ADL/03.mp4,2,gmdcsa24,0,144,207,4.828584,6.941090,,,0,0,0,ADL,1.000000
Subject 2/ADL/03.mp4#f148-211,Subject 2/ADL/03.mp4,2,gmdcsa24,0,148,211,4.962711,7.075217,,,0,0,0,ADL,1.000000
Subject 2/ADL/03.mp4#f152-215,Subject 2/ADL/03.mp4,2,gmdcsa24,0,152,215,5.096839,7.209344,,,0,0,0,ADL,1.000000
Subject 2/ADL/03.mp4#f156-219,Subject 2/ADL/03.mp4,2,gmdcsa24,0,156,219,5.230966,7.343472,,,0,0,0,ADL,1.000000
Subject 2/ADL/03.mp4#f160-223,Subject 2/ADL/03.mp4,2,gmdcsa24,0,160,223,5.365093,7.477599,,,0,0,0,ADL,1.000000
Subject 2/ADL/03.mp4#f164-227,Subject 2/ADL/03.mp4,2,gmdcsa24,0,164,227,5.499221,7.611726,,,0,0,0,ADL,1.000000
Subject 2/ADL/03.mp4#f168-231,Subject 2/ADL/03.mp4,2,gmdcsa24,0,168,231,5.633348,7.745854,,,0,0,0,ADL,1.000000
Subject 2/ADL/03.mp4#f172-235,Subject 2/ADL/03.mp4,2,gmdcsa24,0,172,235,5.767475,7.879981,,,0,0,0,ADL,1.000000
Subject 2/ADL/03.mp4#f176-239,Subject 2/ADL/03.mp4,2,gmdcsa24,0,176,239,5.901603,8.014108,,,0,0,0,ADL,1.000000
Subject 2/ADL/03.mp4#f180-243,Subject 2/ADL/03.mp4,2,gmdcsa24,0,180,243,6.035730,8.148236,,,0,0,0,ADL,1.000000
Subject 2/ADL/03.mp4#f184-247,Subject 2/ADL/03.mp4,2,gmdcsa24,0,184,247,6.169857,8.282363,,,0,0,0,ADL,1.000000
Subject 2/ADL/03.mp4#f188-251,Subject 2/ADL/03.mp4,2,gmdcsa24,0,188,251,6.303985,8.416490,,,0,0,0,ADL,1.000000
Subject 2/ADL/03.mp4#f192-255,Subject 2/ADL/03.mp4,2,gmdcsa24,0,192,255,6.438112,8.550618,,,0,0,0,ADL,1.000000
Subject 2/ADL/03.mp4#f196-259,Subject 2/ADL/03.mp4,2,gmdcsa24,0,196,259,6.572240,8.684745,,,0,0,0,ADL,1.000000
Subject 2/ADL/03.mp4#f200-263,Subject 2/ADL/03.mp4,2,gmdcsa24,0,200,263,6.706367,8.818872,,,0,0,0,ADL,1.000000
Subject 2/ADL/03.mp4#f204-267,Subject 2/ADL/03.mp4,2,gmdcsa24,0,204,267,6.840494,8.953000,,,0,0,0,ADL,1.000000
Subject 2/ADL/03.mp4#f208-271,Subject 2/ADL/03.mp4,2,gmdcsa24,0,208,271,6.974622,9.087127,,,0,0,0,ADL,1.000000
Subject 2/ADL/03.mp4#f212-275,Subject 2/ADL/03.mp4,2,gmdcsa24,0,212,275,7.108749,9.221254,,,0,0,0,ADL,1.000000
Subject 2/ADL/03.mp4#f216-279,Subject 2/ADL/03.mp4,2,gmdcsa24,0,216,279,7.242876,9.355382,,,0,0,0,ADL,1.000000
Subject 2/ADL/03.mp4#f220-283,Subject 2/ADL/03.mp4,2,gmdcsa24,0,220,283,7.377004,9.489509,,,0,0,0,ADL,1.000000
Subject 2/ADL/03.mp4#f224-287,Subject 2/ADL/03.mp4,2,gmdcsa24,0,224,287,7.511131,9.623636,,,0,0,0,ADL,1.000000
Subject 2/ADL/03.mp4#f228-291,Subject 2/ADL/03.mp4,2,gmdcsa24,0,228,291,7.645258,9.757764,,,0,0,0,ADL,1.000000
Subject 2/ADL/03.mp4#f232-295,Subject 2/ADL/03.mp4,2,gmdcsa24,0,232,295,7.779386,9.891891,,,0,0,0,ADL,1.000000
Subject 2/ADL/03.mp4#f236-299,Subject 2/ADL/03.mp4,2,gmdcsa24,0,236,299,7.913513,10.026018,,,0,0,0,ADL,1.000000
Subject 2/ADL/03.mp4#f240-303,Subject 2/ADL/03.mp4,2,gmdcsa24,0,240,303,8.047640,10.160146,,,0,0,0,ADL,1.000000
Subject 2/ADL/03.mp4#f244-307,Subject 2/ADL/03.mp4,2,gmdcsa24,0,244,307,8.181768,10.294273,,,0,0,0,ADL,1.000000
Subject 2/ADL/03.mp4#f248-311,Subject 2/ADL/03.mp4,2,gmdcsa24,0,248,311,8.315895,10.428400,,,0,0,0,ADL,1.000000
Subject 2/ADL/03.mp4#f252-315,Subject 2/ADL/03.mp4,2,gmdcsa24,0,252,315,8.450022,10.562528,,,0,0,0,ADL,1.000000
Subject 2/ADL/03.mp4#f256-319,Subject 2/ADL/03.mp4,2,gmdcsa24,0,256,319,8.584150,10.696655,,,0,0,0,ADL,1.000000
Subject 2/ADL/03.mp4#f260-323,Subject 2/ADL/03.mp4,2,gmdcsa24,0,260,323,8.718277,10.830782,,,0,0,0,ADL,1.000000
Subject 2/ADL/03.mp4#f264-327,Subject 2/ADL/03.mp4,2,gmdcsa24,0,264,327,8.852404,10.964910,,,0,0,0,ADL,1.000000
Subject 2/ADL/03.mp4#f268-331,Subject 2/ADL/03.mp4,2,gmdcsa24,0,268,331,8.986532,11.099037,,,0,0,0,ADL,1.000000
Subject 2/ADL/03.mp4#f272-335,Subject 2/ADL/03.mp4,2,gmdcsa24,0,272,335,9.120659,11.233164,,,0,0,0,ADL,1.000000
Subject 2/ADL/03.mp4#f276-339,Subject 2/ADL/03.mp4,2,gmdcsa24,0,276,339,9.254786,11.367292,,,0,0,0,ADL,1.000000
Subject 2/ADL/03.mp4#f280-343,Subject 2/ADL/03.mp4,2,gmdcsa24,0,280,343,9.388914,11.501419,,,0,0,0,ADL,1.000000
Subject 2/ADL/03.mp4#f284-347,Subject 2/ADL/03.mp4,2,gmdcsa24,0,284,347,9.523041,11.635546,,,0,0,0,ADL,1.000000
Subject 2/ADL/03.mp4#f288-351,Subject 2/ADL/03.mp4,2,gmdcsa24,0,288,351,9.657168,11.769674,,,0,0,0,ADL,1.000000
Subject 2/ADL/03.mp4#f292-355,Subject 2/ADL/03.mp4,2,gmdcsa24,0,292,355,9.791296,11.903801,,,0,0,0,ADL,1.000000
Subject 2/ADL/04.mp4#f0-63,Subject 2/ADL/04.mp4,2,gmdcsa24,0,0,63,0.000000,2.111182,,,0,0,0,ADL,1.000000
Subject 2/ADL/04.mp4#f4-67,Subject 2/ADL/04.mp4,2,gmdcsa24,0,4,67,0.134043,2.245225,,,0,0,0,ADL,1.000000
Subject 2/ADL/04.mp4#f8-71,Subject 2/ADL/04.mp4,2,gmdcsa24,0,8,71,0.268087,2.379269,,,0,0,0,ADL,1.000000
Subject 2/ADL/04.mp4#f12-75,Subject 2/ADL/04.mp4,2,gmdcsa24,0,12,75,0.402130,2.513312,,,0,0,0,ADL,1.000000
Subject 2/ADL/04.mp4#f16-79,Subject 2/ADL/04.mp4,2,gmdcsa24,0,16,79,0.536173,2.647355,,,0,0,0,ADL,1.000000
Subject 2/ADL/04.mp4#f20-83,Subject 2/ADL/04.mp4,2,gmdcsa24,0,20,83,0.670217,2.781399,,,0,0,0,ADL,1.000000
Subject 2/ADL/04.mp4#f24-87,Subject 2/ADL/04.mp4,2,gmdcsa24,0,24,87,0.804260,2.915442,,,0,0,0,ADL,1.000000
Subject 2/ADL/04.mp4#f28-91,Subject 2/ADL/04.mp4,2,gmdcsa24,0,28,91,0.938303,3.049485,,,0,0,0,ADL,1.000000
Subject 2/ADL/04.mp4#f32-95,Subject 2/ADL/04.mp4,2,gmdcsa24,0,32,95,1.072346,3.183528,,,0,0,0,ADL,1.000000
Subject 2/ADL/04.mp4#f36-99,Subject 2/ADL/04.mp4,2,gmdcsa24,0,36,99,1.206390,3.317572,,,0,0,0,ADL,1.000000
Subject 2/ADL/04.mp4#f40-103,Subject 2/ADL/04.mp4,2,gmdcsa24,0,40,103,1.340433,3.451615,,,0,0,0,ADL,1.000000
Subject 2/ADL/04.mp4#f44-107,Subject 2/ADL/04.mp4,2,gmdcsa24,0,44,107,1.474476,3.585658,,,0,0,0,ADL,1.000000
Subject 2/ADL/04.mp4#f48-111,Subject 2/ADL/04.mp4,2,gmdcsa24,0,48,111,1.608520,3.719702,,,0,0,0,ADL,1.000000
Subject 2/ADL/04.mp4#f52-115,Subject 2/ADL/04.mp4,2,gmdcsa24,0,52,115,1.742563,3.853745,,,0,0,0,ADL,1.000000
Subject 2/ADL/04.mp4#f56-119,Subject 2/ADL/04.mp4,2,gmdcsa24,0,56,119,1.876606,3.987788,,,0,0,0,ADL,1.000000
Subject 2/ADL/04.mp4#f60-123,Subject 2/ADL/04.mp4,2,gmdcsa24,0,60,123,2.010650,4.121832,,,0,0,0,ADL,1.000000
Subject 2/ADL/04.mp4#f64-127,Subject 2/ADL/04.mp4,2,gmdcsa24,0,64,127,2.144693,4.255875,,,0,0,0,ADL,1.000000
Subject 2/ADL/04.mp4#f68-131,Subject 2/ADL/04.mp4,2,gmdcsa24,0,68,131,2.278736,4.389918,,,0,0,0,ADL,1.000000
Subject 2/ADL/04.mp4#f72-135,Subject 2/ADL/04.mp4,2,gmdcsa24,0,72,135,2.412779,4.523962,,,0,0,0,ADL,1.000000
Subject 2/ADL/04.mp4#f76-139,Subject 2/ADL/04.mp4,2,gmdcsa24,0,76,139,2.546823,4.658005,,,0,0,0,ADL,1.000000
Subject 2/ADL/04.mp4#f80-143,Subject 2/ADL/04.mp4,2,gmdcsa24,0,80,143,2.680866,4.792048,,,0,0,0,ADL,1.000000
Subject 2/ADL/04.mp4#f84-147,Subject 2/ADL/04.mp4,2,gmdcsa24,0,84,147,2.814909,4.926091,,,0,0,0,ADL,1.000000
Subject 2/ADL/04.mp4#f88-151,Subject 2/ADL/04.mp4,2,gmdcsa24,0,88,151,2.948953,5.060135,,,0,0,0,ADL,1.000000
Subject 2/ADL/04.mp4#f92-155,Subject 2/ADL/04.mp4,2,gmdcsa24,0,92,155,3.082996,5.194178,,,0,0,0,ADL,1.000000
Subject 2/ADL/04.mp4#f96-159,Subject 2/ADL/04.mp4,2,gmdcsa24,0,96,159,3.217039,5.328221,,,0,0,0,ADL,1.000000
Subject 2/ADL/04.mp4#f100-163,Subject 2/ADL/04.mp4,2,gmdcsa24,0,100,163,3.351083,5.462265,,,0,0,0,ADL,1.000000
Subject 2/ADL/04.mp4#f104-167,Subject 2/ADL/04.mp4,2,gmdcsa24,0,104,167,3.485126,5.596308,,,0,0,0,ADL,1.000000
Subject 2/ADL/04.mp4#f108-171,Subject 2/ADL/04.mp4,2,gmdcsa24,0,108,171,3.619169,5.730351,,,0,0,0,ADL,1.000000
Subject 2/ADL/04.mp4#f112-175,Subject 2/ADL/04.mp4,2,gmdcsa24,0,112,175,3.753213,5.864395,,,0,0,0,ADL,1.000000
Subject 2/ADL/04.mp4#f116-179,Subject 2/ADL/04.mp4,2,gmdcsa24,0,116,179,3.887256,5.998438,,,0,0,0,ADL,1.000000
Subject 2/ADL/04.mp4#f120-183,Subject 2/ADL/04.mp4,2,gmdcsa24,0,120,183,4.021299,6.132481,,,0,0,0,ADL,1.000000
Subject 2/ADL/04.mp4#f124-187,Subject 2/ADL/04.mp4,2,gmdcsa24,0,124,187,4.155342,6.266524,,,0,0,0,ADL,1.000000
Subject 2/ADL/04.mp4#f128-191,Subject 2/ADL/04.mp4,2,gmdcsa24,0,128,191,4.289386,6.400568,,,0,0,0,ADL,1.000000
Subject 2/ADL/04.mp4#f132-195,Subject 2/ADL/04.mp4,2,gmdcsa24,0,132,195,4.423429,6.534611,,,0,0,0,ADL,1.000000
Subject 2/ADL/04.mp4#f136-199,Subject 2/ADL/04.mp4,2,gmdcsa24,0,136,199,4.557472,6.668654,,,0,0,0,ADL,1.000000
Subject 2/ADL/04.mp4#f140-203,Subject 2/ADL/04.mp4,2,gmdcsa24,0,140,203,4.691516,6.802698,,,0,0,0,ADL,1.000000
Subject 2/ADL/04.mp4#f144-207,Subject 2/ADL/04.mp4,2,gmdcsa24,0,144,207,4.825559,6.936741,,,0,0,0,ADL,1.000000
Subject 2/ADL/04.mp4#f148-211,Subject 2/ADL/04.mp4,2,gmdcsa24,0,148,211,4.959602,7.070784,,,0,0,0,ADL,1.000000
Subject 2/ADL/04.mp4#f152-215,Subject 2/ADL/04.mp4,2,gmdcsa24,0,152,215,5.093646,7.204828,,,0,0,0,ADL,1.000000
Subject 2/ADL/04.mp4#f156-219,Subject 2/ADL/04.mp4,2,gmdcsa24,0,156,219,5.227689,7.338871,,,0,0,0,ADL,1.000000
Subject 2/ADL/04.mp4#f160-223,Subject 2/ADL/04.mp4,2,gmdcsa24,0,160,223,5.361732,7.472914,,,0,0,0,ADL,1.000000
Subject 2/ADL/04.mp4#f164-227,Subject 2/ADL/04.mp4,2,gmdcsa24,0,164,227,5.495775,7.606958,,,0,0,0,ADL,1.000000
Subject 2/ADL/04.mp4#f168-231,Subject 2/ADL/04.mp4,2,gmdcsa24,0,168,231,5.629819,7.741001,,,0,0,0,ADL,1.000000
Subject 2/ADL/05.mp4#f0-63,Subject 2/ADL/05.mp4,2,gmdcsa24,0,0,63,0.000000,2.109921,,,0,0,0,ADL,1.000000
Subject 2/ADL/05.mp4#f4-67,Subject 2/ADL/05.mp4,2,gmdcsa24,0,4,67,0.133963,2.243885,,,0,0,0,ADL,1.000000
Subject 2/ADL/05.mp4#f8-71,Subject 2/ADL/05.mp4,2,gmdcsa24,0,8,71,0.267927,2.377848,,,0,0,0,ADL,1.000000
Subject 2/ADL/05.mp4#f12-75,Subject 2/ADL/05.mp4,2,gmdcsa24,0,12,75,0.401890,2.511811,,,0,0,0,ADL,1.000000
Subject 2/ADL/05.mp4#f16-79,Subject 2/ADL/05.mp4,2,gmdcsa24,0,16,79,0.535853,2.645774,,,0,0,0,ADL,1.000000
Subject 2/ADL/05.mp4#f20-83,Subject 2/ADL/05.mp4,2,gmdcsa24,0,20,83,0.669816,2.779738,,,0,0,0,ADL,1.000000
Subject 2/ADL/05.mp4#f24-87,Subject 2/ADL/05.mp4,2,gmdcsa24,0,24,87,0.803780,2.913701,,,0,0,0,ADL,1.000000
Subject 2/ADL/05.mp4#f28-91,Subject 2/ADL/05.mp4,2,gmdcsa24,0,28,91,0.937743,3.047664,,,0,0,0,ADL,1.000000
Subject 2/ADL/05.mp4#f32-95,Subject 2/ADL/05.mp4,2,gmdcsa24,0,32,95,1.071706,3.181627,,,0,0,0,ADL,1.000000
Subject 2/ADL/05.mp4#f36-99,Subject 2/ADL/05.mp4,2,gmdcsa24,0,36,99,1.205669,3.315591,,,0,0,0,ADL,1.000000
Subject 2/ADL/05.mp4#f40-103,Subject 2/ADL/05.mp4,2,gmdcsa24,0,40,103,1.339633,3.449554,,,0,0,0,ADL,1.000000
Subject 2/ADL/05.mp4#f44-107,Subject 2/ADL/05.mp4,2,gmdcsa24,0,44,107,1.473596,3.583517,,,0,0,0,ADL,1.000000
Subject 2/ADL/05.mp4#f48-111,Subject 2/ADL/05.mp4,2,gmdcsa24,0,48,111,1.607559,3.717481,,,0,0,0,ADL,1.000000
Subject 2/ADL/05.mp4#f52-115,Subject 2/ADL/05.mp4,2,gmdcsa24,0,52,115,1.741522,3.851444,,,0,0,0,ADL,1.000000
Subject 2/ADL/05.mp4#f56-119,Subject 2/ADL/05.mp4,2,gmdcsa24,0,56,119,1.875486,3.985407,,,0,0,0,ADL,1.000000
Subject 2/ADL/05.mp4#f60-123,Subject 2/ADL/05.mp4,2,gmdcsa24,0,60,123,2.009449,4.119370,,,0,0,0,ADL,1.000000
Subject 2/ADL/05.mp4#f64-127,Subject 2/ADL/05.mp4,2,gmdcsa24,0,64,127,2.143412,4.253334,,,0,0,0,ADL,1.000000
Subject 2/ADL/05.mp4#f68-131,Subject 2/ADL/05.mp4,2,gmdcsa24,0,68,131,2.277375,4.387297,,,0,0,0,ADL,1.000000
Subject 2/ADL/05.mp4#f72-135,Subject 2/ADL/05.mp4,2,gmdcsa24,0,72,135,2.411339,4.521260,,,0,0,0,ADL,1.000000
Subject 2/ADL/05.mp4#f76-139,Subject 2/ADL/05.mp4,2,gmdcsa24,0,76,139,2.545302,4.655223,,,0,0,0,ADL,1.000000
Subject 2/ADL/05.mp4#f80-143,Subject 2/ADL/05.mp4,2,gmdcsa24,0,80,143,2.679265,4.789187,,,0,0,0,ADL,1.000000
Subject 2/ADL/05.mp4#f84-147,Subject 2/ADL/05.mp4,2,gmdcsa24,0,84,147,2.813229,4.923150,,,0,0,0,ADL,1.000000
Subject 2/ADL/05.mp4#f88-151,Subject 2/ADL/05.mp4,2,gmdcsa24,0,88,151,2.947192,5.057113,,,0,0,0,ADL,1.000000
Subject 2/ADL/05.mp4#f92-155,Subject 2/ADL/05.mp4,2,gmdcsa24,0,92,155,3.081155,5.191076,,,0,0,0,ADL,1.000000
Subject 2/ADL/05.mp4#f96-159,Subject 2/ADL/05.mp4,2,gmdcsa24,0,96,159,3.215118,5.325040,,,0,0,0,ADL,1.000000
Subject 2/ADL/05.mp4#f100-163,Subject 2/ADL/05.mp4,2,gmdcsa24,0,100,163,3.349082,5.459003,,,0,0,0,ADL,1.000000
Subject 2/ADL/05.mp4#f104-167,Subject 2/ADL/05.mp4,2,gmdcsa24,0,104,167,3.483045,5.592966,,,0,0,0,ADL,1.000000
Subject 2/ADL/05.mp4#f108-171,Subject 2/ADL/05.mp4,2,gmdcsa24,0,108,171,3.617008,5.726929,,,0,0,0,ADL,1.000000
Subject 2/ADL/05.mp4#f112-175,Subject 2/ADL/05.mp4,2,gmdcsa24,0,112,175,3.750971,5.860893,,,0,0,0,ADL,1.000000
Subject 2/ADL/05.mp4#f116-179,Subject 2/ADL/05.mp4,2,gmdcsa24,0,116,179,3.884935,5.994856,,,0,0,0,ADL,1.000000
Subject 2/ADL/05.mp4#f120-183,Subject 2/ADL/05.mp4,2,gmdcsa24,0,120,183,4.018898,6.128819,,,0,0,0,ADL,1.000000
Subject 2/ADL/05.mp4#f124-187,Subject 2/ADL/05.mp4,2,gmdcsa24,0,124,187,4.152861,6.262783,,,0,0,0,ADL,1.000000
Subject 2/ADL/05.mp4#f128-191,Subject 2/ADL/05.mp4,2,gmdcsa24,0,128,191,4.286824,6.396746,,,0,0,0,ADL,1.000000
Subject 2/ADL/05.mp4#f132-195,Subject 2/ADL/05.mp4,2,gmdcsa24,0,132,195,4.420788,6.530709,,,0,0,0,ADL,1.000000
Subject 2/ADL/05.mp4#f136-199,Subject 2/ADL/05.mp4,2,gmdcsa24,0,136,199,4.554751,6.664672,,,0,0,0,ADL,1.000000
Subject 2/ADL/05.mp4#f140-203,Subject 2/ADL/05.mp4,2,gmdcsa24,0,140,203,4.688714,6.798636,,,0,0,0,ADL,1.000000
Subject 2/ADL/05.mp4#f144-207,Subject 2/ADL/05.mp4,2,gmdcsa24,0,144,207,4.822677,6.932599,,,0,0,0,ADL,1.000000
Subject 2/ADL/05.mp4#f148-211,Subject 2/ADL/05.mp4,2,gmdcsa24,0,148,211,4.956641,7.066562,,,0,0,0,ADL,1.000000
Subject 2/ADL/05.mp4#f152-215,Subject 2/ADL/05.mp4,2,gmdcsa24,0,152,215,5.090604,7.200525,,,0,0,0,ADL,1.000000
Subject 2/ADL/05.mp4#f156-219,Subject 2/ADL/05.mp4,2,gmdcsa24,0,156,219,5.224567,7.334489,,,0,0,0,ADL,1.000000
Subject 2/ADL/05.mp4#f160-223,Subject 2/ADL/05.mp4,2,gmdcsa24,0,160,223,5.358530,7.468452,,,0,0,0,ADL,1.000000
Subject 2/ADL/05.mp4#f164-227,Subject 2/ADL/05.mp4,2,gmdcsa24,0,164,227,5.492494,7.602415,,,0,0,0,ADL,1.000000
Subject 2/ADL/05.mp4#f168-231,Subject 2/ADL/05.mp4,2,gmdcsa24,0,168,231,5.626457,7.736378,,,0,0,0,ADL,1.000000
Subject 2/ADL/05.mp4#f172-235,Subject 2/ADL/05.mp4,2,gmdcsa24,0,172,235,5.760420,7.870342,,,0,0,0,ADL,1.000000
Subject 2/ADL/05.mp4#f176-239,Subject 2/ADL/05.mp4,2,gmdcsa24,0,176,239,5.894384,8.004305,,,0,0,0,ADL,1.000000
Subject 2/ADL/05.mp4#f180-243,Subject 2/ADL/05.mp4,2,gmdcsa24,0,180,243,6.028347,8.138268,,,0,0,0,ADL,1.000000
Subject 2/ADL/05.mp4#f184-247,Subject 2/ADL/05.mp4,2,gmdcsa24,0,184,247,6.162310,8.272231,,,0,0,0,ADL,1.000000
Subject 2/ADL/05.mp4#f188-251,Subject 2/ADL/05.mp4,2,gmdcsa24,0,188,251,6.296273,8.406195,,,0,0,0,ADL,1.000000
Subject 2/ADL/05.mp4#f192-255,Subject 2/ADL/05.mp4,2,gmdcsa24,0,192,255,6.430237,8.540158,,,0,0,0,ADL,1.000000
Subject 2/ADL/05.mp4#f196-259,Subject 2/ADL/05.mp4,2,gmdcsa24,0,196,259,6.564200,8.674121,,,0,0,0,ADL,1.000000
Subject 2/ADL/05.mp4#f200-263,Subject 2/ADL/05.mp4,2,gmdcsa24,0,200,263,6.698163,8.808084,,,0,0,0,ADL,1.000000
Subject 2/ADL/05.mp4#f204-267,Subject 2/ADL/05.mp4,2,gmdcsa24,0,204,267,6.832126,8.942048,,,0,0,0,ADL,1.000000
Subject 2/ADL/05.mp4#f208-271,Subject 2/ADL/05.mp4,2,gmdcsa24,0,208,271,6.966090,9.076011,,,0,0,0,ADL,1.000000
Subject 2/ADL/05.mp4#f212-275,Subject 2/ADL/05.mp4,2,gmdcsa24,0,212,275,7.100053,9.209974,,,0,0,0,ADL,1.000000
Subject 2/ADL/05.mp4#f216-279,Subject 2/ADL/05.mp4,2,gmdcsa24,0,216,279,7.234016,9.343938,,,0,0,0,ADL,1.000000
Subject 2/ADL/05.mp4#f220-283,Subject 2/ADL/05.mp4,2,gmdcsa24,0,220,283,7.367979,9.477901,,,0,0,0,ADL,1.000000
Subject 2/ADL/05.mp4#f224-287,Subject 2/ADL/05.mp4,2,gmdcsa24,0,224,287,7.501943,9.611864,,,0,0,0,ADL,1.000000
Subject 2/ADL/05.mp4#f228-291,Subject 2/ADL/05.mp4,2,gmdcsa24,0,228,291,7.635906,9.745827,,,0,0,0,ADL,1.000000
Subject 2/ADL/05.mp4#f232-295,Subject 2/ADL/05.mp4,2,gmdcsa24,0,232,295,7.769869,9.879791,,,0,0,0,ADL,1.000000
Subject 2/ADL/05.mp4#f236-299,Subject 2/ADL/05.mp4,2,gmdcsa24,0,236,299,7.903832,10.013754,,,0,0,0,ADL,1.000000
Subject 2/ADL/05.mp4#f240-303,Subject 2/ADL/05.mp4,2,gmdcsa24,0,240,303,8.037796,10.147717,,,0,0,0,ADL,1.000000
Subject 2/ADL/05.mp4#f244-307,Subject 2/ADL/05.mp4,2,gmdcsa24,0,244,307,8.171759,10.281680,,,0,0,0,ADL,1.000000
Subject 2/ADL/05.mp4#f248-311,Subject 2/ADL/05.mp4,2,gmdcsa24,0,248,311,8.305722,10.415644,,,0,0,0,ADL,1.000000
Subject 2/ADL/05.mp4#f252-315,Subject 2/ADL/05.mp4,2,gmdcsa24,0,252,315,8.439686,10.549607,,,0,0,0,ADL,1.000000
Subject 2/ADL/05.mp4#f256-319,Subject 2/ADL/05.mp4,2,gmdcsa24,0,256,319,8.573649,10.683570,,,0,0,0,ADL,1.000000
Subject 2/ADL/06.mp4#f0-63,Subject 2/ADL/06.mp4,2,gmdcsa24,0,0,63,0.000000,2.110480,,,0,0,0,ADL,1.000000
Subject 2/ADL/06.mp4#f4-67,Subject 2/ADL/06.mp4,2,gmdcsa24,0,4,67,0.133999,2.244479,,,0,0,0,ADL,1.000000
Subject 2/ADL/06.mp4#f8-71,Subject 2/ADL/06.mp4,2,gmdcsa24,0,8,71,0.267998,2.378478,,,0,0,0,ADL,1.000000
Subject 2/ADL/06.mp4#f12-75,Subject 2/ADL/06.mp4,2,gmdcsa24,0,12,75,0.401996,2.512477,,,0,0,0,ADL,1.000000
Subject 2/ADL/06.mp4#f16-79,Subject 2/ADL/06.mp4,2,gmdcsa24,0,16,79,0.535995,2.646475,,,0,0,0,ADL,1.000000
Subject 2/ADL/06.mp4#f20-83,Subject 2/ADL/06.mp4,2,gmdcsa24,0,20,83,0.669994,2.780474,,,0,0,0,ADL,1.000000
Subject 2/ADL/06.mp4#f24-87,Subject 2/ADL/06.mp4,2,gmdcsa24,0,24,87,0.803993,2.914473,,,0,0,0,ADL,1.000000
Subject 2/ADL/06.mp4#f28-91,Subject 2/ADL/06.mp4,2,gmdcsa24,0,28,91,0.937991,3.048472,,,0,0,0,ADL,1.000000
Subject 2/ADL/06.mp4#f32-95,Subject 2/ADL/06.mp4,2,gmdcsa24,0,32,95,1.071990,3.182470,,,0,0,0,ADL,1.000000
Subject 2/ADL/06.mp4#f36-99,Subject 2/ADL/06.mp4,2,gmdcsa24,0,36,99,1.205989,3.316469,,,0,0,0,ADL,1.000000
Subject 2/ADL/06.mp4#f40-103,Subject 2/ADL/06.mp4,2,gmdcsa24,0,40,103,1.339988,3.450468,,,0,0,0,ADL,1.000000
Subject 2/ADL/06.mp4#f44-107,Subject 2/ADL/06.mp4,2,gmdcsa24,0,44,107,1.473986,3.584467,,,0,0,0,ADL,1.000000
Subject 2/ADL/06.mp4#f48-111,Subject 2/ADL/06.mp4,2,gmdcsa24,0,48,111,1.607985,3.718465,,,0,0,0,ADL,1.000000
Subject 2/ADL/06.mp4#f52-115,Subject 2/ADL/06.mp4,2,gmdcsa24,0,52,115,1.741984,3.852464,,,0,0,0,ADL,1.000000
Subject 2/ADL/06.mp4#f56-119,Subject 2/ADL/06.mp4,2,gmdcsa24,0,56,119,1.875983,3.986463,,,0,0,0,ADL,1.000000
Subject 2/ADL/06.mp4#f60-123,Subject 2/ADL/06.mp4,2,gmdcsa24,0,60,123,2.009981,4.120462,,,0,0,0,ADL,1.000000
Subject 2/ADL/06.mp4#f64-127,Subject 2/ADL/06.mp4,2,gmdcsa24,0,64,127,2.143980,4.254460,,,0,0,0,ADL,1.000000
Subject 2/ADL/06.mp4#f68-131,Subject 2/ADL/06.mp4,2,gmdcsa24,0,68,131,2.277979,4.388459,,,0,0,0,ADL,1.000000
Subject 2/ADL/06.mp4#f72-135,Subject 2/ADL/06.mp4,2,gmdcsa24,0,72,135,2.411978,4.522458,,,0,0,0,ADL,1.000000
Subject 2/ADL/06.mp4#f76-139,Subject 2/ADL/06.mp4,2,gmdcsa24,0,76,139,2.545976,4.656457,,,0,0,0,ADL,1.000000
Subject 2/ADL/06.mp4#f80-143,Subject 2/ADL/06.mp4,2,gmdcsa24,0,80,143,2.679975,4.790455,,,0,0,0,ADL,1.000000
Subject 2/ADL/06.mp4#f84-147,Subject 2/ADL/06.mp4,2,gmdcsa24,0,84,147,2.813974,4.924454,,,0,0,0,ADL,1.000000
Subject 2/ADL/06.mp4#f88-151,Subject 2/ADL/06.mp4,2,gmdcsa24,0,88,151,2.947973,5.058453,,,0,0,0,ADL,1.000000
Subject 2/ADL/06.mp4#f92-155,Subject 2/ADL/06.mp4,2,gmdcsa24,0,92,155,3.081971,5.192452,,,0,0,0,ADL,1.000000
Subject 2/ADL/06.mp4#f96-159,Subject 2/ADL/06.mp4,2,gmdcsa24,0,96,159,3.215970,5.326450,,,0,0,0,ADL,1.000000
Subject 2/ADL/06.mp4#f100-163,Subject 2/ADL/06.mp4,2,gmdcsa24,0,100,163,3.349969,5.460449,,,0,0,0,ADL,1.000000
Subject 2/ADL/06.mp4#f104-167,Subject 2/ADL/06.mp4,2,gmdcsa24,0,104,167,3.483968,5.594448,,,0,0,0,ADL,1.000000
Subject 2/ADL/06.mp4#f108-171,Subject 2/ADL/06.mp4,2,gmdcsa24,0,108,171,3.617966,5.728447,,,0,0,0,ADL,1.000000
Subject 2/ADL/06.mp4#f112-175,Subject 2/ADL/06.mp4,2,gmdcsa24,0,112,175,3.751965,5.862445,,,0,0,0,ADL,1.000000
Subject 2/ADL/06.mp4#f116-179,Subject 2/ADL/06.mp4,2,gmdcsa24,0,116,179,3.885964,5.996444,,,0,0,0,ADL,1.000000
Subject 2/ADL/06.mp4#f120-183,Subject 2/ADL/06.mp4,2,gmdcsa24,0,120,183,4.019963,6.130443,,,0,0,0,ADL,1.000000
Subject 2/ADL/06.mp4#f124-187,Subject 2/ADL/06.mp4,2,gmdcsa24,0,124,187,4.153961,6.264442,,,0,0,0,ADL,1.000000
Subject 2/ADL/06.mp4#f128-191,Subject 2/ADL/06.mp4,2,gmdcsa24,0,128,191,4.287960,6.398440,,,0,0,0,ADL,1.000000
Subject 2/ADL/06.mp4#f132-195,Subject 2/ADL/06.mp4,2,gmdcsa24,0,132,195,4.421959,6.532439,,,0,0,0,ADL,1.000000
Subject 2/ADL/06.mp4#f136-199,Subject 2/ADL/06.mp4,2,gmdcsa24,0,136,199,4.555958,6.666438,,,0,0,0,ADL,1.000000
Subject 2/ADL/06.mp4#f140-203,Subject 2/ADL/06.mp4,2,gmdcsa24,0,140,203,4.689956,6.800437,,,0,0,0,ADL,1.000000
Subject 2/ADL/06.mp4#f144-207,Subject 2/ADL/06.mp4,2,gmdcsa24,0,144,207,4.823955,6.934435,,,0,0,0,ADL,1.000000
Subject 2/ADL/06.mp4#f148-211,Subject 2/ADL/06.mp4,2,gmdcsa24,0,148,211,4.957954,7.068434,,,0,0,0,ADL,1.000000
Subject 2/ADL/06.mp4#f152-215,Subject 2/ADL/06.mp4,2,gmdcsa24,0,152,215,5.091953,7.202433,,,0,0,0,ADL,1.000000
Subject 2/ADL/06.mp4#f156-219,Subject 2/ADL/06.mp4,2,gmdcsa24,0,156,219,5.225951,7.336432,,,0,0,0,ADL,1.000000
Subject 2/ADL/06.mp4#f160-223,Subject 2/ADL/06.mp4,2,gmdcsa24,0,160,223,5.359950,7.470430,,,0,0,0,ADL,1.000000
Subject 2/ADL/06.mp4#f164-227,Subject 2/ADL/06.mp4,2,gmdcsa24,0,164,227,5.493949,7.604429,,,0,0,0,ADL,1.000000
Subject 2/ADL/06.mp4#f168-231,Subject 2/ADL/06.mp4,2,gmdcsa24,0,168,231,5.627948,7.738428,,,0,0,0,ADL,1.000000
Subject 2/ADL/06.mp4#f172-235,Subject 2/ADL/06.mp4,2,gmdcsa24,0,172,235,5.761946,7.872427,,,0,0,0,ADL,1.000000
Subject 2/ADL/06.mp4#f176-239,Subject 2/ADL/06.mp4,2,gmdcsa24,0,176,239,5.895945,8.006425,,,0,0,0,ADL,1.000000
Subject 2/ADL/06.mp4#f180-243,Subject 2/ADL/06.mp4,2,gmdcsa24,0,180,243,6.029944,8.140424,,,0,0,0,ADL,1.000000
Subject 2/ADL/06.mp4#f184-247,Subject 2/ADL/06.mp4,2,gmdcsa24,0,184,247,6.163943,8.274423,,,0,0,0,ADL,1.000000
Subject 2/ADL/06.mp4#f188-251,Subject 2/ADL/06.mp4,2,gmdcsa24,0,188,251,6.297941,8.408422,,,0,0,0,ADL,1.000000
Subject 2/ADL/06.mp4#f192-255,Subject 2/ADL/06.mp4,2,gmdcsa24,0,192,255,6.431940,8.542420,,,0,0,0,ADL,1.000000
Subject 2/ADL/06.mp4#f196-259,Subject 2/ADL/06.mp4,2,gmdcsa24,0,196,259,6.565939,8.676419,,,0,0,0,ADL,1.000000
Subject 2/ADL/06.mp4#f200-263,Subject 2/ADL/06.mp4,2,gmdcsa24,0,200,263,6.699938,8.810418,,,0,0,0,ADL,1.000000
Subject 2/ADL/06.mp4#f204-267,Subject 2/ADL/06.mp4,2,gmdcsa24,0,204,267,6.833936,8.944417,,,0,0,0,ADL,1.000000
Subject 2/ADL/06.mp4#f208-271,Subject 2/ADL/06.mp4,2,gmdcsa24,0,208,271,6.967935,9.078415,,,0,0,0,ADL,1.000000
Subject 2/ADL/06.mp4#f212-275,Subject 2/ADL/06.mp4,2,gmdcsa24,0,212,275,7.101934,9.212414,,,0,0,0,ADL,1.000000
Subject 2/ADL/06.mp4#f216-279,Subject 2/ADL/06.mp4,2,gmdcsa24,0,216,279,7.235933,9.346413,,,0,0,0,ADL,1.000000
Subject 2/ADL/06.mp4#f220-283,Subject 2/ADL/06.mp4,2,gmdcsa24,0,220,283,7.369931,9.480412,,,0,0,0,ADL,1.000000
Subject 2/ADL/06.mp4#f224-287,Subject 2/ADL/06.mp4,2,gmdcsa24,0,224,287,7.503930,9.614410,,,0,0,0,ADL,1.000000
Subject 2/ADL/06.mp4#f228-291,Subject 2/ADL/06.mp4,2,gmdcsa24,0,228,291,7.637929,9.748409,,,0,0,0,ADL,1.000000
Subject 2/ADL/06.mp4#f232-295,Subject 2/ADL/06.mp4,2,gmdcsa24,0,232,295,7.771928,9.882408,,,0,0,0,ADL,1.000000
Subject 2/ADL/06.mp4#f236-299,Subject 2/ADL/06.mp4,2,gmdcsa24,0,236,299,7.905926,10.016407,,,0,0,0,ADL,1.000000
Subject 2/ADL/06.mp4#f240-303,Subject 2/ADL/06.mp4,2,gmdcsa24,0,240,303,8.039925,10.150405,,,0,0,0,ADL,1.000000
Subject 2/ADL/06.mp4#f244-307,Subject 2/ADL/06.mp4,2,gmdcsa24,0,244,307,8.173924,10.284404,,,0,0,0,ADL,1.000000
Subject 2/ADL/06.mp4#f248-311,Subject 2/ADL/06.mp4,2,gmdcsa24,0,248,311,8.307923,10.418403,,,0,0,0,ADL,1.000000
Subject 2/ADL/06.mp4#f252-315,Subject 2/ADL/06.mp4,2,gmdcsa24,0,252,315,8.441921,10.552402,,,0,0,0,ADL,1.000000
Subject 2/ADL/06.mp4#f256-319,Subject 2/ADL/06.mp4,2,gmdcsa24,0,256,319,8.575920,10.686400,,,0,0,0,ADL,1.000000
Subject 2/ADL/07.mp4#f0-63,Subject 2/ADL/07.mp4,2,gmdcsa24,0,0,63,0.000000,2.109753,,,0,0,0,ADL,1.000000
Subject 2/ADL/07.mp4#f4-67,Subject 2/ADL/07.mp4,2,gmdcsa24,0,4,67,0.133953,2.243706,,,0,0,0,ADL,1.000000
Subject 2/ADL/07.mp4#f8-71,Subject 2/ADL/07.mp4,2,gmdcsa24,0,8,71,0.267905,2.377658,,,0,0,0,ADL,1.000000
Subject 2/ADL/07.mp4#f12-75,Subject 2/ADL/07.mp4,2,gmdcsa24,0,12,75,0.401858,2.511611,,,0,0,0,ADL,1.000000
Subject 2/ADL/07.mp4#f16-79,Subject 2/ADL/07.mp4,2,gmdcsa24,0,16,79,0.535810,2.645563,,,0,0,0,ADL,1.000000
Subject 2/ADL/07.mp4#f20-83,Subject 2/ADL/07.mp4,2,gmdcsa24,0,20,83,0.669763,2.779516,,,0,0,0,ADL,1.000000
Subject 2/ADL/07.mp4#f24-87,Subject 2/ADL/07.mp4,2,gmdcsa24,0,24,87,0.803715,2.913469,,,0,0,0,ADL,1.000000
Subject 2/ADL/07.mp4#f28-91,Subject 2/ADL/07.mp4,2,gmdcsa24,0,28,91,0.937668,3.047421,,,0,0,0,ADL,1.000000
Subject 2/ADL/07.mp4#f32-95,Subject 2/ADL/07.mp4,2,gmdcsa24,0,32,95,1.071621,3.181374,,,0,0,0,ADL,1.000000
Subject 2/ADL/07.mp4#f36-99,Subject 2/ADL/07.mp4,2,gmdcsa24,0,36,99,1.205573,3.315326,,,0,0,0,ADL,1.000000
Subject 2/ADL/07.mp4#f40-103,Subject 2/ADL/07.mp4,2,gmdcsa24,0,40,103,1.339526,3.449279,,,0,0,0,ADL,1.000000
Subject 2/ADL/07.mp4#f44-107,Subject 2/ADL/07.mp4,2,gmdcsa24,0,44,107,1.473478,3.583231,,,0,0,0,ADL,1.000000
Subject 2/ADL/07.mp4#f48-111,Subject 2/ADL/07.mp4,2,gmdcsa24,0,48,111,1.607431,3.717184,,,0,0,0,ADL,1.000000
Subject 2/ADL/07.mp4#f52-115,Subject 2/ADL/07.mp4,2,gmdcsa24,0,52,115,1.741383,3.851137,,,0,0,0,ADL,1.000000
Subject 2/ADL/07.mp4#f56-119,Subject 2/ADL/07.mp4,2,gmdcsa24,0,56,119,1.875336,3.985089,,,0,0,0,ADL,1.000000
Subject 2/ADL/07.mp4#f60-123,Subject 2/ADL/07.mp4,2,gmdcsa24,0,60,123,2.009289,4.119042,,,0,0,0,ADL,1.000000
Subject 2/ADL/07.mp4#f64-127,Subject 2/ADL/07.mp4,2,gmdcsa24,0,64,127,2.143241,4.252994,,,0,0,0,ADL,1.000000
Subject 2/ADL/07.mp4#f68-131,Subject 2/ADL/07.mp4,2,gmdcsa24,0,68,131,2.277194,4.386947,,,0,0,0,ADL,1.000000
Subject 2/ADL/07.mp4#f72-135,Subject 2/ADL/07.mp4,2,gmdcsa24,0,72,135,2.411146,4.520899,,,0,0,0,ADL,1.000000
Subject 2/ADL/07.mp4#f76-139,Subject 2/ADL/07.mp4,2,gmdcsa24,0,76,139,2.545099,4.654852,,,0,0,0,ADL,1.000000
Subject 2/ADL/07.mp4#f80-143,Subject 2/ADL/07.mp4,2,gmdcsa24,0,80,143,2.679051,4.788805,,,0,0,0,ADL,1.000000
Subject 2/ADL/07.mp4#f84-147,Subject 2/ADL/07.mp4,2,gmdcsa24,0,84,147,2.813004,4.922757,,,0,0,0,ADL,1.000000
Subject 2/ADL/07.mp4#f88-151,Subject 2/ADL/07.mp4,2,gmdcsa24,0,88,151,2.946957,5.056710,,,0,0,0,ADL,1.000000
Subject 2/ADL/07.mp4#f92-155,Subject 2/ADL/07.mp4,2,gmdcsa24,0,92,155,3.080909,5.190662,,,0,0,0,ADL,1.000000
Subject 2/ADL/07.mp4#f96-159,Subject 2/ADL/07.mp4,2,gmdcsa24,0,96,159,3.214862,5.324615,,,0,0,0,ADL,1.000000
Subject 2/ADL/07.mp4#f100-163,Subject 2/ADL/07.mp4,2,gmdcsa24,0,100,163,3.348814,5.458567,,,0,0,0,ADL,1.000000
Subject 2/ADL/07.mp4#f104-167,Subject 2/ADL/07.mp4,2,gmdcsa24,0,104,167,3.482767,5.592520,,,0,0,0,ADL,1.000000
Subject 2/ADL/07.mp4#f108-171,Subject 2/ADL/07.mp4,2,gmdcsa24,0,108,171,3.616720,5.726473,,,0,0,0,ADL,1.000000
Subject 2/ADL/07.mp4#f112-175,Subject 2/ADL/07.mp4,2,gmdcsa24,0,112,175,3.750672,5.860425,,,0,0,0,ADL,1.000000
Subject 2/ADL/07.mp4#f116-179,Subject 2/ADL/07.mp4,2,gmdcsa24,0,116,179,3.884625,5.994378,,,0,0,0,ADL,1.000000
Subject 2/ADL/07.mp4#f120-183,Subject 2/ADL/07.mp4,2,gmdcsa24,0,120,183,4.018577,6.128330,,,0,0,0,ADL,1.000000
Subject 2/ADL/07.mp4#f124-187,Subject 2/ADL/07.mp4,2,gmdcsa24,0,124,187,4.152530,6.262283,,,0,0,0,ADL,1.000000
Subject 2/ADL/07.mp4#f128-191,Subject 2/ADL/07.mp4,2,gmdcsa24,0,128,191,4.286482,6.396235,,,0,0,0,ADL,1.000000
Subject 2/ADL/07.mp4#f132-195,Subject 2/ADL/07.mp4,2,gmdcsa24,0,132,195,4.420435,6.530188,,,0,0,0,ADL,1.000000
Subject 2/ADL/07.mp4#f136-199,Subject 2/ADL/07.mp4,2,gmdcsa24,0,136,199,4.554388,6.664141,,,0,0,0,ADL,1.000000
Subject 2/ADL/07.mp4#f140-203,Subject 2/ADL/07.mp4,2,gmdcsa24,0,140,203,4.688340,6.798093,,,0,0,0,ADL,1.000000
Subject 2/ADL/07.mp4#f144-207,Subject 2/ADL/07.mp4,2,gmdcsa24,0,144,207,4.822293,6.932046,,,0,0,0,ADL,1.000000
Subject 2/ADL/07.mp4#f148-211,Subject 2/ADL/07.mp4,2,gmdcsa24,0,148,211,4.956245,7.065998,,,0,0,0,ADL,1.000000
Subject 2/ADL/07.mp4#f152-215,Subject 2/ADL/07.mp4,2,gmdcsa24,0,152,215,5.090198,7.199951,,,0,0,0,ADL,1.000000
Subject 2/ADL/07.mp4#f156-219,Subject 2/ADL/07.mp4,2,gmdcsa24,0,156,219,5.224150,7.333903,,,0,0,0,ADL,1.000000
Subject 2/ADL/07.mp4#f160-223,Subject 2/ADL/07.mp4,2,gmdcsa24,0,160,223,5.358103,7.467856,,,0,0,0,ADL,1.000000
Subject 2/ADL/07.mp4#f164-227,Subject 2/ADL/07.mp4,2,gmdcsa24,0,164,227,5.492056,7.601809,,,0,0,0,ADL,1.000000
Subject 2/ADL/07.mp4#f168-231,Subject 2/ADL/07.mp4,2,gmdcsa24,0,168,231,5.626008,7.735761,,,0,0,0,ADL,1.000000
Subject 2/ADL/07.mp4#f172-235,Subject 2/ADL/07.mp4,2,gmdcsa24,0,172,235,5.759961,7.869714,,,0,0,0,ADL,1.000000
Subject 2/ADL/07.mp4#f176-239,Subject 2/ADL/07.mp4,2,gmdcsa24,0,176,239,5.893913,8.003666,,,0,0,0,ADL,1.000000
Subject 2/ADL/07.mp4#f180-243,Subject 2/ADL/07.mp4,2,gmdcsa24,0,180,243,6.027866,8.137619,,,0,0,0,ADL,1.000000
Subject 2/ADL/07.mp4#f184-247,Subject 2/ADL/07.mp4,2,gmdcsa24,0,184,247,6.161818,8.271571,,,0,0,0,ADL,1.000000
Subject 2/ADL/07.mp4#f188-251,Subject 2/ADL/07.mp4,2,gmdcsa24,0,188,251,6.295771,8.405524,,,0,0,0,ADL,1.000000
Subject 2/ADL/07.mp4#f192-255,Subject 2/ADL/07.mp4,2,gmdcsa24,0,192,255,6.429724,8.539477,,,0,0,0,ADL,1.000000
Subject 2/ADL/07.mp4#f196-259,Subject 2/ADL/07.mp4,2,gmdcsa24,0,196,259,6.563676,8.673429,,,0,0,0,ADL,1.000000
Subject 2/ADL/07.mp4#f200-263,Subject 2/ADL/07.mp4,2,gmdcsa24,0,200,263,6.697629,8.807382,,,0,0,0,ADL,1.000000
Subject 2/ADL/07.mp4#f204-267,Subject 2/ADL/07.mp4,2,gmdcsa24,0,204,267,6.831581,8.941334,,,0,0,0,ADL,1.000000
Subject 2/ADL/07.mp4#f208-271,Subject 2/ADL/07.mp4,2,gmdcsa24,0,208,271,6.965534,9.075287,,,0,0,0,ADL,1.000000
Subject 2/ADL/07.mp4#f212-275,Subject 2/ADL/07.mp4,2,gmdcsa24,0,212,275,7.099486,9.209240,,,0,0,0,ADL,1.000000
Subject 2/ADL/07.mp4#f216-279,Subject 2/ADL/07.mp4,2,gmdcsa24,0,216,279,7.233439,9.343192,,,0,0,0,ADL,1.000000
Subject 2/ADL/07.mp4#f220-283,Subject 2/ADL/07.mp4,2,gmdcsa24,0,220,283,7.367392,9.477145,,,0,0,0,ADL,1.000000
Subject 2/ADL/07.mp4#f224-287,Subject 2/ADL/07.mp4,2,gmdcsa24,0,224,287,7.501344,9.611097,,,0,0,0,ADL,1.000000
Subject 2/ADL/07.mp4#f228-291,Subject 2/ADL/07.mp4,2,gmdcsa24,0,228,291,7.635297,9.745050,,,0,0,0,ADL,1.000000
Subject 2/ADL/07.mp4#f232-295,Subject 2/ADL/07.mp4,2,gmdcsa24,0,232,295,7.769249,9.879002,,,0,0,0,ADL,1.000000
Subject 2/ADL/07.mp4#f236-299,Subject 2/ADL/07.mp4,2,gmdcsa24,0,236,299,7.903202,10.012955,,,0,0,0,ADL,1.000000
Subject 2/ADL/07.mp4#f240-303,Subject 2/ADL/07.mp4,2,gmdcsa24,0,240,303,8.037154,10.146908,,,0,0,0,ADL,1.000000
Subject 2/ADL/07.mp4#f244-307,Subject 2/ADL/07.mp4,2,gmdcsa24,0,244,307,8.171107,10.280860,,,0,0,0,ADL,1.000000
Subject 2/ADL/07.mp4#f248-311,Subject 2/ADL/07.mp4,2,gmdcsa24,0,248,311,8.305060,10.414813,,,0,0,0,ADL,1.000000
Subject 2/ADL/07.mp4#f252-315,Subject 2/ADL/07.mp4,2,gmdcsa24,0,252,315,8.439012,10.548765,,,0,0,0,ADL,1.000000
Subject 2/ADL/07.mp4#f256-319,Subject 2/ADL/07.mp4,2,gmdcsa24,0,256,319,8.572965,10.682718,,,0,0,0,ADL,1.000000
Subject 2/ADL/07.mp4#f260-323,Subject 2/ADL/07.mp4,2,gmdcsa24,0,260,323,8.706917,10.816670,,,0,0,0,ADL,1.000000
Subject 2/ADL/07.mp4#f264-327,Subject 2/ADL/07.mp4,2,gmdcsa24,0,264,327,8.840870,10.950623,,,0,0,0,ADL,1.000000
Subject 2/ADL/07.mp4#f268-331,Subject 2/ADL/07.mp4,2,gmdcsa24,0,268,331,8.974823,11.084576,,,0,0,0,ADL,1.000000
Subject 2/ADL/07.mp4#f272-335,Subject 2/ADL/07.mp4,2,gmdcsa24,0,272,335,9.108775,11.218528,,,0,0,0,ADL,1.000000
Subject 2/ADL/07.mp4#f276-339,Subject 2/ADL/07.mp4,2,gmdcsa24,0,276,339,9.242728,11.352481,,,0,0,0,ADL,1.000000
Subject 2/ADL/07.mp4#f280-343,Subject 2/ADL/07.mp4,2,gmdcsa24,0,280,343,9.376680,11.486433,,,0,0,0,ADL,1.000000
Subject 2/ADL/07.mp4#f284-347,Subject 2/ADL/07.mp4,2,gmdcsa24,0,284,347,9.510633,11.620386,,,0,0,0,ADL,1.000000
Subject 2/ADL/07.mp4#f288-351,Subject 2/ADL/07.mp4,2,gmdcsa24,0,288,351,9.644585,11.754338,,,0,0,0,ADL,1.000000
Subject 2/ADL/07.mp4#f292-355,Subject 2/ADL/07.mp4,2,gmdcsa24,0,292,355,9.778538,11.888291,,,0,0,0,ADL,1.000000
Subject 2/ADL/07.mp4#f296-359,Subject 2/ADL/07.mp4,2,gmdcsa24,0,296,359,9.912491,12.022244,,,0,0,0,ADL,1.000000
Subject 2/ADL/07.mp4#f300-363,Subject 2/ADL/07.mp4,2,gmdcsa24,0,300,363,10.046443,12.156196,,,0,0,0,ADL,1.000000
Subject 2/ADL/07.mp4#f304-367,Subject 2/ADL/07.mp4,2,gmdcsa24,0,304,367,10.180396,12.290149,,,0,0,0,ADL,1.000000
Subject 2/ADL/07.mp4#f308-371,Subject 2/ADL/07.mp4,2,gmdcsa24,0,308,371,10.314348,12.424101,,,0,0,0,ADL,1.000000
Subject 2/ADL/07.mp4#f312-375,Subject 2/ADL/07.mp4,2,gmdcsa24,0,312,375,10.448301,12.558054,,,0,0,0,ADL,1.000000
Subject 2/ADL/07.mp4#f316-379,Subject 2/ADL/07.mp4,2,gmdcsa24,0,316,379,10.582253,12.692006,,,0,0,0,ADL,1.000000
Subject 2/ADL/07.mp4#f320-383,Subject 2/ADL/07.mp4,2,gmdcsa24,0,320,383,10.716206,12.825959,,,0,0,0,ADL,1.000000
Subject 2/ADL/07.mp4#f324-387,Subject 2/ADL/07.mp4,2,gmdcsa24,0,324,387,10.850159,12.959912,,,0,0,0,ADL,1.000000
Subject 2/ADL/08.mp4#f0-63,Subject 2/ADL/08.mp4,2,gmdcsa24,0,0,63,0.000000,2.110129,,,0,0,0,ADL,1.000000
Subject 2/ADL/08.mp4#f4-67,Subject 2/ADL/08.mp4,2,gmdcsa24,0,4,67,0.133976,2.244106,,,0,0,0,ADL,1.000000
Subject 2/ADL/08.mp4#f8-71,Subject 2/ADL/08.mp4,2,gmdcsa24,0,8,71,0.267953,2.378082,,,0,0,0,ADL,1.000000
Subject 2/ADL/08.mp4#f12-75,Subject 2/ADL/08.mp4,2,gmdcsa24,0,12,75,0.401929,2.512059,,,0,0,0,ADL,1.000000
Subject 2/ADL/08.mp4#f16-79,Subject 2/ADL/08.mp4,2,gmdcsa24,0,16,79,0.535906,2.646035,,,0,0,0,ADL,1.000000
Subject 2/ADL/08.mp4#f20-83,Subject 2/ADL/08.mp4,2,gmdcsa24,0,20,83,0.669882,2.780012,,,0,0,0,ADL,1.000000
Subject 2/ADL/08.mp4#f24-87,Subject 2/ADL/08.mp4,2,gmdcsa24,0,24,87,0.803859,2.913988,,,0,0,0,ADL,1.000000
Subject 2/ADL/08.mp4#f28-91,Subject 2/ADL/08.mp4,2,gmdcsa24,0,28,91,0.937835,3.047965,,,0,0,0,ADL,1.000000
Subject 2/ADL/08.mp4#f32-95,Subject 2/ADL/08.mp4,2,gmdcsa24,0,32,95,1.071812,3.181941,,,0,0,0,ADL,1.000000
Subject 2/ADL/08.mp4#f36-99,Subject 2/ADL/08.mp4,2,gmdcsa24,0,36,99,1.205788,3.315918,,,0,0,0,ADL,1.000000
Subject 2/ADL/08.mp4#f40-103,Subject 2/ADL/08.mp4,2,gmdcsa24,0,40,103,1.339765,3.449894,,,0,0,0,ADL,1.000000
Subject 2/ADL/08.mp4#f44-107,Subject 2/ADL/08.mp4,2,gmdcsa24,0,44,107,1.473741,3.583871,,,0,0,0,ADL,1.000000
Subject 2/ADL/08.mp4#f48-111,Subject 2/ADL/08.mp4,2,gmdcsa24,0,48,111,1.607718,3.717847,,,0,0,0,ADL,1.000000
Subject 2/ADL/08.mp4#f52-115,Subject 2/ADL/08.mp4,2,gmdcsa24,0,52,115,1.741694,3.851823,,,0,0,0,ADL,1.000000
Subject 2/ADL/08.mp4#f56-119,Subject 2/ADL/08.mp4,2,gmdcsa24,0,56,119,1.875671,3.985800,,,0,0,0,ADL,1.000000
Subject 2/ADL/08.mp4#f60-123,Subject 2/ADL/08.mp4,2,gmdcsa24,0,60,123,2.009647,4.119776,,,0,0,0,ADL,1.000000
Subject 2/ADL/08.mp4#f64-127,Subject 2/ADL/08.mp4,2,gmdcsa24,0,64,127,2.143623,4.253753,,,0,0,0,ADL,1.000000
Subject 2/ADL/08.mp4#f68-131,Subject 2/ADL/08.mp4,2,gmdcsa24,0,68,131,2.277600,4.387729,,,0,0,0,ADL,1.000000
Subject 2/ADL/08.mp4#f72-135,Subject 2/ADL/08.mp4,2,gmdcsa24,0,72,135,2.411576,4.521706,,,0,0,0,ADL,1.000000
Subject 2/ADL/08.mp4#f76-139,Subject 2/ADL/08.mp4,2,gmdcsa24,0,76,139,2.545553,4.655682,,,0,0,0,ADL,1.000000
Subject 2/ADL/08.mp4#f80-143,Subject 2/ADL/08.mp4,2,gmdcsa24,0,80,143,2.679529,4.789659,,,0,0,0,ADL,1.000000
Subject 2/ADL/08.mp4#f84-147,Subject 2/ADL/08.mp4,2,gmdcsa24,0,84,147,2.813506,4.923635,,,0,0,0,ADL,1.000000
Subject 2/ADL/08.mp4#f88-151,Subject 2/ADL/08.mp4,2,gmdcsa24,0,88,151,2.947482,5.057612,,,0,0,0,ADL,1.000000
Subject 2/ADL/08.mp4#f92-155,Subject 2/ADL/08.mp4,2,gmdcsa24,0,92,155,3.081459,5.191588,,,0,0,0,ADL,1.000000
Subject 2/ADL/08.mp4#f96-159,Subject 2/ADL/08.mp4,2,gmdcsa24,0,96,159,3.215435,5.325565,,,0,0,0,ADL,1.000000
Subject 2/ADL/08.mp4#f100-163,Subject 2/ADL/08.mp4,2,gmdcsa24,0,100,163,3.349412,5.459541,,,0,0,0,ADL,1.000000
Subject 2/ADL/08.mp4#f104-167,Subject 2/ADL/08.mp4,2,gmdcsa24,0,104,167,3.483388,5.593518,,,0,0,0,ADL,1.000000
Subject 2/ADL/08.mp4#f108-171,Subject 2/ADL/08.mp4,2,gmdcsa24,0,108,171,3.617365,5.727494,,,0,0,0,ADL,1.000000
Subject 2/ADL/08.mp4#f112-175,Subject 2/ADL/08.mp4,2,gmdcsa24,0,112,175,3.751341,5.861470,,,0,0,0,ADL,1.000000
Subject 2/ADL/08.mp4#f116-179,Subject 2/ADL/08.mp4,2,gmdcsa24,0,116,179,3.885318,5.995447,,,0,0,0,ADL,1.000000
Subject 2/ADL/08.mp4#f120-183,Subject 2/ADL/08.mp4,2,gmdcsa24,0,120,183,4.019294,6.129423,,,0,0,0,ADL,1.000000
Subject 2/ADL/08.mp4#f124-187,Subject 2/ADL/08.mp4,2,gmdcsa24,0,124,187,4.153270,6.263400,,,0,0,0,ADL,1.000000
Subject 2/ADL/08.mp4#f128-191,Subject 2/ADL/08.mp4,2,gmdcsa24,0,128,191,4.287247,6.397376,,,0,0,0,ADL,1.000000
Subject 2/ADL/08.mp4#f132-195,Subject 2/ADL/08.mp4,2,gmdcsa24,0,132,195,4.421223,6.531353,,,0,0,0,ADL,1.000000
Subject 2/ADL/08.mp4#f136-199,Subject 2/ADL/08.mp4,2,gmdcsa24,0,136,199,4.555200,6.665329,,,0,0,0,ADL,1.000000
Subject 2/ADL/08.mp4#f140-203,Subject 2/ADL/08.mp4,2,gmdcsa24,0,140,203,4.689176,6.799306,,,0,0,0,ADL,1.000000
Subject 2/ADL/08.mp4#f144-207,Subject 2/ADL/08.mp4,2,gmdcsa24,0,144,207,4.823153,6.933282,,,0,0,0,ADL,1.000000
Subject 2/ADL/08.mp4#f148-211,Subject 2/ADL/08.mp4,2,gmdcsa24,0,148,211,4.957129,7.067259,,,0,0,0,ADL,1.000000
Subject 2/ADL/08.mp4#f152-215,Subject 2/ADL/08.mp4,2,gmdcsa24,0,152,215,5.091106,7.201235,,,0,0,0,ADL,1.000000
Subject 2/ADL/08.mp4#f156-219,Subject 2/ADL/08.mp4,2,gmdcsa24,0,156,219,5.225082,7.335212,,,0,0,0,ADL,1.000000
Subject 2/ADL/08.mp4#f160-223,Subject 2/ADL/08.mp4,2,gmdcsa24,0,160,223,5.359059,7.469188,,,0,0,0,ADL,1.000000
Subject 2/ADL/08.mp4#f164-227,Subject 2/ADL/08.mp4,2,gmdcsa24,0,164,227,5.493035,7.603165,,,0,0,0,ADL,1.000000
Subject 2/ADL/08.mp4#f168-231,Subject 2/ADL/08.mp4,2,gmdcsa24,0,168,231,5.627012,7.737141,,,0,0,0,ADL,1.000000
Subject 2/ADL/08.mp4#f172-235,Subject 2/ADL/08.mp4,2,gmdcsa24,0,172,235,5.760988,7.871117,,,0,0,0,ADL,1.000000
Subject 2/ADL/08.mp4#f176-239,Subject 2/ADL/08.mp4,2,gmdcsa24,0,176,239,5.894965,8.005094,,,0,0,0,ADL,1.000000
Subject 2/ADL/08.mp4#f180-243,Subject 2/ADL/08.mp4,2,gmdcsa24,0,180,243,6.028941,8.139070,,,0,0,0,ADL,1.000000
Subject 2/ADL/08.mp4#f184-247,Subject 2/ADL/08.mp4,2,gmdcsa24,0,184,247,6.162918,8.273047,,,0,0,0,ADL,1.000000
Subject 2/ADL/08.mp4#f188-251,Subject 2/ADL/08.mp4,2,gmdcsa24,0,188,251,6.296894,8.407023,,,0,0,0,ADL,1.000000
Subject 2/ADL/08.mp4#f192-255,Subject 2/ADL/08.mp4,2,gmdcsa24,0,192,255,6.430870,8.541000,,,0,0,0,ADL,1.000000
Subject 2/ADL/08.mp4#f196-259,Subject 2/ADL/08.mp4,2,gmdcsa24,0,196,259,6.564847,8.674976,,,0,0,0,ADL,1.000000
Subject 2/ADL/08.mp4#f200-263,Subject 2/ADL/08.mp4,2,gmdcsa24,0,200,263,6.698823,8.808953,,,0,0,0,ADL,1.000000
Subject 2/ADL/08.mp4#f204-267,Subject 2/ADL/08.mp4,2,gmdcsa24,0,204,267,6.832800,8.942929,,,0,0,0,ADL,1.000000
Subject 2/ADL/08.mp4#f208-271,Subject 2/ADL/08.mp4,2,gmdcsa24,0,208,271,6.966776,9.076906,,,0,0,0,ADL,1.000000
Subject 2/ADL/08.mp4#f212-275,Subject 2/ADL/08.mp4,2,gmdcsa24,0,212,275,7.100753,9.210882,,,0,0,0,ADL,1.000000
Subject 2/ADL/08.mp4#f216-279,Subject 2/ADL/08.mp4,2,gmdcsa24,0,216,279,7.234729,9.344859,,,0,0,0,ADL,1.000000
Subject 2/ADL/08.mp4#f220-283,Subject 2/ADL/08.mp4,2,gmdcsa24,0,220,283,7.368706,9.478835,,,0,0,0,ADL,1.000000
Subject 2/ADL/08.mp4#f224-287,Subject 2/ADL/08.mp4,2,gmdcsa24,0,224,287,7.502682,9.612812,,,0,0,0,ADL,1.000000
Subject 2/ADL/08.mp4#f228-291,Subject 2/ADL/08.mp4,2,gmdcsa24,0,228,291,7.636659,9.746788,,,0,0,0,ADL,1.000000
Subject 2/ADL/08.mp4#f232-295,Subject 2/ADL/08.mp4,2,gmdcsa24,0,232,295,7.770635,9.880764,,,0,0,0,ADL,1.000000
Subject 2/ADL/08.mp4#f236-299,Subject 2/ADL/08.mp4,2,gmdcsa24,0,236,299,7.904612,10.014741,,,0,0,0,ADL,1.000000
Subject 2/ADL/08.mp4#f240-303,Subject 2/ADL/08.mp4,2,gmdcsa24,0,240,303,8.038588,10.148717,,,0,0,0,ADL,1.000000
Subject 2/ADL/08.mp4#f244-307,Subject 2/ADL/08.mp4,2,gmdcsa24,0,244,307,8.172565,10.282694,,,0,0,0,ADL,1.000000
Subject 2/ADL/08.mp4#f248-311,Subject 2/ADL/08.mp4,2,gmdcsa24,0,248,311,8.306541,10.416670,,,0,0,0,ADL,1.000000
Subject 2/ADL/08.mp4#f252-315,Subject 2/ADL/08.mp4,2,gmdcsa24,0,252,315,8.440517,10.550647,,,0,0,0,ADL,1.000000
Subject 2/ADL/08.mp4#f256-319,Subject 2/ADL/08.mp4,2,gmdcsa24,0,256,319,8.574494,10.684623,,,0,0,0,ADL,1.000000
Subject 2/ADL/08.mp4#f260-323,Subject 2/ADL/08.mp4,2,gmdcsa24,0,260,323,8.708470,10.818600,,,0,0,0,ADL,1.000000
Subject 2/ADL/08.mp4#f264-327,Subject 2/ADL/08.mp4,2,gmdcsa24,0,264,327,8.842447,10.952576,,,0,0,0,ADL,1.000000
Subject 2/ADL/08.mp4#f268-331,Subject 2/ADL/08.mp4,2,gmdcsa24,0,268,331,8.976423,11.086553,,,0,0,0,ADL,1.000000
Subject 2/ADL/08.mp4#f272-335,Subject 2/ADL/08.mp4,2,gmdcsa24,0,272,335,9.110400,11.220529,,,0,0,0,ADL,1.000000
Subject 2/ADL/08.mp4#f276-339,Subject 2/ADL/08.mp4,2,gmdcsa24,0,276,339,9.244376,11.354506,,,0,0,0,ADL,1.000000
Subject 2/ADL/08.mp4#f280-343,Subject 2/ADL/08.mp4,2,gmdcsa24,0,280,343,9.378353,11.488482,,,0,0,0,ADL,1.000000
Subject 2/ADL/08.mp4#f284-347,Subject 2/ADL/08.mp4,2,gmdcsa24,0,284,347,9.512329,11.622459,,,0,0,0,ADL,1.000000
Subject 2/ADL/08.mp4#f288-351,Subject 2/ADL/08.mp4,2,gmdcsa24,0,288,351,9.646306,11.756435,,,0,0,0,ADL,1.000000
Subject 2/ADL/08.mp4#f292-355,Subject 2/ADL/08.mp4,2,gmdcsa24,0,292,355,9.780282,11.890411,,,0,0,0,ADL,1.000000
Subject 2/ADL/08.mp4#f296-359,Subject 2/ADL/08.mp4,2,gmdcsa24,0,296,359,9.914259,12.024388,,,0,0,0,ADL,1.000000
Subject 2/ADL/08.mp4#f300-363,Subject 2/ADL/08.mp4,2,gmdcsa24,0,300,363,10.048235,12.158364,,,0,0,0,ADL,1.000000
Subject 2/ADL/08.mp4#f304-367,Subject 2/ADL/08.mp4,2,gmdcsa24,0,304,367,10.182212,12.292341,,,0,0,0,ADL,1.000000
Subject 2/ADL/08.mp4#f308-371,Subject 2/ADL/08.mp4,2,gmdcsa24,0,308,371,10.316188,12.426317,,,0,0,0,ADL,1.000000
Subject 2/ADL/08.mp4#f312-375,Subject 2/ADL/08.mp4,2,gmdcsa24,0,312,375,10.450164,12.560294,,,0,0,0,ADL,1.000000
Subject 2/ADL/08.mp4#f316-379,Subject 2/ADL/08.mp4,2,gmdcsa24,0,316,379,10.584141,12.694270,,,0,0,0,ADL,1.000000
Subject 2/ADL/08.mp4#f320-383,Subject 2/ADL/08.mp4,2,gmdcsa24,0,320,383,10.718117,12.828247,,,0,0,0,ADL,1.000000
Subject 2/ADL/08.mp4#f324-387,Subject 2/ADL/08.mp4,2,gmdcsa24,0,324,387,10.852094,12.962223,,,0,0,0,ADL,1.000000
Subject 2/ADL/08.mp4#f328-391,Subject 2/ADL/08.mp4,2,gmdcsa24,0,328,391,10.986070,13.096200,,,0,0,0,ADL,1.000000
Subject 2/ADL/08.mp4#f332-395,Subject 2/ADL/08.mp4,2,gmdcsa24,0,332,395,11.120047,13.230176,,,0,0,0,ADL,1.000000
Subject 2/ADL/08.mp4#f336-399,Subject 2/ADL/08.mp4,2,gmdcsa24,0,336,399,11.254023,13.364153,,,0,0,0,ADL,1.000000
Subject 2/ADL/08.mp4#f340-403,Subject 2/ADL/08.mp4,2,gmdcsa24,0,340,403,11.388000,13.498129,,,0,0,0,ADL,1.000000
Subject 2/ADL/08.mp4#f344-407,Subject 2/ADL/08.mp4,2,gmdcsa24,0,344,407,11.521976,13.632106,,,0,0,0,ADL,1.000000
Subject 2/ADL/09.mp4#f0-63,Subject 2/ADL/09.mp4,2,gmdcsa24,0,0,63,0.000000,2.111650,,,0,0,0,ADL,1.000000
Subject 2/ADL/09.mp4#f4-67,Subject 2/ADL/09.mp4,2,gmdcsa24,0,4,67,0.134073,2.245723,,,0,0,0,ADL,1.000000
Subject 2/ADL/09.mp4#f8-71,Subject 2/ADL/09.mp4,2,gmdcsa24,0,8,71,0.268146,2.379796,,,0,0,0,ADL,1.000000
Subject 2/ADL/09.mp4#f12-75,Subject 2/ADL/09.mp4,2,gmdcsa24,0,12,75,0.402219,2.513869,,,0,0,0,ADL,1.000000
Subject 2/ADL/09.mp4#f16-79,Subject 2/ADL/09.mp4,2,gmdcsa24,0,16,79,0.536292,2.647942,,,0,0,0,ADL,1.000000
Subject 2/ADL/09.mp4#f20-83,Subject 2/ADL/09.mp4,2,gmdcsa24,0,20,83,0.670365,2.782015,,,0,0,0,ADL,1.000000
Subject 2/ADL/09.mp4#f24-87,Subject 2/ADL/09.mp4,2,gmdcsa24,0,24,87,0.804438,2.916088,,,0,0,0,ADL,1.000000
Subject 2/ADL/09.mp4#f28-91,Subject 2/ADL/09.mp4,2,gmdcsa24,0,28,91,0.938511,3.050161,,,0,0,0,ADL,1.000000
Subject 2/ADL/09.mp4#f32-95,Subject 2/ADL/09.mp4,2,gmdcsa24,0,32,95,1.072584,3.184233,,,0,0,0,ADL,1.000000
Subject 2/ADL/09.mp4#f36-99,Subject 2/ADL/09.mp4,2,gmdcsa24,0,36,99,1.206657,3.318306,,,0,0,0,ADL,1.000000
Subject 2/ADL/09.mp4#f40-103,Subject 2/ADL/09.mp4,2,gmdcsa24,0,40,103,1.340730,3.452379,,,0,0,0,ADL,1.000000
Subject 2/ADL/09.mp4#f44-107,Subject 2/ADL/09.mp4,2,gmdcsa24,0,44,107,1.474803,3.586452,,,0,0,0,ADL,1.000000
Subject 2/ADL/09.mp4#f48-111,Subject 2/ADL/09.mp4,2,gmdcsa24,0,48,111,1.608876,3.720525,,,0,0,0,ADL,1.000000
Subject 2/ADL/09.mp4#f52-115,Subject 2/ADL/09.mp4,2,gmdcsa24,0,52,115,1.742949,3.854598,,,0,0,0,ADL,1.000000
Subject 2/ADL/09.mp4#f56-119,Subject 2/ADL/09.mp4,2,gmdcsa24,0,56,119,1.877022,3.988671,,,0,0,0,ADL,1.000000
Subject 2/ADL/09.mp4#f60-123,Subject 2/ADL/09.mp4,2,gmdcsa24,0,60,123,2.011095,4.122744,,,0,0,0,ADL,1.000000
Subject 2/ADL/09.mp4#f64-127,Subject 2/ADL/09.mp4,2,gmdcsa24,0,64,127,2.145168,4.256817,,,0,0,0,ADL,1.000000
Subject 2/ADL/09.mp4#f68-131,Subject 2/ADL/09.mp4,2,gmdcsa24,0,68,131,2.279241,4.390890,,,0,0,0,ADL,1.000000
Subject 2/ADL/09.mp4#f72-135,Subject 2/ADL/09.mp4,2,gmdcsa24,0,72,135,2.413314,4.524963,,,0,0,0,ADL,1.000000
Subject 2/ADL/09.mp4#f76-139,Subject 2/ADL/09.mp4,2,gmdcsa24,0,76,139,2.547387,4.659036,,,0,0,0,ADL,1.000000
Subject 2/ADL/09.mp4#f80-143,Subject 2/ADL/09.mp4,2,gmdcsa24,0,80,143,2.681460,4.793109,,,0,0,0,ADL,1.000000
Subject 2/ADL/09.mp4#f84-147,Subject 2/ADL/09.mp4,2,gmdcsa24,0,84,147,2.815533,4.927182,,,0,0,0,ADL,1.000000
Subject 2/ADL/09.mp4#f88-151,Subject 2/ADL/09.mp4,2,gmdcsa24,0,88,151,2.949606,5.061255,,,0,0,0,ADL,1.000000
Subject 2/ADL/09.mp4#f92-155,Subject 2/ADL/09.mp4,2,gmdcsa24,0,92,155,3.083679,5.195328,,,0,0,0,ADL,1.000000
Subject 2/ADL/09.mp4#f96-159,Subject 2/ADL/09.mp4,2,gmdcsa24,0,96,159,3.217752,5.329401,,,0,0,0,ADL,1.000000
Subject 2/ADL/09.mp4#f100-163,Subject 2/ADL/09.mp4,2,gmdcsa24,0,100,163,3.351825,5.463474,,,0,0,0,ADL,1.000000
Subject 2/ADL/09.mp4#f104-167,Subject 2/ADL/09.mp4,2,gmdcsa24,0,104,167,3.485898,5.597547,,,0,0,0,ADL,1.000000
Subject 2/ADL/09.mp4#f108-171,Subject 2/ADL/09.mp4,2,gmdcsa24,0,108,171,3.619971,5.731620,,,0,0,0,ADL,1.000000
Subject 2/ADL/09.mp4#f112-175,Subject 2/ADL/09.mp4,2,gmdcsa24,0,112,175,3.754044,5.865693,,,0,0,0,ADL,1.000000
Subject 2/ADL/09.mp4#f116-179,Subject 2/ADL/09.mp4,2,gmdcsa24,0,116,179,3.888117,5.999766,,,0,0,0,ADL,1.000000
Subject 2/ADL/09.mp4#f120-183,Subject 2/ADL/09.mp4,2,gmdcsa24,0,120,183,4.022190,6.133839,,,0,0,0,ADL,1.000000
Subject 2/ADL/09.mp4#f124-187,Subject 2/ADL/09.mp4,2,gmdcsa24,0,124,187,4.156263,6.267912,,,0,0,0,ADL,1.000000
Subject 2/ADL/09.mp4#f128-191,Subject 2/ADL/09.mp4,2,gmdcsa24,0,128,191,4.290336,6.401985,,,0,0,0,ADL,1.000000
Subject 2/ADL/09.mp4#f132-195,Subject 2/ADL/09.mp4,2,gmdcsa24,0,132,195,4.424409,6.536058,,,0,0,0,ADL,1.000000
Subject 2/ADL/09.mp4#f136-199,Subject 2/ADL/09.mp4,2,gmdcsa24,0,136,199,4.558482,6.670131,,,0,0,0,ADL,1.000000
Subject 2/ADL/09.mp4#f140-203,Subject 2/ADL/09.mp4,2,gmdcsa24,0,140,203,4.692555,6.804204,,,0,0,0,ADL,1.000000
Subject 2/ADL/09.mp4#f144-207,Subject 2/ADL/09.mp4,2,gmdcsa24,0,144,207,4.826628,6.938277,,,0,0,0,ADL,1.000000
Subject 2/ADL/09.mp4#f148-211,Subject 2/ADL/09.mp4,2,gmdcsa24,0,148,211,4.960701,7.072350,,,0,0,0,ADL,1.000000
Subject 2/ADL/09.mp4#f152-215,Subject 2/ADL/09.mp4,2,gmdcsa24,0,152,215,5.094774,7.206423,,,0,0,0,ADL,1.000000
Subject 2/ADL/09.mp4#f156-219,Subject 2/ADL/09.mp4,2,gmdcsa24,0,156,219,5.228847,7.340496,,,0,0,0,ADL,1.000000
Subject 2/ADL/09.mp4#f160-223,Subject 2/ADL/09.mp4,2,gmdcsa24,0,160,223,5.362920,7.474569,,,0,0,0,ADL,1.000000
Subject 2/ADL/09.mp4#f164-227,Subject 2/ADL/09.mp4,2,gmdcsa24,0,164,227,5.496993,7.608642,,,0,0,0,ADL,1.000000
Subject 2/ADL/09.mp4#f168-231,Subject 2/ADL/09.mp4,2,gmdcsa24,0,168,231,5.631066,7.742715,,,0,0,0,ADL,1.000000
Subject 2/ADL/09.mp4#f172-235,Subject 2/ADL/09.mp4,2,gmdcsa24,0,172,235,5.765139,7.876788,,,0,0,0,ADL,1.000000
Subject 2/ADL/09.mp4#f176-239,Subject 2/ADL/09.mp4,2,gmdcsa24,0,176,239,5.899212,8.010861,,,0,0,0,ADL,1.000000
Subject 2/ADL/09.mp4#f180-243,Subject 2/ADL/09.mp4,2,gmdcsa24,0,180,243,6.033285,8.144934,,,0,0,0,ADL,1.000000
Subject 2/ADL/09.mp4#f184-247,Subject 2/ADL/09.mp4,2,gmdcsa24,0,184,247,6.167358,8.279007,,,0,0,0,ADL,1.000000
Subject 2/ADL/09.mp4#f188-251,Subject 2/ADL/09.mp4,2,gmdcsa24,0,188,251,6.301430,8.413080,,,0,0,0,ADL,1.000000
Subject 2/ADL/09.mp4#f192-255,Subject 2/ADL/09.mp4,2,gmdcsa24,0,192,255,6.435503,8.547153,,,0,0,0,ADL,1.000000
Subject 2/ADL/09.mp4#f196-259,Subject 2/ADL/09.mp4,2,gmdcsa24,0,196,259,6.569576,8.681226,,,0,0,0,ADL,1.000000
Subject 2/ADL/09.mp4#f200-263,Subject 2/ADL/09.mp4,2,gmdcsa24,0,200,263,6.703649,8.815299,,,0,0,0,ADL,1.000000
Subject 2/ADL/09.mp4#f204-267,Subject 2/ADL/09.mp4,2,gmdcsa24,0,204,267,6.837722,8.949372,,,0,0,0,ADL,1.000000
Subject 2/ADL/09.mp4#f208-271,Subject 2/ADL/09.mp4,2,gmdcsa24,0,208,271,6.971795,9.083445,,,0,0,0,ADL,1.000000
Subject 2/ADL/09.mp4#f212-275,Subject 2/ADL/09.mp4,2,gmdcsa24,0,212,275,7.105868,9.217518,,,0,0,0,ADL,1.000000
Subject 2/ADL/09.mp4#f216-279,Subject 2/ADL/09.mp4,2,gmdcsa24,0,216,279,7.239941,9.351591,,,0,0,0,ADL,1.000000
Subject 2/ADL/09.mp4#f220-283,Subject 2/ADL/09.mp4,2,gmdcsa24,0,220,283,7.374014,9.485664,,,0,0,0,ADL,1.000000
Subject 2/ADL/09.mp4#f224-287,Subject 2/ADL/09.mp4,2,gmdcsa24,0,224,287,7.508087,9.619737,,,0,0,0,ADL,1.000000
Subject 2/ADL/09.mp4#f228-291,Subject 2/ADL/09.mp4,2,gmdcsa24,0,228,291,7.642160,9.753810,,,0,0,0,ADL,1.000000
Subject 2/ADL/09.mp4#f232-295,Subject 2/ADL/09.mp4,2,gmdcsa24,0,232,295,7.776233,9.887883,,,0,0,0,ADL,1.000000
Subject 2/ADL/09.mp4#f236-299,Subject 2/ADL/09.mp4,2,gmdcsa24,0,236,299,7.910306,10.021956,,,0,0,0,ADL,1.000000
Subject 2/ADL/09.mp4#f240-303,Subject 2/ADL/09.mp4,2,gmdcsa24,0,240,303,8.044379,10.156029,,,0,0,0,ADL,1.000000
Subject 2/ADL/09.mp4#f244-307,Subject 2/ADL/09.mp4,2,gmdcsa24,0,244,307,8.178452,10.290102,,,0,0,0,ADL,1.000000
Subject 2/ADL/09.mp4#f248-311,Subject 2/ADL/09.mp4,2,gmdcsa24,0,248,311,8.312525,10.424175,,,0,0,0,ADL,1.000000
Subject 2/ADL/09.mp4#f252-315,Subject 2/ADL/09.mp4,2,gmdcsa24,0,252,315,8.446598,10.558248,,,0,0,0,ADL,1.000000
Subject 2/ADL/09.mp4#f256-319,Subject 2/ADL/09.mp4,2,gmdcsa24,0,256,319,8.580671,10.692321,,,0,0,0,ADL,1.000000
Subject 2/ADL/09.mp4#f260-323,Subject 2/ADL/09.mp4,2,gmdcsa24,0,260,323,8.714744,10.826394,,,0,0,0,ADL,1.000000
Subject 2/ADL/10.mp4#f0-63,Subject 2/ADL/10.mp4,2,gmdcsa24,0,0,63,0.000000,2.109673,,,0,0,0,ADL,1.000000
Subject 2/ADL/10.mp4#f4-67,Subject 2/ADL/10.mp4,2,gmdcsa24,0,4,67,0.133947,2.243621,,,0,0,0,ADL,1.000000
Subject 2/ADL/10.mp4#f8-71,Subject 2/ADL/10.mp4,2,gmdcsa24,0,8,71,0.267895,2.377568,,,0,0,0,ADL,1.000000
Subject 2/ADL/10.mp4#f12-75,Subject 2/ADL/10.mp4,2,gmdcsa24,0,12,75,0.401842,2.511515,,,0,0,0,ADL,1.000000
Subject 2/ADL/10.mp4#f16-79,Subject 2/ADL/10.mp4,2,gmdcsa24,0,16,79,0.535790,2.645463,,,0,0,0,ADL,1.000000
Subject 2/ADL/10.mp4#f20-83,Subject 2/ADL/10.mp4,2,gmdcsa24,0,20,83,0.669737,2.779410,,,0,0,0,ADL,1.000000
Subject 2/ADL/10.mp4#f24-87,Subject 2/ADL/10.mp4,2,gmdcsa24,0,24,87,0.803685,2.913358,,,0,0,0,ADL,1.000000
Subject 2/ADL/10.mp4#f28-91,Subject 2/ADL/10.mp4,2,gmdcsa24,0,28,91,0.937632,3.047305,,,0,0,0,ADL,1.000000
Subject 2/ADL/10.mp4#f32-95,Subject 2/ADL/10.mp4,2,gmdcsa24,0,32,95,1.071580,3.181253,,,0,0,0,ADL,1.000000
Subject 2/ADL/10.mp4#f36-99,Subject 2/ADL/10.mp4,2,gmdcsa24,0,36,99,1.205527,3.315200,,,0,0,0,ADL,1.000000
Subject 2/ADL/10.mp4#f40-103,Subject 2/ADL/10.mp4,2,gmdcsa24,0,40,103,1.339475,3.449148,,,0,0,0,ADL,1.000000
Subject 2/ADL/10.mp4#f44-107,Subject 2/ADL/10.mp4,2,gmdcsa24,0,44,107,1.473422,3.583095,,,0,0,0,ADL,1.000000
Subject 2/ADL/10.mp4#f48-111,Subject 2/ADL/10.mp4,2,gmdcsa24,0,48,111,1.607370,3.717043,,,0,0,0,ADL,1.000000
Subject 2/ADL/10.mp4#f52-115,Subject 2/ADL/10.mp4,2,gmdcsa24,0,52,115,1.741317,3.850990,,,0,0,0,ADL,1.000000
Subject 2/ADL/10.mp4#f56-119,Subject 2/ADL/10.mp4,2,gmdcsa24,0,56,119,1.875265,3.984938,,,0,0,0,ADL,1.000000
Subject 2/ADL/10.mp4#f60-123,Subject 2/ADL/10.mp4,2,gmdcsa24,0,60,123,2.009212,4.118885,,,0,0,0,ADL,1.000000
Subject 2/ADL/10.mp4#f64-127,Subject 2/ADL/10.mp4,2,gmdcsa24,0,64,127,2.143160,4.252833,,,0,0,0,ADL,1.000000
Subject 2/ADL/10.mp4#f68-131,Subject 2/ADL/10.mp4,2,gmdcsa24,0,68,131,2.277107,4.386780,,,0,0,0,ADL,1.000000
Subject 2/ADL/10.mp4#f72-135,Subject 2/ADL/10.mp4,2,gmdcsa24,0,72,135,2.411055,4.520728,,,0,0,0,ADL,1.000000
Subject 2/ADL/10.mp4#f76-139,Subject 2/ADL/10.mp4,2,gmdcsa24,0,76,139,2.545002,4.654675,,,0,0,0,ADL,1.000000
Subject 2/ADL/10.mp4#f80-143,Subject 2/ADL/10.mp4,2,gmdcsa24,0,80,143,2.678950,4.788623,,,0,0,0,ADL,1.000000
Subject 2/ADL/10.mp4#f84-147,Subject 2/ADL/10.mp4,2,gmdcsa24,0,84,147,2.812897,4.922570,,,0,0,0,ADL,1.000000
Subject 2/ADL/10.mp4#f88-151,Subject 2/ADL/10.mp4,2,gmdcsa24,0,88,151,2.946845,5.056518,,,0,0,0,ADL,1.000000
Subject 2/ADL/10.mp4#f92-155,Subject 2/ADL/10.mp4,2,gmdcsa24,0,92,155,3.080792,5.190465,,,0,0,0,ADL,1.000000
Subject 2/ADL/10.mp4#f96-159,Subject 2/ADL/10.mp4,2,gmdcsa24,0,96,159,3.214740,5.324413,,,0,0,0,ADL,1.000000
Subject 2/ADL/10.mp4#f100-163,Subject 2/ADL/10.mp4,2,gmdcsa24,0,100,163,3.348687,5.458360,,,0,0,0,ADL,1.000000
Subject 2/ADL/10.mp4#f104-167,Subject 2/ADL/10.mp4,2,gmdcsa24,0,104,167,3.482635,5.592308,,,0,0,0,ADL,1.000000
Subject 2/ADL/10.mp4#f108-171,Subject 2/ADL/10.mp4,2,gmdcsa24,0,108,171,3.616582,5.726255,,,0,0,0,ADL,1.000000
Subject 2/ADL/10.mp4#f112-175,Subject 2/ADL/10.mp4,2,gmdcsa24,0,112,175,3.750530,5.860203,,,0,0,0,ADL,1.000000
Subject 2/ADL/10.mp4#f116-179,Subject 2/ADL/10.mp4,2,gmdcsa24,0,116,179,3.884477,5.994150,,,0,0,0,ADL,1.000000
Subject 2/ADL/10.mp4#f120-183,Subject 2/ADL/10.mp4,2,gmdcsa24,0,120,183,4.018425,6.128098,,,0,0,0,ADL,1.000000
Subject 2/ADL/10.mp4#f124-187,Subject 2/ADL/10.mp4,2,gmdcsa24,0,124,187,4.152372,6.262045,,,0,0,0,ADL,1.000000
Subject 2/ADL/10.mp4#f128-191,Subject 2/ADL/10.mp4,2,gmdcsa24,0,128,191,4.286320,6.395993,,,0,0,0,ADL,1.000000
Subject 2/ADL/10.mp4#f132-195,Subject 2/ADL/10.mp4,2,gmdcsa24,0,132,195,4.420267,6.529940,,,0,0,0,ADL,1.000000
Subject 2/ADL/10.mp4#f136-199,Subject 2/ADL/10.mp4,2,gmdcsa24,0,136,199,4.554215,6.663888,,,0,0,0,ADL,1.000000
Subject 2/ADL/10.mp4#f140-203,Subject 2/ADL/10.mp4,2,gmdcsa24,0,140,203,4.688162,6.797835,,,0,0,0,ADL,1.000000
Subject 2/ADL/10.mp4#f144-207,Subject 2/ADL/10.mp4,2,gmdcsa24,0,144,207,4.822110,6.931783,,,0,0,0,ADL,1.000000
Subject 2/ADL/10.mp4#f148-211,Subject 2/ADL/10.mp4,2,gmdcsa24,0,148,211,4.956057,7.065730,,,0,0,0,ADL,1.000000
Subject 2/ADL/10.mp4#f152-215,Subject 2/ADL/10.mp4,2,gmdcsa24,0,152,215,5.090005,7.199678,,,0,0,0,ADL,1.000000
Subject 2/ADL/10.mp4#f156-219,Subject 2/ADL/10.mp4,2,gmdcsa24,0,156,219,5.223952,7.333625,,,0,0,0,ADL,1.000000
Subject 2/ADL/10.mp4#f160-223,Subject 2/ADL/10.mp4,2,gmdcsa24,0,160,223,5.357900,7.467573,,,0,0,0,ADL,1.000000
Subject 2/ADL/11.mp4#f0-63,Subject 2/ADL/11.mp4,2,gmdcsa24,0,0,63,0.000000,2.110986,,,0,0,0,ADL,1.000000
Subject 2/ADL/11.mp4#f4-67,Subject 2/ADL/11.mp4,2,gmdcsa24,0,4,67,0.134031,2.245017,,,0,0,0,ADL,1.000000
Subject 2/ADL/11.mp4#f8-71,Subject 2/ADL/11.mp4,2,gmdcsa24,0,8,71,0.268062,2.379048,,,0,0,0,ADL,1.000000
Subject 2/ADL/11.mp4#f12-75,Subject 2/ADL/11.mp4,2,gmdcsa24,0,12,75,0.402093,2.513079,,,0,0,0,ADL,1.000000
Subject 2/ADL/11.mp4#f16-79,Subject 2/ADL/11.mp4,2,gmdcsa24,0,16,79,0.536123,2.647110,,,0,0,0,ADL,1.000000
Subject 2/ADL/11.mp4#f20-83,Subject 2/ADL/11.mp4,2,gmdcsa24,0,20,83,0.670154,2.781141,,,0,0,0,ADL,1.000000
Subject 2/ADL/11.mp4#f24-87,Subject 2/ADL/11.mp4,2,gmdcsa24,0,24,87,0.804185,2.915172,,,0,0,0,ADL,1.000000
Subject 2/ADL/11.mp4#f28-91,Subject 2/ADL/11.mp4,2,gmdcsa24,0,28,91,0.938216,3.049202,,,0,0,0,ADL,1.000000
Subject 2/ADL/11.mp4#f32-95,Subject 2/ADL/11.mp4,2,gmdcsa24,0,32,95,1.072247,3.183233,,,0,0,0,ADL,1.000000
Subject 2/ADL/11.mp4#f36-99,Subject 2/ADL/11.mp4,2,gmdcsa24,0,36,99,1.206278,3.317264,,,0,0,0,ADL,1.000000
Subject 2/ADL/11.mp4#f40-103,Subject 2/ADL/11.mp4,2,gmdcsa24,0,40,103,1.340309,3.451295,,,0,0,0,ADL,1.000000
Subject 2/ADL/11.mp4#f44-107,Subject 2/ADL/11.mp4,2,gmdcsa24,0,44,107,1.474340,3.585326,,,0,0,0,ADL,1.000000
Subject 2/ADL/11.mp4#f48-111,Subject 2/ADL/11.mp4,2,gmdcsa24,0,48,111,1.608370,3.719357,,,0,0,0,ADL,1.000000
Subject 2/ADL/11.mp4#f52-115,Subject 2/ADL/11.mp4,2,gmdcsa24,0,52,115,1.742401,3.853388,,,0,0,0,ADL,1.000000
Subject 2/ADL/11.mp4#f56-119,Subject 2/ADL/11.mp4,2,gmdcsa24,0,56,119,1.876432,3.987419,,,0,0,0,ADL,1.000000
Subject 2/ADL/11.mp4#f60-123,Subject 2/ADL/11.mp4,2,gmdcsa24,0,60,123,2.010463,4.121449,,,0,0,0,ADL,1.000000
Subject 2/ADL/11.mp4#f64-127,Subject 2/ADL/11.mp4,2,gmdcsa24,0,64,127,2.144494,4.255480,,,0,0,0,ADL,1.000000
Subject 2/ADL/11.mp4#f68-131,Subject 2/ADL/11.mp4,2,gmdcsa24,0,68,131,2.278525,4.389511,,,0,0,0,ADL,1.000000
Subject 2/ADL/11.mp4#f72-135,Subject 2/ADL/11.mp4,2,gmdcsa24,0,72,135,2.412556,4.523542,,,0,0,0,ADL,1.000000
Subject 2/ADL/11.mp4#f76-139,Subject 2/ADL/11.mp4,2,gmdcsa24,0,76,139,2.546587,4.657573,,,0,0,0,ADL,1.000000
Subject 2/ADL/11.mp4#f80-143,Subject 2/ADL/11.mp4,2,gmdcsa24,0,80,143,2.680617,4.791604,,,0,0,0,ADL,1.000000
Subject 2/ADL/11.mp4#f84-147,Subject 2/ADL/11.mp4,2,gmdcsa24,0,84,147,2.814648,4.925635,,,0,0,0,ADL,1.000000
Subject 2/ADL/11.mp4#f88-151,Subject 2/ADL/11.mp4,2,gmdcsa24,0,88,151,2.948679,5.059665,,,0,0,0,ADL,1.000000
Subject 2/ADL/11.mp4#f92-155,Subject 2/ADL/11.mp4,2,gmdcsa24,0,92,155,3.082710,5.193696,,,0,0,0,ADL,1.000000
Subject 2/ADL/11.mp4#f96-159,Subject 2/ADL/11.mp4,2,gmdcsa24,0,96,159,3.216741,5.327727,,,0,0,0,ADL,1.000000
Subject 2/ADL/11.mp4#f100-163,Subject 2/ADL/11.mp4,2,gmdcsa24,0,100,163,3.350772,5.461758,,,0,0,0,ADL,1.000000
Subject 2/ADL/11.mp4#f104-167,Subject 2/ADL/11.mp4,2,gmdcsa24,0,104,167,3.484803,5.595789,,,0,0,0,ADL,1.000000
Subject 2/ADL/11.mp4#f108-171,Subject 2/ADL/11.mp4,2,gmdcsa24,0,108,171,3.618834,5.729820,,,0,0,0,ADL,1.000000
Subject 2/ADL/11.mp4#f112-175,Subject 2/ADL/11.mp4,2,gmdcsa24,0,112,175,3.752864,5.863851,,,0,0,0,ADL,1.000000
Subject 2/ADL/11.mp4#f116-179,Subject 2/ADL/11.mp4,2,gmdcsa24,0,116,179,3.886895,5.997882,,,0,0,0,ADL,1.000000
Subject 2/ADL/11.mp4#f120-183,Subject 2/ADL/11.mp4,2,gmdcsa24,0,120,183,4.020926,6.131912,,,0,0,0,ADL,1.000000
Subject 2/ADL/11.mp4#f124-187,Subject 2/ADL/11.mp4,2,gmdcsa24,0,124,187,4.154957,6.265943,,,0,0,0,ADL,1.000000
Subject 2/ADL/11.mp4#f128-191,Subject 2/ADL/11.mp4,2,gmdcsa24,0,128,191,4.288988,6.399974,,,0,0,0,ADL,1.000000
Subject 2/ADL/11.mp4#f132-195,Subject 2/ADL/11.mp4,2,gmdcsa24,0,132,195,4.423019,6.534005,,,0,0,0,ADL,1.000000
Subject 2/ADL/11.mp4#f136-199,Subject 2/ADL/11.mp4,2,gmdcsa24,0,136,199,4.557050,6.668036,,,0,0,0,ADL,1.000000
Subject 2/ADL/11.mp4#f140-203,Subject 2/ADL/11.mp4,2,gmdcsa24,0,140,203,4.691081,6.802067,,,0,0,0,ADL,1.000000
Subject 2/ADL/11.mp4#f144-207,Subject 2/ADL/11.mp4,2,gmdcsa24,0,144,207,4.825111,6.936098,,,0,0,0,ADL,1.000000
Subject 2/ADL/11.mp4#f148-211,Subject 2/ADL/11.mp4,2,gmdcsa24,0,148,211,4.959142,7.070129,,,0,0,0,ADL,1.000000
Subject 2/ADL/11.mp4#f152-215,Subject 2/ADL/11.mp4,2,gmdcsa24,0,152,215,5.093173,7.204159,,,0,0,0,ADL,1.000000
Subject 2/ADL/11.mp4#f156-219,Subject 2/ADL/11.mp4,2,gmdcsa24,0,156,219,5.227204,7.338190,,,0,0,0,ADL,1.000000
Subject 2/ADL/11.mp4#f160-223,Subject 2/ADL/11.mp4,2,gmdcsa24,0,160,223,5.361235,7.472221,,,0,0,0,ADL,1.000000
Subject 2/ADL/11.mp4#f164-227,Subject 2/ADL/11.mp4,2,gmdcsa24,0,164,227,5.495266,7.606252,,,0,0,0,ADL,1.000000
Subject 2/ADL/11.mp4#f168-231,Subject 2/ADL/11.mp4,2,gmdcsa24,0,168,231,5.629297,7.740283,,,0,0,0,ADL,1.000000
Subject 2/ADL/11.mp4#f172-235,Subject 2/ADL/11.mp4,2,gmdcsa24,0,172,235,5.763328,7.874314,,,0,0,0,ADL,1.000000
Subject 2/ADL/11.mp4#f176-239,Subject 2/ADL/11.mp4,2,gmdcsa24,0,176,239,5.897358,8.008345,,,0,0,0,ADL,1.000000
Subject 2/ADL/11.mp4#f180-243,Subject 2/ADL/11.mp4,2,gmdcsa24,0,180,243,6.031389,8.142376,,,0,0,0,ADL,1.000000
Subject 2/ADL/11.mp4#f184-247,Subject 2/ADL/11.mp4,2,gmdcsa24,0,184,247,6.165420,8.276406,,,0,0,0,ADL,1.000000
Subject 2/ADL/11.mp4#f188-251,Subject 2/ADL/11.mp4,2,gmdcsa24,0,188,251,6.299451,8.410437,,,0,0,0,ADL,1.000000
Subject 2/ADL/11.mp4#f192-255,Subject 2/ADL/11.mp4,2,gmdcsa24,0,192,255,6.433482,8.544468,,,0,0,0,ADL,1.000000
Subject 2/ADL/11.mp4#f196-259,Subject 2/ADL/11.mp4,2,gmdcsa24,0,196,259,6.567513,8.678499,,,0,0,0,ADL,1.000000
Subject 2/ADL/11.mp4#f200-263,Subject 2/ADL/11.mp4,2,gmdcsa24,0,200,263,6.701544,8.812530,,,0,0,0,ADL,1.000000
Subject 2/ADL/11.mp4#f204-267,Subject 2/ADL/11.mp4,2,gmdcsa24,0,204,267,6.835575,8.946561,,,0,0,0,ADL,1.000000
Subject 2/ADL/11.mp4#f208-271,Subject 2/ADL/11.mp4,2,gmdcsa24,0,208,271,6.969605,9.080592,,,0,0,0,ADL,1.000000
Subject 2/ADL/11.mp4#f212-275,Subject 2/ADL/11.mp4,2,gmdcsa24,0,212,275,7.103636,9.214623,,,0,0,0,ADL,1.000000
Subject 2/ADL/11.mp4#f216-279,Subject 2/ADL/11.mp4,2,gmdcsa24,0,216,279,7.237667,9.348653,,,0,0,0,ADL,1.000000
Subject 2/ADL/11.mp4#f220-283,Subject 2/ADL/11.mp4,2,gmdcsa24,0,220,283,7.371698,9.482684,,,0,0,0,ADL,1.000000
Subject 2/ADL/11.mp4#f224-287,Subject 2/ADL/11.mp4,2,gmdcsa24,0,224,287,7.505729,9.616715,,,0,0,0,ADL,1.000000
Subject 2/ADL/11.mp4#f228-291,Subject 2/ADL/11.mp4,2,gmdcsa24,0,228,291,7.639760,9.750746,,,0,0,0,ADL,1.000000
Subject 2/ADL/11.mp4#f232-295,Subject 2/ADL/11.mp4,2,gmdcsa24,0,232,295,7.773791,9.884777,,,0,0,0,ADL,1.000000
Subject 2/ADL/12.mp4#f0-63,Subject 2/ADL/12.mp4,2,gmdcsa24,0,0,63,0.000000,2.109677,,,0,0,0,ADL,1.000000
Subject 2/ADL/12.mp4#f4-67,Subject 2/ADL/12.mp4,2,gmdcsa24,0,4,67,0.133948,2.243624,,,0,0,0,ADL,1.000000
Subject 2/ADL/12.mp4#f8-71,Subject 2/ADL/12.mp4,2,gmdcsa24,0,8,71,0.267895,2.377572,,,0,0,0,ADL,1.000000
Subject 2/ADL/12.mp4#f12-75,Subject 2/ADL/12.mp4,2,gmdcsa24,0,12,75,0.401843,2.511520,,,0,0,0,ADL,1.000000
Subject 2/ADL/12.mp4#f16-79,Subject 2/ADL/12.mp4,2,gmdcsa24,0,16,79,0.535791,2.645468,,,0,0,0,ADL,1.000000
Subject 2/ADL/12.mp4#f20-83,Subject 2/ADL/12.mp4,2,gmdcsa24,0,20,83,0.669739,2.779415,,,0,0,0,ADL,1.000000
Subject 2/ADL/12.mp4#f24-87,Subject 2/ADL/12.mp4,2,gmdcsa24,0,24,87,0.803686,2.913363,,,0,0,0,ADL,1.000000
Subject 2/ADL/12.mp4#f28-91,Subject 2/ADL/12.mp4,2,gmdcsa24,0,28,91,0.937634,3.047311,,,0,0,0,ADL,1.000000
Subject 2/ADL/12.mp4#f32-95,Subject 2/ADL/12.mp4,2,gmdcsa24,0,32,95,1.071582,3.181258,,,0,0,0,ADL,1.000000
Subject 2/ADL/12.mp4#f36-99,Subject 2/ADL/12.mp4,2,gmdcsa24,0,36,99,1.205530,3.315206,,,0,0,0,ADL,1.000000
Subject 2/ADL/12.mp4#f40-103,Subject 2/ADL/12.mp4,2,gmdcsa24,0,40,103,1.339477,3.449154,,,0,0,0,ADL,1.000000
Subject 2/ADL/12.mp4#f44-107,Subject 2/ADL/12.mp4,2,gmdcsa24,0,44,107,1.473425,3.583102,,,0,0,0,ADL,1.000000
Subject 2/ADL/12.mp4#f48-111,Subject 2/ADL/12.mp4,2,gmdcsa24,0,48,111,1.607373,3.717049,,,0,0,0,ADL,1.000000
Subject 2/ADL/12.mp4#f52-115,Subject 2/ADL/12.mp4,2,gmdcsa24,0,52,115,1.741320,3.850997,,,0,0,0,ADL,1.000000
Subject 2/ADL/12.mp4#f56-119,Subject 2/ADL/12.mp4,2,gmdcsa24,0,56,119,1.875268,3.984945,,,0,0,0,ADL,1.000000
Subject 2/ADL/12.mp4#f60-123,Subject 2/ADL/12.mp4,2,gmdcsa24,0,60,123,2.009216,4.118893,,,0,0,0,ADL,1.000000
Subject 2/ADL/12.mp4#f64-127,Subject 2/ADL/12.mp4,2,gmdcsa24,0,64,127,2.143164,4.252840,,,0,0,0,ADL,1.000000
Subject 2/ADL/12.mp4#f68-131,Subject 2/ADL/12.mp4,2,gmdcsa24,0,68,131,2.277111,4.386788,,,0,0,0,ADL,1.000000
Subject 2/ADL/12.mp4#f72-135,Subject 2/ADL/12.mp4,2,gmdcsa24,0,72,135,2.411059,4.520736,,,0,0,0,ADL,1.000000
Subject 2/ADL/12.mp4#f76-139,Subject 2/ADL/12.mp4,2,gmdcsa24,0,76,139,2.545007,4.654683,,,0,0,0,ADL,1.000000
Subject 2/ADL/12.mp4#f80-143,Subject 2/ADL/12.mp4,2,gmdcsa24,0,80,143,2.678954,4.788631,,,0,0,0,ADL,1.000000
Subject 2/ADL/12.mp4#f84-147,Subject 2/ADL/12.mp4,2,gmdcsa24,0,84,147,2.812902,4.922579,,,0,0,0,ADL,1.000000
Subject 2/ADL/12.mp4#f88-151,Subject 2/ADL/12.mp4,2,gmdcsa24,0,88,151,2.946850,5.056527,,,0,0,0,ADL,1.000000
Subject 2/ADL/12.mp4#f92-155,Subject 2/ADL/12.mp4,2,gmdcsa24,0,92,155,3.080798,5.190474,,,0,0,0,ADL,1.000000
Subject 2/ADL/12.mp4#f96-159,Subject 2/ADL/12.mp4,2,gmdcsa24,0,96,159,3.214745,5.324422,,,0,0,0,ADL,1.000000
Subject 2/ADL/12.mp4#f100-163,Subject 2/ADL/12.mp4,2,gmdcsa24,0,100,163,3.348693,5.458370,,,0,0,0,ADL,1.000000
Subject 2/ADL/12.mp4#f104-167,Subject 2/ADL/12.mp4,2,gmdcsa24,0,104,167,3.482641,5.592317,,,0,0,0,ADL,1.000000
Subject 2/ADL/12.mp4#f108-171,Subject 2/ADL/12.mp4,2,gmdcsa24,0,108,171,3.616589,5.726265,,,0,0,0,ADL,1.000000
Subject 2/ADL/12.mp4#f112-175,Subject 2/ADL/12.mp4,2,gmdcsa24,0,112,175,3.750536,5.860213,,,0,0,0,ADL,1.000000
Subject 2/ADL/12.mp4#f116-179,Subject 2/ADL/12.mp4,2,gmdcsa24,0,116,179,3.884484,5.994161,,,0,0,0,ADL,1.000000
Subject 2/ADL/12.mp4#f120-183,Subject 2/ADL/12.mp4,2,gmdcsa24,0,120,183,4.018432,6.128108,,,0,0,0,ADL,1.000000
Subject 2/ADL/12.mp4#f124-187,Subject 2/ADL/12.mp4,2,gmdcsa24,0,124,187,4.152379,6.262056,,,0,0,0,ADL,1.000000
Subject 2/ADL/12.mp4#f128-191,Subject 2/ADL/12.mp4,2,gmdcsa24,0,128,191,4.286327,6.396004,,,0,0,0,ADL,1.000000
Subject 2/ADL/12.mp4#f132-195,Subject 2/ADL/12.mp4,2,gmdcsa24,0,132,195,4.420275,6.529952,,,0,0,0,ADL,1.000000
Subject 2/ADL/12.mp4#f136-199,Subject 2/ADL/12.mp4,2,gmdcsa24,0,136,199,4.554223,6.663899,,,0,0,0,ADL,1.000000
Subject 2/ADL/12.mp4#f140-203,Subject 2/ADL/12.mp4,2,gmdcsa24,0,140,203,4.688170,6.797847,,,0,0,0,ADL,1.000000
Subject 2/ADL/12.mp4#f144-207,Subject 2/ADL/12.mp4,2,gmdcsa24,0,144,207,4.822118,6.931795,,,0,0,0,ADL,1.000000
Subject 2/ADL/12.mp4#f148-211,Subject 2/ADL/12.mp4,2,gmdcsa24,0,148,211,4.956066,7.065742,,,0,0,0,ADL,1.000000
Subject 2/ADL/12.mp4#f152-215,Subject 2/ADL/12.mp4,2,gmdcsa24,0,152,215,5.090013,7.199690,,,0,0,0,ADL,1.000000
Subject 2/ADL/12.mp4#f156-219,Subject 2/ADL/12.mp4,2,gmdcsa24,0,156,219,5.223961,7.333638,,,0,0,0,ADL,1.000000
Subject 2/ADL/12.mp4#f160-223,Subject 2/ADL/12.mp4,2,gmdcsa24,0,160,223,5.357909,7.467586,,,0,0,0,ADL,1.000000
Subject 2/ADL/13.mp4#f0-63,Subject 2/ADL/13.mp4,2,gmdcsa24,0,0,63,0.000000,2.106503,,,0,0,0,ADL,1.000000
Subject 2/ADL/13.mp4#f4-67,Subject 2/ADL/13.mp4,2,gmdcsa24,0,4,67,0.133746,2.240249,,,0,0,0,ADL,1.000000
Subject 2/ADL/13.mp4#f8-71,Subject 2/ADL/13.mp4,2,gmdcsa24,0,8,71,0.267492,2.373995,,,0,0,0,ADL,1.000000
Subject 2/ADL/13.mp4#f12-75,Subject 2/ADL/13.mp4,2,gmdcsa24,0,12,75,0.401239,2.507741,,,0,0,0,ADL,1.000000
Subject 2/ADL/13.mp4#f16-79,Subject 2/ADL/13.mp4,2,gmdcsa24,0,16,79,0.534985,2.641488,,,0,0,0,ADL,1.000000
Subject 2/ADL/13.mp4#f20-83,Subject 2/ADL/13.mp4,2,gmdcsa24,0,20,83,0.668731,2.775234,,,0,0,0,ADL,1.000000
Subject 2/ADL/13.mp4#f24-87,Subject 2/ADL/13.mp4,2,gmdcsa24,0,24,87,0.802477,2.908980,,,0,0,0,ADL,1.000000
Subject 2/ADL/13.mp4#f28-91,Subject 2/ADL/13.mp4,2,gmdcsa24,0,28,91,0.936223,3.042726,,,0,0,0,ADL,1.000000
Subject 2/ADL/13.mp4#f32-95,Subject 2/ADL/13.mp4,2,gmdcsa24,0,32,95,1.069970,3.176472,,,0,0,0,ADL,1.000000
Subject 2/ADL/13.mp4#f36-99,Subject 2/ADL/13.mp4,2,gmdcsa24,0,36,99,1.203716,3.310219,,,0,0,0,ADL,1.000000
Subject 2/ADL/13.mp4#f40-103,Subject 2/ADL/13.mp4,2,gmdcsa24,0,40,103,1.337462,3.443965,,,0,0,0,ADL,1.000000
Subject 2/ADL/13.mp4#f44-107,Subject 2/ADL/13.mp4,2,gmdcsa24,0,44,107,1.471208,3.577711,,,0,0,0,ADL,1.000000
Subject 2/ADL/13.mp4#f48-111,Subject 2/ADL/13.mp4,2,gmdcsa24,0,48,111,1.604954,3.711457,,,0,0,0,ADL,1.000000
Subject 2/ADL/13.mp4#f52-115,Subject 2/ADL/13.mp4,2,gmdcsa24,0,52,115,1.738701,3.845203,,,0,0,0,ADL,1.000000
Subject 2/ADL/13.mp4#f56-119,Subject 2/ADL/13.mp4,2,gmdcsa24,0,56,119,1.872447,3.978950,,,0,0,0,ADL,1.000000
Subject 2/ADL/13.mp4#f60-123,Subject 2/ADL/13.mp4,2,gmdcsa24,0,60,123,2.006193,4.112696,,,0,0,0,ADL,1.000000
Subject 2/ADL/13.mp4#f64-127,Subject 2/ADL/13.mp4,2,gmdcsa24,0,64,127,2.139939,4.246442,,,0,0,0,ADL,1.000000
Subject 2/ADL/13.mp4#f68-131,Subject 2/ADL/13.mp4,2,gmdcsa24,0,68,131,2.273685,4.380188,,,0,0,0,ADL,1.000000
Subject 2/ADL/13.mp4#f72-135,Subject 2/ADL/13.mp4,2,gmdcsa24,0,72,135,2.407432,4.513934,,,0,0,0,ADL,1.000000
Subject 2/ADL/13.mp4#f76-139,Subject 2/ADL/13.mp4,2,gmdcsa24,0,76,139,2.541178,4.647681,,,0,0,0,ADL,1.000000
Subject 2/ADL/13.mp4#f80-143,Subject 2/ADL/13.mp4,2,gmdcsa24,0,80,143,2.674924,4.781427,,,0,0,0,ADL,1.000000
Subject 2/ADL/14.mp4#f0-63,Subject 2/ADL/14.mp4,2,gmdcsa24,0,0,63,0.000000,4.196546,,,0,0,0,ADL,1.000000
Subject 2/ADL/14.mp4#f4-67,Subject 2/ADL/14.mp4,2,gmdcsa24,0,4,67,0.266447,4.462994,,,0,0,0,ADL,1.000000
Subject 2/ADL/14.mp4#f8-71,Subject 2/ADL/14.mp4,2,gmdcsa24,0,8,71,0.532895,4.729441,,,0,0,0,ADL,1.000000
Subject 2/ADL/14.mp4#f12-75,Subject 2/ADL/14.mp4,2,gmdcsa24,0,12,75,0.799342,4.995889,,,0,0,0,ADL,1.000000
Subject 2/ADL/14.mp4#f16-79,Subject 2/ADL/14.mp4,2,gmdcsa24,0,16,79,1.065790,5.262336,,,0,0,0,ADL,1.000000
Subject 2/ADL/14.mp4#f20-83,Subject 2/ADL/14.mp4,2,gmdcsa24,0,20,83,1.332237,5.528783,,,0,0,0,ADL,1.000000
Subject 2/ADL/14.mp4#f24-87,Subject 2/ADL/14.mp4,2,gmdcsa24,0,24,87,1.598684,5.795231,,,0,0,0,ADL,1.000000
Subject 2/ADL/14.mp4#f28-91,Subject 2/ADL/14.mp4,2,gmdcsa24,0,28,91,1.865132,6.061678,,,0,0,0,ADL,1.000000
Subject 2/ADL/14.mp4#f32-95,Subject 2/ADL/14.mp4,2,gmdcsa24,0,32,95,2.131579,6.328126,,,0,0,0,ADL,1.000000
Subject 2/ADL/14.mp4#f36-99,Subject 2/ADL/14.mp4,2,gmdcsa24,0,36,99,2.398027,6.594573,,,0,0,0,ADL,1.000000
Subject 2/ADL/14.mp4#f40-103,Subject 2/ADL/14.mp4,2,gmdcsa24,0,40,103,2.664474,6.861020,,,0,0,0,ADL,1.000000
Subject 2/ADL/14.mp4#f44-107,Subject 2/ADL/14.mp4,2,gmdcsa24,0,44,107,2.930921,7.127468,,,0,0,0,ADL,1.000000
Subject 2/ADL/14.mp4#f48-111,Subject 2/ADL/14.mp4,2,gmdcsa24,0,48,111,3.197369,7.393915,,,0,0,0,ADL,1.000000
Subject 2/ADL/14.mp4#f52-115,Subject 2/ADL/14.mp4,2,gmdcsa24,0,52,115,3.463816,7.660363,,,0,0,0,ADL,1.000000
Subject 2/ADL/14.mp4#f56-119,Subject 2/ADL/14.mp4,2,gmdcsa24,0,56,119,3.730263,7.926810,,,0,0,0,ADL,1.000000
Subject 2/ADL/14.mp4#f60-123,Subject 2/ADL/14.mp4,2,gmdcsa24,0,60,123,3.996711,8.193257,,,0,0,0,ADL,1.000000
Subject 2/ADL/14.mp4#f64-127,Subject 2/ADL/14.mp4,2,gmdcsa24,0,64,127,4.263158,8.459705,,,0,0,0,ADL,1.000000
Subject 2/ADL/14.mp4#f68-131,Subject 2/ADL/14.mp4,2,gmdcsa24,0,68,131,4.529606,8.726152,,,0,0,0,ADL,1.000000
Subject 2/ADL/14.mp4#f72-135,Subject 2/ADL/14.mp4,2,gmdcsa24,0,72,135,4.796053,8.992599,,,0,0,0,ADL,1.000000
Subject 2/ADL/14.mp4#f76-139,Subject 2/ADL/14.mp4,2,gmdcsa24,0,76,139,5.062500,9.259047,,,0,0,0,ADL,1.000000
Subject 2/ADL/14.mp4#f80-143,Subject 2/ADL/14.mp4,2,gmdcsa24,0,80,143,5.328948,9.525494,,,0,0,0,ADL,1.000000
Subject 2/ADL/14.mp4#f84-147,Subject 2/ADL/14.mp4,2,gmdcsa24,0,84,147,5.595395,9.791942,,,0,0,0,ADL,1.000000
Subject 2/ADL/14.mp4#f88-151,Subject 2/ADL/14.mp4,2,gmdcsa24,0,88,151,5.861843,10.058389,,,0,0,0,ADL,1.000000
Subject 2/ADL/14.mp4#f92-155,Subject 2/ADL/14.mp4,2,gmdcsa24,0,92,155,6.128290,10.324836,,,0,0,0,ADL,1.000000
Subject 2/ADL/14.mp4#f96-159,Subject 2/ADL/14.mp4,2,gmdcsa24,0,96,159,6.394737,10.591284,,,0,0,0,ADL,1.000000
Subject 2/ADL/14.mp4#f100-163,Subject 2/ADL/14.mp4,2,gmdcsa24,0,100,163,6.661185,10.857731,,,0,0,0,ADL,1.000000
Subject 2/ADL/15.mp4#f0-63,Subject 2/ADL/15.mp4,2,gmdcsa24,0,0,63,0.000000,4.195800,,,0,0,0,ADL,1.000000
Subject 2/ADL/15.mp4#f4-67,Subject 2/ADL/15.mp4,2,gmdcsa24,0,4,67,0.266400,4.462200,,,0,0,0,ADL,1.000000
Subject 2/ADL/15.mp4#f8-71,Subject 2/ADL/15.mp4,2,gmdcsa24,0,8,71,0.532800,4.728600,,,0,0,0,ADL,1.000000
Subject 2/ADL/15.mp4#f12-75,Subject 2/ADL/15.mp4,2,gmdcsa24,0,12,75,0.799200,4.995000,,,0,0,0,ADL,1.000000
Subject 2/ADL/15.mp4#f16-79,Subject 2/ADL/15.mp4,2,gmdcsa24,0,16,79,1.065600,5.261400,,,0,0,0,ADL,1.000000
Subject 2/ADL/15.mp4#f20-83,Subject 2/ADL/15.mp4,2,gmdcsa24,0,20,83,1.332000,5.527800,,,0,0,0,ADL,1.000000
Subject 2/ADL/15.mp4#f24-87,Subject 2/ADL/15.mp4,2,gmdcsa24,0,24,87,1.598400,5.794200,,,0,0,0,ADL,1.000000
Subject 2/ADL/15.mp4#f28-91,Subject 2/ADL/15.mp4,2,gmdcsa24,0,28,91,1.864800,6.060600,,,0,0,0,ADL,1.000000
Subject 2/ADL/15.mp4#f32-95,Subject 2/ADL/15.mp4,2,gmdcsa24,0,32,95,2.131200,6.327000,,,0,0,0,ADL,1.000000
Subject 2/ADL/15.mp4#f36-99,Subject 2/ADL/15.mp4,2,gmdcsa24,0,36,99,2.397600,6.593400,,,0,0,0,ADL,1.000000
Subject 2/ADL/15.mp4#f40-103,Subject 2/ADL/15.mp4,2,gmdcsa24,0,40,103,2.664000,6.859800,,,0,0,0,ADL,1.000000
Subject 2/ADL/15.mp4#f44-107,Subject 2/ADL/15.mp4,2,gmdcsa24,0,44,107,2.930400,7.126200,,,0,0,0,ADL,1.000000
Subject 2/ADL/15.mp4#f48-111,Subject 2/ADL/15.mp4,2,gmdcsa24,0,48,111,3.196800,7.392600,,,0,0,0,ADL,1.000000
Subject 2/ADL/15.mp4#f52-115,Subject 2/ADL/15.mp4,2,gmdcsa24,0,52,115,3.463200,7.659000,,,0,0,0,ADL,1.000000
Subject 2/ADL/15.mp4#f56-119,Subject 2/ADL/15.mp4,2,gmdcsa24,0,56,119,3.729600,7.925400,,,0,0,0,ADL,1.000000
Subject 2/ADL/15.mp4#f60-123,Subject 2/ADL/15.mp4,2,gmdcsa24,0,60,123,3.996000,8.191800,,,0,0,0,ADL,1.000000
Subject 2/ADL/15.mp4#f64-127,Subject 2/ADL/15.mp4,2,gmdcsa24,0,64,127,4.262400,8.458200,,,0,0,0,ADL,1.000000
Subject 2/ADL/15.mp4#f68-131,Subject 2/ADL/15.mp4,2,gmdcsa24,0,68,131,4.528800,8.724600,,,0,0,0,ADL,1.000000
Subject 2/ADL/15.mp4#f72-135,Subject 2/ADL/15.mp4,2,gmdcsa24,0,72,135,4.795200,8.991000,,,0,0,0,ADL,1.000000
Subject 2/ADL/15.mp4#f76-139,Subject 2/ADL/15.mp4,2,gmdcsa24,0,76,139,5.061600,9.257400,,,0,0,0,ADL,1.000000
Subject 2/ADL/15.mp4#f80-143,Subject 2/ADL/15.mp4,2,gmdcsa24,0,80,143,5.328000,9.523800,,,0,0,0,ADL,1.000000
Subject 2/ADL/15.mp4#f84-147,Subject 2/ADL/15.mp4,2,gmdcsa24,0,84,147,5.594400,9.790200,,,0,0,0,ADL,1.000000
Subject 2/ADL/15.mp4#f88-151,Subject 2/ADL/15.mp4,2,gmdcsa24,0,88,151,5.860800,10.056600,,,0,0,0,ADL,1.000000
Subject 2/ADL/15.mp4#f92-155,Subject 2/ADL/15.mp4,2,gmdcsa24,0,92,155,6.127200,10.323000,,,0,0,0,ADL,1.000000
Subject 2/ADL/15.mp4#f96-159,Subject 2/ADL/15.mp4,2,gmdcsa24,0,96,159,6.393600,10.589400,,,0,0,0,ADL,1.000000
Subject 2/ADL/15.mp4#f100-163,Subject 2/ADL/15.mp4,2,gmdcsa24,0,100,163,6.660000,10.855800,,,0,0,0,ADL,1.000000
Subject 2/ADL/15.mp4#f104-167,Subject 2/ADL/15.mp4,2,gmdcsa24,0,104,167,6.926400,11.122200,,,0,0,0,ADL,1.000000
Subject 2/ADL/15.mp4#f108-171,Subject 2/ADL/15.mp4,2,gmdcsa24,0,108,171,7.192800,11.388600,,,0,0,0,ADL,1.000000
Subject 2/ADL/15.mp4#f112-175,Subject 2/ADL/15.mp4,2,gmdcsa24,0,112,175,7.459200,11.655000,,,0,0,0,ADL,1.000000
Subject 2/ADL/16.mp4#f0-63,Subject 2/ADL/16.mp4,2,gmdcsa24,0,0,63,0.000000,4.201505,,,0,0,0,ADL,1.000000
Subject 2/ADL/16.mp4#f4-67,Subject 2/ADL/16.mp4,2,gmdcsa24,0,4,67,0.266762,4.468267,,,0,0,0,ADL,1.000000
Subject 2/ADL/16.mp4#f8-71,Subject 2/ADL/16.mp4,2,gmdcsa24,0,8,71,0.533524,4.735030,,,0,0,0,ADL,1.000000
Subject 2/ADL/16.mp4#f12-75,Subject 2/ADL/16.mp4,2,gmdcsa24,0,12,75,0.800287,5.001792,,,0,0,0,ADL,1.000000
Subject 2/ADL/16.mp4#f16-79,Subject 2/ADL/16.mp4,2,gmdcsa24,0,16,79,1.067049,5.268554,,,0,0,0,ADL,1.000000
Subject 2/ADL/16.mp4#f20-83,Subject 2/ADL/16.mp4,2,gmdcsa24,0,20,83,1.333811,5.535316,,,0,0,0,ADL,1.000000
Subject 2/ADL/16.mp4#f24-87,Subject 2/ADL/16.mp4,2,gmdcsa24,0,24,87,1.600573,5.802079,,,0,0,0,ADL,1.000000
Subject 2/ADL/16.mp4#f28-91,Subject 2/ADL/16.mp4,2,gmdcsa24,0,28,91,1.867336,6.068841,,,0,0,0,ADL,1.000000
Subject 2/ADL/16.mp4#f32-95,Subject 2/ADL/16.mp4,2,gmdcsa24,0,32,95,2.134098,6.335603,,,0,0,0,ADL,1.000000
Subject 2/ADL/16.mp4#f36-99,Subject 2/ADL/16.mp4,2,gmdcsa24,0,36,99,2.400860,6.602365,,,0,0,0,ADL,1.000000
Subject 2/ADL/16.mp4#f40-103,Subject 2/ADL/16.mp4,2,gmdcsa24,0,40,103,2.667622,6.869128,,,0,0,0,ADL,1.000000
Subject 2/ADL/16.mp4#f44-107,Subject 2/ADL/16.mp4,2,gmdcsa24,0,44,107,2.934385,7.135890,,,0,0,0,ADL,1.000000
Subject 2/ADL/16.mp4#f48-111,Subject 2/ADL/16.mp4,2,gmdcsa24,0,48,111,3.201147,7.402652,,,0,0,0,ADL,1.000000
Subject 2/ADL/16.mp4#f52-115,Subject 2/ADL/16.mp4,2,gmdcsa24,0,52,115,3.467909,7.669414,,,0,0,0,ADL,1.000000
Subject 2/ADL/16.mp4#f56-119,Subject 2/ADL/16.mp4,2,gmdcsa24,0,56,119,3.734671,7.936177,,,0,0,0,ADL,1.000000
Subject 2/ADL/16.mp4#f60-123,Subject 2/ADL/16.mp4,2,gmdcsa24,0,60,123,4.001434,8.202939,,,0,0,0,ADL,1.000000
Subject 2/ADL/16.mp4#f64-127,Subject 2/ADL/16.mp4,2,gmdcsa24,0,64,127,4.268196,8.469701,,,0,0,0,ADL,1.000000
Subject 2/ADL/16.mp4#f68-131,Subject 2/ADL/16.mp4,2,gmdcsa24,0,68,131,4.534958,8.736463,,,0,0,0,ADL,1.000000
Subject 2/ADL/16.mp4#f72-135,Subject 2/ADL/16.mp4,2,gmdcsa24,0,72,135,4.801720,9.003226,,,0,0,0,ADL,1.000000
Subject 2/ADL/16.mp4#f76-139,Subject 2/ADL/16.mp4,2,gmdcsa24,0,76,139,5.068483,9.269988,,,0,0,0,ADL,1.000000
Subject 2/ADL/16.mp4#f80-143,Subject 2/ADL/16.mp4,2,gmdcsa24,0,80,143,5.335245,9.536750,,,0,0,0,ADL,1.000000
Subject 2/ADL/16.mp4#f84-147,Subject 2/ADL/16.mp4,2,gmdcsa24,0,84,147,5.602007,9.803512,,,0,0,0,ADL,1.000000
Subject 2/ADL/16.mp4#f88-151,Subject 2/ADL/16.mp4,2,gmdcsa24,0,88,151,5.868769,10.070274,,,0,0,0,ADL,1.000000
Subject 2/ADL/16.mp4#f92-155,Subject 2/ADL/16.mp4,2,gmdcsa24,0,92,155,6.135531,10.337037,,,0,0,0,ADL,1.000000
Subject 2/ADL/16.mp4#f96-159,Subject 2/ADL/16.mp4,2,gmdcsa24,0,96,159,6.402294,10.603799,,,0,0,0,ADL,1.000000
Subject 2/ADL/16.mp4#f100-163,Subject 2/ADL/16.mp4,2,gmdcsa24,0,100,163,6.669056,10.870561,,,0,0,0,ADL,1.000000
Subject 2/ADL/16.mp4#f104-167,Subject 2/ADL/16.mp4,2,gmdcsa24,0,104,167,6.935818,11.137323,,,0,0,0,ADL,1.000000
Subject 2/ADL/16.mp4#f108-171,Subject 2/ADL/16.mp4,2,gmdcsa24,0,108,171,7.202580,11.404086,,,0,0,0,ADL,1.000000
Subject 2/ADL/17.mp4#f0-63,Subject 2/ADL/17.mp4,2,gmdcsa24,0,0,63,0.000000,4.199604,,,0,0,0,ADL,1.000000
Subject 2/ADL/17.mp4#f4-67,Subject 2/ADL/17.mp4,2,gmdcsa24,0,4,67,0.266642,4.466246,,,0,0,0,ADL,1.000000
Subject 2/ADL/17.mp4#f8-71,Subject 2/ADL/17.mp4,2,gmdcsa24,0,8,71,0.533283,4.732887,,,0,0,0,ADL,1.000000
Subject 2/ADL/17.mp4#f12-75,Subject 2/ADL/17.mp4,2,gmdcsa24,0,12,75,0.799925,4.999529,,,0,0,0,ADL,1.000000
Subject 2/ADL/17.mp4#f16-79,Subject 2/ADL/17.mp4,2,gmdcsa24,0,16,79,1.066566,5.266170,,,0,0,0,ADL,1.000000
Subject 2/ADL/17.mp4#f20-83,Subject 2/ADL/17.mp4,2,gmdcsa24,0,20,83,1.333208,5.532812,,,0,0,0,ADL,1.000000
Subject 2/ADL/17.mp4#f24-87,Subject 2/ADL/17.mp4,2,gmdcsa24,0,24,87,1.599849,5.799453,,,0,0,0,ADL,1.000000
Subject 2/ADL/17.mp4#f28-91,Subject 2/ADL/17.mp4,2,gmdcsa24,0,28,91,1.866491,6.066095,,,0,0,0,ADL,1.000000
Subject 2/ADL/17.mp4#f32-95,Subject 2/ADL/17.mp4,2,gmdcsa24,0,32,95,2.133132,6.332736,,,0,0,0,ADL,1.000000
Subject 2/ADL/17.mp4#f36-99,Subject 2/ADL/17.mp4,2,gmdcsa24,0,36,99,2.399774,6.599378,,,0,0,0,ADL,1.000000
Subject 2/ADL/17.mp4#f40-103,Subject 2/ADL/17.mp4,2,gmdcsa24,0,40,103,2.666415,6.866019,,,0,0,0,ADL,1.000000
Subject 2/ADL/17.mp4#f44-107,Subject 2/ADL/17.mp4,2,gmdcsa24,0,44,107,2.933057,7.132661,,,0,0,0,ADL,1.000000
Subject 2/ADL/17.mp4#f48-111,Subject 2/ADL/17.mp4,2,gmdcsa24,0,48,111,3.199698,7.399302,,,0,0,0,ADL,1.000000
Subject 2/ADL/17.mp4#f52-115,Subject 2/ADL/17.mp4,2,gmdcsa24,0,52,115,3.466340,7.665944,,,0,0,0,ADL,1.000000
Subject 2/ADL/17.mp4#f56-119,Subject 2/ADL/17.mp4,2,gmdcsa24,0,56,119,3.732981,7.932585,,,0,0,0,ADL,1.000000
Subject 2/ADL/17.mp4#f60-123,Subject 2/ADL/17.mp4,2,gmdcsa24,0,60,123,3.999623,8.199227,,,0,0,0,ADL,1.000000
Subject 2/ADL/17.mp4#f64-127,Subject 2/ADL/17.mp4,2,gmdcsa24,0,64,127,4.266264,8.465868,,,0,0,0,ADL,1.000000
Subject 2/ADL/17.mp4#f68-131,Subject 2/ADL/17.mp4,2,gmdcsa24,0,68,131,4.532906,8.732510,,,0,0,0,ADL,1.000000
Subject 2/ADL/17.mp4#f72-135,Subject 2/ADL/17.mp4,2,gmdcsa24,0,72,135,4.799547,8.999152,,,0,0,0,ADL,1.000000
Subject 2/ADL/17.mp4#f76-139,Subject 2/ADL/17.mp4,2,gmdcsa24,0,76,139,5.066189,9.265793,,,0,0,0,ADL,1.000000
Subject 2/ADL/17.mp4#f80-143,Subject 2/ADL/17.mp4,2,gmdcsa24,0,80,143,5.332831,9.532435,,,0,0,0,ADL,1.000000
Subject 2/ADL/17.mp4#f84-147,Subject 2/ADL/17.mp4,2,gmdcsa24,0,84,147,5.599472,9.799076,,,0,0,0,ADL,1.000000
Subject 2/ADL/17.mp4#f88-151,Subject 2/ADL/17.mp4,2,gmdcsa24,0,88,151,5.866114,10.065718,,,0,0,0,ADL,1.000000
Subject 2/ADL/17.mp4#f92-155,Subject 2/ADL/17.mp4,2,gmdcsa24,0,92,155,6.132755,10.332359,,,0,0,0,ADL,1.000000
Subject 2/ADL/17.mp4#f96-159,Subject 2/ADL/17.mp4,2,gmdcsa24,0,96,159,6.399397,10.599001,,,0,0,0,ADL,1.000000
Subject 2/ADL/17.mp4#f100-163,Subject 2/ADL/17.mp4,2,gmdcsa24,0,100,163,6.666038,10.865642,,,0,0,0,ADL,1.000000
Subject 2/ADL/17.mp4#f104-167,Subject 2/ADL/17.mp4,2,gmdcsa24,0,104,167,6.932680,11.132284,,,0,0,0,ADL,1.000000
Subject 2/ADL/17.mp4#f108-171,Subject 2/ADL/17.mp4,2,gmdcsa24,0,108,171,7.199321,11.398925,,,0,0,0,ADL,1.000000
Subject 2/ADL/18.mp4#f0-63,Subject 2/ADL/18.mp4,2,gmdcsa24,0,0,63,0.000000,4.199520,,,0,0,0,ADL,1.000000
Subject 2/ADL/18.mp4#f4-67,Subject 2/ADL/18.mp4,2,gmdcsa24,0,4,67,0.266636,4.466156,,,0,0,0,ADL,1.000000
Subject 2/ADL/18.mp4#f8-71,Subject 2/ADL/18.mp4,2,gmdcsa24,0,8,71,0.533272,4.732792,,,0,0,0,ADL,1.000000
Subject 2/ADL/18.mp4#f12-75,Subject 2/ADL/18.mp4,2,gmdcsa24,0,12,75,0.799909,4.999428,,,0,0,0,ADL,1.000000
Subject 2/ADL/18.mp4#f16-79,Subject 2/ADL/18.mp4,2,gmdcsa24,0,16,79,1.066545,5.266065,,,0,0,0,ADL,1.000000
Subject 2/ADL/18.mp4#f20-83,Subject 2/ADL/18.mp4,2,gmdcsa24,0,20,83,1.333181,5.532701,,,0,0,0,ADL,1.000000
Subject 2/ADL/18.mp4#f24-87,Subject 2/ADL/18.mp4,2,gmdcsa24,0,24,87,1.599817,5.799337,,,0,0,0,ADL,1.000000
Subject 2/ADL/18.mp4#f28-91,Subject 2/ADL/18.mp4,2,gmdcsa24,0,28,91,1.866453,6.065973,,,0,0,0,ADL,1.000000
Subject 2/ADL/18.mp4#f32-95,Subject 2/ADL/18.mp4,2,gmdcsa24,0,32,95,2.133089,6.332609,,,0,0,0,ADL,1.000000
Subject 2/ADL/18.mp4#f36-99,Subject 2/ADL/18.mp4,2,gmdcsa24,0,36,99,2.399726,6.599246,,,0,0,0,ADL,1.000000
Subject 2/ADL/18.mp4#f40-103,Subject 2/ADL/18.mp4,2,gmdcsa24,0,40,103,2.666362,6.865882,,,0,0,0,ADL,1.000000
Subject 2/ADL/18.mp4#f44-107,Subject 2/ADL/18.mp4,2,gmdcsa24,0,44,107,2.932998,7.132518,,,0,0,0,ADL,1.000000
Subject 2/ADL/18.mp4#f48-111,Subject 2/ADL/18.mp4,2,gmdcsa24,0,48,111,3.199634,7.399154,,,0,0,0,ADL,1.000000
Subject 2/ADL/18.mp4#f52-115,Subject 2/ADL/18.mp4,2,gmdcsa24,0,52,115,3.466270,7.665790,,,0,0,0,ADL,1.000000
Subject 2/ADL/18.mp4#f56-119,Subject 2/ADL/18.mp4,2,gmdcsa24,0,56,119,3.732907,7.932427,,,0,0,0,ADL,1.000000
Subject 2/ADL/18.mp4#f60-123,Subject 2/ADL/18.mp4,2,gmdcsa24,0,60,123,3.999543,8.199063,,,0,0,0,ADL,1.000000
Subject 2/ADL/18.mp4#f64-127,Subject 2/ADL/18.mp4,2,gmdcsa24,0,64,127,4.266179,8.465699,,,0,0,0,ADL,1.000000
Subject 2/ADL/18.mp4#f68-131,Subject 2/ADL/18.mp4,2,gmdcsa24,0,68,131,4.532815,8.732335,,,0,0,0,ADL,1.000000
Subject 2/ADL/18.mp4#f72-135,Subject 2/ADL/18.mp4,2,gmdcsa24,0,72,135,4.799451,8.998971,,,0,0,0,ADL,1.000000
Subject 2/ADL/18.mp4#f76-139,Subject 2/ADL/18.mp4,2,gmdcsa24,0,76,139,5.066088,9.265607,,,0,0,0,ADL,1.000000
Subject 2/ADL/18.mp4#f80-143,Subject 2/ADL/18.mp4,2,gmdcsa24,0,80,143,5.332724,9.532244,,,0,0,0,ADL,1.000000
Subject 2/ADL/18.mp4#f84-147,Subject 2/ADL/18.mp4,2,gmdcsa24,0,84,147,5.599360,9.798880,,,0,0,0,ADL,1.000000
Subject 2/ADL/18.mp4#f88-151,Subject 2/ADL/18.mp4,2,gmdcsa24,0,88,151,5.865996,10.065516,,,0,0,0,ADL,1.000000
Subject 2/ADL/18.mp4#f92-155,Subject 2/ADL/18.mp4,2,gmdcsa24,0,92,155,6.132632,10.332152,,,0,0,0,ADL,1.000000
Subject 2/ADL/18.mp4#f96-159,Subject 2/ADL/18.mp4,2,gmdcsa24,0,96,159,6.399268,10.598788,,,0,0,0,ADL,1.000000
Subject 2/ADL/18.mp4#f100-163,Subject 2/ADL/18.mp4,2,gmdcsa24,0,100,163,6.665905,10.865425,,,0,0,0,ADL,1.000000
Subject 2/ADL/18.mp4#f104-167,Subject 2/ADL/18.mp4,2,gmdcsa24,0,104,167,6.932541,11.132061,,,0,0,0,ADL,1.000000
Subject 2/ADL/18.mp4#f108-171,Subject 2/ADL/18.mp4,2,gmdcsa24,0,108,171,7.199177,11.398697,,,0,0,0,ADL,1.000000
Subject 2/ADL/19.mp4#f0-63,Subject 2/ADL/19.mp4,2,gmdcsa24,0,0,63,0.000000,4.198542,,,0,0,0,ADL,1.000000
Subject 2/ADL/19.mp4#f4-67,Subject 2/ADL/19.mp4,2,gmdcsa24,0,4,67,0.266574,4.465116,,,0,0,0,ADL,1.000000
Subject 2/ADL/19.mp4#f8-71,Subject 2/ADL/19.mp4,2,gmdcsa24,0,8,71,0.533148,4.731690,,,0,0,0,ADL,1.000000
Subject 2/ADL/19.mp4#f12-75,Subject 2/ADL/19.mp4,2,gmdcsa24,0,12,75,0.799722,4.998265,,,0,0,0,ADL,1.000000
Subject 2/ADL/19.mp4#f16-79,Subject 2/ADL/19.mp4,2,gmdcsa24,0,16,79,1.066296,5.264839,,,0,0,0,ADL,1.000000
Subject 2/ADL/19.mp4#f20-83,Subject 2/ADL/19.mp4,2,gmdcsa24,0,20,83,1.332871,5.531413,,,0,0,0,ADL,1.000000
Subject 2/ADL/19.mp4#f24-87,Subject 2/ADL/19.mp4,2,gmdcsa24,0,24,87,1.599445,5.797987,,,0,0,0,ADL,1.000000
Subject 2/ADL/19.mp4#f28-91,Subject 2/ADL/19.mp4,2,gmdcsa24,0,28,91,1.866019,6.064561,,,0,0,0,ADL,1.000000
Subject 2/ADL/19.mp4#f32-95,Subject 2/ADL/19.mp4,2,gmdcsa24,0,32,95,2.132593,6.331135,,,0,0,0,ADL,1.000000
Subject 2/ADL/19.mp4#f36-99,Subject 2/ADL/19.mp4,2,gmdcsa24,0,36,99,2.399167,6.597709,,,0,0,0,ADL,1.000000
Subject 2/ADL/19.mp4#f40-103,Subject 2/ADL/19.mp4,2,gmdcsa24,0,40,103,2.665741,6.864283,,,0,0,0,ADL,1.000000
Subject 2/ADL/19.mp4#f44-107,Subject 2/ADL/19.mp4,2,gmdcsa24,0,44,107,2.932315,7.130857,,,0,0,0,ADL,1.000000
Subject 2/ADL/19.mp4#f48-111,Subject 2/ADL/19.mp4,2,gmdcsa24,0,48,111,3.198889,7.397432,,,0,0,0,ADL,1.000000
Subject 2/ADL/19.mp4#f52-115,Subject 2/ADL/19.mp4,2,gmdcsa24,0,52,115,3.465463,7.664006,,,0,0,0,ADL,1.000000
Subject 2/ADL/19.mp4#f56-119,Subject 2/ADL/19.mp4,2,gmdcsa24,0,56,119,3.732038,7.930580,,,0,0,0,ADL,1.000000
Subject 2/ADL/19.mp4#f60-123,Subject 2/ADL/19.mp4,2,gmdcsa24,0,60,123,3.998612,8.197154,,,0,0,0,ADL,1.000000
Subject 2/ADL/19.mp4#f64-127,Subject 2/ADL/19.mp4,2,gmdcsa24,0,64,127,4.265186,8.463728,,,0,0,0,ADL,1.000000
Subject 2/ADL/19.mp4#f68-131,Subject 2/ADL/19.mp4,2,gmdcsa24,0,68,131,4.531760,8.730302,,,0,0,0,ADL,1.000000
Subject 2/ADL/19.mp4#f72-135,Subject 2/ADL/19.mp4,2,gmdcsa24,0,72,135,4.798334,8.996876,,,0,0,0,ADL,1.000000
Subject 2/ADL/19.mp4#f76-139,Subject 2/ADL/19.mp4,2,gmdcsa24,0,76,139,5.064908,9.263450,,,0,0,0,ADL,1.000000
Subject 2/ADL/19.mp4#f80-143,Subject 2/ADL/19.mp4,2,gmdcsa24,0,80,143,5.331482,9.530024,,,0,0,0,ADL,1.000000
Subject 2/ADL/19.mp4#f84-147,Subject 2/ADL/19.mp4,2,gmdcsa24,0,84,147,5.598056,9.796599,,,0,0,0,ADL,1.000000
Subject 2/ADL/19.mp4#f88-151,Subject 2/ADL/19.mp4,2,gmdcsa24,0,88,151,5.864630,10.063173,,,0,0,0,ADL,1.000000
Subject 2/ADL/19.mp4#f92-155,Subject 2/ADL/19.mp4,2,gmdcsa24,0,92,155,6.131205,10.329747,,,0,0,0,ADL,1.000000
Subject 2/ADL/19.mp4#f96-159,Subject 2/ADL/19.mp4,2,gmdcsa24,0,96,159,6.397779,10.596321,,,0,0,0,ADL,1.000000
Subject 2/ADL/19.mp4#f100-163,Subject 2/ADL/19.mp4,2,gmdcsa24,0,100,163,6.664353,10.862895,,,0,0,0,ADL,1.000000
Subject 2/ADL/19.mp4#f104-167,Subject 2/ADL/19.mp4,2,gmdcsa24,0,104,167,6.930927,11.129469,,,0,0,0,ADL,1.000000
Subject 2/ADL/20.mp4#f0-63,Subject 2/ADL/20.mp4,2,gmdcsa24,0,0,63,0.000000,4.199544,,,0,0,0,ADL,1.000000
Subject 2/ADL/20.mp4#f4-67,Subject 2/ADL/20.mp4,2,gmdcsa24,0,4,67,0.266638,4.466182,,,0,0,0,ADL,1.000000
Subject 2/ADL/20.mp4#f8-71,Subject 2/ADL/20.mp4,2,gmdcsa24,0,8,71,0.533275,4.732819,,,0,0,0,ADL,1.000000
Subject 2/ADL/20.mp4#f12-75,Subject 2/ADL/20.mp4,2,gmdcsa24,0,12,75,0.799913,4.999457,,,0,0,0,ADL,1.000000
Subject 2/ADL/20.mp4#f16-79,Subject 2/ADL/20.mp4,2,gmdcsa24,0,16,79,1.066551,5.266095,,,0,0,0,ADL,1.000000
Subject 2/ADL/20.mp4#f20-83,Subject 2/ADL/20.mp4,2,gmdcsa24,0,20,83,1.333189,5.532733,,,0,0,0,ADL,1.000000
Subject 2/ADL/20.mp4#f24-87,Subject 2/ADL/20.mp4,2,gmdcsa24,0,24,87,1.599826,5.799370,,,0,0,0,ADL,1.000000
Subject 2/ADL/20.mp4#f28-91,Subject 2/ADL/20.mp4,2,gmdcsa24,0,28,91,1.866464,6.066008,,,0,0,0,ADL,1.000000
Subject 2/ADL/20.mp4#f32-95,Subject 2/ADL/20.mp4,2,gmdcsa24,0,32,95,2.133102,6.332646,,,0,0,0,ADL,1.000000
Subject 2/ADL/20.mp4#f36-99,Subject 2/ADL/20.mp4,2,gmdcsa24,0,36,99,2.399739,6.599283,,,0,0,0,ADL,1.000000
Subject 2/ADL/20.mp4#f40-103,Subject 2/ADL/20.mp4,2,gmdcsa24,0,40,103,2.666377,6.865921,,,0,0,0,ADL,1.000000
Subject 2/ADL/20.mp4#f44-107,Subject 2/ADL/20.mp4,2,gmdcsa24,0,44,107,2.933015,7.132559,,,0,0,0,ADL,1.000000
Subject 2/ADL/20.mp4#f48-111,Subject 2/ADL/20.mp4,2,gmdcsa24,0,48,111,3.199653,7.399197,,,0,0,0,ADL,1.000000
Subject 2/ADL/20.mp4#f52-115,Subject 2/ADL/20.mp4,2,gmdcsa24,0,52,115,3.466290,7.665834,,,0,0,0,ADL,1.000000
Subject 2/ADL/20.mp4#f56-119,Subject 2/ADL/20.mp4,2,gmdcsa24,0,56,119,3.732928,7.932472,,,0,0,0,ADL,1.000000
Subject 2/ADL/20.mp4#f60-123,Subject 2/ADL/20.mp4,2,gmdcsa24,0,60,123,3.999566,8.199110,,,0,0,0,ADL,1.000000
Subject 2/ADL/20.mp4#f64-127,Subject 2/ADL/20.mp4,2,gmdcsa24,0,64,127,4.266203,8.465747,,,0,0,0,ADL,1.000000
Subject 2/ADL/20.mp4#f68-131,Subject 2/ADL/20.mp4,2,gmdcsa24,0,68,131,4.532841,8.732385,,,0,0,0,ADL,1.000000
Subject 2/ADL/20.mp4#f72-135,Subject 2/ADL/20.mp4,2,gmdcsa24,0,72,135,4.799479,8.999023,,,0,0,0,ADL,1.000000
Subject 2/ADL/20.mp4#f76-139,Subject 2/ADL/20.mp4,2,gmdcsa24,0,76,139,5.066117,9.265660,,,0,0,0,ADL,1.000000
Subject 2/ADL/20.mp4#f80-143,Subject 2/ADL/20.mp4,2,gmdcsa24,0,80,143,5.332754,9.532298,,,0,0,0,ADL,1.000000
Subject 2/ADL/20.mp4#f84-147,Subject 2/ADL/20.mp4,2,gmdcsa24,0,84,147,5.599392,9.798936,,,0,0,0,ADL,1.000000
Subject 2/ADL/20.mp4#f88-151,Subject 2/ADL/20.mp4,2,gmdcsa24,0,88,151,5.866030,10.065574,,,0,0,0,ADL,1.000000
Subject 2/ADL/20.mp4#f92-155,Subject 2/ADL/20.mp4,2,gmdcsa24,0,92,155,6.132667,10.332211,,,0,0,0,ADL,1.000000
Subject 2/ADL/20.mp4#f96-159,Subject 2/ADL/20.mp4,2,gmdcsa24,0,96,159,6.399305,10.598849,,,0,0,0,ADL,1.000000
Subject 2/ADL/20.mp4#f100-163,Subject 2/ADL/20.mp4,2,gmdcsa24,0,100,163,6.665943,10.865487,,,0,0,0,ADL,1.000000
Subject 2/ADL/20.mp4#f104-167,Subject 2/ADL/20.mp4,2,gmdcsa24,0,104,167,6.932581,11.132124,,,0,0,0,ADL,1.000000
Subject 2/ADL/20.mp4#f108-171,Subject 2/ADL/20.mp4,2,gmdcsa24,0,108,171,7.199218,11.398762,,,0,0,0,ADL,1.000000
Subject 2/ADL/21.mp4#f0-63,Subject 2/ADL/21.mp4,2,gmdcsa24,0,0,63,0.000000,4.198405,,,0,0,0,ADL,1.000000
Subject 2/ADL/21.mp4#f4-67,Subject 2/ADL/21.mp4,2,gmdcsa24,0,4,67,0.266565,4.464971,,,0,0,0,ADL,1.000000
Subject 2/ADL/21.mp4#f8-71,Subject 2/ADL/21.mp4,2,gmdcsa24,0,8,71,0.533131,4.731536,,,0,0,0,ADL,1.000000
Subject 2/ADL/21.mp4#f12-75,Subject 2/ADL/21.mp4,2,gmdcsa24,0,12,75,0.799696,4.998101,,,0,0,0,ADL,1.000000
Subject 2/ADL/21.mp4#f16-79,Subject 2/ADL/21.mp4,2,gmdcsa24,0,16,79,1.066262,5.264667,,,0,0,0,ADL,1.000000
Subject 2/ADL/21.mp4#f20-83,Subject 2/ADL/21.mp4,2,gmdcsa24,0,20,83,1.332827,5.531232,,,0,0,0,ADL,1.000000
Subject 2/ADL/21.mp4#f24-87,Subject 2/ADL/21.mp4,2,gmdcsa24,0,24,87,1.599392,5.797798,,,0,0,0,ADL,1.000000
Subject 2/ADL/21.mp4#f28-91,Subject 2/ADL/21.mp4,2,gmdcsa24,0,28,91,1.865958,6.064363,,,0,0,0,ADL,1.000000
Subject 2/ADL/21.mp4#f32-95,Subject 2/ADL/21.mp4,2,gmdcsa24,0,32,95,2.132523,6.330928,,,0,0,0,ADL,1.000000
Subject 2/ADL/21.mp4#f36-99,Subject 2/ADL/21.mp4,2,gmdcsa24,0,36,99,2.399089,6.597494,,,0,0,0,ADL,1.000000
Subject 2/ADL/21.mp4#f40-103,Subject 2/ADL/21.mp4,2,gmdcsa24,0,40,103,2.665654,6.864059,,,0,0,0,ADL,1.000000
Subject 2/ADL/21.mp4#f44-107,Subject 2/ADL/21.mp4,2,gmdcsa24,0,44,107,2.932219,7.130625,,,0,0,0,ADL,1.000000
Subject 2/ADL/21.mp4#f48-111,Subject 2/ADL/21.mp4,2,gmdcsa24,0,48,111,3.198785,7.397190,,,0,0,0,ADL,1.000000
Subject 2/ADL/21.mp4#f52-115,Subject 2/ADL/21.mp4,2,gmdcsa24,0,52,115,3.465350,7.663755,,,0,0,0,ADL,1.000000
Subject 2/ADL/21.mp4#f56-119,Subject 2/ADL/21.mp4,2,gmdcsa24,0,56,119,3.731916,7.930321,,,0,0,0,ADL,1.000000
Subject 2/ADL/21.mp4#f60-123,Subject 2/ADL/21.mp4,2,gmdcsa24,0,60,123,3.998481,8.196886,,,0,0,0,ADL,1.000000
Subject 2/ADL/21.mp4#f64-127,Subject 2/ADL/21.mp4,2,gmdcsa24,0,64,127,4.265046,8.463452,,,0,0,0,ADL,1.000000
Subject 2/ADL/21.mp4#f68-131,Subject 2/ADL/21.mp4,2,gmdcsa24,0,68,131,4.531612,8.730017,,,0,0,0,ADL,1.000000
Subject 2/ADL/21.mp4#f72-135,Subject 2/ADL/21.mp4,2,gmdcsa24,0,72,135,4.798177,8.996582,,,0,0,0,ADL,1.000000
Subject 2/ADL/21.mp4#f76-139,Subject 2/ADL/21.mp4,2,gmdcsa24,0,76,139,5.064743,9.263148,,,0,0,0,ADL,1.000000
Subject 2/ADL/21.mp4#f80-143,Subject 2/ADL/21.mp4,2,gmdcsa24,0,80,143,5.331308,9.529713,,,0,0,0,ADL,1.000000
Subject 2/ADL/21.mp4#f84-147,Subject 2/ADL/21.mp4,2,gmdcsa24,0,84,147,5.597873,9.796279,,,0,0,0,ADL,1.000000
Subject 2/ADL/21.mp4#f88-151,Subject 2/ADL/21.mp4,2,gmdcsa24,0,88,151,5.864439,10.062844,,,0,0,0,ADL,1.000000
Subject 2/ADL/21.mp4#f92-155,Subject 2/ADL/21.mp4,2,gmdcsa24,0,92,155,6.131004,10.329409,,,0,0,0,ADL,1.000000
Subject 2/ADL/22.mp4#f0-63,Subject 2/ADL/22.mp4,2,gmdcsa24,0,0,63,0.000000,4.198604,,,0,0,0,ADL,1.000000
Subject 2/ADL/22.mp4#f4-67,Subject 2/ADL/22.mp4,2,gmdcsa24,0,4,67,0.266578,4.465182,,,0,0,0,ADL,1.000000
Subject 2/ADL/22.mp4#f8-71,Subject 2/ADL/22.mp4,2,gmdcsa24,0,8,71,0.533156,4.731760,,,0,0,0,ADL,1.000000
Subject 2/ADL/22.mp4#f12-75,Subject 2/ADL/22.mp4,2,gmdcsa24,0,12,75,0.799734,4.998338,,,0,0,0,ADL,1.000000
Subject 2/ADL/22.mp4#f16-79,Subject 2/ADL/22.mp4,2,gmdcsa24,0,16,79,1.066312,5.264916,,,0,0,0,ADL,1.000000
Subject 2/ADL/22.mp4#f20-83,Subject 2/ADL/22.mp4,2,gmdcsa24,0,20,83,1.332890,5.531494,,,0,0,0,ADL,1.000000
Subject 2/ADL/22.mp4#f24-87,Subject 2/ADL/22.mp4,2,gmdcsa24,0,24,87,1.599468,5.798072,,,0,0,0,ADL,1.000000
Subject 2/ADL/22.mp4#f28-91,Subject 2/ADL/22.mp4,2,gmdcsa24,0,28,91,1.866046,6.064650,,,0,0,0,ADL,1.000000
Subject 2/ADL/22.mp4#f32-95,Subject 2/ADL/22.mp4,2,gmdcsa24,0,32,95,2.132624,6.331228,,,0,0,0,ADL,1.000000
Subject 2/ADL/22.mp4#f36-99,Subject 2/ADL/22.mp4,2,gmdcsa24,0,36,99,2.399202,6.597806,,,0,0,0,ADL,1.000000
Subject 2/ADL/22.mp4#f40-103,Subject 2/ADL/22.mp4,2,gmdcsa24,0,40,103,2.665780,6.864384,,,0,0,0,ADL,1.000000
Subject 2/ADL/22.mp4#f44-107,Subject 2/ADL/22.mp4,2,gmdcsa24,0,44,107,2.932358,7.130962,,,0,0,0,ADL,1.000000
Subject 2/ADL/22.mp4#f48-111,Subject 2/ADL/22.mp4,2,gmdcsa24,0,48,111,3.198936,7.397540,,,0,0,0,ADL,1.000000
Subject 2/ADL/22.mp4#f52-115,Subject 2/ADL/22.mp4,2,gmdcsa24,0,52,115,3.465514,7.664118,,,0,0,0,ADL,1.000000
Subject 2/ADL/22.mp4#f56-119,Subject 2/ADL/22.mp4,2,gmdcsa24,0,56,119,3.732092,7.930696,,,0,0,0,ADL,1.000000
Subject 2/ADL/22.mp4#f60-123,Subject 2/ADL/22.mp4,2,gmdcsa24,0,60,123,3.998670,8.197274,,,0,0,0,ADL,1.000000
Subject 2/ADL/22.mp4#f64-127,Subject 2/ADL/22.mp4,2,gmdcsa24,0,64,127,4.265248,8.463852,,,0,0,0,ADL,1.000000
Subject 2/ADL/22.mp4#f68-131,Subject 2/ADL/22.mp4,2,gmdcsa24,0,68,131,4.531826,8.730430,,,0,0,0,ADL,1.000000
Subject 2/ADL/22.mp4#f72-135,Subject 2/ADL/22.mp4,2,gmdcsa24,0,72,135,4.798404,8.997008,,,0,0,0,ADL,1.000000
Subject 2/ADL/22.mp4#f76-139,Subject 2/ADL/22.mp4,2,gmdcsa24,0,76,139,5.064982,9.263586,,,0,0,0,ADL,1.000000
Subject 2/ADL/22.mp4#f80-143,Subject 2/ADL/22.mp4,2,gmdcsa24,0,80,143,5.331561,9.530164,,,0,0,0,ADL,1.000000
Subject 2/ADL/22.mp4#f84-147,Subject 2/ADL/22.mp4,2,gmdcsa24,0,84,147,5.598139,9.796742,,,0,0,0,ADL,1.000000
Subject 2/ADL/22.mp4#f88-151,Subject 2/ADL/22.mp4,2,gmdcsa24,0,88,151,5.864717,10.063320,,,0,0,0,ADL,1.000000
Subject 2/ADL/22.mp4#f92-155,Subject 2/ADL/22.mp4,2,gmdcsa24,0,92,155,6.131295,10.329898,,,0,0,0,ADL,1.000000
Subject 2/ADL/22.mp4#f96-159,Subject 2/ADL/22.mp4,2,gmdcsa24,0,96,159,6.397873,10.596477,,,0,0,0,ADL,1.000000
Subject 2/ADL/22.mp4#f100-163,Subject 2/ADL/22.mp4,2,gmdcsa24,0,100,163,6.664451,10.863055,,,0,0,0,ADL,1.000000
Subject 2/ADL/22.mp4#f104-167,Subject 2/ADL/22.mp4,2,gmdcsa24,0,104,167,6.931029,11.129633,,,0,0,0,ADL,1.000000
Subject 2/ADL/22.mp4#f108-171,Subject 2/ADL/22.mp4,2,gmdcsa24,0,108,171,7.197607,11.396211,,,0,0,0,ADL,1.000000
Subject 2/ADL/22.mp4#f112-175,Subject 2/ADL/22.mp4,2,gmdcsa24,0,112,175,7.464185,11.662789,,,0,0,0,ADL,1.000000
Subject 2/ADL/22.mp4#f116-179,Subject 2/ADL/22.mp4,2,gmdcsa24,0,116,179,7.730763,11.929367,,,0,0,0,ADL,1.000000
Subject 2/ADL/23.mp4#f0-63,Subject 2/ADL/23.mp4,2,gmdcsa24,0,0,63,0.000000,4.207880,,,0,0,0,ADL,1.000000
Subject 2/ADL/23.mp4#f4-67,Subject 2/ADL/23.mp4,2,gmdcsa24,0,4,67,0.267167,4.475047,,,0,0,0,ADL,1.000000
Subject 2/ADL/23.mp4#f8-71,Subject 2/ADL/23.mp4,2,gmdcsa24,0,8,71,0.534334,4.742214,,,0,0,0,ADL,1.000000
Subject 2/ADL/23.mp4#f12-75,Subject 2/ADL/23.mp4,2,gmdcsa24,0,12,75,0.801501,5.009381,,,0,0,0,ADL,1.000000
Subject 2/ADL/23.mp4#f16-79,Subject 2/ADL/23.mp4,2,gmdcsa24,0,16,79,1.068668,5.276548,,,0,0,0,ADL,1.000000
Subject 2/ADL/23.mp4#f20-83,Subject 2/ADL/23.mp4,2,gmdcsa24,0,20,83,1.335835,5.543715,,,0,0,0,ADL,1.000000
Subject 2/ADL/23.mp4#f24-87,Subject 2/ADL/23.mp4,2,gmdcsa24,0,24,87,1.603002,5.810882,,,0,0,0,ADL,1.000000
Subject 2/ADL/23.mp4#f28-91,Subject 2/ADL/23.mp4,2,gmdcsa24,0,28,91,1.870169,6.078049,,,0,0,0,ADL,1.000000
Subject 2/ADL/23.mp4#f32-95,Subject 2/ADL/23.mp4,2,gmdcsa24,0,32,95,2.137336,6.345216,,,0,0,0,ADL,1.000000
Subject 2/ADL/23.mp4#f36-99,Subject 2/ADL/23.mp4,2,gmdcsa24,0,36,99,2.404503,6.612383,,,0,0,0,ADL,1.000000
Subject 2/ADL/23.mp4#f40-103,Subject 2/ADL/23.mp4,2,gmdcsa24,0,40,103,2.671670,6.879550,,,0,0,0,ADL,1.000000
Subject 2/ADL/23.mp4#f44-107,Subject 2/ADL/23.mp4,2,gmdcsa24,0,44,107,2.938837,7.146717,,,0,0,0,ADL,1.000000
Subject 2/Fall/02.mp4#f0-63,Subject 2/Fall/02.mp4,2,gmdcsa24,1,0,63,0.000000,2.111975,2.700000,0.603421,1,1,1,PRE_FALL_0_1S,1.000000
Subject 2/Fall/02.mp4#f4-67,Subject 2/Fall/02.mp4,2,gmdcsa24,1,4,67,0.134094,2.246069,2.700000,0.469328,1,1,1,PRE_FALL_0_1S,1.000000
Subject 2/Fall/02.mp4#f8-71,Subject 2/Fall/02.mp4,2,gmdcsa24,1,8,71,0.268187,2.380162,2.700000,0.335234,1,1,1,PRE_FALL_0_1S,1.000000
Subject 2/Fall/02.mp4#f12-75,Subject 2/Fall/02.mp4,2,gmdcsa24,1,12,75,0.402281,2.514256,2.700000,0.201140,1,1,1,PRE_FALL_0_1S,1.000000
Subject 2/Fall/02.mp4#f16-79,Subject 2/Fall/02.mp4,2,gmdcsa24,1,16,79,0.536375,2.648350,2.700000,0.067047,1,1,1,PRE_FALL_0_1S,1.000000
Subject 2/Fall/04.mp4#f0-63,Subject 2/Fall/04.mp4,2,gmdcsa24,1,0,63,0.000000,2.108875,3.300000,1.205071,0,1,1,PRE_FALL_1_2S,1.000000
Subject 2/Fall/04.mp4#f4-67,Subject 2/Fall/04.mp4,2,gmdcsa24,1,4,67,0.133897,2.242772,3.300000,1.071175,0,1,1,PRE_FALL_1_2S,1.000000
Subject 2/Fall/04.mp4#f8-71,Subject 2/Fall/04.mp4,2,gmdcsa24,1,8,71,0.267794,2.376669,3.300000,0.937278,1,1,1,PRE_FALL_0_1S,1.000000
Subject 2/Fall/04.mp4#f12-75,Subject 2/Fall/04.mp4,2,gmdcsa24,1,12,75,0.401690,2.510566,3.300000,0.803381,1,1,1,PRE_FALL_0_1S,1.000000
Subject 2/Fall/04.mp4#f16-79,Subject 2/Fall/04.mp4,2,gmdcsa24,1,16,79,0.535587,2.644462,3.300000,0.669484,1,1,1,PRE_FALL_0_1S,1.000000
Subject 2/Fall/04.mp4#f20-83,Subject 2/Fall/04.mp4,2,gmdcsa24,1,20,83,0.669484,2.778359,3.300000,0.535587,1,1,1,PRE_FALL_0_1S,1.000000
Subject 2/Fall/04.mp4#f24-87,Subject 2/Fall/04.mp4,2,gmdcsa24,1,24,87,0.803381,2.912256,3.300000,0.401690,1,1,1,PRE_FALL_0_1S,1.000000
Subject 2/Fall/04.mp4#f28-91,Subject 2/Fall/04.mp4,2,gmdcsa24,1,28,91,0.937278,3.046153,3.300000,0.267794,1,1,1,PRE_FALL_0_1S,1.000000
Subject 2/Fall/04.mp4#f32-95,Subject 2/Fall/04.mp4,2,gmdcsa24,1,32,95,1.071175,3.180050,3.300000,0.133897,1,1,1,PRE_FALL_0_1S,1.000000
Subject 2/Fall/08.mp4#f0-63,Subject 2/Fall/08.mp4,2,gmdcsa24,1,0,63,0.000000,2.110790,3.200000,1.105652,0,1,1,PRE_FALL_1_2S,1.000000
Subject 2/Fall/08.mp4#f4-67,Subject 2/Fall/08.mp4,2,gmdcsa24,1,4,67,0.134018,2.244809,3.200000,0.971634,1,1,1,PRE_FALL_0_1S,1.000000
Subject 2/Fall/08.mp4#f8-71,Subject 2/Fall/08.mp4,2,gmdcsa24,1,8,71,0.268037,2.378827,3.200000,0.837615,1,1,1,PRE_FALL_0_1S,1.000000
Subject 2/Fall/08.mp4#f12-75,Subject 2/Fall/08.mp4,2,gmdcsa24,1,12,75,0.402055,2.512845,3.200000,0.703597,1,1,1,PRE_FALL_0_1S,1.000000
Subject 2/Fall/08.mp4#f16-79,Subject 2/Fall/08.mp4,2,gmdcsa24,1,16,79,0.536074,2.646864,3.200000,0.569578,1,1,1,PRE_FALL_0_1S,1.000000
Subject 2/Fall/08.mp4#f20-83,Subject 2/Fall/08.mp4,2,gmdcsa24,1,20,83,0.670092,2.780882,3.200000,0.435560,1,1,1,PRE_FALL_0_1S,1.000000
Subject 2/Fall/08.mp4#f24-87,Subject 2/Fall/08.mp4,2,gmdcsa24,1,24,87,0.804111,2.914901,3.200000,0.301541,1,1,1,PRE_FALL_0_1S,1.000000
Subject 2/Fall/08.mp4#f28-91,Subject 2/Fall/08.mp4,2,gmdcsa24,1,28,91,0.938129,3.048919,3.200000,0.167523,1,1,1,PRE_FALL_0_1S,1.000000
Subject 2/Fall/08.mp4#f32-95,Subject 2/Fall/08.mp4,2,gmdcsa24,1,32,95,1.072147,3.182937,3.200000,0.033505,1,1,1,PRE_FALL_0_1S,1.000000
Subject 2/Fall/11.mp4#f0-63,Subject 2/Fall/11.mp4,2,gmdcsa24,1,0,63,0.000000,4.197359,5.900000,1.732243,0,1,1,PRE_FALL_1_2S,1.000000
Subject 2/Fall/11.mp4#f4-67,Subject 2/Fall/11.mp4,2,gmdcsa24,1,4,67,0.266499,4.463858,5.900000,1.465744,0,1,1,PRE_FALL_1_2S,1.000000
Subject 2/Fall/11.mp4#f8-71,Subject 2/Fall/11.mp4,2,gmdcsa24,1,8,71,0.532998,4.730357,5.900000,1.199245,0,1,1,PRE_FALL_1_2S,1.000000
Subject 2/Fall/11.mp4#f12-75,Subject 2/Fall/11.mp4,2,gmdcsa24,1,12,75,0.799497,4.996855,5.900000,0.932746,1,1,1,PRE_FALL_0_1S,1.000000
Subject 2/Fall/11.mp4#f16-79,Subject 2/Fall/11.mp4,2,gmdcsa24,1,16,79,1.065996,5.263354,5.900000,0.666247,1,1,1,PRE_FALL_0_1S,1.000000
Subject 2/Fall/11.mp4#f20-83,Subject 2/Fall/11.mp4,2,gmdcsa24,1,20,83,1.332495,5.529853,5.900000,0.399748,1,1,1,PRE_FALL_0_1S,1.000000
Subject 2/Fall/11.mp4#f24-87,Subject 2/Fall/11.mp4,2,gmdcsa24,1,24,87,1.598994,5.796352,5.900000,0.133249,1,1,1,PRE_FALL_0_1S,1.000000
Subject 2/Fall/12.mp4#f0-63,Subject 2/Fall/12.mp4,2,gmdcsa24,1,0,63,0.000000,4.196827,6.900000,2.731268,0,0,1,PRE_FALL_2_3S,1.000000
Subject 2/Fall/12.mp4#f4-67,Subject 2/Fall/12.mp4,2,gmdcsa24,1,4,67,0.266465,4.463292,6.900000,2.464803,0,0,1,PRE_FALL_2_3S,1.000000
Subject 2/Fall/12.mp4#f8-71,Subject 2/Fall/12.mp4,2,gmdcsa24,1,8,71,0.532930,4.729758,6.900000,2.198338,0,0,1,PRE_FALL_2_3S,1.000000
Subject 2/Fall/12.mp4#f12-75,Subject 2/Fall/12.mp4,2,gmdcsa24,1,12,75,0.799396,4.996223,6.900000,1.931873,0,1,1,PRE_FALL_1_2S,1.000000
Subject 2/Fall/12.mp4#f16-79,Subject 2/Fall/12.mp4,2,gmdcsa24,1,16,79,1.065861,5.262688,6.900000,1.665408,0,1,1,PRE_FALL_1_2S,1.000000
Subject 2/Fall/12.mp4#f20-83,Subject 2/Fall/12.mp4,2,gmdcsa24,1,20,83,1.332326,5.529153,6.900000,1.398942,0,1,1,PRE_FALL_1_2S,1.000000
Subject 2/Fall/12.mp4#f24-87,Subject 2/Fall/12.mp4,2,gmdcsa24,1,24,87,1.598791,5.795618,6.900000,1.132477,0,1,1,PRE_FALL_1_2S,1.000000
Subject 2/Fall/12.mp4#f28-91,Subject 2/Fall/12.mp4,2,gmdcsa24,1,28,91,1.865257,6.062084,6.900000,0.866012,1,1,1,PRE_FALL_0_1S,1.000000
Subject 2/Fall/12.mp4#f32-95,Subject 2/Fall/12.mp4,2,gmdcsa24,1,32,95,2.131722,6.328549,6.900000,0.599547,1,1,1,PRE_FALL_0_1S,1.000000
Subject 2/Fall/12.mp4#f36-99,Subject 2/Fall/12.mp4,2,gmdcsa24,1,36,99,2.398187,6.595014,6.900000,0.333082,1,1,1,PRE_FALL_0_1S,1.000000
Subject 2/Fall/12.mp4#f40-103,Subject 2/Fall/12.mp4,2,gmdcsa24,1,40,103,2.664652,6.861479,6.900000,0.066616,1,1,1,PRE_FALL_0_1S,1.000000
Subject 2/Fall/15.mp4#f0-63,Subject 2/Fall/15.mp4,2,gmdcsa24,1,0,63,0.000000,2.111822,7.700000,5.598003,0,0,0,EARLY_FALL_VIDEO,1.000000
Subject 2/Fall/15.mp4#f4-67,Subject 2/Fall/15.mp4,2,gmdcsa24,1,4,67,0.134084,2.245905,7.700000,5.463919,0,0,0,EARLY_FALL_VIDEO,1.000000
Subject 2/Fall/15.mp4#f8-71,Subject 2/Fall/15.mp4,2,gmdcsa24,1,8,71,0.268168,2.379989,7.700000,5.329835,0,0,0,EARLY_FALL_VIDEO,1.000000
Subject 2/Fall/15.mp4#f12-75,Subject 2/Fall/15.mp4,2,gmdcsa24,1,12,75,0.402252,2.514073,7.700000,5.195752,0,0,0,EARLY_FALL_VIDEO,1.000000
Subject 2/Fall/15.mp4#f16-79,Subject 2/Fall/15.mp4,2,gmdcsa24,1,16,79,0.536336,2.648157,7.700000,5.061668,0,0,0,EARLY_FALL_VIDEO,1.000000
Subject 2/Fall/15.mp4#f20-83,Subject 2/Fall/15.mp4,2,gmdcsa24,1,20,83,0.670420,2.782241,7.700000,4.927584,0,0,0,EARLY_FALL_VIDEO,1.000000
Subject 2/Fall/15.mp4#f24-87,Subject 2/Fall/15.mp4,2,gmdcsa24,1,24,87,0.804503,2.916325,7.700000,4.793500,0,0,0,EARLY_FALL_VIDEO,1.000000
Subject 2/Fall/15.mp4#f28-91,Subject 2/Fall/15.mp4,2,gmdcsa24,1,28,91,0.938587,3.050409,7.700000,4.659416,0,0,0,EARLY_FALL_VIDEO,1.000000
Subject 2/Fall/15.mp4#f32-95,Subject 2/Fall/15.mp4,2,gmdcsa24,1,32,95,1.072671,3.184493,7.700000,4.525332,0,0,0,EARLY_FALL_VIDEO,1.000000
Subject 2/Fall/15.mp4#f36-99,Subject 2/Fall/15.mp4,2,gmdcsa24,1,36,99,1.206755,3.318577,7.700000,4.391248,0,0,0,EARLY_FALL_VIDEO,1.000000
Subject 2/Fall/15.mp4#f40-103,Subject 2/Fall/15.mp4,2,gmdcsa24,1,40,103,1.340839,3.452661,7.700000,4.257164,0,0,0,EARLY_FALL_VIDEO,1.000000
Subject 2/Fall/15.mp4#f44-107,Subject 2/Fall/15.mp4,2,gmdcsa24,1,44,107,1.474923,3.586745,7.700000,4.123080,0,0,0,EARLY_FALL_VIDEO,1.000000
Subject 2/Fall/15.mp4#f48-111,Subject 2/Fall/15.mp4,2,gmdcsa24,1,48,111,1.609007,3.720829,7.700000,3.988996,0,0,0,EARLY_FALL_VIDEO,1.000000
Subject 2/Fall/15.mp4#f52-115,Subject 2/Fall/15.mp4,2,gmdcsa24,1,52,115,1.743091,3.854912,7.700000,3.854912,0,0,0,EARLY_FALL_VIDEO,1.000000
Subject 2/Fall/15.mp4#f56-119,Subject 2/Fall/15.mp4,2,gmdcsa24,1,56,119,1.877175,3.988996,7.700000,3.720829,0,0,0,EARLY_FALL_VIDEO,1.000000
Subject 2/Fall/15.mp4#f60-123,Subject 2/Fall/15.mp4,2,gmdcsa24,1,60,123,2.011259,4.123080,7.700000,3.586745,0,0,0,EARLY_FALL_VIDEO,1.000000
Subject 2/Fall/15.mp4#f64-127,Subject 2/Fall/15.mp4,2,gmdcsa24,1,64,127,2.145343,4.257164,7.700000,3.452661,0,0,0,EARLY_FALL_VIDEO,1.000000
Subject 2/Fall/15.mp4#f68-131,Subject 2/Fall/15.mp4,2,gmdcsa24,1,68,131,2.279426,4.391248,7.700000,3.318577,0,0,0,EARLY_FALL_VIDEO,1.000000
Subject 2/Fall/15.mp4#f72-135,Subject 2/Fall/15.mp4,2,gmdcsa24,1,72,135,2.413510,4.525332,7.700000,3.184493,0,0,0,EARLY_FALL_VIDEO,1.000000
Subject 2/Fall/15.mp4#f76-139,Subject 2/Fall/15.mp4,2,gmdcsa24,1,76,139,2.547594,4.659416,7.700000,3.050409,0,0,0,EARLY_FALL_VIDEO,1.000000
Subject 2/Fall/15.mp4#f80-143,Subject 2/Fall/15.mp4,2,gmdcsa24,1,80,143,2.681678,4.793500,7.700000,2.916325,0,0,1,PRE_FALL_2_3S,1.000000
Subject 2/Fall/15.mp4#f84-147,Subject 2/Fall/15.mp4,2,gmdcsa24,1,84,147,2.815762,4.927584,7.700000,2.782241,0,0,1,PRE_FALL_2_3S,1.000000
Subject 2/Fall/15.mp4#f88-151,Subject 2/Fall/15.mp4,2,gmdcsa24,1,88,151,2.949846,5.061668,7.700000,2.648157,0,0,1,PRE_FALL_2_3S,1.000000
Subject 2/Fall/15.mp4#f92-155,Subject 2/Fall/15.mp4,2,gmdcsa24,1,92,155,3.083930,5.195752,7.700000,2.514073,0,0,1,PRE_FALL_2_3S,1.000000
Subject 2/Fall/15.mp4#f96-159,Subject 2/Fall/15.mp4,2,gmdcsa24,1,96,159,3.218014,5.329835,7.700000,2.379989,0,0,1,PRE_FALL_2_3S,1.000000
Subject 2/Fall/15.mp4#f100-163,Subject 2/Fall/15.mp4,2,gmdcsa24,1,100,163,3.352098,5.463919,7.700000,2.245905,0,0,1,PRE_FALL_2_3S,1.000000
Subject 2/Fall/15.mp4#f104-167,Subject 2/Fall/15.mp4,2,gmdcsa24,1,104,167,3.486182,5.598003,7.700000,2.111822,0,0,1,PRE_FALL_2_3S,1.000000
Subject 2/Fall/15.mp4#f108-171,Subject 2/Fall/15.mp4,2,gmdcsa24,1,108,171,3.620266,5.732087,7.700000,1.977738,0,1,1,PRE_FALL_1_2S,1.000000
Subject 2/Fall/15.mp4#f112-175,Subject 2/Fall/15.mp4,2,gmdcsa24,1,112,175,3.754349,5.866171,7.700000,1.843654,0,1,1,PRE_FALL_1_2S,1.000000
Subject 2/Fall/15.mp4#f116-179,Subject 2/Fall/15.mp4,2,gmdcsa24,1,116,179,3.888433,6.000255,7.700000,1.709570,0,1,1,PRE_FALL_1_2S,1.000000
Subject 2/Fall/15.mp4#f120-183,Subject 2/Fall/15.mp4,2,gmdcsa24,1,120,183,4.022517,6.134339,7.700000,1.575486,0,1,1,PRE_FALL_1_2S,1.000000
Subject 2/Fall/15.mp4#f124-187,Subject 2/Fall/15.mp4,2,gmdcsa24,1,124,187,4.156601,6.268423,7.700000,1.441402,0,1,1,PRE_FALL_1_2S,1.000000
Subject 2/Fall/15.mp4#f128-191,Subject 2/Fall/15.mp4,2,gmdcsa24,1,128,191,4.290685,6.402507,7.700000,1.307318,0,1,1,PRE_FALL_1_2S,1.000000
Subject 2/Fall/15.mp4#f132-195,Subject 2/Fall/15.mp4,2,gmdcsa24,1,132,195,4.424769,6.536591,7.700000,1.173234,0,1,1,PRE_FALL_1_2S,1.000000
Subject 2/Fall/15.mp4#f136-199,Subject 2/Fall/15.mp4,2,gmdcsa24,1,136,199,4.558853,6.670675,7.700000,1.039150,0,1,1,PRE_FALL_1_2S,1.000000
Subject 2/Fall/15.mp4#f140-203,Subject 2/Fall/15.mp4,2,gmdcsa24,1,140,203,4.692937,6.804758,7.700000,0.905066,1,1,1,PRE_FALL_0_1S,1.000000
Subject 2/Fall/15.mp4#f144-207,Subject 2/Fall/15.mp4,2,gmdcsa24,1,144,207,4.827021,6.938842,7.700000,0.770982,1,1,1,PRE_FALL_0_1S,1.000000
Subject 2/Fall/15.mp4#f148-211,Subject 2/Fall/15.mp4,2,gmdcsa24,1,148,211,4.961105,7.072926,7.700000,0.636899,1,1,1,PRE_FALL_0_1S,1.000000
Subject 2/Fall/15.mp4#f152-215,Subject 2/Fall/15.mp4,2,gmdcsa24,1,152,215,5.095189,7.207010,7.700000,0.502815,1,1,1,PRE_FALL_0_1S,1.000000
Subject 2/Fall/15.mp4#f156-219,Subject 2/Fall/15.mp4,2,gmdcsa24,1,156,219,5.229272,7.341094,7.700000,0.368731,1,1,1,PRE_FALL_0_1S,1.000000
Subject 2/Fall/15.mp4#f160-223,Subject 2/Fall/15.mp4,2,gmdcsa24,1,160,223,5.363356,7.475178,7.700000,0.234647,1,1,1,PRE_FALL_0_1S,1.000000
Subject 2/Fall/15.mp4#f164-227,Subject 2/Fall/15.mp4,2,gmdcsa24,1,164,227,5.497440,7.609262,7.700000,0.100563,1,1,1,PRE_FALL_0_1S,1.000000
Subject 2/Fall/17.mp4#f0-63,Subject 2/Fall/17.mp4,2,gmdcsa24,1,0,63,0.000000,2.109970,2.500000,0.401899,1,1,1,PRE_FALL_0_1S,1.000000
Subject 2/Fall/17.mp4#f4-67,Subject 2/Fall/17.mp4,2,gmdcsa24,1,4,67,0.133966,2.243936,2.500000,0.267933,1,1,1,PRE_FALL_0_1S,1.000000
Subject 2/Fall/17.mp4#f8-71,Subject 2/Fall/17.mp4,2,gmdcsa24,1,8,71,0.267933,2.377902,2.500000,0.133966,1,1,1,PRE_FALL_0_1S,1.000000
Subject 2/Fall/18.mp4#f0-63,Subject 2/Fall/18.mp4,2,gmdcsa24,1,0,63,0.000000,2.109776,9.800000,7.702356,0,0,0,EARLY_FALL_VIDEO,1.000000
Subject 2/Fall/18.mp4#f4-67,Subject 2/Fall/18.mp4,2,gmdcsa24,1,4,67,0.133954,2.243730,9.800000,7.568402,0,0,0,EARLY_FALL_VIDEO,1.000000
Subject 2/Fall/18.mp4#f8-71,Subject 2/Fall/18.mp4,2,gmdcsa24,1,8,71,0.267908,2.377684,9.800000,7.434448,0,0,0,EARLY_FALL_VIDEO,1.000000
Subject 2/Fall/18.mp4#f12-75,Subject 2/Fall/18.mp4,2,gmdcsa24,1,12,75,0.401862,2.511638,9.800000,7.300494,0,0,0,EARLY_FALL_VIDEO,1.000000
Subject 2/Fall/18.mp4#f16-79,Subject 2/Fall/18.mp4,2,gmdcsa24,1,16,79,0.535816,2.645592,9.800000,7.166540,0,0,0,EARLY_FALL_VIDEO,1.000000
Subject 2/Fall/18.mp4#f20-83,Subject 2/Fall/18.mp4,2,gmdcsa24,1,20,83,0.669770,2.779546,9.800000,7.032586,0,0,0,EARLY_FALL_VIDEO,1.000000
Subject 2/Fall/18.mp4#f24-87,Subject 2/Fall/18.mp4,2,gmdcsa24,1,24,87,0.803724,2.913500,9.800000,6.898632,0,0,0,EARLY_FALL_VIDEO,1.000000
Subject 2/Fall/18.mp4#f28-91,Subject 2/Fall/18.mp4,2,gmdcsa24,1,28,91,0.937678,3.047454,9.800000,6.764678,0,0,0,EARLY_FALL_VIDEO,1.000000
Subject 2/Fall/18.mp4#f32-95,Subject 2/Fall/18.mp4,2,gmdcsa24,1,32,95,1.071632,3.181408,9.800000,6.630724,0,0,0,EARLY_FALL_VIDEO,1.000000
Subject 2/Fall/18.mp4#f36-99,Subject 2/Fall/18.mp4,2,gmdcsa24,1,36,99,1.205586,3.315362,9.800000,6.496770,0,0,0,EARLY_FALL_VIDEO,1.000000
Subject 2/Fall/18.mp4#f40-103,Subject 2/Fall/18.mp4,2,gmdcsa24,1,40,103,1.339540,3.449316,9.800000,6.362816,0,0,0,EARLY_FALL_VIDEO,1.000000
Subject 2/Fall/18.mp4#f44-107,Subject 2/Fall/18.mp4,2,gmdcsa24,1,44,107,1.473494,3.583270,9.800000,6.228862,0,0,0,EARLY_FALL_VIDEO,1.000000
Subject 2/Fall/18.mp4#f48-111,Subject 2/Fall/18.mp4,2,gmdcsa24,1,48,111,1.607448,3.717224,9.800000,6.094908,0,0,0,EARLY_FALL_VIDEO,1.000000
Subject 2/Fall/18.mp4#f52-115,Subject 2/Fall/18.mp4,2,gmdcsa24,1,52,115,1.741402,3.851178,9.800000,5.960954,0,0,0,EARLY_FALL_VIDEO,1.000000
Subject 2/Fall/18.mp4#f56-119,Subject 2/Fall/18.mp4,2,gmdcsa24,1,56,119,1.875356,3.985132,9.800000,5.827000,0,0,0,EARLY_FALL_VIDEO,1.000000
Subject 2/Fall/18.mp4#f60-123,Subject 2/Fall/18.mp4,2,gmdcsa24,1,60,123,2.009310,4.119086,9.800000,5.693046,0,0,0,EARLY_FALL_VIDEO,1.000000
Subject 2/Fall/18.mp4#f64-127,Subject 2/Fall/18.mp4,2,gmdcsa24,1,64,127,2.143264,4.253040,9.800000,5.559092,0,0,0,EARLY_FALL_VIDEO,1.000000
Subject 2/Fall/18.mp4#f68-131,Subject 2/Fall/18.mp4,2,gmdcsa24,1,68,131,2.277218,4.386994,9.800000,5.425137,0,0,0,EARLY_FALL_VIDEO,1.000000
Subject 2/Fall/18.mp4#f72-135,Subject 2/Fall/18.mp4,2,gmdcsa24,1,72,135,2.411172,4.520948,9.800000,5.291183,0,0,0,EARLY_FALL_VIDEO,1.000000
Subject 2/Fall/18.mp4#f76-139,Subject 2/Fall/18.mp4,2,gmdcsa24,1,76,139,2.545126,4.654902,9.800000,5.157229,0,0,0,EARLY_FALL_VIDEO,1.000000
Subject 2/Fall/18.mp4#f80-143,Subject 2/Fall/18.mp4,2,gmdcsa24,1,80,143,2.679080,4.788856,9.800000,5.023275,0,0,0,EARLY_FALL_VIDEO,1.000000
Subject 2/Fall/18.mp4#f84-147,Subject 2/Fall/18.mp4,2,gmdcsa24,1,84,147,2.813034,4.922810,9.800000,4.889321,0,0,0,EARLY_FALL_VIDEO,1.000000
Subject 2/Fall/18.mp4#f88-151,Subject 2/Fall/18.mp4,2,gmdcsa24,1,88,151,2.946988,5.056764,9.800000,4.755367,0,0,0,EARLY_FALL_VIDEO,1.000000
Subject 2/Fall/18.mp4#f92-155,Subject 2/Fall/18.mp4,2,gmdcsa24,1,92,155,3.080942,5.190718,9.800000,4.621413,0,0,0,EARLY_FALL_VIDEO,1.000000
Subject 2/Fall/18.mp4#f96-159,Subject 2/Fall/18.mp4,2,gmdcsa24,1,96,159,3.214896,5.324672,9.800000,4.487459,0,0,0,EARLY_FALL_VIDEO,1.000000
Subject 2/Fall/18.mp4#f100-163,Subject 2/Fall/18.mp4,2,gmdcsa24,1,100,163,3.348850,5.458626,9.800000,4.353505,0,0,0,EARLY_FALL_VIDEO,1.000000
Subject 2/Fall/18.mp4#f104-167,Subject 2/Fall/18.mp4,2,gmdcsa24,1,104,167,3.482804,5.592580,9.800000,4.219551,0,0,0,EARLY_FALL_VIDEO,1.000000
Subject 2/Fall/18.mp4#f108-171,Subject 2/Fall/18.mp4,2,gmdcsa24,1,108,171,3.616758,5.726534,9.800000,4.085597,0,0,0,EARLY_FALL_VIDEO,1.000000
Subject 2/Fall/18.mp4#f112-175,Subject 2/Fall/18.mp4,2,gmdcsa24,1,112,175,3.750712,5.860488,9.800000,3.951643,0,0,0,EARLY_FALL_VIDEO,1.000000
Subject 2/Fall/18.mp4#f116-179,Subject 2/Fall/18.mp4,2,gmdcsa24,1,116,179,3.884666,5.994442,9.800000,3.817689,0,0,0,EARLY_FALL_VIDEO,1.000000
Subject 2/Fall/18.mp4#f120-183,Subject 2/Fall/18.mp4,2,gmdcsa24,1,120,183,4.018620,6.128396,9.800000,3.683735,0,0,0,EARLY_FALL_VIDEO,1.000000
Subject 2/Fall/18.mp4#f124-187,Subject 2/Fall/18.mp4,2,gmdcsa24,1,124,187,4.152574,6.262350,9.800000,3.549781,0,0,0,EARLY_FALL_VIDEO,1.000000
Subject 2/Fall/18.mp4#f128-191,Subject 2/Fall/18.mp4,2,gmdcsa24,1,128,191,4.286528,6.396304,9.800000,3.415827,0,0,0,EARLY_FALL_VIDEO,1.000000
Subject 2/Fall/18.mp4#f132-195,Subject 2/Fall/18.mp4,2,gmdcsa24,1,132,195,4.420482,6.530258,9.800000,3.281873,0,0,0,EARLY_FALL_VIDEO,1.000000
Subject 2/Fall/18.mp4#f136-199,Subject 2/Fall/18.mp4,2,gmdcsa24,1,136,199,4.554436,6.664212,9.800000,3.147919,0,0,0,EARLY_FALL_VIDEO,1.000000
Subject 2/Fall/18.mp4#f140-203,Subject 2/Fall/18.mp4,2,gmdcsa24,1,140,203,4.688390,6.798166,9.800000,3.013965,0,0,0,EARLY_FALL_VIDEO,1.000000
Subject 2/Fall/18.mp4#f144-207,Subject 2/Fall/18.mp4,2,gmdcsa24,1,144,207,4.822344,6.932120,9.800000,2.880011,0,0,1,PRE_FALL_2_3S,1.000000
Subject 2/Fall/18.mp4#f148-211,Subject 2/Fall/18.mp4,2,gmdcsa24,1,148,211,4.956298,7.066074,9.800000,2.746057,0,0,1,PRE_FALL_2_3S,1.000000
Subject 2/Fall/18.mp4#f152-215,Subject 2/Fall/18.mp4,2,gmdcsa24,1,152,215,5.090252,7.200028,9.800000,2.612103,0,0,1,PRE_FALL_2_3S,1.000000
Subject 2/Fall/18.mp4#f156-219,Subject 2/Fall/18.mp4,2,gmdcsa24,1,156,219,5.224206,7.333982,9.800000,2.478149,0,0,1,PRE_FALL_2_3S,1.000000
Subject 2/Fall/18.mp4#f160-223,Subject 2/Fall/18.mp4,2,gmdcsa24,1,160,223,5.358160,7.467936,9.800000,2.344195,0,0,1,PRE_FALL_2_3S,1.000000
Subject 2/Fall/18.mp4#f164-227,Subject 2/Fall/18.mp4,2,gmdcsa24,1,164,227,5.492115,7.601890,9.800000,2.210241,0,0,1,PRE_FALL_2_3S,1.000000
Subject 2/Fall/18.mp4#f168-231,Subject 2/Fall/18.mp4,2,gmdcsa24,1,168,231,5.626069,7.735844,9.800000,2.076287,0,0,1,PRE_FALL_2_3S,1.000000
Subject 2/Fall/18.mp4#f172-235,Subject 2/Fall/18.mp4,2,gmdcsa24,1,172,235,5.760023,7.869798,9.800000,1.942333,0,1,1,PRE_FALL_1_2S,1.000000
Subject 2/Fall/18.mp4#f176-239,Subject 2/Fall/18.mp4,2,gmdcsa24,1,176,239,5.893977,8.003752,9.800000,1.808379,0,1,1,PRE_FALL_1_2S,1.000000
Subject 2/Fall/18.mp4#f180-243,Subject 2/Fall/18.mp4,2,gmdcsa24,1,180,243,6.027931,8.137706,9.800000,1.674425,0,1,1,PRE_FALL_1_2S,1.000000
Subject 2/Fall/18.mp4#f184-247,Subject 2/Fall/18.mp4,2,gmdcsa24,1,184,247,6.161885,8.271660,9.800000,1.540471,0,1,1,PRE_FALL_1_2S,1.000000
Subject 2/Fall/18.mp4#f188-251,Subject 2/Fall/18.mp4,2,gmdcsa24,1,188,251,6.295839,8.405614,9.800000,1.406517,0,1,1,PRE_FALL_1_2S,1.000000
Subject 2/Fall/18.mp4#f192-255,Subject 2/Fall/18.mp4,2,gmdcsa24,1,192,255,6.429793,8.539568,9.800000,1.272563,0,1,1,PRE_FALL_1_2S,1.000000
Subject 2/Fall/18.mp4#f196-259,Subject 2/Fall/18.mp4,2,gmdcsa24,1,196,259,6.563747,8.673522,9.800000,1.138609,0,1,1,PRE_FALL_1_2S,1.000000
Subject 2/Fall/18.mp4#f200-263,Subject 2/Fall/18.mp4,2,gmdcsa24,1,200,263,6.697701,8.807476,9.800000,1.004655,0,1,1,PRE_FALL_1_2S,1.000000
Subject 2/Fall/18.mp4#f204-267,Subject 2/Fall/18.mp4,2,gmdcsa24,1,204,267,6.831655,8.941430,9.800000,0.870701,1,1,1,PRE_FALL_0_1S,1.000000
Subject 2/Fall/18.mp4#f208-271,Subject 2/Fall/18.mp4,2,gmdcsa24,1,208,271,6.965609,9.075384,9.800000,0.736747,1,1,1,PRE_FALL_0_1S,1.000000
Subject 2/Fall/18.mp4#f212-275,Subject 2/Fall/18.mp4,2,gmdcsa24,1,212,275,7.099563,9.209338,9.800000,0.602793,1,1,1,PRE_FALL_0_1S,1.000000
Subject 2/Fall/18.mp4#f216-279,Subject 2/Fall/18.mp4,2,gmdcsa24,1,216,279,7.233517,9.343292,9.800000,0.468839,1,1,1,PRE_FALL_0_1S,1.000000
Subject 2/Fall/18.mp4#f220-283,Subject 2/Fall/18.mp4,2,gmdcsa24,1,220,283,7.367471,9.477246,9.800000,0.334885,1,1,1,PRE_FALL_0_1S,1.000000
Subject 2/Fall/18.mp4#f224-287,Subject 2/Fall/18.mp4,2,gmdcsa24,1,224,287,7.501425,9.611200,9.800000,0.200931,1,1,1,PRE_FALL_0_1S,1.000000
Subject 2/Fall/18.mp4#f228-291,Subject 2/Fall/18.mp4,2,gmdcsa24,1,228,291,7.635379,9.745154,9.800000,0.066977,1,1,1,PRE_FALL_0_1S,1.000000
Subject 2/Fall/19.mp4#f0-63,Subject 2/Fall/19.mp4,2,gmdcsa24,1,0,63,0.000000,2.111970,8.200000,6.101245,0,0,0,EARLY_FALL_VIDEO,1.000000
Subject 2/Fall/19.mp4#f4-67,Subject 2/Fall/19.mp4,2,gmdcsa24,1,4,67,0.134093,2.246063,8.200000,5.967152,0,0,0,EARLY_FALL_VIDEO,1.000000
Subject 2/Fall/19.mp4#f8-71,Subject 2/Fall/19.mp4,2,gmdcsa24,1,8,71,0.268187,2.380156,8.200000,5.833059,0,0,0,EARLY_FALL_VIDEO,1.000000
Subject 2/Fall/19.mp4#f12-75,Subject 2/Fall/19.mp4,2,gmdcsa24,1,12,75,0.402280,2.514249,8.200000,5.698966,0,0,0,EARLY_FALL_VIDEO,1.000000
Subject 2/Fall/19.mp4#f16-79,Subject 2/Fall/19.mp4,2,gmdcsa24,1,16,79,0.536373,2.648343,8.200000,5.564872,0,0,0,EARLY_FALL_VIDEO,1.000000
Subject 2/Fall/19.mp4#f20-83,Subject 2/Fall/19.mp4,2,gmdcsa24,1,20,83,0.670467,2.782436,8.200000,5.430779,0,0,0,EARLY_FALL_VIDEO,1.000000
Subject 2/Fall/19.mp4#f24-87,Subject 2/Fall/19.mp4,2,gmdcsa24,1,24,87,0.804560,2.916529,8.200000,5.296686,0,0,0,EARLY_FALL_VIDEO,1.000000
Subject 2/Fall/19.mp4#f28-91,Subject 2/Fall/19.mp4,2,gmdcsa24,1,28,91,0.938653,3.050623,8.200000,5.162592,0,0,0,EARLY_FALL_VIDEO,1.000000
Subject 2/Fall/19.mp4#f32-95,Subject 2/Fall/19.mp4,2,gmdcsa24,1,32,95,1.072746,3.184716,8.200000,5.028499,0,0,0,EARLY_FALL_VIDEO,1.000000
Subject 2/Fall/19.mp4#f36-99,Subject 2/Fall/19.mp4,2,gmdcsa24,1,36,99,1.206840,3.318809,8.200000,4.894406,0,0,0,EARLY_FALL_VIDEO,1.000000
Subject 2/Fall/19.mp4#f40-103,Subject 2/Fall/19.mp4,2,gmdcsa24,1,40,103,1.340933,3.452903,8.200000,4.760312,0,0,0,EARLY_FALL_VIDEO,1.000000
Subject 2/Fall/19.mp4#f44-107,Subject 2/Fall/19.mp4,2,gmdcsa24,1,44,107,1.475026,3.586996,8.200000,4.626219,0,0,0,EARLY_FALL_VIDEO,1.000000
Subject 2/Fall/19.mp4#f48-111,Subject 2/Fall/19.mp4,2,gmdcsa24,1,48,111,1.609120,3.721089,8.200000,4.492126,0,0,0,EARLY_FALL_VIDEO,1.000000
Subject 2/Fall/19.mp4#f52-115,Subject 2/Fall/19.mp4,2,gmdcsa24,1,52,115,1.743213,3.855183,8.200000,4.358032,0,0,0,EARLY_FALL_VIDEO,1.000000
Subject 2/Fall/19.mp4#f56-119,Subject 2/Fall/19.mp4,2,gmdcsa24,1,56,119,1.877306,3.989276,8.200000,4.223939,0,0,0,EARLY_FALL_VIDEO,1.000000
Subject 2/Fall/19.mp4#f60-123,Subject 2/Fall/19.mp4,2,gmdcsa24,1,60,123,2.011400,4.123369,8.200000,4.089846,0,0,0,EARLY_FALL_VIDEO,1.000000
Subject 2/Fall/19.mp4#f64-127,Subject 2/Fall/19.mp4,2,gmdcsa24,1,64,127,2.145493,4.257462,8.200000,3.955753,0,0,0,EARLY_FALL_VIDEO,1.000000
Subject 2/Fall/19.mp4#f68-131,Subject 2/Fall/19.mp4,2,gmdcsa24,1,68,131,2.279586,4.391556,8.200000,3.821659,0,0,0,EARLY_FALL_VIDEO,1.000000
Subject 2/Fall/19.mp4#f72-135,Subject 2/Fall/19.mp4,2,gmdcsa24,1,72,135,2.413680,4.525649,8.200000,3.687566,0,0,0,EARLY_FALL_VIDEO,1.000000
Subject 2/Fall/19.mp4#f76-139,Subject 2/Fall/19.mp4,2,gmdcsa24,1,76,139,2.547773,4.659742,8.200000,3.553473,0,0,0,EARLY_FALL_VIDEO,1.000000
Subject 2/Fall/19.mp4#f80-143,Subject 2/Fall/19.mp4,2,gmdcsa24,1,80,143,2.681866,4.793836,8.200000,3.419379,0,0,0,EARLY_FALL_VIDEO,1.000000
Subject 2/Fall/19.mp4#f84-147,Subject 2/Fall/19.mp4,2,gmdcsa24,1,84,147,2.815959,4.927929,8.200000,3.285286,0,0,0,EARLY_FALL_VIDEO,1.000000
Subject 2/Fall/19.mp4#f88-151,Subject 2/Fall/19.mp4,2,gmdcsa24,1,88,151,2.950053,5.062022,8.200000,3.151193,0,0,0,EARLY_FALL_VIDEO,1.000000
Subject 2/Fall/19.mp4#f92-155,Subject 2/Fall/19.mp4,2,gmdcsa24,1,92,155,3.084146,5.196116,8.200000,3.017099,0,0,0,EARLY_FALL_VIDEO,1.000000
Subject 2/Fall/19.mp4#f96-159,Subject 2/Fall/19.mp4,2,gmdcsa24,1,96,159,3.218239,5.330209,8.200000,2.883006,0,0,1,PRE_FALL_2_3S,1.000000
Subject 2/Fall/19.mp4#f100-163,Subject 2/Fall/19.mp4,2,gmdcsa24,1,100,163,3.352333,5.464302,8.200000,2.748913,0,0,1,PRE_FALL_2_3S,1.000000
Subject 2/Fall/19.mp4#f104-167,Subject 2/Fall/19.mp4,2,gmdcsa24,1,104,167,3.486426,5.598396,8.200000,2.614819,0,0,1,PRE_FALL_2_3S,1.000000
Subject 2/Fall/19.mp4#f108-171,Subject 2/Fall/19.mp4,2,gmdcsa24,1,108,171,3.620519,5.732489,8.200000,2.480726,0,0,1,PRE_FALL_2_3S,1.000000
Subject 2/Fall/19.mp4#f112-175,Subject 2/Fall/19.mp4,2,gmdcsa24,1,112,175,3.754613,5.866582,8.200000,2.346633,0,0,1,PRE_FALL_2_3S,1.000000
Subject 2/Fall/19.mp4#f116-179,Subject 2/Fall/19.mp4,2,gmdcsa24,1,116,179,3.888706,6.000675,8.200000,2.212540,0,0,1,PRE_FALL_2_3S,1.000000
Subject 2/Fall/19.mp4#f120-183,Subject 2/Fall/19.mp4,2,gmdcsa24,1,120,183,4.022799,6.134769,8.200000,2.078446,0,0,1,PRE_FALL_2_3S,1.000000
Subject 2/Fall/19.mp4#f124-187,Subject 2/Fall/19.mp4,2,gmdcsa24,1,124,187,4.156893,6.268862,8.200000,1.944353,0,1,1,PRE_FALL_1_2S,1.000000
Subject 2/Fall/19.mp4#f128-191,Subject 2/Fall/19.mp4,2,gmdcsa24,1,128,191,4.290986,6.402955,8.200000,1.810260,0,1,1,PRE_FALL_1_2S,1.000000
Subject 2/Fall/19.mp4#f132-195,Subject 2/Fall/19.mp4,2,gmdcsa24,1,132,195,4.425079,6.537049,8.200000,1.676166,0,1,1,PRE_FALL_1_2S,1.000000
Subject 2/Fall/19.mp4#f136-199,Subject 2/Fall/19.mp4,2,gmdcsa24,1,136,199,4.559172,6.671142,8.200000,1.542073,0,1,1,PRE_FALL_1_2S,1.000000
Subject 2/Fall/19.mp4#f140-203,Subject 2/Fall/19.mp4,2,gmdcsa24,1,140,203,4.693266,6.805235,8.200000,1.407980,0,1,1,PRE_FALL_1_2S,1.000000
Subject 2/Fall/19.mp4#f144-207,Subject 2/Fall/19.mp4,2,gmdcsa24,1,144,207,4.827359,6.939329,8.200000,1.273886,0,1,1,PRE_FALL_1_2S,1.000000
Subject 2/Fall/19.mp4#f148-211,Subject 2/Fall/19.mp4,2,gmdcsa24,1,148,211,4.961452,7.073422,8.200000,1.139793,0,1,1,PRE_FALL_1_2S,1.000000
Subject 2/Fall/19.mp4#f152-215,Subject 2/Fall/19.mp4,2,gmdcsa24,1,152,215,5.095546,7.207515,8.200000,1.005700,0,1,1,PRE_FALL_1_2S,1.000000
Subject 2/Fall/19.mp4#f156-219,Subject 2/Fall/19.mp4,2,gmdcsa24,1,156,219,5.229639,7.341609,8.200000,0.871606,1,1,1,PRE_FALL_0_1S,1.000000
Subject 2/Fall/19.mp4#f160-223,Subject 2/Fall/19.mp4,2,gmdcsa24,1,160,223,5.363732,7.475702,8.200000,0.737513,1,1,1,PRE_FALL_0_1S,1.000000
Subject 2/Fall/19.mp4#f164-227,Subject 2/Fall/19.mp4,2,gmdcsa24,1,164,227,5.497826,7.609795,8.200000,0.603420,1,1,1,PRE_FALL_0_1S,1.000000
Subject 2/Fall/19.mp4#f168-231,Subject 2/Fall/19.mp4,2,gmdcsa24,1,168,231,5.631919,7.743888,8.200000,0.469327,1,1,1,PRE_FALL_0_1S,1.000000
Subject 2/Fall/19.mp4#f172-235,Subject 2/Fall/19.mp4,2,gmdcsa24,1,172,235,5.766012,7.877982,8.200000,0.335233,1,1,1,PRE_FALL_0_1S,1.000000
Subject 2/Fall/19.mp4#f176-239,Subject 2/Fall/19.mp4,2,gmdcsa24,1,176,239,5.900105,8.012075,8.200000,0.201140,1,1,1,PRE_FALL_0_1S,1.000000
Subject 2/Fall/19.mp4#f180-243,Subject 2/Fall/19.mp4,2,gmdcsa24,1,180,243,6.034199,8.146168,8.200000,0.067047,1,1,1,PRE_FALL_0_1S,1.000000
Subject 2/Fall/20.mp4#f0-63,Subject 2/Fall/20.mp4,2,gmdcsa24,1,0,63,0.000000,2.110617,7.900000,5.795820,0,0,0,EARLY_FALL_VIDEO,1.000000
Subject 2/Fall/20.mp4#f4-67,Subject 2/Fall/20.mp4,2,gmdcsa24,1,4,67,0.134007,2.244624,7.900000,5.661813,0,0,0,EARLY_FALL_VIDEO,1.000000
Subject 2/Fall/20.mp4#f8-71,Subject 2/Fall/20.mp4,2,gmdcsa24,1,8,71,0.268015,2.378631,7.900000,5.527806,0,0,0,EARLY_FALL_VIDEO,1.000000
Subject 2/Fall/20.mp4#f12-75,Subject 2/Fall/20.mp4,2,gmdcsa24,1,12,75,0.402022,2.512639,7.900000,5.393798,0,0,0,EARLY_FALL_VIDEO,1.000000
Subject 2/Fall/20.mp4#f16-79,Subject 2/Fall/20.mp4,2,gmdcsa24,1,16,79,0.536030,2.646646,7.900000,5.259791,0,0,0,EARLY_FALL_VIDEO,1.000000
Subject 2/Fall/20.mp4#f20-83,Subject 2/Fall/20.mp4,2,gmdcsa24,1,20,83,0.670037,2.780654,7.900000,5.125783,0,0,0,EARLY_FALL_VIDEO,1.000000
Subject 2/Fall/20.mp4#f24-87,Subject 2/Fall/20.mp4,2,gmdcsa24,1,24,87,0.804044,2.914661,7.900000,4.991776,0,0,0,EARLY_FALL_VIDEO,1.000000
Subject 2/Fall/20.mp4#f28-91,Subject 2/Fall/20.mp4,2,gmdcsa24,1,28,91,0.938052,3.048669,7.900000,4.857769,0,0,0,EARLY_FALL_VIDEO,1.000000
Subject 2/Fall/20.mp4#f32-95,Subject 2/Fall/20.mp4,2,gmdcsa24,1,32,95,1.072059,3.182676,7.900000,4.723761,0,0,0,EARLY_FALL_VIDEO,1.000000
Subject 2/Fall/20.mp4#f36-99,Subject 2/Fall/20.mp4,2,gmdcsa24,1,36,99,1.206067,3.316683,7.900000,4.589754,0,0,0,EARLY_FALL_VIDEO,1.000000
Subject 2/Fall/20.mp4#f40-103,Subject 2/Fall/20.mp4,2,gmdcsa24,1,40,103,1.340074,3.450691,7.900000,4.455746,0,0,0,EARLY_FALL_VIDEO,1.000000
Subject 2/Fall/20.mp4#f44-107,Subject 2/Fall/20.mp4,2,gmdcsa24,1,44,107,1.474081,3.584698,7.900000,4.321739,0,0,0,EARLY_FALL_VIDEO,1.000000
Subject 2/Fall/20.mp4#f48-111,Subject 2/Fall/20.mp4,2,gmdcsa24,1,48,111,1.608089,3.718706,7.900000,4.187731,0,0,0,EARLY_FALL_VIDEO,1.000000
Subject 2/Fall/20.mp4#f52-115,Subject 2/Fall/20.mp4,2,gmdcsa24,1,52,115,1.742096,3.852713,7.900000,4.053724,0,0,0,EARLY_FALL_VIDEO,1.000000
Subject 2/Fall/20.mp4#f56-119,Subject 2/Fall/20.mp4,2,gmdcsa24,1,56,119,1.876104,3.986720,7.900000,3.919717,0,0,0,EARLY_FALL_VIDEO,1.000000
Subject 2/Fall/20.mp4#f60-123,Subject 2/Fall/20.mp4,2,gmdcsa24,1,60,123,2.010111,4.120728,7.900000,3.785709,0,0,0,EARLY_FALL_VIDEO,1.000000
Subject 2/Fall/20.mp4#f64-127,Subject 2/Fall/20.mp4,2,gmdcsa24,1,64,127,2.144119,4.254735,7.900000,3.651702,0,0,0,EARLY_FALL_VIDEO,1.000000
Subject 2/Fall/20.mp4#f68-131,Subject 2/Fall/20.mp4,2,gmdcsa24,1,68,131,2.278126,4.388743,7.900000,3.517694,0,0,0,EARLY_FALL_VIDEO,1.000000
Subject 2/Fall/20.mp4#f72-135,Subject 2/Fall/20.mp4,2,gmdcsa24,1,72,135,2.412133,4.522750,7.900000,3.383687,0,0,0,EARLY_FALL_VIDEO,1.000000
Subject 2/Fall/20.mp4#f76-139,Subject 2/Fall/20.mp4,2,gmdcsa24,1,76,139,2.546141,4.656757,7.900000,3.249680,0,0,0,EARLY_FALL_VIDEO,1.000000
Subject 2/Fall/20.mp4#f80-143,Subject 2/Fall/20.mp4,2,gmdcsa24,1,80,143,2.680148,4.790765,7.900000,3.115672,0,0,0,EARLY_FALL_VIDEO,1.000000
Subject 2/Fall/20.mp4#f84-147,Subject 2/Fall/20.mp4,2,gmdcsa24,1,84,147,2.814156,4.924772,7.900000,2.981665,0,0,1,PRE_FALL_2_3S,1.000000
Subject 2/Fall/20.mp4#f88-151,Subject 2/Fall/20.mp4,2,gmdcsa24,1,88,151,2.948163,5.058780,7.900000,2.847657,0,0,1,PRE_FALL_2_3S,1.000000
Subject 2/Fall/20.mp4#f92-155,Subject 2/Fall/20.mp4,2,gmdcsa24,1,92,155,3.082170,5.192787,7.900000,2.713650,0,0,1,PRE_FALL_2_3S,1.000000
Subject 2/Fall/20.mp4#f96-159,Subject 2/Fall/20.mp4,2,gmdcsa24,1,96,159,3.216178,5.326794,7.900000,2.579643,0,0,1,PRE_FALL_2_3S,1.000000
Subject 2/Fall/20.mp4#f100-163,Subject 2/Fall/20.mp4,2,gmdcsa24,1,100,163,3.350185,5.460802,7.900000,2.445635,0,0,1,PRE_FALL_2_3S,1.000000
Subject 2/Fall/20.mp4#f104-167,Subject 2/Fall/20.mp4,2,gmdcsa24,1,104,167,3.484193,5.594809,7.900000,2.311628,0,0,1,PRE_FALL_2_3S,1.000000
Subject 2/Fall/20.mp4#f108-171,Subject 2/Fall/20.mp4,2,gmdcsa24,1,108,171,3.618200,5.728817,7.900000,2.177620,0,0,1,PRE_FALL_2_3S,1.000000
Subject 2/Fall/20.mp4#f112-175,Subject 2/Fall/20.mp4,2,gmdcsa24,1,112,175,3.752207,5.862824,7.900000,2.043613,0,0,1,PRE_FALL_2_3S,1.000000
Subject 2/Fall/20.mp4#f116-179,Subject 2/Fall/20.mp4,2,gmdcsa24,1,116,179,3.886215,5.996831,7.900000,1.909606,0,1,1,PRE_FALL_1_2S,1.000000
Subject 2/Fall/20.mp4#f120-183,Subject 2/Fall/20.mp4,2,gmdcsa24,1,120,183,4.020222,6.130839,7.900000,1.775598,0,1,1,PRE_FALL_1_2S,1.000000
Subject 2/Fall/20.mp4#f124-187,Subject 2/Fall/20.mp4,2,gmdcsa24,1,124,187,4.154230,6.264846,7.900000,1.641591,0,1,1,PRE_FALL_1_2S,1.000000
Subject 2/Fall/20.mp4#f128-191,Subject 2/Fall/20.mp4,2,gmdcsa24,1,128,191,4.288237,6.398854,7.900000,1.507583,0,1,1,PRE_FALL_1_2S,1.000000
Subject 2/Fall/20.mp4#f132-195,Subject 2/Fall/20.mp4,2,gmdcsa24,1,132,195,4.422244,6.532861,7.900000,1.373576,0,1,1,PRE_FALL_1_2S,1.000000
Subject 2/Fall/20.mp4#f136-199,Subject 2/Fall/20.mp4,2,gmdcsa24,1,136,199,4.556252,6.666869,7.900000,1.239569,0,1,1,PRE_FALL_1_2S,1.000000
Subject 2/Fall/20.mp4#f140-203,Subject 2/Fall/20.mp4,2,gmdcsa24,1,140,203,4.690259,6.800876,7.900000,1.105561,0,1,1,PRE_FALL_1_2S,1.000000
Subject 2/Fall/20.mp4#f144-207,Subject 2/Fall/20.mp4,2,gmdcsa24,1,144,207,4.824267,6.934883,7.900000,0.971554,1,1,1,PRE_FALL_0_1S,1.000000
Subject 2/Fall/20.mp4#f148-211,Subject 2/Fall/20.mp4,2,gmdcsa24,1,148,211,4.958274,7.068891,7.900000,0.837546,1,1,1,PRE_FALL_0_1S,1.000000
Subject 2/Fall/20.mp4#f152-215,Subject 2/Fall/20.mp4,2,gmdcsa24,1,152,215,5.092281,7.202898,7.900000,0.703539,1,1,1,PRE_FALL_0_1S,1.000000
Subject 2/Fall/20.mp4#f156-219,Subject 2/Fall/20.mp4,2,gmdcsa24,1,156,219,5.226289,7.336906,7.900000,0.569531,1,1,1,PRE_FALL_0_1S,1.000000
Subject 2/Fall/20.mp4#f160-223,Subject 2/Fall/20.mp4,2,gmdcsa24,1,160,223,5.360296,7.470913,7.900000,0.435524,1,1,1,PRE_FALL_0_1S,1.000000
Subject 2/Fall/20.mp4#f164-227,Subject 2/Fall/20.mp4,2,gmdcsa24,1,164,227,5.494304,7.604920,7.900000,0.301517,1,1,1,PRE_FALL_0_1S,1.000000
Subject 2/Fall/20.mp4#f168-231,Subject 2/Fall/20.mp4,2,gmdcsa24,1,168,231,5.628311,7.738928,7.900000,0.167509,1,1,1,PRE_FALL_0_1S,1.000000
Subject 2/Fall/20.mp4#f172-235,Subject 2/Fall/20.mp4,2,gmdcsa24,1,172,235,5.762319,7.872935,7.900000,0.033502,1,1,1,PRE_FALL_0_1S,1.000000
Subject 2/Fall/21.mp4#f0-63,Subject 2/Fall/21.mp4,2,gmdcsa24,1,0,63,0.000000,2.112548,6.200000,4.090966,0,0,0,EARLY_FALL_VIDEO,1.000000
Subject 2/Fall/21.mp4#f4-67,Subject 2/Fall/21.mp4,2,gmdcsa24,1,4,67,0.134130,2.246678,6.200000,3.956836,0,0,0,EARLY_FALL_VIDEO,1.000000
Subject 2/Fall/21.mp4#f8-71,Subject 2/Fall/21.mp4,2,gmdcsa24,1,8,71,0.268260,2.380808,6.200000,3.822706,0,0,0,EARLY_FALL_VIDEO,1.000000
Subject 2/Fall/21.mp4#f12-75,Subject 2/Fall/21.mp4,2,gmdcsa24,1,12,75,0.402390,2.514938,6.200000,3.688576,0,0,0,EARLY_FALL_VIDEO,1.000000
Subject 2/Fall/21.mp4#f16-79,Subject 2/Fall/21.mp4,2,gmdcsa24,1,16,79,0.536520,2.649068,6.200000,3.554446,0,0,0,EARLY_FALL_VIDEO,1.000000
Subject 2/Fall/21.mp4#f20-83,Subject 2/Fall/21.mp4,2,gmdcsa24,1,20,83,0.670650,2.783198,6.200000,3.420316,0,0,0,EARLY_FALL_VIDEO,1.000000
Subject 2/Fall/21.mp4#f24-87,Subject 2/Fall/21.mp4,2,gmdcsa24,1,24,87,0.804780,2.917328,6.200000,3.286186,0,0,0,EARLY_FALL_VIDEO,1.000000
Subject 2/Fall/21.mp4#f28-91,Subject 2/Fall/21.mp4,2,gmdcsa24,1,28,91,0.938910,3.051458,6.200000,3.152056,0,0,0,EARLY_FALL_VIDEO,1.000000
Subject 2/Fall/21.mp4#f32-95,Subject 2/Fall/21.mp4,2,gmdcsa24,1,32,95,1.073040,3.185588,6.200000,3.017926,0,0,0,EARLY_FALL_VIDEO,1.000000
Subject 2/Fall/21.mp4#f36-99,Subject 2/Fall/21.mp4,2,gmdcsa24,1,36,99,1.207170,3.319718,6.200000,2.883796,0,0,1,PRE_FALL_2_3S,1.000000
Subject 2/Fall/21.mp4#f40-103,Subject 2/Fall/21.mp4,2,gmdcsa24,1,40,103,1.341300,3.453849,6.200000,2.749666,0,0,1,PRE_FALL_2_3S,1.000000
Subject 2/Fall/21.mp4#f44-107,Subject 2/Fall/21.mp4,2,gmdcsa24,1,44,107,1.475430,3.587979,6.200000,2.615536,0,0,1,PRE_FALL_2_3S,1.000000
Subject 2/Fall/21.mp4#f48-111,Subject 2/Fall/21.mp4,2,gmdcsa24,1,48,111,1.609560,3.722109,6.200000,2.481406,0,0,1,PRE_FALL_2_3S,1.000000
Subject 2/Fall/21.mp4#f52-115,Subject 2/Fall/21.mp4,2,gmdcsa24,1,52,115,1.743691,3.856239,6.200000,2.347276,0,0,1,PRE_FALL_2_3S,1.000000
Subject 2/Fall/21.mp4#f56-119,Subject 2/Fall/21.mp4,2,gmdcsa24,1,56,119,1.877821,3.990369,6.200000,2.213146,0,0,1,PRE_FALL_2_3S,1.000000
Subject 2/Fall/21.mp4#f60-123,Subject 2/Fall/21.mp4,2,gmdcsa24,1,60,123,2.011951,4.124499,6.200000,2.079016,0,0,1,PRE_FALL_2_3S,1.000000
Subject 2/Fall/21.mp4#f64-127,Subject 2/Fall/21.mp4,2,gmdcsa24,1,64,127,2.146081,4.258629,6.200000,1.944886,0,1,1,PRE_FALL_1_2S,1.000000
Subject 2/Fall/21.mp4#f68-131,Subject 2/Fall/21.mp4,2,gmdcsa24,1,68,131,2.280211,4.392759,6.200000,1.810756,0,1,1,PRE_FALL_1_2S,1.000000
Subject 2/Fall/21.mp4#f72-135,Subject 2/Fall/21.mp4,2,gmdcsa24,1,72,135,2.414341,4.526889,6.200000,1.676625,0,1,1,PRE_FALL_1_2S,1.000000
Subject 2/Fall/21.mp4#f76-139,Subject 2/Fall/21.mp4,2,gmdcsa24,1,76,139,2.548471,4.661019,6.200000,1.542495,0,1,1,PRE_FALL_1_2S,1.000000
Subject 2/Fall/21.mp4#f80-143,Subject 2/Fall/21.mp4,2,gmdcsa24,1,80,143,2.682601,4.795149,6.200000,1.408365,0,1,1,PRE_FALL_1_2S,1.000000
Subject 2/Fall/21.mp4#f84-147,Subject 2/Fall/21.mp4,2,gmdcsa24,1,84,147,2.816731,4.929279,6.200000,1.274235,0,1,1,PRE_FALL_1_2S,1.000000
Subject 2/Fall/21.mp4#f88-151,Subject 2/Fall/21.mp4,2,gmdcsa24,1,88,151,2.950861,5.063409,6.200000,1.140105,0,1,1,PRE_FALL_1_2S,1.000000
Subject 2/Fall/21.mp4#f92-155,Subject 2/Fall/21.mp4,2,gmdcsa24,1,92,155,3.084991,5.197539,6.200000,1.005975,0,1,1,PRE_FALL_1_2S,1.000000
Subject 2/Fall/21.mp4#f96-159,Subject 2/Fall/21.mp4,2,gmdcsa24,1,96,159,3.219121,5.331669,6.200000,0.871845,1,1,1,PRE_FALL_0_1S,1.000000
Subject 2/Fall/21.mp4#f100-163,Subject 2/Fall/21.mp4,2,gmdcsa24,1,100,163,3.353251,5.465799,6.200000,0.737715,1,1,1,PRE_FALL_0_1S,1.000000
Subject 2/Fall/21.mp4#f104-167,Subject 2/Fall/21.mp4,2,gmdcsa24,1,104,167,3.487381,5.599929,6.200000,0.603585,1,1,1,PRE_FALL_0_1S,1.000000
Subject 2/Fall/21.mp4#f108-171,Subject 2/Fall/21.mp4,2,gmdcsa24,1,108,171,3.621511,5.734059,6.200000,0.469455,1,1,1,PRE_FALL_0_1S,1.000000
Subject 2/Fall/21.mp4#f112-175,Subject 2/Fall/21.mp4,2,gmdcsa24,1,112,175,3.755641,5.868189,6.200000,0.335325,1,1,1,PRE_FALL_0_1S,1.000000
Subject 2/Fall/21.mp4#f116-179,Subject 2/Fall/21.mp4,2,gmdcsa24,1,116,179,3.889771,6.002319,6.200000,0.201195,1,1,1,PRE_FALL_0_1S,1.000000
Subject 2/Fall/21.mp4#f120-183,Subject 2/Fall/21.mp4,2,gmdcsa24,1,120,183,4.023901,6.136449,6.200000,0.067065,1,1,1,PRE_FALL_0_1S,1.000000
Subject 2/Fall/23.mp4#f0-63,Subject 2/Fall/23.mp4,2,gmdcsa24,1,0,63,0.000000,2.110593,3.600000,1.474065,0,1,1,PRE_FALL_1_2S,1.000000
Subject 2/Fall/23.mp4#f4-67,Subject 2/Fall/23.mp4,2,gmdcsa24,1,4,67,0.134006,2.244599,3.600000,1.340059,0,1,1,PRE_FALL_1_2S,1.000000
Subject 2/Fall/23.mp4#f8-71,Subject 2/Fall/23.mp4,2,gmdcsa24,1,8,71,0.268012,2.378605,3.600000,1.206053,0,1,1,PRE_FALL_1_2S,1.000000
Subject 2/Fall/23.mp4#f12-75,Subject 2/Fall/23.mp4,2,gmdcsa24,1,12,75,0.402018,2.512611,3.600000,1.072047,0,1,1,PRE_FALL_1_2S,1.000000
Subject 2/Fall/23.mp4#f16-79,Subject 2/Fall/23.mp4,2,gmdcsa24,1,16,79,0.536024,2.646617,3.600000,0.938041,1,1,1,PRE_FALL_0_1S,1.000000
Subject 2/Fall/23.mp4#f20-83,Subject 2/Fall/23.mp4,2,gmdcsa24,1,20,83,0.670030,2.780623,3.600000,0.804036,1,1,1,PRE_FALL_0_1S,1.000000
Subject 2/Fall/23.mp4#f24-87,Subject 2/Fall/23.mp4,2,gmdcsa24,1,24,87,0.804036,2.914629,3.600000,0.670030,1,1,1,PRE_FALL_0_1S,1.000000
Subject 2/Fall/23.mp4#f28-91,Subject 2/Fall/23.mp4,2,gmdcsa24,1,28,91,0.938041,3.048635,3.600000,0.536024,1,1,1,PRE_FALL_0_1S,1.000000
Subject 2/Fall/23.mp4#f32-95,Subject 2/Fall/23.mp4,2,gmdcsa24,1,32,95,1.072047,3.182641,3.600000,0.402018,1,1,1,PRE_FALL_0_1S,1.000000
Subject 2/Fall/23.mp4#f36-99,Subject 2/Fall/23.mp4,2,gmdcsa24,1,36,99,1.206053,3.316647,3.600000,0.268012,1,1,1,PRE_FALL_0_1S,1.000000
Subject 2/Fall/23.mp4#f40-103,Subject 2/Fall/23.mp4,2,gmdcsa24,1,40,103,1.340059,3.450653,3.600000,0.134006,1,1,1,PRE_FALL_0_1S,1.000000
Subject 2/Fall/24.mp4#f0-63,Subject 2/Fall/24.mp4,2,gmdcsa24,1,0,63,0.000000,2.111032,3.300000,1.172796,0,1,1,PRE_FALL_1_2S,1.000000
Subject 2/Fall/24.mp4#f4-67,Subject 2/Fall/24.mp4,2,gmdcsa24,1,4,67,0.134034,2.245066,3.300000,1.038762,0,1,1,PRE_FALL_1_2S,1.000000
Subject 2/Fall/24.mp4#f8-71,Subject 2/Fall/24.mp4,2,gmdcsa24,1,8,71,0.268068,2.379100,3.300000,0.904728,1,1,1,PRE_FALL_0_1S,1.000000
Subject 2/Fall/24.mp4#f12-75,Subject 2/Fall/24.mp4,2,gmdcsa24,1,12,75,0.402101,2.513134,3.300000,0.770694,1,1,1,PRE_FALL_0_1S,1.000000
Subject 2/Fall/24.mp4#f16-79,Subject 2/Fall/24.mp4,2,gmdcsa24,1,16,79,0.536135,2.647168,3.300000,0.636661,1,1,1,PRE_FALL_0_1S,1.000000
Subject 2/Fall/24.mp4#f20-83,Subject 2/Fall/24.mp4,2,gmdcsa24,1,20,83,0.670169,2.781201,3.300000,0.502627,1,1,1,PRE_FALL_0_1S,1.000000
Subject 2/Fall/24.mp4#f24-87,Subject 2/Fall/24.mp4,2,gmdcsa24,1,24,87,0.804203,2.915235,3.300000,0.368593,1,1,1,PRE_FALL_0_1S,1.000000
Subject 2/Fall/24.mp4#f28-91,Subject 2/Fall/24.mp4,2,gmdcsa24,1,28,91,0.938237,3.049269,3.300000,0.234559,1,1,1,PRE_FALL_0_1S,1.000000
Subject 2/Fall/24.mp4#f32-95,Subject 2/Fall/24.mp4,2,gmdcsa24,1,32,95,1.072270,3.183303,3.300000,0.100525,1,1,1,PRE_FALL_0_1S,1.000000
Subject 2/Fall/25.mp4#f0-63,Subject 2/Fall/25.mp4,2,gmdcsa24,1,0,63,0.000000,2.109026,3.000000,0.903868,1,1,1,PRE_FALL_0_1S,1.000000
Subject 2/Fall/25.mp4#f4-67,Subject 2/Fall/25.mp4,2,gmdcsa24,1,4,67,0.133906,2.242933,3.000000,0.769962,1,1,1,PRE_FALL_0_1S,1.000000
Subject 2/Fall/25.mp4#f8-71,Subject 2/Fall/25.mp4,2,gmdcsa24,1,8,71,0.267813,2.376839,3.000000,0.636056,1,1,1,PRE_FALL_0_1S,1.000000
Subject 2/Fall/25.mp4#f12-75,Subject 2/Fall/25.mp4,2,gmdcsa24,1,12,75,0.401719,2.510745,3.000000,0.502149,1,1,1,PRE_FALL_0_1S,1.000000
Subject 2/Fall/25.mp4#f16-79,Subject 2/Fall/25.mp4,2,gmdcsa24,1,16,79,0.535626,2.644652,3.000000,0.368243,1,1,1,PRE_FALL_0_1S,1.000000
Subject 2/Fall/25.mp4#f20-83,Subject 2/Fall/25.mp4,2,gmdcsa24,1,20,83,0.669532,2.778558,3.000000,0.234336,1,1,1,PRE_FALL_0_1S,1.000000
Subject 2/Fall/25.mp4#f24-87,Subject 2/Fall/25.mp4,2,gmdcsa24,1,24,87,0.803439,2.912465,3.000000,0.100430,1,1,1,PRE_FALL_0_1S,1.000000
Subject 3/ADL/01.mp4#f0-63,Subject 3/ADL/01.mp4,3,gmdcsa24,0,0,63,0.000000,2.112914,,,0,0,0,ADL,1.000000
Subject 3/ADL/01.mp4#f4-67,Subject 3/ADL/01.mp4,3,gmdcsa24,0,4,67,0.134153,2.247067,,,0,0,0,ADL,1.000000
Subject 3/ADL/01.mp4#f8-71,Subject 3/ADL/01.mp4,3,gmdcsa24,0,8,71,0.268307,2.381220,,,0,0,0,ADL,1.000000
Subject 3/ADL/01.mp4#f12-75,Subject 3/ADL/01.mp4,3,gmdcsa24,0,12,75,0.402460,2.515374,,,0,0,0,ADL,1.000000
Subject 3/ADL/01.mp4#f16-79,Subject 3/ADL/01.mp4,3,gmdcsa24,0,16,79,0.536613,2.649527,,,0,0,0,ADL,1.000000
Subject 3/ADL/01.mp4#f20-83,Subject 3/ADL/01.mp4,3,gmdcsa24,0,20,83,0.670766,2.783680,,,0,0,0,ADL,1.000000
Subject 3/ADL/01.mp4#f24-87,Subject 3/ADL/01.mp4,3,gmdcsa24,0,24,87,0.804920,2.917833,,,0,0,0,ADL,1.000000
Subject 3/ADL/01.mp4#f28-91,Subject 3/ADL/01.mp4,3,gmdcsa24,0,28,91,0.939073,3.051987,,,0,0,0,ADL,1.000000
Subject 3/ADL/01.mp4#f32-95,Subject 3/ADL/01.mp4,3,gmdcsa24,0,32,95,1.073226,3.186140,,,0,0,0,ADL,1.000000
Subject 3/ADL/01.mp4#f36-99,Subject 3/ADL/01.mp4,3,gmdcsa24,0,36,99,1.207379,3.320293,,,0,0,0,ADL,1.000000
Subject 3/ADL/01.mp4#f40-103,Subject 3/ADL/01.mp4,3,gmdcsa24,0,40,103,1.341533,3.454446,,,0,0,0,ADL,1.000000
Subject 3/ADL/01.mp4#f44-107,Subject 3/ADL/01.mp4,3,gmdcsa24,0,44,107,1.475686,3.588600,,,0,0,0,ADL,1.000000
Subject 3/ADL/01.mp4#f48-111,Subject 3/ADL/01.mp4,3,gmdcsa24,0,48,111,1.609839,3.722753,,,0,0,0,ADL,1.000000
Subject 3/ADL/01.mp4#f52-115,Subject 3/ADL/01.mp4,3,gmdcsa24,0,52,115,1.743992,3.856906,,,0,0,0,ADL,1.000000
Subject 3/ADL/01.mp4#f56-119,Subject 3/ADL/01.mp4,3,gmdcsa24,0,56,119,1.878146,3.991059,,,0,0,0,ADL,1.000000
Subject 3/ADL/01.mp4#f60-123,Subject 3/ADL/01.mp4,3,gmdcsa24,0,60,123,2.012299,4.125213,,,0,0,0,ADL,1.000000
Subject 3/ADL/01.mp4#f64-127,Subject 3/ADL/01.mp4,3,gmdcsa24,0,64,127,2.146452,4.259366,,,0,0,0,ADL,1.000000
Subject 3/ADL/01.mp4#f68-131,Subject 3/ADL/01.mp4,3,gmdcsa24,0,68,131,2.280605,4.393519,,,0,0,0,ADL,1.000000
Subject 3/ADL/01.mp4#f72-135,Subject 3/ADL/01.mp4,3,gmdcsa24,0,72,135,2.414759,4.527672,,,0,0,0,ADL,1.000000
Subject 3/ADL/01.mp4#f76-139,Subject 3/ADL/01.mp4,3,gmdcsa24,0,76,139,2.548912,4.661826,,,0,0,0,ADL,1.000000
Subject 3/ADL/01.mp4#f80-143,Subject 3/ADL/01.mp4,3,gmdcsa24,0,80,143,2.683065,4.795979,,,0,0,0,ADL,1.000000
Subject 3/ADL/01.mp4#f84-147,Subject 3/ADL/01.mp4,3,gmdcsa24,0,84,147,2.817218,4.930132,,,0,0,0,ADL,1.000000
Subject 3/ADL/01.mp4#f88-151,Subject 3/ADL/01.mp4,3,gmdcsa24,0,88,151,2.951372,5.064285,,,0,0,0,ADL,1.000000
Subject 3/ADL/01.mp4#f92-155,Subject 3/ADL/01.mp4,3,gmdcsa24,0,92,155,3.085525,5.198439,,,0,0,0,ADL,1.000000
Subject 3/ADL/01.mp4#f96-159,Subject 3/ADL/01.mp4,3,gmdcsa24,0,96,159,3.219678,5.332592,,,0,0,0,ADL,1.000000
Subject 3/ADL/01.mp4#f100-163,Subject 3/ADL/01.mp4,3,gmdcsa24,0,100,163,3.353831,5.466745,,,0,0,0,ADL,1.000000
Subject 3/ADL/01.mp4#f104-167,Subject 3/ADL/01.mp4,3,gmdcsa24,0,104,167,3.487985,5.600898,,,0,0,0,ADL,1.000000
Subject 3/ADL/01.mp4#f108-171,Subject 3/ADL/01.mp4,3,gmdcsa24,0,108,171,3.622138,5.735052,,,0,0,0,ADL,1.000000
Subject 3/ADL/01.mp4#f112-175,Subject 3/ADL/01.mp4,3,gmdcsa24,0,112,175,3.756291,5.869205,,,0,0,0,ADL,1.000000
Subject 3/ADL/01.mp4#f116-179,Subject 3/ADL/01.mp4,3,gmdcsa24,0,116,179,3.890444,6.003358,,,0,0,0,ADL,1.000000
Subject 3/ADL/01.mp4#f120-183,Subject 3/ADL/01.mp4,3,gmdcsa24,0,120,183,4.024598,6.137512,,,0,0,0,ADL,1.000000
Subject 3/ADL/01.mp4#f124-187,Subject 3/ADL/01.mp4,3,gmdcsa24,0,124,187,4.158751,6.271665,,,0,0,0,ADL,1.000000
Subject 3/ADL/01.mp4#f128-191,Subject 3/ADL/01.mp4,3,gmdcsa24,0,128,191,4.292904,6.405818,,,0,0,0,ADL,1.000000
Subject 3/ADL/01.mp4#f132-195,Subject 3/ADL/01.mp4,3,gmdcsa24,0,132,195,4.427057,6.539971,,,0,0,0,ADL,1.000000
Subject 3/ADL/01.mp4#f136-199,Subject 3/ADL/01.mp4,3,gmdcsa24,0,136,199,4.561211,6.674125,,,0,0,0,ADL,1.000000
Subject 3/ADL/01.mp4#f140-203,Subject 3/ADL/01.mp4,3,gmdcsa24,0,140,203,4.695364,6.808278,,,0,0,0,ADL,1.000000
Subject 3/ADL/01.mp4#f144-207,Subject 3/ADL/01.mp4,3,gmdcsa24,0,144,207,4.829517,6.942431,,,0,0,0,ADL,1.000000
Subject 3/ADL/01.mp4#f148-211,Subject 3/ADL/01.mp4,3,gmdcsa24,0,148,211,4.963671,7.076584,,,0,0,0,ADL,1.000000
Subject 3/ADL/01.mp4#f152-215,Subject 3/ADL/01.mp4,3,gmdcsa24,0,152,215,5.097824,7.210738,,,0,0,0,ADL,1.000000
Subject 3/ADL/01.mp4#f156-219,Subject 3/ADL/01.mp4,3,gmdcsa24,0,156,219,5.231977,7.344891,,,0,0,0,ADL,1.000000
Subject 3/ADL/01.mp4#f160-223,Subject 3/ADL/01.mp4,3,gmdcsa24,0,160,223,5.366130,7.479044,,,0,0,0,ADL,1.000000
Subject 3/ADL/01.mp4#f164-227,Subject 3/ADL/01.mp4,3,gmdcsa24,0,164,227,5.500284,7.613197,,,0,0,0,ADL,1.000000
Subject 3/ADL/01.mp4#f168-231,Subject 3/ADL/01.mp4,3,gmdcsa24,0,168,231,5.634437,7.747351,,,0,0,0,ADL,1.000000
Subject 3/ADL/01.mp4#f172-235,Subject 3/ADL/01.mp4,3,gmdcsa24,0,172,235,5.768590,7.881504,,,0,0,0,ADL,1.000000
Subject 3/ADL/01.mp4#f176-239,Subject 3/ADL/01.mp4,3,gmdcsa24,0,176,239,5.902743,8.015657,,,0,0,0,ADL,1.000000
Subject 3/ADL/01.mp4#f180-243,Subject 3/ADL/01.mp4,3,gmdcsa24,0,180,243,6.036897,8.149810,,,0,0,0,ADL,1.000000
Subject 3/ADL/01.mp4#f184-247,Subject 3/ADL/01.mp4,3,gmdcsa24,0,184,247,6.171050,8.283964,,,0,0,0,ADL,1.000000
Subject 3/ADL/01.mp4#f188-251,Subject 3/ADL/01.mp4,3,gmdcsa24,0,188,251,6.305203,8.418117,,,0,0,0,ADL,1.000000
Subject 3/ADL/01.mp4#f192-255,Subject 3/ADL/01.mp4,3,gmdcsa24,0,192,255,6.439356,8.552270,,,0,0,0,ADL,1.000000
Subject 3/ADL/01.mp4#f196-259,Subject 3/ADL/01.mp4,3,gmdcsa24,0,196,259,6.573510,8.686423,,,0,0,0,ADL,1.000000
Subject 3/ADL/02.mp4#f0-63,Subject 3/ADL/02.mp4,3,gmdcsa24,0,0,63,0.000000,2.108662,,,0,0,0,ADL,1.000000
Subject 3/ADL/02.mp4#f4-67,Subject 3/ADL/02.mp4,3,gmdcsa24,0,4,67,0.133883,2.242545,,,0,0,0,ADL,1.000000
Subject 3/ADL/02.mp4#f8-71,Subject 3/ADL/02.mp4,3,gmdcsa24,0,8,71,0.267767,2.376428,,,0,0,0,ADL,1.000000
Subject 3/ADL/02.mp4#f12-75,Subject 3/ADL/02.mp4,3,gmdcsa24,0,12,75,0.401650,2.510311,,,0,0,0,ADL,1.000000
Subject 3/ADL/02.mp4#f16-79,Subject 3/ADL/02.mp4,3,gmdcsa24,0,16,79,0.535533,2.644195,,,0,0,0,ADL,1.000000
Subject 3/ADL/02.mp4#f20-83,Subject 3/ADL/02.mp4,3,gmdcsa24,0,20,83,0.669416,2.778078,,,0,0,0,ADL,1.000000
Subject 3/ADL/02.mp4#f24-87,Subject 3/ADL/02.mp4,3,gmdcsa24,0,24,87,0.803300,2.911961,,,0,0,0,ADL,1.000000
Subject 3/ADL/02.mp4#f28-91,Subject 3/ADL/02.mp4,3,gmdcsa24,0,28,91,0.937183,3.045844,,,0,0,0,ADL,1.000000
Subject 3/ADL/02.mp4#f32-95,Subject 3/ADL/02.mp4,3,gmdcsa24,0,32,95,1.071066,3.179728,,,0,0,0,ADL,1.000000
Subject 3/ADL/02.mp4#f36-99,Subject 3/ADL/02.mp4,3,gmdcsa24,0,36,99,1.204949,3.313611,,,0,0,0,ADL,1.000000
Subject 3/ADL/02.mp4#f40-103,Subject 3/ADL/02.mp4,3,gmdcsa24,0,40,103,1.338833,3.447494,,,0,0,0,ADL,1.000000
Subject 3/ADL/02.mp4#f44-107,Subject 3/ADL/02.mp4,3,gmdcsa24,0,44,107,1.472716,3.581378,,,0,0,0,ADL,1.000000
Subject 3/ADL/02.mp4#f48-111,Subject 3/ADL/02.mp4,3,gmdcsa24,0,48,111,1.606599,3.715261,,,0,0,0,ADL,1.000000
Subject 3/ADL/02.mp4#f52-115,Subject 3/ADL/02.mp4,3,gmdcsa24,0,52,115,1.740483,3.849144,,,0,0,0,ADL,1.000000
Subject 3/ADL/02.mp4#f56-119,Subject 3/ADL/02.mp4,3,gmdcsa24,0,56,119,1.874366,3.983027,,,0,0,0,ADL,1.000000
Subject 3/ADL/02.mp4#f60-123,Subject 3/ADL/02.mp4,3,gmdcsa24,0,60,123,2.008249,4.116911,,,0,0,0,ADL,1.000000
Subject 3/ADL/02.mp4#f64-127,Subject 3/ADL/02.mp4,3,gmdcsa24,0,64,127,2.142132,4.250794,,,0,0,0,ADL,1.000000
Subject 3/ADL/02.mp4#f68-131,Subject 3/ADL/02.mp4,3,gmdcsa24,0,68,131,2.276016,4.384677,,,0,0,0,ADL,1.000000
Subject 3/ADL/02.mp4#f72-135,Subject 3/ADL/02.mp4,3,gmdcsa24,0,72,135,2.409899,4.518560,,,0,0,0,ADL,1.000000
Subject 3/ADL/02.mp4#f76-139,Subject 3/ADL/02.mp4,3,gmdcsa24,0,76,139,2.543782,4.652444,,,0,0,0,ADL,1.000000
Subject 3/ADL/02.mp4#f80-143,Subject 3/ADL/02.mp4,3,gmdcsa24,0,80,143,2.677665,4.786327,,,0,0,0,ADL,1.000000
Subject 3/ADL/02.mp4#f84-147,Subject 3/ADL/02.mp4,3,gmdcsa24,0,84,147,2.811549,4.920210,,,0,0,0,ADL,1.000000
Subject 3/ADL/02.mp4#f88-151,Subject 3/ADL/02.mp4,3,gmdcsa24,0,88,151,2.945432,5.054094,,,0,0,0,ADL,1.000000
Subject 3/ADL/02.mp4#f92-155,Subject 3/ADL/02.mp4,3,gmdcsa24,0,92,155,3.079315,5.187977,,,0,0,0,ADL,1.000000
Subject 3/ADL/02.mp4#f96-159,Subject 3/ADL/02.mp4,3,gmdcsa24,0,96,159,3.213199,5.321860,,,0,0,0,ADL,1.000000
Subject 3/ADL/02.mp4#f100-163,Subject 3/ADL/02.mp4,3,gmdcsa24,0,100,163,3.347082,5.455743,,,0,0,0,ADL,1.000000
Subject 3/ADL/02.mp4#f104-167,Subject 3/ADL/02.mp4,3,gmdcsa24,0,104,167,3.480965,5.589627,,,0,0,0,ADL,1.000000
Subject 3/ADL/02.mp4#f108-171,Subject 3/ADL/02.mp4,3,gmdcsa24,0,108,171,3.614848,5.723510,,,0,0,0,ADL,1.000000
Subject 3/ADL/02.mp4#f112-175,Subject 3/ADL/02.mp4,3,gmdcsa24,0,112,175,3.748732,5.857393,,,0,0,0,ADL,1.000000
Subject 3/ADL/02.mp4#f116-179,Subject 3/ADL/02.mp4,3,gmdcsa24,0,116,179,3.882615,5.991276,,,0,0,0,ADL,1.000000
Subject 3/ADL/02.mp4#f120-183,Subject 3/ADL/02.mp4,3,gmdcsa24,0,120,183,4.016498,6.125160,,,0,0,0,ADL,1.000000
Subject 3/ADL/02.mp4#f124-187,Subject 3/ADL/02.mp4,3,gmdcsa24,0,124,187,4.150381,6.259043,,,0,0,0,ADL,1.000000
Subject 3/ADL/02.mp4#f128-191,Subject 3/ADL/02.mp4,3,gmdcsa24,0,128,191,4.284265,6.392926,,,0,0,0,ADL,1.000000
Subject 3/ADL/02.mp4#f132-195,Subject 3/ADL/02.mp4,3,gmdcsa24,0,132,195,4.418148,6.526810,,,0,0,0,ADL,1.000000
Subject 3/ADL/02.mp4#f136-199,Subject 3/ADL/02.mp4,3,gmdcsa24,0,136,199,4.552031,6.660693,,,0,0,0,ADL,1.000000
Subject 3/ADL/02.mp4#f140-203,Subject 3/ADL/02.mp4,3,gmdcsa24,0,140,203,4.685915,6.794576,,,0,0,0,ADL,1.000000
Subject 3/ADL/02.mp4#f144-207,Subject 3/ADL/02.mp4,3,gmdcsa24,0,144,207,4.819798,6.928459,,,0,0,0,ADL,1.000000
Subject 3/ADL/02.mp4#f148-211,Subject 3/ADL/02.mp4,3,gmdcsa24,0,148,211,4.953681,7.062343,,,0,0,0,ADL,1.000000
Subject 3/ADL/02.mp4#f152-215,Subject 3/ADL/02.mp4,3,gmdcsa24,0,152,215,5.087564,7.196226,,,0,0,0,ADL,1.000000
Subject 3/ADL/02.mp4#f156-219,Subject 3/ADL/02.mp4,3,gmdcsa24,0,156,219,5.221448,7.330109,,,0,0,0,ADL,1.000000
Subject 3/ADL/02.mp4#f160-223,Subject 3/ADL/02.mp4,3,gmdcsa24,0,160,223,5.355331,7.463992,,,0,0,0,ADL,1.000000
Subject 3/ADL/02.mp4#f164-227,Subject 3/ADL/02.mp4,3,gmdcsa24,0,164,227,5.489214,7.597876,,,0,0,0,ADL,1.000000
Subject 3/ADL/02.mp4#f168-231,Subject 3/ADL/02.mp4,3,gmdcsa24,0,168,231,5.623097,7.731759,,,0,0,0,ADL,1.000000
Subject 3/ADL/02.mp4#f172-235,Subject 3/ADL/02.mp4,3,gmdcsa24,0,172,235,5.756981,7.865642,,,0,0,0,ADL,1.000000
Subject 3/ADL/02.mp4#f176-239,Subject 3/ADL/02.mp4,3,gmdcsa24,0,176,239,5.890864,7.999526,,,0,0,0,ADL,1.000000
Subject 3/ADL/02.mp4#f180-243,Subject 3/ADL/02.mp4,3,gmdcsa24,0,180,243,6.024747,8.133409,,,0,0,0,ADL,1.000000
Subject 3/ADL/02.mp4#f184-247,Subject 3/ADL/02.mp4,3,gmdcsa24,0,184,247,6.158631,8.267292,,,0,0,0,ADL,1.000000
Subject 3/ADL/02.mp4#f188-251,Subject 3/ADL/02.mp4,3,gmdcsa24,0,188,251,6.292514,8.401175,,,0,0,0,ADL,1.000000
Subject 3/ADL/02.mp4#f192-255,Subject 3/ADL/02.mp4,3,gmdcsa24,0,192,255,6.426397,8.535059,,,0,0,0,ADL,1.000000
Subject 3/ADL/02.mp4#f196-259,Subject 3/ADL/02.mp4,3,gmdcsa24,0,196,259,6.560280,8.668942,,,0,0,0,ADL,1.000000
Subject 3/ADL/02.mp4#f200-263,Subject 3/ADL/02.mp4,3,gmdcsa24,0,200,263,6.694164,8.802825,,,0,0,0,ADL,1.000000
Subject 3/ADL/02.mp4#f204-267,Subject 3/ADL/02.mp4,3,gmdcsa24,0,204,267,6.828047,8.936708,,,0,0,0,ADL,1.000000
Subject 3/ADL/02.mp4#f208-271,Subject 3/ADL/02.mp4,3,gmdcsa24,0,208,271,6.961930,9.070592,,,0,0,0,ADL,1.000000
Subject 3/ADL/03.mp4#f0-63,Subject 3/ADL/03.mp4,3,gmdcsa24,0,0,63,0.000000,2.111727,,,0,0,0,ADL,1.000000
Subject 3/ADL/03.mp4#f4-67,Subject 3/ADL/03.mp4,3,gmdcsa24,0,4,67,0.134078,2.245805,,,0,0,0,ADL,1.000000
Subject 3/ADL/03.mp4#f8-71,Subject 3/ADL/03.mp4,3,gmdcsa24,0,8,71,0.268156,2.379883,,,0,0,0,ADL,1.000000
Subject 3/ADL/03.mp4#f12-75,Subject 3/ADL/03.mp4,3,gmdcsa24,0,12,75,0.402234,2.513961,,,0,0,0,ADL,1.000000
Subject 3/ADL/03.mp4#f16-79,Subject 3/ADL/03.mp4,3,gmdcsa24,0,16,79,0.536312,2.648039,,,0,0,0,ADL,1.000000
Subject 3/ADL/03.mp4#f20-83,Subject 3/ADL/03.mp4,3,gmdcsa24,0,20,83,0.670390,2.782117,,,0,0,0,ADL,1.000000
Subject 3/ADL/03.mp4#f24-87,Subject 3/ADL/03.mp4,3,gmdcsa24,0,24,87,0.804468,2.916195,,,0,0,0,ADL,1.000000
Subject 3/ADL/03.mp4#f28-91,Subject 3/ADL/03.mp4,3,gmdcsa24,0,28,91,0.938545,3.050273,,,0,0,0,ADL,1.000000
Subject 3/ADL/03.mp4#f32-95,Subject 3/ADL/03.mp4,3,gmdcsa24,0,32,95,1.072623,3.184351,,,0,0,0,ADL,1.000000
Subject 3/ADL/03.mp4#f36-99,Subject 3/ADL/03.mp4,3,gmdcsa24,0,36,99,1.206701,3.318429,,,0,0,0,ADL,1.000000
Subject 3/ADL/03.mp4#f40-103,Subject 3/ADL/03.mp4,3,gmdcsa24,0,40,103,1.340779,3.452507,,,0,0,0,ADL,1.000000
Subject 3/ADL/03.mp4#f44-107,Subject 3/ADL/03.mp4,3,gmdcsa24,0,44,107,1.474857,3.586585,,,0,0,0,ADL,1.000000
Subject 3/ADL/03.mp4#f48-111,Subject 3/ADL/03.mp4,3,gmdcsa24,0,48,111,1.608935,3.720662,,,0,0,0,ADL,1.000000
Subject 3/ADL/03.mp4#f52-115,Subject 3/ADL/03.mp4,3,gmdcsa24,0,52,115,1.743013,3.854740,,,0,0,0,ADL,1.000000
Subject 3/ADL/03.mp4#f56-119,Subject 3/ADL/03.mp4,3,gmdcsa24,0,56,119,1.877091,3.988818,,,0,0,0,ADL,1.000000
Subject 3/ADL/03.mp4#f60-123,Subject 3/ADL/03.mp4,3,gmdcsa24,0,60,123,2.011169,4.122896,,,0,0,0,ADL,1.000000
Subject 3/ADL/03.mp4#f64-127,Subject 3/ADL/03.mp4,3,gmdcsa24,0,64,127,2.145247,4.256974,,,0,0,0,ADL,1.000000
Subject 3/ADL/03.mp4#f68-131,Subject 3/ADL/03.mp4,3,gmdcsa24,0,68,131,2.279325,4.391052,,,0,0,0,ADL,1.000000
Subject 3/ADL/03.mp4#f72-135,Subject 3/ADL/03.mp4,3,gmdcsa24,0,72,135,2.413403,4.525130,,,0,0,0,ADL,1.000000
Subject 3/ADL/03.mp4#f76-139,Subject 3/ADL/03.mp4,3,gmdcsa24,0,76,139,2.547481,4.659208,,,0,0,0,ADL,1.000000
Subject 3/ADL/03.mp4#f80-143,Subject 3/ADL/03.mp4,3,gmdcsa24,0,80,143,2.681559,4.793286,,,0,0,0,ADL,1.000000
Subject 3/ADL/03.mp4#f84-147,Subject 3/ADL/03.mp4,3,gmdcsa24,0,84,147,2.815636,4.927364,,,0,0,0,ADL,1.000000
Subject 3/ADL/03.mp4#f88-151,Subject 3/ADL/03.mp4,3,gmdcsa24,0,88,151,2.949714,5.061442,,,0,0,0,ADL,1.000000
Subject 3/ADL/03.mp4#f92-155,Subject 3/ADL/03.mp4,3,gmdcsa24,0,92,155,3.083792,5.195520,,,0,0,0,ADL,1.000000
Subject 3/ADL/03.mp4#f96-159,Subject 3/ADL/03.mp4,3,gmdcsa24,0,96,159,3.217870,5.329598,,,0,0,0,ADL,1.000000
Subject 3/ADL/03.mp4#f100-163,Subject 3/ADL/03.mp4,3,gmdcsa24,0,100,163,3.351948,5.463676,,,0,0,0,ADL,1.000000
Subject 3/ADL/03.mp4#f104-167,Subject 3/ADL/03.mp4,3,gmdcsa24,0,104,167,3.486026,5.597753,,,0,0,0,ADL,1.000000
Subject 3/ADL/03.mp4#f108-171,Subject 3/ADL/03.mp4,3,gmdcsa24,0,108,171,3.620104,5.731831,,,0,0,0,ADL,1.000000
Subject 3/ADL/03.mp4#f112-175,Subject 3/ADL/03.mp4,3,gmdcsa24,0,112,175,3.754182,5.865909,,,0,0,0,ADL,1.000000
Subject 3/ADL/03.mp4#f116-179,Subject 3/ADL/03.mp4,3,gmdcsa24,0,116,179,3.888260,5.999987,,,0,0,0,ADL,1.000000
Subject 3/ADL/03.mp4#f120-183,Subject 3/ADL/03.mp4,3,gmdcsa24,0,120,183,4.022338,6.134065,,,0,0,0,ADL,1.000000
Subject 3/ADL/03.mp4#f124-187,Subject 3/ADL/03.mp4,3,gmdcsa24,0,124,187,4.156416,6.268143,,,0,0,0,ADL,1.000000
Subject 3/ADL/03.mp4#f128-191,Subject 3/ADL/03.mp4,3,gmdcsa24,0,128,191,4.290494,6.402221,,,0,0,0,ADL,1.000000
Subject 3/ADL/03.mp4#f132-195,Subject 3/ADL/03.mp4,3,gmdcsa24,0,132,195,4.424572,6.536299,,,0,0,0,ADL,1.000000
Subject 3/ADL/03.mp4#f136-199,Subject 3/ADL/03.mp4,3,gmdcsa24,0,136,199,4.558650,6.670377,,,0,0,0,ADL,1.000000
Subject 3/ADL/03.mp4#f140-203,Subject 3/ADL/03.mp4,3,gmdcsa24,0,140,203,4.692727,6.804455,,,0,0,0,ADL,1.000000
Subject 3/ADL/03.mp4#f144-207,Subject 3/ADL/03.mp4,3,gmdcsa24,0,144,207,4.826805,6.938533,,,0,0,0,ADL,1.000000
Subject 3/ADL/03.mp4#f148-211,Subject 3/ADL/03.mp4,3,gmdcsa24,0,148,211,4.960883,7.072611,,,0,0,0,ADL,1.000000
Subject 3/ADL/03.mp4#f152-215,Subject 3/ADL/03.mp4,3,gmdcsa24,0,152,215,5.094961,7.206689,,,0,0,0,ADL,1.000000
Subject 3/ADL/03.mp4#f156-219,Subject 3/ADL/03.mp4,3,gmdcsa24,0,156,219,5.229039,7.340766,,,0,0,0,ADL,1.000000
Subject 3/ADL/03.mp4#f160-223,Subject 3/ADL/03.mp4,3,gmdcsa24,0,160,223,5.363117,7.474844,,,0,0,0,ADL,1.000000
Subject 3/ADL/03.mp4#f164-227,Subject 3/ADL/03.mp4,3,gmdcsa24,0,164,227,5.497195,7.608922,,,0,0,0,ADL,1.000000
Subject 3/ADL/03.mp4#f168-231,Subject 3/ADL/03.mp4,3,gmdcsa24,0,168,231,5.631273,7.743000,,,0,0,0,ADL,1.000000
Subject 3/ADL/03.mp4#f172-235,Subject 3/ADL/03.mp4,3,gmdcsa24,0,172,235,5.765351,7.877078,,,0,0,0,ADL,1.000000
Subject 3/ADL/03.mp4#f176-239,Subject 3/ADL/03.mp4,3,gmdcsa24,0,176,239,5.899429,8.011156,,,0,0,0,ADL,1.000000
Subject 3/ADL/03.mp4#f180-243,Subject 3/ADL/03.mp4,3,gmdcsa24,0,180,243,6.033507,8.145234,,,0,0,0,ADL,1.000000
Subject 3/ADL/03.mp4#f184-247,Subject 3/ADL/03.mp4,3,gmdcsa24,0,184,247,6.167585,8.279312,,,0,0,0,ADL,1.000000
Subject 3/ADL/03.mp4#f188-251,Subject 3/ADL/03.mp4,3,gmdcsa24,0,188,251,6.301663,8.413390,,,0,0,0,ADL,1.000000
Subject 3/ADL/03.mp4#f192-255,Subject 3/ADL/03.mp4,3,gmdcsa24,0,192,255,6.435740,8.547468,,,0,0,0,ADL,1.000000
Subject 3/ADL/03.mp4#f196-259,Subject 3/ADL/03.mp4,3,gmdcsa24,0,196,259,6.569818,8.681546,,,0,0,0,ADL,1.000000
Subject 3/ADL/03.mp4#f200-263,Subject 3/ADL/03.mp4,3,gmdcsa24,0,200,263,6.703896,8.815624,,,0,0,0,ADL,1.000000
Subject 3/ADL/03.mp4#f204-267,Subject 3/ADL/03.mp4,3,gmdcsa24,0,204,267,6.837974,8.949702,,,0,0,0,ADL,1.000000
Subject 3/ADL/03.mp4#f208-271,Subject 3/ADL/03.mp4,3,gmdcsa24,0,208,271,6.972052,9.083780,,,0,0,0,ADL,1.000000
Subject 3/ADL/03.mp4#f212-275,Subject 3/ADL/03.mp4,3,gmdcsa24,0,212,275,7.106130,9.217857,,,0,0,0,ADL,1.000000
Subject 3/ADL/03.mp4#f216-279,Subject 3/ADL/03.mp4,3,gmdcsa24,0,216,279,7.240208,9.351935,,,0,0,0,ADL,1.000000
Subject 3/ADL/03.mp4#f220-283,Subject 3/ADL/03.mp4,3,gmdcsa24,0,220,283,7.374286,9.486013,,,0,0,0,ADL,1.000000
Subject 3/ADL/03.mp4#f224-287,Subject 3/ADL/03.mp4,3,gmdcsa24,0,224,287,7.508364,9.620091,,,0,0,0,ADL,1.000000
Subject 3/ADL/03.mp4#f228-291,Subject 3/ADL/03.mp4,3,gmdcsa24,0,228,291,7.642442,9.754169,,,0,0,0,ADL,1.000000
Subject 3/ADL/03.mp4#f232-295,Subject 3/ADL/03.mp4,3,gmdcsa24,0,232,295,7.776520,9.888247,,,0,0,0,ADL,1.000000
Subject 3/ADL/04.mp4#f0-63,Subject 3/ADL/04.mp4,3,gmdcsa24,0,0,63,0.000000,2.110395,,,0,0,0,ADL,1.000000
Subject 3/ADL/04.mp4#f4-67,Subject 3/ADL/04.mp4,3,gmdcsa24,0,4,67,0.133993,2.244388,,,0,0,0,ADL,1.000000
Subject 3/ADL/04.mp4#f8-71,Subject 3/ADL/04.mp4,3,gmdcsa24,0,8,71,0.267987,2.378382,,,0,0,0,ADL,1.000000
Subject 3/ADL/04.mp4#f12-75,Subject 3/ADL/04.mp4,3,gmdcsa24,0,12,75,0.401980,2.512375,,,0,0,0,ADL,1.000000
Subject 3/ADL/04.mp4#f16-79,Subject 3/ADL/04.mp4,3,gmdcsa24,0,16,79,0.535973,2.646368,,,0,0,0,ADL,1.000000
Subject 3/ADL/04.mp4#f20-83,Subject 3/ADL/04.mp4,3,gmdcsa24,0,20,83,0.669967,2.780362,,,0,0,0,ADL,1.000000
Subject 3/ADL/04.mp4#f24-87,Subject 3/ADL/04.mp4,3,gmdcsa24,0,24,87,0.803960,2.914355,,,0,0,0,ADL,1.000000
Subject 3/ADL/04.mp4#f28-91,Subject 3/ADL/04.mp4,3,gmdcsa24,0,28,91,0.937953,3.048348,,,0,0,0,ADL,1.000000
Subject 3/ADL/04.mp4#f32-95,Subject 3/ADL/04.mp4,3,gmdcsa24,0,32,95,1.071947,3.182342,,,0,0,0,ADL,1.000000
Subject 3/ADL/04.mp4#f36-99,Subject 3/ADL/04.mp4,3,gmdcsa24,0,36,99,1.205940,3.316335,,,0,0,0,ADL,1.000000
Subject 3/ADL/04.mp4#f40-103,Subject 3/ADL/04.mp4,3,gmdcsa24,0,40,103,1.339933,3.450328,,,0,0,0,ADL,1.000000
Subject 3/ADL/04.mp4#f44-107,Subject 3/ADL/04.mp4,3,gmdcsa24,0,44,107,1.473927,3.584322,,,0,0,0,ADL,1.000000
Subject 3/ADL/04.mp4#f48-111,Subject 3/ADL/04.mp4,3,gmdcsa24,0,48,111,1.607920,3.718315,,,0,0,0,ADL,1.000000
Subject 3/ADL/04.mp4#f52-115,Subject 3/ADL/04.mp4,3,gmdcsa24,0,52,115,1.741913,3.852308,,,0,0,0,ADL,1.000000
Subject 3/ADL/04.mp4#f56-119,Subject 3/ADL/04.mp4,3,gmdcsa24,0,56,119,1.875907,3.986302,,,0,0,0,ADL,1.000000
Subject 3/ADL/04.mp4#f60-123,Subject 3/ADL/04.mp4,3,gmdcsa24,0,60,123,2.009900,4.120295,,,0,0,0,ADL,1.000000
Subject 3/ADL/04.mp4#f64-127,Subject 3/ADL/04.mp4,3,gmdcsa24,0,64,127,2.143893,4.254288,,,0,0,0,ADL,1.000000
Subject 3/ADL/04.mp4#f68-131,Subject 3/ADL/04.mp4,3,gmdcsa24,0,68,131,2.277887,4.388282,,,0,0,0,ADL,1.000000
Subject 3/ADL/04.mp4#f72-135,Subject 3/ADL/04.mp4,3,gmdcsa24,0,72,135,2.411880,4.522275,,,0,0,0,ADL,1.000000
Subject 3/ADL/04.mp4#f76-139,Subject 3/ADL/04.mp4,3,gmdcsa24,0,76,139,2.545873,4.656268,,,0,0,0,ADL,1.000000
Subject 3/ADL/04.mp4#f80-143,Subject 3/ADL/04.mp4,3,gmdcsa24,0,80,143,2.679867,4.790262,,,0,0,0,ADL,1.000000
Subject 3/ADL/04.mp4#f84-147,Subject 3/ADL/04.mp4,3,gmdcsa24,0,84,147,2.813860,4.924255,,,0,0,0,ADL,1.000000
Subject 3/ADL/04.mp4#f88-151,Subject 3/ADL/04.mp4,3,gmdcsa24,0,88,151,2.947853,5.058248,,,0,0,0,ADL,1.000000
Subject 3/ADL/04.mp4#f92-155,Subject 3/ADL/04.mp4,3,gmdcsa24,0,92,155,3.081847,5.192242,,,0,0,0,ADL,1.000000
Subject 3/ADL/04.mp4#f96-159,Subject 3/ADL/04.mp4,3,gmdcsa24,0,96,159,3.215840,5.326235,,,0,0,0,ADL,1.000000
Subject 3/ADL/04.mp4#f100-163,Subject 3/ADL/04.mp4,3,gmdcsa24,0,100,163,3.349833,5.460228,,,0,0,0,ADL,1.000000
Subject 3/ADL/04.mp4#f104-167,Subject 3/ADL/04.mp4,3,gmdcsa24,0,104,167,3.483827,5.594222,,,0,0,0,ADL,1.000000
Subject 3/ADL/04.mp4#f108-171,Subject 3/ADL/04.mp4,3,gmdcsa24,0,108,171,3.617820,5.728215,,,0,0,0,ADL,1.000000
Subject 3/ADL/04.mp4#f112-175,Subject 3/ADL/04.mp4,3,gmdcsa24,0,112,175,3.751813,5.862208,,,0,0,0,ADL,1.000000
Subject 3/ADL/04.mp4#f116-179,Subject 3/ADL/04.mp4,3,gmdcsa24,0,116,179,3.885807,5.996202,,,0,0,0,ADL,1.000000
Subject 3/ADL/04.mp4#f120-183,Subject 3/ADL/04.mp4,3,gmdcsa24,0,120,183,4.019800,6.130195,,,0,0,0,ADL,1.000000
Subject 3/ADL/04.mp4#f124-187,Subject 3/ADL/04.mp4,3,gmdcsa24,0,124,187,4.153793,6.264188,,,0,0,0,ADL,1.000000
Subject 3/ADL/04.mp4#f128-191,Subject 3/ADL/04.mp4,3,gmdcsa24,0,128,191,4.287787,6.398182,,,0,0,0,ADL,1.000000
Subject 3/ADL/04.mp4#f132-195,Subject 3/ADL/04.mp4,3,gmdcsa24,0,132,195,4.421780,6.532175,,,0,0,0,ADL,1.000000
Subject 3/ADL/04.mp4#f136-199,Subject 3/ADL/04.mp4,3,gmdcsa24,0,136,199,4.555773,6.666168,,,0,0,0,ADL,1.000000
Subject 3/ADL/04.mp4#f140-203,Subject 3/ADL/04.mp4,3,gmdcsa24,0,140,203,4.689767,6.800162,,,0,0,0,ADL,1.000000
Subject 3/ADL/04.mp4#f144-207,Subject 3/ADL/04.mp4,3,gmdcsa24,0,144,207,4.823760,6.934155,,,0,0,0,ADL,1.000000
Subject 3/ADL/04.mp4#f148-211,Subject 3/ADL/04.mp4,3,gmdcsa24,0,148,211,4.957753,7.068148,,,0,0,0,ADL,1.000000
Subject 3/ADL/04.mp4#f152-215,Subject 3/ADL/04.mp4,3,gmdcsa24,0,152,215,5.091747,7.202142,,,0,0,0,ADL,1.000000
Subject 3/ADL/04.mp4#f156-219,Subject 3/ADL/04.mp4,3,gmdcsa24,0,156,219,5.225740,7.336135,,,0,0,0,ADL,1.000000
Subject 3/ADL/04.mp4#f160-223,Subject 3/ADL/04.mp4,3,gmdcsa24,0,160,223,5.359733,7.470128,,,0,0,0,ADL,1.000000
Subject 3/ADL/04.mp4#f164-227,Subject 3/ADL/04.mp4,3,gmdcsa24,0,164,227,5.493727,7.604122,,,0,0,0,ADL,1.000000
Subject 3/ADL/04.mp4#f168-231,Subject 3/ADL/04.mp4,3,gmdcsa24,0,168,231,5.627720,7.738115,,,0,0,0,ADL,1.000000
Subject 3/ADL/04.mp4#f172-235,Subject 3/ADL/04.mp4,3,gmdcsa24,0,172,235,5.761713,7.872108,,,0,0,0,ADL,1.000000
Subject 3/ADL/04.mp4#f176-239,Subject 3/ADL/04.mp4,3,gmdcsa24,0,176,239,5.895707,8.006102,,,0,0,0,ADL,1.000000
Subject 3/ADL/04.mp4#f180-243,Subject 3/ADL/04.mp4,3,gmdcsa24,0,180,243,6.029700,8.140095,,,0,0,0,ADL,1.000000
Subject 3/ADL/04.mp4#f184-247,Subject 3/ADL/04.mp4,3,gmdcsa24,0,184,247,6.163693,8.274088,,,0,0,0,ADL,1.000000
Subject 3/ADL/04.mp4#f188-251,Subject 3/ADL/04.mp4,3,gmdcsa24,0,188,251,6.297687,8.408082,,,0,0,0,ADL,1.000000
Subject 3/ADL/04.mp4#f192-255,Subject 3/ADL/04.mp4,3,gmdcsa24,0,192,255,6.431680,8.542075,,,0,0,0,ADL,1.000000
Subject 3/ADL/04.mp4#f196-259,Subject 3/ADL/04.mp4,3,gmdcsa24,0,196,259,6.565673,8.676068,,,0,0,0,ADL,1.000000
Subject 3/ADL/04.mp4#f200-263,Subject 3/ADL/04.mp4,3,gmdcsa24,0,200,263,6.699667,8.810062,,,0,0,0,ADL,1.000000
Subject 3/ADL/04.mp4#f204-267,Subject 3/ADL/04.mp4,3,gmdcsa24,0,204,267,6.833660,8.944055,,,0,0,0,ADL,1.000000
Subject 3/ADL/04.mp4#f208-271,Subject 3/ADL/04.mp4,3,gmdcsa24,0,208,271,6.967653,9.078048,,,0,0,0,ADL,1.000000
Subject 3/ADL/04.mp4#f212-275,Subject 3/ADL/04.mp4,3,gmdcsa24,0,212,275,7.101647,9.212042,,,0,0,0,ADL,1.000000
Subject 3/ADL/04.mp4#f216-279,Subject 3/ADL/04.mp4,3,gmdcsa24,0,216,279,7.235640,9.346035,,,0,0,0,ADL,1.000000
Subject 3/ADL/04.mp4#f220-283,Subject 3/ADL/04.mp4,3,gmdcsa24,0,220,283,7.369633,9.480028,,,0,0,0,ADL,1.000000
Subject 3/ADL/04.mp4#f224-287,Subject 3/ADL/04.mp4,3,gmdcsa24,0,224,287,7.503627,9.614021,,,0,0,0,ADL,1.000000
Subject 3/ADL/04.mp4#f228-291,Subject 3/ADL/04.mp4,3,gmdcsa24,0,228,291,7.637620,9.748015,,,0,0,0,ADL,1.000000
Subject 3/ADL/04.mp4#f232-295,Subject 3/ADL/04.mp4,3,gmdcsa24,0,232,295,7.771613,9.882008,,,0,0,0,ADL,1.000000
Subject 3/ADL/04.mp4#f236-299,Subject 3/ADL/04.mp4,3,gmdcsa24,0,236,299,7.905607,10.016001,,,0,0,0,ADL,1.000000
Subject 3/ADL/05.mp4#f0-63,Subject 3/ADL/05.mp4,3,gmdcsa24,0,0,63,0.000000,2.114714,,,0,0,0,ADL,1.000000
Subject 3/ADL/05.mp4#f4-67,Subject 3/ADL/05.mp4,3,gmdcsa24,0,4,67,0.134268,2.248981,,,0,0,0,ADL,1.000000
Subject 3/ADL/05.mp4#f8-71,Subject 3/ADL/05.mp4,3,gmdcsa24,0,8,71,0.268535,2.383249,,,0,0,0,ADL,1.000000
Subject 3/ADL/05.mp4#f12-75,Subject 3/ADL/05.mp4,3,gmdcsa24,0,12,75,0.402803,2.517516,,,0,0,0,ADL,1.000000
Subject 3/ADL/05.mp4#f16-79,Subject 3/ADL/05.mp4,3,gmdcsa24,0,16,79,0.537070,2.651784,,,0,0,0,ADL,1.000000
Subject 3/ADL/05.mp4#f20-83,Subject 3/ADL/05.mp4,3,gmdcsa24,0,20,83,0.671338,2.786051,,,0,0,0,ADL,1.000000
Subject 3/ADL/05.mp4#f24-87,Subject 3/ADL/05.mp4,3,gmdcsa24,0,24,87,0.805605,2.920319,,,0,0,0,ADL,1.000000
Subject 3/ADL/05.mp4#f28-91,Subject 3/ADL/05.mp4,3,gmdcsa24,0,28,91,0.939873,3.054586,,,0,0,0,ADL,1.000000
Subject 3/ADL/05.mp4#f32-95,Subject 3/ADL/05.mp4,3,gmdcsa24,0,32,95,1.074140,3.188854,,,0,0,0,ADL,1.000000
Subject 3/ADL/05.mp4#f36-99,Subject 3/ADL/05.mp4,3,gmdcsa24,0,36,99,1.208408,3.323121,,,0,0,0,ADL,1.000000
Subject 3/ADL/05.mp4#f40-103,Subject 3/ADL/05.mp4,3,gmdcsa24,0,40,103,1.342675,3.457389,,,0,0,0,ADL,1.000000
Subject 3/ADL/05.mp4#f44-107,Subject 3/ADL/05.mp4,3,gmdcsa24,0,44,107,1.476943,3.591657,,,0,0,0,ADL,1.000000
Subject 3/ADL/05.mp4#f48-111,Subject 3/ADL/05.mp4,3,gmdcsa24,0,48,111,1.611210,3.725924,,,0,0,0,ADL,1.000000
Subject 3/ADL/05.mp4#f52-115,Subject 3/ADL/05.mp4,3,gmdcsa24,0,52,115,1.745478,3.860192,,,0,0,0,ADL,1.000000
Subject 3/ADL/05.mp4#f56-119,Subject 3/ADL/05.mp4,3,gmdcsa24,0,56,119,1.879745,3.994459,,,0,0,0,ADL,1.000000
Subject 3/ADL/05.mp4#f60-123,Subject 3/ADL/05.mp4,3,gmdcsa24,0,60,123,2.014013,4.128727,,,0,0,0,ADL,1.000000
Subject 3/ADL/05.mp4#f64-127,Subject 3/ADL/05.mp4,3,gmdcsa24,0,64,127,2.148281,4.262994,,,0,0,0,ADL,1.000000
Subject 3/ADL/05.mp4#f68-131,Subject 3/ADL/05.mp4,3,gmdcsa24,0,68,131,2.282548,4.397262,,,0,0,0,ADL,1.000000
Subject 3/ADL/05.mp4#f72-135,Subject 3/ADL/05.mp4,3,gmdcsa24,0,72,135,2.416816,4.531529,,,0,0,0,ADL,1.000000
Subject 3/ADL/05.mp4#f76-139,Subject 3/ADL/05.mp4,3,gmdcsa24,0,76,139,2.551083,4.665797,,,0,0,0,ADL,1.000000
Subject 3/ADL/05.mp4#f80-143,Subject 3/ADL/05.mp4,3,gmdcsa24,0,80,143,2.685351,4.800064,,,0,0,0,ADL,1.000000
Subject 3/ADL/05.mp4#f84-147,Subject 3/ADL/05.mp4,3,gmdcsa24,0,84,147,2.819618,4.934332,,,0,0,0,ADL,1.000000
Subject 3/ADL/05.mp4#f88-151,Subject 3/ADL/05.mp4,3,gmdcsa24,0,88,151,2.953886,5.068599,,,0,0,0,ADL,1.000000
Subject 3/ADL/06.mp4#f0-63,Subject 3/ADL/06.mp4,3,gmdcsa24,0,0,63,0.000000,2.110712,,,0,0,0,ADL,1.000000
Subject 3/ADL/06.mp4#f4-67,Subject 3/ADL/06.mp4,3,gmdcsa24,0,4,67,0.134013,2.244726,,,0,0,0,ADL,1.000000
Subject 3/ADL/06.mp4#f8-71,Subject 3/ADL/06.mp4,3,gmdcsa24,0,8,71,0.268027,2.378739,,,0,0,0,ADL,1.000000
Subject 3/ADL/06.mp4#f12-75,Subject 3/ADL/06.mp4,3,gmdcsa24,0,12,75,0.402040,2.512753,,,0,0,0,ADL,1.000000
Subject 3/ADL/06.mp4#f16-79,Subject 3/ADL/06.mp4,3,gmdcsa24,0,16,79,0.536054,2.646766,,,0,0,0,ADL,1.000000
Subject 3/ADL/06.mp4#f20-83,Subject 3/ADL/06.mp4,3,gmdcsa24,0,20,83,0.670067,2.780780,,,0,0,0,ADL,1.000000
Subject 3/ADL/06.mp4#f24-87,Subject 3/ADL/06.mp4,3,gmdcsa24,0,24,87,0.804081,2.914793,,,0,0,0,ADL,1.000000
Subject 3/ADL/06.mp4#f28-91,Subject 3/ADL/06.mp4,3,gmdcsa24,0,28,91,0.938094,3.048807,,,0,0,0,ADL,1.000000
Subject 3/ADL/06.mp4#f32-95,Subject 3/ADL/06.mp4,3,gmdcsa24,0,32,95,1.072108,3.182820,,,0,0,0,ADL,1.000000
Subject 3/ADL/06.mp4#f36-99,Subject 3/ADL/06.mp4,3,gmdcsa24,0,36,99,1.206121,3.316834,,,0,0,0,ADL,1.000000
Subject 3/ADL/06.mp4#f40-103,Subject 3/ADL/06.mp4,3,gmdcsa24,0,40,103,1.340135,3.450847,,,0,0,0,ADL,1.000000
Subject 3/ADL/06.mp4#f44-107,Subject 3/ADL/06.mp4,3,gmdcsa24,0,44,107,1.474148,3.584861,,,0,0,0,ADL,1.000000
Subject 3/ADL/06.mp4#f48-111,Subject 3/ADL/06.mp4,3,gmdcsa24,0,48,111,1.608162,3.718874,,,0,0,0,ADL,1.000000
Subject 3/ADL/06.mp4#f52-115,Subject 3/ADL/06.mp4,3,gmdcsa24,0,52,115,1.742175,3.852888,,,0,0,0,ADL,1.000000
Subject 3/ADL/06.mp4#f56-119,Subject 3/ADL/06.mp4,3,gmdcsa24,0,56,119,1.876189,3.986901,,,0,0,0,ADL,1.000000
Subject 3/ADL/06.mp4#f60-123,Subject 3/ADL/06.mp4,3,gmdcsa24,0,60,123,2.010202,4.120915,,,0,0,0,ADL,1.000000
Subject 3/ADL/06.mp4#f64-127,Subject 3/ADL/06.mp4,3,gmdcsa24,0,64,127,2.144216,4.254928,,,0,0,0,ADL,1.000000
Subject 3/ADL/06.mp4#f68-131,Subject 3/ADL/06.mp4,3,gmdcsa24,0,68,131,2.278229,4.388942,,,0,0,0,ADL,1.000000
Subject 3/ADL/06.mp4#f72-135,Subject 3/ADL/06.mp4,3,gmdcsa24,0,72,135,2.412243,4.522955,,,0,0,0,ADL,1.000000
Subject 3/ADL/06.mp4#f76-139,Subject 3/ADL/06.mp4,3,gmdcsa24,0,76,139,2.546256,4.656969,,,0,0,0,ADL,1.000000
Subject 3/ADL/06.mp4#f80-143,Subject 3/ADL/06.mp4,3,gmdcsa24,0,80,143,2.680270,4.790982,,,0,0,0,ADL,1.000000
Subject 3/ADL/06.mp4#f84-147,Subject 3/ADL/06.mp4,3,gmdcsa24,0,84,147,2.814283,4.924996,,,0,0,0,ADL,1.000000
Subject 3/ADL/06.mp4#f88-151,Subject 3/ADL/06.mp4,3,gmdcsa24,0,88,151,2.948297,5.059009,,,0,0,0,ADL,1.000000
Subject 3/ADL/06.mp4#f92-155,Subject 3/ADL/06.mp4,3,gmdcsa24,0,92,155,3.082310,5.193023,,,0,0,0,ADL,1.000000
Subject 3/ADL/06.mp4#f96-159,Subject 3/ADL/06.mp4,3,gmdcsa24,0,96,159,3.216324,5.327036,,,0,0,0,ADL,1.000000
Subject 3/ADL/06.mp4#f100-163,Subject 3/ADL/06.mp4,3,gmdcsa24,0,100,163,3.350337,5.461050,,,0,0,0,ADL,1.000000
Subject 3/ADL/06.mp4#f104-167,Subject 3/ADL/06.mp4,3,gmdcsa24,0,104,167,3.484351,5.595063,,,0,0,0,ADL,1.000000
Subject 3/ADL/06.mp4#f108-171,Subject 3/ADL/06.mp4,3,gmdcsa24,0,108,171,3.618364,5.729077,,,0,0,0,ADL,1.000000
Subject 3/ADL/06.mp4#f112-175,Subject 3/ADL/06.mp4,3,gmdcsa24,0,112,175,3.752378,5.863090,,,0,0,0,ADL,1.000000
Subject 3/ADL/06.mp4#f116-179,Subject 3/ADL/06.mp4,3,gmdcsa24,0,116,179,3.886391,5.997104,,,0,0,0,ADL,1.000000
Subject 3/ADL/06.mp4#f120-183,Subject 3/ADL/06.mp4,3,gmdcsa24,0,120,183,4.020405,6.131117,,,0,0,0,ADL,1.000000
Subject 3/ADL/06.mp4#f124-187,Subject 3/ADL/06.mp4,3,gmdcsa24,0,124,187,4.154418,6.265131,,,0,0,0,ADL,1.000000
Subject 3/ADL/06.mp4#f128-191,Subject 3/ADL/06.mp4,3,gmdcsa24,0,128,191,4.288432,6.399144,,,0,0,0,ADL,1.000000
Subject 3/ADL/06.mp4#f132-195,Subject 3/ADL/06.mp4,3,gmdcsa24,0,132,195,4.422445,6.533157,,,0,0,0,ADL,1.000000
Subject 3/ADL/06.mp4#f136-199,Subject 3/ADL/06.mp4,3,gmdcsa24,0,136,199,4.556459,6.667171,,,0,0,0,ADL,1.000000
Subject 3/ADL/06.mp4#f140-203,Subject 3/ADL/06.mp4,3,gmdcsa24,0,140,203,4.690472,6.801184,,,0,0,0,ADL,1.000000
Subject 3/ADL/06.mp4#f144-207,Subject 3/ADL/06.mp4,3,gmdcsa24,0,144,207,4.824486,6.935198,,,0,0,0,ADL,1.000000
Subject 3/ADL/06.mp4#f148-211,Subject 3/ADL/06.mp4,3,gmdcsa24,0,148,211,4.958499,7.069211,,,0,0,0,ADL,1.000000
Subject 3/ADL/06.mp4#f152-215,Subject 3/ADL/06.mp4,3,gmdcsa24,0,152,215,5.092513,7.203225,,,0,0,0,ADL,1.000000
Subject 3/ADL/06.mp4#f156-219,Subject 3/ADL/06.mp4,3,gmdcsa24,0,156,219,5.226526,7.337238,,,0,0,0,ADL,1.000000
Subject 3/ADL/06.mp4#f160-223,Subject 3/ADL/06.mp4,3,gmdcsa24,0,160,223,5.360539,7.471252,,,0,0,0,ADL,1.000000
Subject 3/ADL/06.mp4#f164-227,Subject 3/ADL/06.mp4,3,gmdcsa24,0,164,227,5.494553,7.605265,,,0,0,0,ADL,1.000000
Subject 3/ADL/06.mp4#f168-231,Subject 3/ADL/06.mp4,3,gmdcsa24,0,168,231,5.628566,7.739279,,,0,0,0,ADL,1.000000
Subject 3/ADL/06.mp4#f172-235,Subject 3/ADL/06.mp4,3,gmdcsa24,0,172,235,5.762580,7.873292,,,0,0,0,ADL,1.000000
Subject 3/ADL/06.mp4#f176-239,Subject 3/ADL/06.mp4,3,gmdcsa24,0,176,239,5.896593,8.007306,,,0,0,0,ADL,1.000000
Subject 3/ADL/06.mp4#f180-243,Subject 3/ADL/06.mp4,3,gmdcsa24,0,180,243,6.030607,8.141319,,,0,0,0,ADL,1.000000
Subject 3/ADL/06.mp4#f184-247,Subject 3/ADL/06.mp4,3,gmdcsa24,0,184,247,6.164620,8.275333,,,0,0,0,ADL,1.000000
Subject 3/ADL/06.mp4#f188-251,Subject 3/ADL/06.mp4,3,gmdcsa24,0,188,251,6.298634,8.409346,,,0,0,0,ADL,1.000000
Subject 3/ADL/06.mp4#f192-255,Subject 3/ADL/06.mp4,3,gmdcsa24,0,192,255,6.432647,8.543360,,,0,0,0,ADL,1.000000
Subject 3/ADL/06.mp4#f196-259,Subject 3/ADL/06.mp4,3,gmdcsa24,0,196,259,6.566661,8.677373,,,0,0,0,ADL,1.000000
Subject 3/ADL/06.mp4#f200-263,Subject 3/ADL/06.mp4,3,gmdcsa24,0,200,263,6.700674,8.811387,,,0,0,0,ADL,1.000000
Subject 3/ADL/07.mp4#f0-63,Subject 3/ADL/07.mp4,3,gmdcsa24,0,0,63,0.000000,2.107665,,,0,0,0,ADL,1.000000
Subject 3/ADL/07.mp4#f4-67,Subject 3/ADL/07.mp4,3,gmdcsa24,0,4,67,0.133820,2.241485,,,0,0,0,ADL,1.000000
Subject 3/ADL/07.mp4#f8-71,Subject 3/ADL/07.mp4,3,gmdcsa24,0,8,71,0.267640,2.375305,,,0,0,0,ADL,1.000000
Subject 3/ADL/07.mp4#f12-75,Subject 3/ADL/07.mp4,3,gmdcsa24,0,12,75,0.401460,2.509125,,,0,0,0,ADL,1.000000
Subject 3/ADL/07.mp4#f16-79,Subject 3/ADL/07.mp4,3,gmdcsa24,0,16,79,0.535280,2.642945,,,0,0,0,ADL,1.000000
Subject 3/ADL/07.mp4#f20-83,Subject 3/ADL/07.mp4,3,gmdcsa24,0,20,83,0.669100,2.776765,,,0,0,0,ADL,1.000000
Subject 3/ADL/07.mp4#f24-87,Subject 3/ADL/07.mp4,3,gmdcsa24,0,24,87,0.802920,2.910585,,,0,0,0,ADL,1.000000
Subject 3/ADL/07.mp4#f28-91,Subject 3/ADL/07.mp4,3,gmdcsa24,0,28,91,0.936740,3.044405,,,0,0,0,ADL,1.000000
Subject 3/ADL/07.mp4#f32-95,Subject 3/ADL/07.mp4,3,gmdcsa24,0,32,95,1.070560,3.178225,,,0,0,0,ADL,1.000000
Subject 3/ADL/07.mp4#f36-99,Subject 3/ADL/07.mp4,3,gmdcsa24,0,36,99,1.204380,3.312045,,,0,0,0,ADL,1.000000
Subject 3/ADL/08.mp4#f0-63,Subject 3/ADL/08.mp4,3,gmdcsa24,0,0,63,0.000000,2.112729,,,0,0,0,ADL,1.000000
Subject 3/ADL/08.mp4#f4-67,Subject 3/ADL/08.mp4,3,gmdcsa24,0,4,67,0.134142,2.246871,,,0,0,0,ADL,1.000000
Subject 3/ADL/08.mp4#f8-71,Subject 3/ADL/08.mp4,3,gmdcsa24,0,8,71,0.268283,2.381013,,,0,0,0,ADL,1.000000
Subject 3/ADL/08.mp4#f12-75,Subject 3/ADL/08.mp4,3,gmdcsa24,0,12,75,0.402425,2.515154,,,0,0,0,ADL,1.000000
Subject 3/ADL/08.mp4#f16-79,Subject 3/ADL/08.mp4,3,gmdcsa24,0,16,79,0.536566,2.649296,,,0,0,0,ADL,1.000000
Subject 3/ADL/08.mp4#f20-83,Subject 3/ADL/08.mp4,3,gmdcsa24,0,20,83,0.670708,2.783437,,,0,0,0,ADL,1.000000
Subject 3/ADL/08.mp4#f24-87,Subject 3/ADL/08.mp4,3,gmdcsa24,0,24,87,0.804849,2.917579,,,0,0,0,ADL,1.000000
Subject 3/ADL/08.mp4#f28-91,Subject 3/ADL/08.mp4,3,gmdcsa24,0,28,91,0.938991,3.051720,,,0,0,0,ADL,1.000000
Subject 3/ADL/08.mp4#f32-95,Subject 3/ADL/08.mp4,3,gmdcsa24,0,32,95,1.073132,3.185862,,,0,0,0,ADL,1.000000
Subject 3/ADL/08.mp4#f36-99,Subject 3/ADL/08.mp4,3,gmdcsa24,0,36,99,1.207274,3.320003,,,0,0,0,ADL,1.000000
Subject 3/ADL/08.mp4#f40-103,Subject 3/ADL/08.mp4,3,gmdcsa24,0,40,103,1.341416,3.454145,,,0,0,0,ADL,1.000000
Subject 3/ADL/08.mp4#f44-107,Subject 3/ADL/08.mp4,3,gmdcsa24,0,44,107,1.475557,3.588287,,,0,0,0,ADL,1.000000
Subject 3/ADL/08.mp4#f48-111,Subject 3/ADL/08.mp4,3,gmdcsa24,0,48,111,1.609699,3.722428,,,0,0,0,ADL,1.000000
Subject 3/ADL/08.mp4#f52-115,Subject 3/ADL/08.mp4,3,gmdcsa24,0,52,115,1.743840,3.856570,,,0,0,0,ADL,1.000000
Subject 3/ADL/08.mp4#f56-119,Subject 3/ADL/08.mp4,3,gmdcsa24,0,56,119,1.877982,3.990711,,,0,0,0,ADL,1.000000
Subject 3/ADL/08.mp4#f60-123,Subject 3/ADL/08.mp4,3,gmdcsa24,0,60,123,2.012123,4.124853,,,0,0,0,ADL,1.000000
Subject 3/ADL/08.mp4#f64-127,Subject 3/ADL/08.mp4,3,gmdcsa24,0,64,127,2.146265,4.258994,,,0,0,0,ADL,1.000000
Subject 3/ADL/08.mp4#f68-131,Subject 3/ADL/08.mp4,3,gmdcsa24,0,68,131,2.280406,4.393136,,,0,0,0,ADL,1.000000
Subject 3/ADL/08.mp4#f72-135,Subject 3/ADL/08.mp4,3,gmdcsa24,0,72,135,2.414548,4.527277,,,0,0,0,ADL,1.000000
Subject 3/ADL/08.mp4#f76-139,Subject 3/ADL/08.mp4,3,gmdcsa24,0,76,139,2.548690,4.661419,,,0,0,0,ADL,1.000000
Subject 3/ADL/08.mp4#f80-143,Subject 3/ADL/08.mp4,3,gmdcsa24,0,80,143,2.682831,4.795561,,,0,0,0,ADL,1.000000
Subject 3/ADL/09.mp4#f0-63,Subject 3/ADL/09.mp4,3,gmdcsa24,0,0,63,0.000000,2.111577,,,0,0,0,ADL,1.000000
Subject 3/ADL/09.mp4#f4-67,Subject 3/ADL/09.mp4,3,gmdcsa24,0,4,67,0.134068,2.245645,,,0,0,0,ADL,1.000000
Subject 3/ADL/09.mp4#f8-71,Subject 3/ADL/09.mp4,3,gmdcsa24,0,8,71,0.268137,2.379714,,,0,0,0,ADL,1.000000
Subject 3/ADL/09.mp4#f12-75,Subject 3/ADL/09.mp4,3,gmdcsa24,0,12,75,0.402205,2.513782,,,0,0,0,ADL,1.000000
Subject 3/ADL/09.mp4#f16-79,Subject 3/ADL/09.mp4,3,gmdcsa24,0,16,79,0.536274,2.647851,,,0,0,0,ADL,1.000000
Subject 3/ADL/09.mp4#f20-83,Subject 3/ADL/09.mp4,3,gmdcsa24,0,20,83,0.670342,2.781919,,,0,0,0,ADL,1.000000
Subject 3/ADL/09.mp4#f24-87,Subject 3/ADL/09.mp4,3,gmdcsa24,0,24,87,0.804410,2.915987,,,0,0,0,ADL,1.000000
Subject 3/ADL/09.mp4#f28-91,Subject 3/ADL/09.mp4,3,gmdcsa24,0,28,91,0.938479,3.050056,,,0,0,0,ADL,1.000000
Subject 3/ADL/09.mp4#f32-95,Subject 3/ADL/09.mp4,3,gmdcsa24,0,32,95,1.072547,3.184124,,,0,0,0,ADL,1.000000
Subject 3/ADL/09.mp4#f36-99,Subject 3/ADL/09.mp4,3,gmdcsa24,0,36,99,1.206615,3.318193,,,0,0,0,ADL,1.000000
Subject 3/ADL/09.mp4#f40-103,Subject 3/ADL/09.mp4,3,gmdcsa24,0,40,103,1.340684,3.452261,,,0,0,0,ADL,1.000000
Subject 3/ADL/09.mp4#f44-107,Subject 3/ADL/09.mp4,3,gmdcsa24,0,44,107,1.474752,3.586329,,,0,0,0,ADL,1.000000
Subject 3/ADL/09.mp4#f48-111,Subject 3/ADL/09.mp4,3,gmdcsa24,0,48,111,1.608821,3.720398,,,0,0,0,ADL,1.000000
Subject 3/ADL/09.mp4#f52-115,Subject 3/ADL/09.mp4,3,gmdcsa24,0,52,115,1.742889,3.854466,,,0,0,0,ADL,1.000000
Subject 3/ADL/09.mp4#f56-119,Subject 3/ADL/09.mp4,3,gmdcsa24,0,56,119,1.876957,3.988534,,,0,0,0,ADL,1.000000
Subject 3/ADL/09.mp4#f60-123,Subject 3/ADL/09.mp4,3,gmdcsa24,0,60,123,2.011026,4.122603,,,0,0,0,ADL,1.000000
Subject 3/ADL/09.mp4#f64-127,Subject 3/ADL/09.mp4,3,gmdcsa24,0,64,127,2.145094,4.256671,,,0,0,0,ADL,1.000000
Subject 3/ADL/09.mp4#f68-131,Subject 3/ADL/09.mp4,3,gmdcsa24,0,68,131,2.279163,4.390740,,,0,0,0,ADL,1.000000
Subject 3/ADL/09.mp4#f72-135,Subject 3/ADL/09.mp4,3,gmdcsa24,0,72,135,2.413231,4.524808,,,0,0,0,ADL,1.000000
Subject 3/ADL/09.mp4#f76-139,Subject 3/ADL/09.mp4,3,gmdcsa24,0,76,139,2.547299,4.658876,,,0,0,0,ADL,1.000000
Subject 3/ADL/09.mp4#f80-143,Subject 3/ADL/09.mp4,3,gmdcsa24,0,80,143,2.681368,4.792945,,,0,0,0,ADL,1.000000
Subject 3/ADL/09.mp4#f84-147,Subject 3/ADL/09.mp4,3,gmdcsa24,0,84,147,2.815436,4.927013,,,0,0,0,ADL,1.000000
Subject 3/ADL/09.mp4#f88-151,Subject 3/ADL/09.mp4,3,gmdcsa24,0,88,151,2.949505,5.061082,,,0,0,0,ADL,1.000000
Subject 3/ADL/09.mp4#f92-155,Subject 3/ADL/09.mp4,3,gmdcsa24,0,92,155,3.083573,5.195150,,,0,0,0,ADL,1.000000
Subject 3/ADL/09.mp4#f96-159,Subject 3/ADL/09.mp4,3,gmdcsa24,0,96,159,3.217641,5.329218,,,0,0,0,ADL,1.000000
Subject 3/ADL/09.mp4#f100-163,Subject 3/ADL/09.mp4,3,gmdcsa24,0,100,163,3.351710,5.463287,,,0,0,0,ADL,1.000000
Subject 3/ADL/09.mp4#f104-167,Subject 3/ADL/09.mp4,3,gmdcsa24,0,104,167,3.485778,5.597355,,,0,0,0,ADL,1.000000
Subject 3/ADL/09.mp4#f108-171,Subject 3/ADL/09.mp4,3,gmdcsa24,0,108,171,3.619846,5.731424,,,0,0,0,ADL,1.000000
Subject 3/ADL/09.mp4#f112-175,Subject 3/ADL/09.mp4,3,gmdcsa24,0,112,175,3.753915,5.865492,,,0,0,0,ADL,1.000000
Subject 3/ADL/09.mp4#f116-179,Subject 3/ADL/09.mp4,3,gmdcsa24,0,116,179,3.887983,5.999560,,,0,0,0,ADL,1.000000
Subject 3/ADL/09.mp4#f120-183,Subject 3/ADL/09.mp4,3,gmdcsa24,0,120,183,4.022052,6.133629,,,0,0,0,ADL,1.000000
Subject 3/ADL/09.mp4#f124-187,Subject 3/ADL/09.mp4,3,gmdcsa24,0,124,187,4.156120,6.267697,,,0,0,0,ADL,1.000000
Subject 3/ADL/09.mp4#f128-191,Subject 3/ADL/09.mp4,3,gmdcsa24,0,128,191,4.290188,6.401765,,,0,0,0,ADL,1.000000
Subject 3/ADL/09.mp4#f132-195,Subject 3/ADL/09.mp4,3,gmdcsa24,0,132,195,4.424257,6.535834,,,0,0,0,ADL,1.000000
Subject 3/ADL/09.mp4#f136-199,Subject 3/ADL/09.mp4,3,gmdcsa24,0,136,199,4.558325,6.669902,,,0,0,0,ADL,1.000000
Subject 3/ADL/09.mp4#f140-203,Subject 3/ADL/09.mp4,3,gmdcsa24,0,140,203,4.692394,6.803971,,,0,0,0,ADL,1.000000
Subject 3/ADL/09.mp4#f144-207,Subject 3/ADL/09.mp4,3,gmdcsa24,0,144,207,4.826462,6.938039,,,0,0,0,ADL,1.000000
Subject 3/ADL/09.mp4#f148-211,Subject 3/ADL/09.mp4,3,gmdcsa24,0,148,211,4.960530,7.072107,,,0,0,0,ADL,1.000000
Subject 3/ADL/09.mp4#f152-215,Subject 3/ADL/09.mp4,3,gmdcsa24,0,152,215,5.094599,7.206176,,,0,0,0,ADL,1.000000
Subject 3/ADL/09.mp4#f156-219,Subject 3/ADL/09.mp4,3,gmdcsa24,0,156,219,5.228667,7.340244,,,0,0,0,ADL,1.000000
Subject 3/ADL/09.mp4#f160-223,Subject 3/ADL/09.mp4,3,gmdcsa24,0,160,223,5.362735,7.474313,,,0,0,0,ADL,1.000000
Subject 3/ADL/09.mp4#f164-227,Subject 3/ADL/09.mp4,3,gmdcsa24,0,164,227,5.496804,7.608381,,,0,0,0,ADL,1.000000
Subject 3/ADL/09.mp4#f168-231,Subject 3/ADL/09.mp4,3,gmdcsa24,0,168,231,5.630872,7.742449,,,0,0,0,ADL,1.000000
Subject 3/ADL/10.mp4#f0-63,Subject 3/ADL/10.mp4,3,gmdcsa24,0,0,63,0.000000,2.111360,,,0,0,0,ADL,1.000000
Subject 3/ADL/10.mp4#f4-67,Subject 3/ADL/10.mp4,3,gmdcsa24,0,4,67,0.134055,2.245415,,,0,0,0,ADL,1.000000
Subject 3/ADL/10.mp4#f8-71,Subject 3/ADL/10.mp4,3,gmdcsa24,0,8,71,0.268109,2.379470,,,0,0,0,ADL,1.000000
Subject 3/ADL/10.mp4#f12-75,Subject 3/ADL/10.mp4,3,gmdcsa24,0,12,75,0.402164,2.513524,,,0,0,0,ADL,1.000000
Subject 3/ADL/10.mp4#f16-79,Subject 3/ADL/10.mp4,3,gmdcsa24,0,16,79,0.536218,2.647579,,,0,0,0,ADL,1.000000
Subject 3/ADL/10.mp4#f20-83,Subject 3/ADL/10.mp4,3,gmdcsa24,0,20,83,0.670273,2.781633,,,0,0,0,ADL,1.000000
Subject 3/ADL/10.mp4#f24-87,Subject 3/ADL/10.mp4,3,gmdcsa24,0,24,87,0.804328,2.915688,,,0,0,0,ADL,1.000000
Subject 3/ADL/10.mp4#f28-91,Subject 3/ADL/10.mp4,3,gmdcsa24,0,28,91,0.938382,3.049743,,,0,0,0,ADL,1.000000
Subject 3/ADL/10.mp4#f32-95,Subject 3/ADL/10.mp4,3,gmdcsa24,0,32,95,1.072437,3.183797,,,0,0,0,ADL,1.000000
Subject 3/ADL/10.mp4#f36-99,Subject 3/ADL/10.mp4,3,gmdcsa24,0,36,99,1.206492,3.317852,,,0,0,0,ADL,1.000000
Subject 3/ADL/10.mp4#f40-103,Subject 3/ADL/10.mp4,3,gmdcsa24,0,40,103,1.340546,3.451907,,,0,0,0,ADL,1.000000
Subject 3/ADL/10.mp4#f44-107,Subject 3/ADL/10.mp4,3,gmdcsa24,0,44,107,1.474601,3.585961,,,0,0,0,ADL,1.000000
Subject 3/ADL/10.mp4#f48-111,Subject 3/ADL/10.mp4,3,gmdcsa24,0,48,111,1.608655,3.720016,,,0,0,0,ADL,1.000000
Subject 3/ADL/10.mp4#f52-115,Subject 3/ADL/10.mp4,3,gmdcsa24,0,52,115,1.742710,3.854070,,,0,0,0,ADL,1.000000
Subject 3/ADL/10.mp4#f56-119,Subject 3/ADL/10.mp4,3,gmdcsa24,0,56,119,1.876765,3.988125,,,0,0,0,ADL,1.000000
Subject 3/ADL/10.mp4#f60-123,Subject 3/ADL/10.mp4,3,gmdcsa24,0,60,123,2.010819,4.122180,,,0,0,0,ADL,1.000000
Subject 3/ADL/10.mp4#f64-127,Subject 3/ADL/10.mp4,3,gmdcsa24,0,64,127,2.144874,4.256234,,,0,0,0,ADL,1.000000
Subject 3/ADL/10.mp4#f68-131,Subject 3/ADL/10.mp4,3,gmdcsa24,0,68,131,2.278929,4.390289,,,0,0,0,ADL,1.000000
Subject 3/ADL/10.mp4#f72-135,Subject 3/ADL/10.mp4,3,gmdcsa24,0,72,135,2.412983,4.524344,,,0,0,0,ADL,1.000000
Subject 3/ADL/10.mp4#f76-139,Subject 3/ADL/10.mp4,3,gmdcsa24,0,76,139,2.547038,4.658398,,,0,0,0,ADL,1.000000
Subject 3/ADL/10.mp4#f80-143,Subject 3/ADL/10.mp4,3,gmdcsa24,0,80,143,2.681092,4.792453,,,0,0,0,ADL,1.000000
Subject 3/ADL/10.mp4#f84-147,Subject 3/ADL/10.mp4,3,gmdcsa24,0,84,147,2.815147,4.926507,,,0,0,0,ADL,1.000000
Subject 3/ADL/10.mp4#f88-151,Subject 3/ADL/10.mp4,3,gmdcsa24,0,88,151,2.949202,5.060562,,,0,0,0,ADL,1.000000
Subject 3/ADL/10.mp4#f92-155,Subject 3/ADL/10.mp4,3,gmdcsa24,0,92,155,3.083256,5.194617,,,0,0,0,ADL,1.000000
Subject 3/ADL/10.mp4#f96-159,Subject 3/ADL/10.mp4,3,gmdcsa24,0,96,159,3.217311,5.328671,,,0,0,0,ADL,1.000000
Subject 3/ADL/10.mp4#f100-163,Subject 3/ADL/10.mp4,3,gmdcsa24,0,100,163,3.351366,5.462726,,,0,0,0,ADL,1.000000
Subject 3/ADL/10.mp4#f104-167,Subject 3/ADL/10.mp4,3,gmdcsa24,0,104,167,3.485420,5.596781,,,0,0,0,ADL,1.000000
Subject 3/ADL/10.mp4#f108-171,Subject 3/ADL/10.mp4,3,gmdcsa24,0,108,171,3.619475,5.730835,,,0,0,0,ADL,1.000000
Subject 3/ADL/10.mp4#f112-175,Subject 3/ADL/10.mp4,3,gmdcsa24,0,112,175,3.753529,5.864890,,,0,0,0,ADL,1.000000
Subject 3/ADL/10.mp4#f116-179,Subject 3/ADL/10.mp4,3,gmdcsa24,0,116,179,3.887584,5.998944,,,0,0,0,ADL,1.000000
Subject 3/ADL/10.mp4#f120-183,Subject 3/ADL/10.mp4,3,gmdcsa24,0,120,183,4.021639,6.132999,,,0,0,0,ADL,1.000000
Subject 3/ADL/10.mp4#f124-187,Subject 3/ADL/10.mp4,3,gmdcsa24,0,124,187,4.155693,6.267054,,,0,0,0,ADL,1.000000
Subject 3/ADL/10.mp4#f128-191,Subject 3/ADL/10.mp4,3,gmdcsa24,0,128,191,4.289748,6.401108,,,0,0,0,ADL,1.000000
Subject 3/ADL/10.mp4#f132-195,Subject 3/ADL/10.mp4,3,gmdcsa24,0,132,195,4.423803,6.535163,,,0,0,0,ADL,1.000000
Subject 3/ADL/10.mp4#f136-199,Subject 3/ADL/10.mp4,3,gmdcsa24,0,136,199,4.557857,6.669218,,,0,0,0,ADL,1.000000
Subject 3/ADL/10.mp4#f140-203,Subject 3/ADL/10.mp4,3,gmdcsa24,0,140,203,4.691912,6.803272,,,0,0,0,ADL,1.000000
Subject 3/ADL/10.mp4#f144-207,Subject 3/ADL/10.mp4,3,gmdcsa24,0,144,207,4.825966,6.937327,,,0,0,0,ADL,1.000000
Subject 3/ADL/10.mp4#f148-211,Subject 3/ADL/10.mp4,3,gmdcsa24,0,148,211,4.960021,7.071381,,,0,0,0,ADL,1.000000
Subject 3/ADL/10.mp4#f152-215,Subject 3/ADL/10.mp4,3,gmdcsa24,0,152,215,5.094076,7.205436,,,0,0,0,ADL,1.000000
Subject 3/ADL/10.mp4#f156-219,Subject 3/ADL/10.mp4,3,gmdcsa24,0,156,219,5.228130,7.339491,,,0,0,0,ADL,1.000000
Subject 3/ADL/10.mp4#f160-223,Subject 3/ADL/10.mp4,3,gmdcsa24,0,160,223,5.362185,7.473545,,,0,0,0,ADL,1.000000
Subject 3/ADL/10.mp4#f164-227,Subject 3/ADL/10.mp4,3,gmdcsa24,0,164,227,5.496240,7.607600,,,0,0,0,ADL,1.000000
Subject 3/ADL/10.mp4#f168-231,Subject 3/ADL/10.mp4,3,gmdcsa24,0,168,231,5.630294,7.741654,,,0,0,0,ADL,1.000000
Subject 3/ADL/10.mp4#f172-235,Subject 3/ADL/10.mp4,3,gmdcsa24,0,172,235,5.764349,7.875709,,,0,0,0,ADL,1.000000
Subject 3/ADL/10.mp4#f176-239,Subject 3/ADL/10.mp4,3,gmdcsa24,0,176,239,5.898403,8.009764,,,0,0,0,ADL,1.000000
Subject 3/ADL/10.mp4#f180-243,Subject 3/ADL/10.mp4,3,gmdcsa24,0,180,243,6.032458,8.143818,,,0,0,0,ADL,1.000000
Subject 3/ADL/10.mp4#f184-247,Subject 3/ADL/10.mp4,3,gmdcsa24,0,184,247,6.166513,8.277873,,,0,0,0,ADL,1.000000
Subject 3/ADL/10.mp4#f188-251,Subject 3/ADL/10.mp4,3,gmdcsa24,0,188,251,6.300567,8.411928,,,0,0,0,ADL,1.000000
Subject 3/ADL/10.mp4#f192-255,Subject 3/ADL/10.mp4,3,gmdcsa24,0,192,255,6.434622,8.545982,,,0,0,0,ADL,1.000000
Subject 3/ADL/10.mp4#f196-259,Subject 3/ADL/10.mp4,3,gmdcsa24,0,196,259,6.568677,8.680037,,,0,0,0,ADL,1.000000
Subject 3/ADL/10.mp4#f200-263,Subject 3/ADL/10.mp4,3,gmdcsa24,0,200,263,6.702731,8.814091,,,0,0,0,ADL,1.000000
Subject 3/ADL/10.mp4#f204-267,Subject 3/ADL/10.mp4,3,gmdcsa24,0,204,267,6.836786,8.948146,,,0,0,0,ADL,1.000000
Subject 3/ADL/10.mp4#f208-271,Subject 3/ADL/10.mp4,3,gmdcsa24,0,208,271,6.970840,9.082201,,,0,0,0,ADL,1.000000
Subject 3/ADL/10.mp4#f212-275,Subject 3/ADL/10.mp4,3,gmdcsa24,0,212,275,7.104895,9.216255,,,0,0,0,ADL,1.000000
Subject 3/ADL/10.mp4#f216-279,Subject 3/ADL/10.mp4,3,gmdcsa24,0,216,279,7.238950,9.350310,,,0,0,0,ADL,1.000000
Subject 3/ADL/10.mp4#f220-283,Subject 3/ADL/10.mp4,3,gmdcsa24,0,220,283,7.373004,9.484365,,,0,0,0,ADL,1.000000
Subject 3/ADL/10.mp4#f224-287,Subject 3/ADL/10.mp4,3,gmdcsa24,0,224,287,7.507059,9.618419,,,0,0,0,ADL,1.000000
Subject 3/ADL/10.mp4#f228-291,Subject 3/ADL/10.mp4,3,gmdcsa24,0,228,291,7.641114,9.752474,,,0,0,0,ADL,1.000000
Subject 3/ADL/10.mp4#f232-295,Subject 3/ADL/10.mp4,3,gmdcsa24,0,232,295,7.775168,9.886528,,,0,0,0,ADL,1.000000
Subject 3/ADL/10.mp4#f236-299,Subject 3/ADL/10.mp4,3,gmdcsa24,0,236,299,7.909223,10.020583,,,0,0,0,ADL,1.000000
Subject 3/ADL/10.mp4#f240-303,Subject 3/ADL/10.mp4,3,gmdcsa24,0,240,303,8.043277,10.154638,,,0,0,0,ADL,1.000000
Subject 3/ADL/10.mp4#f244-307,Subject 3/ADL/10.mp4,3,gmdcsa24,0,244,307,8.177332,10.288692,,,0,0,0,ADL,1.000000
Subject 3/ADL/10.mp4#f248-311,Subject 3/ADL/10.mp4,3,gmdcsa24,0,248,311,8.311387,10.422747,,,0,0,0,ADL,1.000000
Subject 3/ADL/10.mp4#f252-315,Subject 3/ADL/10.mp4,3,gmdcsa24,0,252,315,8.445441,10.556802,,,0,0,0,ADL,1.000000
Subject 3/ADL/10.mp4#f256-319,Subject 3/ADL/10.mp4,3,gmdcsa24,0,256,319,8.579496,10.690856,,,0,0,0,ADL,1.000000
Subject 3/ADL/10.mp4#f260-323,Subject 3/ADL/10.mp4,3,gmdcsa24,0,260,323,8.713551,10.824911,,,0,0,0,ADL,1.000000
Subject 3/ADL/10.mp4#f264-327,Subject 3/ADL/10.mp4,3,gmdcsa24,0,264,327,8.847605,10.958965,,,0,0,0,ADL,1.000000
Subject 3/ADL/10.mp4#f268-331,Subject 3/ADL/10.mp4,3,gmdcsa24,0,268,331,8.981660,11.093020,,,0,0,0,ADL,1.000000
Subject 3/ADL/10.mp4#f272-335,Subject 3/ADL/10.mp4,3,gmdcsa24,0,272,335,9.115714,11.227075,,,0,0,0,ADL,1.000000
Subject 3/ADL/10.mp4#f276-339,Subject 3/ADL/10.mp4,3,gmdcsa24,0,276,339,9.249769,11.361129,,,0,0,0,ADL,1.000000
Subject 3/ADL/10.mp4#f280-343,Subject 3/ADL/10.mp4,3,gmdcsa24,0,280,343,9.383824,11.495184,,,0,0,0,ADL,1.000000
Subject 3/ADL/10.mp4#f284-347,Subject 3/ADL/10.mp4,3,gmdcsa24,0,284,347,9.517878,11.629239,,,0,0,0,ADL,1.000000
Subject 3/ADL/10.mp4#f288-351,Subject 3/ADL/10.mp4,3,gmdcsa24,0,288,351,9.651933,11.763293,,,0,0,0,ADL,1.000000
Subject 3/ADL/10.mp4#f292-355,Subject 3/ADL/10.mp4,3,gmdcsa24,0,292,355,9.785987,11.897348,,,0,0,0,ADL,1.000000
Subject 3/ADL/10.mp4#f296-359,Subject 3/ADL/10.mp4,3,gmdcsa24,0,296,359,9.920042,12.031402,,,0,0,0,ADL,1.000000
Subject 3/ADL/10.mp4#f300-363,Subject 3/ADL/10.mp4,3,gmdcsa24,0,300,363,10.054097,12.165457,,,0,0,0,ADL,1.000000
Subject 3/ADL/10.mp4#f304-367,Subject 3/ADL/10.mp4,3,gmdcsa24,0,304,367,10.188151,12.299512,,,0,0,0,ADL,1.000000
Subject 3/ADL/11.mp4#f0-63,Subject 3/ADL/11.mp4,3,gmdcsa24,0,0,63,0.000000,2.108406,,,0,0,0,ADL,1.000000
Subject 3/ADL/11.mp4#f4-67,Subject 3/ADL/11.mp4,3,gmdcsa24,0,4,67,0.133867,2.242273,,,0,0,0,ADL,1.000000
Subject 3/ADL/11.mp4#f8-71,Subject 3/ADL/11.mp4,3,gmdcsa24,0,8,71,0.267734,2.376140,,,0,0,0,ADL,1.000000
Subject 3/ADL/11.mp4#f12-75,Subject 3/ADL/11.mp4,3,gmdcsa24,0,12,75,0.401601,2.510007,,,0,0,0,ADL,1.000000
Subject 3/ADL/11.mp4#f16-79,Subject 3/ADL/11.mp4,3,gmdcsa24,0,16,79,0.535468,2.643874,,,0,0,0,ADL,1.000000
Subject 3/ADL/11.mp4#f20-83,Subject 3/ADL/11.mp4,3,gmdcsa24,0,20,83,0.669335,2.777741,,,0,0,0,ADL,1.000000
Subject 3/ADL/11.mp4#f24-87,Subject 3/ADL/11.mp4,3,gmdcsa24,0,24,87,0.803202,2.911608,,,0,0,0,ADL,1.000000
Subject 3/ADL/11.mp4#f28-91,Subject 3/ADL/11.mp4,3,gmdcsa24,0,28,91,0.937069,3.045475,,,0,0,0,ADL,1.000000
Subject 3/ADL/11.mp4#f32-95,Subject 3/ADL/11.mp4,3,gmdcsa24,0,32,95,1.070936,3.179342,,,0,0,0,ADL,1.000000
Subject 3/ADL/11.mp4#f36-99,Subject 3/ADL/11.mp4,3,gmdcsa24,0,36,99,1.204803,3.313209,,,0,0,0,ADL,1.000000
Subject 3/ADL/11.mp4#f40-103,Subject 3/ADL/11.mp4,3,gmdcsa24,0,40,103,1.338670,3.447076,,,0,0,0,ADL,1.000000
Subject 3/ADL/11.mp4#f44-107,Subject 3/ADL/11.mp4,3,gmdcsa24,0,44,107,1.472537,3.580943,,,0,0,0,ADL,1.000000
Subject 3/ADL/11.mp4#f48-111,Subject 3/ADL/11.mp4,3,gmdcsa24,0,48,111,1.606404,3.714810,,,0,0,0,ADL,1.000000
Subject 3/ADL/11.mp4#f52-115,Subject 3/ADL/11.mp4,3,gmdcsa24,0,52,115,1.740271,3.848677,,,0,0,0,ADL,1.000000
Subject 3/ADL/11.mp4#f56-119,Subject 3/ADL/11.mp4,3,gmdcsa24,0,56,119,1.874138,3.982544,,,0,0,0,ADL,1.000000
Subject 3/ADL/11.mp4#f60-123,Subject 3/ADL/11.mp4,3,gmdcsa24,0,60,123,2.008006,4.116411,,,0,0,0,ADL,1.000000
Subject 3/ADL/11.mp4#f64-127,Subject 3/ADL/11.mp4,3,gmdcsa24,0,64,127,2.141873,4.250278,,,0,0,0,ADL,1.000000
Subject 3/ADL/11.mp4#f68-131,Subject 3/ADL/11.mp4,3,gmdcsa24,0,68,131,2.275740,4.384145,,,0,0,0,ADL,1.000000
Subject 3/ADL/11.mp4#f72-135,Subject 3/ADL/11.mp4,3,gmdcsa24,0,72,135,2.409607,4.518012,,,0,0,0,ADL,1.000000
Subject 3/ADL/11.mp4#f76-139,Subject 3/ADL/11.mp4,3,gmdcsa24,0,76,139,2.543474,4.651879,,,0,0,0,ADL,1.000000
Subject 3/ADL/11.mp4#f80-143,Subject 3/ADL/11.mp4,3,gmdcsa24,0,80,143,2.677341,4.785746,,,0,0,0,ADL,1.000000
Subject 3/ADL/11.mp4#f84-147,Subject 3/ADL/11.mp4,3,gmdcsa24,0,84,147,2.811208,4.919614,,,0,0,0,ADL,1.000000
Subject 3/ADL/11.mp4#f88-151,Subject 3/ADL/11.mp4,3,gmdcsa24,0,88,151,2.945075,5.053481,,,0,0,0,ADL,1.000000
Subject 3/ADL/11.mp4#f92-155,Subject 3/ADL/11.mp4,3,gmdcsa24,0,92,155,3.078942,5.187348,,,0,0,0,ADL,1.000000
Subject 3/ADL/11.mp4#f96-159,Subject 3/ADL/11.mp4,3,gmdcsa24,0,96,159,3.212809,5.321215,,,0,0,0,ADL,1.000000
Subject 3/ADL/11.mp4#f100-163,Subject 3/ADL/11.mp4,3,gmdcsa24,0,100,163,3.346676,5.455082,,,0,0,0,ADL,1.000000
Subject 3/ADL/11.mp4#f104-167,Subject 3/ADL/11.mp4,3,gmdcsa24,0,104,167,3.480543,5.588949,,,0,0,0,ADL,1.000000
Subject 3/ADL/11.mp4#f108-171,Subject 3/ADL/11.mp4,3,gmdcsa24,0,108,171,3.614410,5.722816,,,0,0,0,ADL,1.000000
Subject 3/ADL/11.mp4#f112-175,Subject 3/ADL/11.mp4,3,gmdcsa24,0,112,175,3.748277,5.856683,,,0,0,0,ADL,1.000000
Subject 3/ADL/11.mp4#f116-179,Subject 3/ADL/11.mp4,3,gmdcsa24,0,116,179,3.882144,5.990550,,,0,0,0,ADL,1.000000
Subject 3/ADL/11.mp4#f120-183,Subject 3/ADL/11.mp4,3,gmdcsa24,0,120,183,4.016011,6.124417,,,0,0,0,ADL,1.000000
Subject 3/ADL/11.mp4#f124-187,Subject 3/ADL/11.mp4,3,gmdcsa24,0,124,187,4.149878,6.258284,,,0,0,0,ADL,1.000000
Subject 3/ADL/11.mp4#f128-191,Subject 3/ADL/11.mp4,3,gmdcsa24,0,128,191,4.283745,6.392151,,,0,0,0,ADL,1.000000
Subject 3/ADL/11.mp4#f132-195,Subject 3/ADL/11.mp4,3,gmdcsa24,0,132,195,4.417612,6.526018,,,0,0,0,ADL,1.000000
Subject 3/ADL/11.mp4#f136-199,Subject 3/ADL/11.mp4,3,gmdcsa24,0,136,199,4.551479,6.659885,,,0,0,0,ADL,1.000000
Subject 3/ADL/11.mp4#f140-203,Subject 3/ADL/11.mp4,3,gmdcsa24,0,140,203,4.685346,6.793752,,,0,0,0,ADL,1.000000
Subject 3/ADL/11.mp4#f144-207,Subject 3/ADL/11.mp4,3,gmdcsa24,0,144,207,4.819213,6.927619,,,0,0,0,ADL,1.000000
Subject 3/ADL/11.mp4#f148-211,Subject 3/ADL/11.mp4,3,gmdcsa24,0,148,211,4.953080,7.061486,,,0,0,0,ADL,1.000000
Subject 3/ADL/11.mp4#f152-215,Subject 3/ADL/11.mp4,3,gmdcsa24,0,152,215,5.086947,7.195353,,,0,0,0,ADL,1.000000
Subject 3/ADL/11.mp4#f156-219,Subject 3/ADL/11.mp4,3,gmdcsa24,0,156,219,5.220814,7.329220,,,0,0,0,ADL,1.000000
Subject 3/ADL/11.mp4#f160-223,Subject 3/ADL/11.mp4,3,gmdcsa24,0,160,223,5.354681,7.463087,,,0,0,0,ADL,1.000000
Subject 3/ADL/11.mp4#f164-227,Subject 3/ADL/11.mp4,3,gmdcsa24,0,164,227,5.488548,7.596954,,,0,0,0,ADL,1.000000
Subject 3/ADL/11.mp4#f168-231,Subject 3/ADL/11.mp4,3,gmdcsa24,0,168,231,5.622415,7.730821,,,0,0,0,ADL,1.000000
Subject 3/ADL/11.mp4#f172-235,Subject 3/ADL/11.mp4,3,gmdcsa24,0,172,235,5.756283,7.864688,,,0,0,0,ADL,1.000000
Subject 3/ADL/11.mp4#f176-239,Subject 3/ADL/11.mp4,3,gmdcsa24,0,176,239,5.890150,7.998555,,,0,0,0,ADL,1.000000
Subject 3/ADL/11.mp4#f180-243,Subject 3/ADL/11.mp4,3,gmdcsa24,0,180,243,6.024017,8.132422,,,0,0,0,ADL,1.000000
Subject 3/ADL/11.mp4#f184-247,Subject 3/ADL/11.mp4,3,gmdcsa24,0,184,247,6.157884,8.266289,,,0,0,0,ADL,1.000000
Subject 3/ADL/11.mp4#f188-251,Subject 3/ADL/11.mp4,3,gmdcsa24,0,188,251,6.291751,8.400156,,,0,0,0,ADL,1.000000
Subject 3/ADL/11.mp4#f192-255,Subject 3/ADL/11.mp4,3,gmdcsa24,0,192,255,6.425618,8.534023,,,0,0,0,ADL,1.000000
Subject 3/ADL/11.mp4#f196-259,Subject 3/ADL/11.mp4,3,gmdcsa24,0,196,259,6.559485,8.667891,,,0,0,0,ADL,1.000000
Subject 3/ADL/11.mp4#f200-263,Subject 3/ADL/11.mp4,3,gmdcsa24,0,200,263,6.693352,8.801758,,,0,0,0,ADL,1.000000
Subject 3/ADL/11.mp4#f204-267,Subject 3/ADL/11.mp4,3,gmdcsa24,0,204,267,6.827219,8.935625,,,0,0,0,ADL,1.000000
Subject 3/ADL/11.mp4#f208-271,Subject 3/ADL/11.mp4,3,gmdcsa24,0,208,271,6.961086,9.069492,,,0,0,0,ADL,1.000000
Subject 3/ADL/11.mp4#f212-275,Subject 3/ADL/11.mp4,3,gmdcsa24,0,212,275,7.094953,9.203359,,,0,0,0,ADL,1.000000
Subject 3/ADL/11.mp4#f216-279,Subject 3/ADL/11.mp4,3,gmdcsa24,0,216,279,7.228820,9.337226,,,0,0,0,ADL,1.000000
Subject 3/ADL/11.mp4#f220-283,Subject 3/ADL/11.mp4,3,gmdcsa24,0,220,283,7.362687,9.471093,,,0,0,0,ADL,1.000000
Subject 3/ADL/11.mp4#f224-287,Subject 3/ADL/11.mp4,3,gmdcsa24,0,224,287,7.496554,9.604960,,,0,0,0,ADL,1.000000
Subject 3/ADL/11.mp4#f228-291,Subject 3/ADL/11.mp4,3,gmdcsa24,0,228,291,7.630421,9.738827,,,0,0,0,ADL,1.000000
Subject 3/ADL/11.mp4#f232-295,Subject 3/ADL/11.mp4,3,gmdcsa24,0,232,295,7.764288,9.872694,,,0,0,0,ADL,1.000000
Subject 3/ADL/11.mp4#f236-299,Subject 3/ADL/11.mp4,3,gmdcsa24,0,236,299,7.898155,10.006561,,,0,0,0,ADL,1.000000
Subject 3/ADL/11.mp4#f240-303,Subject 3/ADL/11.mp4,3,gmdcsa24,0,240,303,8.032022,10.140428,,,0,0,0,ADL,1.000000
Subject 3/ADL/11.mp4#f244-307,Subject 3/ADL/11.mp4,3,gmdcsa24,0,244,307,8.165889,10.274295,,,0,0,0,ADL,1.000000
Subject 3/ADL/11.mp4#f248-311,Subject 3/ADL/11.mp4,3,gmdcsa24,0,248,311,8.299756,10.408162,,,0,0,0,ADL,1.000000
Subject 3/ADL/11.mp4#f252-315,Subject 3/ADL/11.mp4,3,gmdcsa24,0,252,315,8.433623,10.542029,,,0,0,0,ADL,1.000000
Subject 3/ADL/11.mp4#f256-319,Subject 3/ADL/11.mp4,3,gmdcsa24,0,256,319,8.567490,10.675896,,,0,0,0,ADL,1.000000
Subject 3/ADL/11.mp4#f260-323,Subject 3/ADL/11.mp4,3,gmdcsa24,0,260,323,8.701357,10.809763,,,0,0,0,ADL,1.000000
Subject 3/ADL/11.mp4#f264-327,Subject 3/ADL/11.mp4,3,gmdcsa24,0,264,327,8.835224,10.943630,,,0,0,0,ADL,1.000000
Subject 3/ADL/11.mp4#f268-331,Subject 3/ADL/11.mp4,3,gmdcsa24,0,268,331,8.969091,11.077497,,,0,0,0,ADL,1.000000
Subject 3/ADL/11.mp4#f272-335,Subject 3/ADL/11.mp4,3,gmdcsa24,0,272,335,9.102958,11.211364,,,0,0,0,ADL,1.000000
Subject 3/ADL/11.mp4#f276-339,Subject 3/ADL/11.mp4,3,gmdcsa24,0,276,339,9.236825,11.345231,,,0,0,0,ADL,1.000000
Subject 3/ADL/11.mp4#f280-343,Subject 3/ADL/11.mp4,3,gmdcsa24,0,280,343,9.370692,11.479098,,,0,0,0,ADL,1.000000
Subject 3/ADL/11.mp4#f284-347,Subject 3/ADL/11.mp4,3,gmdcsa24,0,284,347,9.504559,11.612965,,,0,0,0,ADL,1.000000
Subject 3/ADL/11.mp4#f288-351,Subject 3/ADL/11.mp4,3,gmdcsa24,0,288,351,9.638427,11.746832,,,0,0,0,ADL,1.000000
Subject 3/ADL/11.mp4#f292-355,Subject 3/ADL/11.mp4,3,gmdcsa24,0,292,355,9.772294,11.880699,,,0,0,0,ADL,1.000000
Subject 3/ADL/11.mp4#f296-359,Subject 3/ADL/11.mp4,3,gmdcsa24,0,296,359,9.906161,12.014566,,,0,0,0,ADL,1.000000
Subject 3/ADL/12.mp4#f0-63,Subject 3/ADL/12.mp4,3,gmdcsa24,0,0,63,0.000000,4.202625,,,0,0,0,ADL,1.000000
Subject 3/ADL/12.mp4#f4-67,Subject 3/ADL/12.mp4,3,gmdcsa24,0,4,67,0.266833,4.469458,,,0,0,0,ADL,1.000000
Subject 3/ADL/12.mp4#f8-71,Subject 3/ADL/12.mp4,3,gmdcsa24,0,8,71,0.533667,4.736292,,,0,0,0,ADL,1.000000
Subject 3/ADL/12.mp4#f12-75,Subject 3/ADL/12.mp4,3,gmdcsa24,0,12,75,0.800500,5.003125,,,0,0,0,ADL,1.000000
Subject 3/ADL/12.mp4#f16-79,Subject 3/ADL/12.mp4,3,gmdcsa24,0,16,79,1.067333,5.269958,,,0,0,0,ADL,1.000000
Subject 3/ADL/12.mp4#f20-83,Subject 3/ADL/12.mp4,3,gmdcsa24,0,20,83,1.334167,5.536792,,,0,0,0,ADL,1.000000
Subject 3/ADL/12.mp4#f24-87,Subject 3/ADL/12.mp4,3,gmdcsa24,0,24,87,1.601000,5.803625,,,0,0,0,ADL,1.000000
Subject 3/ADL/12.mp4#f28-91,Subject 3/ADL/12.mp4,3,gmdcsa24,0,28,91,1.867833,6.070458,,,0,0,0,ADL,1.000000
Subject 3/ADL/12.mp4#f32-95,Subject 3/ADL/12.mp4,3,gmdcsa24,0,32,95,2.134667,6.337292,,,0,0,0,ADL,1.000000
Subject 3/ADL/12.mp4#f36-99,Subject 3/ADL/12.mp4,3,gmdcsa24,0,36,99,2.401500,6.604125,,,0,0,0,ADL,1.000000
Subject 3/ADL/12.mp4#f40-103,Subject 3/ADL/12.mp4,3,gmdcsa24,0,40,103,2.668333,6.870958,,,0,0,0,ADL,1.000000
Subject 3/ADL/12.mp4#f44-107,Subject 3/ADL/12.mp4,3,gmdcsa24,0,44,107,2.935167,7.137792,,,0,0,0,ADL,1.000000
Subject 3/ADL/12.mp4#f48-111,Subject 3/ADL/12.mp4,3,gmdcsa24,0,48,111,3.202000,7.404625,,,0,0,0,ADL,1.000000
Subject 3/ADL/12.mp4#f52-115,Subject 3/ADL/12.mp4,3,gmdcsa24,0,52,115,3.468833,7.671458,,,0,0,0,ADL,1.000000
Subject 3/ADL/12.mp4#f56-119,Subject 3/ADL/12.mp4,3,gmdcsa24,0,56,119,3.735667,7.938292,,,0,0,0,ADL,1.000000
Subject 3/ADL/12.mp4#f60-123,Subject 3/ADL/12.mp4,3,gmdcsa24,0,60,123,4.002500,8.205125,,,0,0,0,ADL,1.000000
Subject 3/ADL/12.mp4#f64-127,Subject 3/ADL/12.mp4,3,gmdcsa24,0,64,127,4.269333,8.471958,,,0,0,0,ADL,1.000000
Subject 3/ADL/12.mp4#f68-131,Subject 3/ADL/12.mp4,3,gmdcsa24,0,68,131,4.536167,8.738792,,,0,0,0,ADL,1.000000
Subject 3/ADL/12.mp4#f72-135,Subject 3/ADL/12.mp4,3,gmdcsa24,0,72,135,4.803000,9.005625,,,0,0,0,ADL,1.000000
Subject 3/ADL/12.mp4#f76-139,Subject 3/ADL/12.mp4,3,gmdcsa24,0,76,139,5.069833,9.272458,,,0,0,0,ADL,1.000000
Subject 3/ADL/12.mp4#f80-143,Subject 3/ADL/12.mp4,3,gmdcsa24,0,80,143,5.336667,9.539292,,,0,0,0,ADL,1.000000
Subject 3/ADL/12.mp4#f84-147,Subject 3/ADL/12.mp4,3,gmdcsa24,0,84,147,5.603500,9.806125,,,0,0,0,ADL,1.000000
Subject 3/ADL/12.mp4#f88-151,Subject 3/ADL/12.mp4,3,gmdcsa24,0,88,151,5.870333,10.072958,,,0,0,0,ADL,1.000000
Subject 3/ADL/12.mp4#f92-155,Subject 3/ADL/12.mp4,3,gmdcsa24,0,92,155,6.137167,10.339791,,,0,0,0,ADL,1.000000
Subject 3/ADL/12.mp4#f96-159,Subject 3/ADL/12.mp4,3,gmdcsa24,0,96,159,6.404000,10.606625,,,0,0,0,ADL,1.000000
Subject 3/ADL/13.mp4#f0-63,Subject 3/ADL/13.mp4,3,gmdcsa24,0,0,63,0.000000,4.187804,,,0,0,0,ADL,1.000000
Subject 3/ADL/13.mp4#f4-67,Subject 3/ADL/13.mp4,3,gmdcsa24,0,4,67,0.265892,4.453696,,,0,0,0,ADL,1.000000
Subject 3/ADL/13.mp4#f8-71,Subject 3/ADL/13.mp4,3,gmdcsa24,0,8,71,0.531785,4.719588,,,0,0,0,ADL,1.000000
Subject 3/ADL/13.mp4#f12-75,Subject 3/ADL/13.mp4,3,gmdcsa24,0,12,75,0.797677,4.985481,,,0,0,0,ADL,1.000000
Subject 3/ADL/13.mp4#f16-79,Subject 3/ADL/13.mp4,3,gmdcsa24,0,16,79,1.063569,5.251373,,,0,0,0,ADL,1.000000
Subject 3/ADL/13.mp4#f20-83,Subject 3/ADL/13.mp4,3,gmdcsa24,0,20,83,1.329462,5.517265,,,0,0,0,ADL,1.000000
Subject 3/ADL/13.mp4#f24-87,Subject 3/ADL/13.mp4,3,gmdcsa24,0,24,87,1.595354,5.783158,,,0,0,0,ADL,1.000000
Subject 3/ADL/13.mp4#f28-91,Subject 3/ADL/13.mp4,3,gmdcsa24,0,28,91,1.861246,6.049050,,,0,0,0,ADL,1.000000
Subject 3/ADL/13.mp4#f32-95,Subject 3/ADL/13.mp4,3,gmdcsa24,0,32,95,2.127138,6.314942,,,0,0,0,ADL,1.000000
Subject 3/ADL/13.mp4#f36-99,Subject 3/ADL/13.mp4,3,gmdcsa24,0,36,99,2.393031,6.580834,,,0,0,0,ADL,1.000000
Subject 3/ADL/13.mp4#f40-103,Subject 3/ADL/13.mp4,3,gmdcsa24,0,40,103,2.658923,6.846727,,,0,0,0,ADL,1.000000
Subject 3/ADL/13.mp4#f44-107,Subject 3/ADL/13.mp4,3,gmdcsa24,0,44,107,2.924815,7.112619,,,0,0,0,ADL,1.000000
Subject 3/ADL/13.mp4#f48-111,Subject 3/ADL/13.mp4,3,gmdcsa24,0,48,111,3.190708,7.378511,,,0,0,0,ADL,1.000000
Subject 3/ADL/13.mp4#f52-115,Subject 3/ADL/13.mp4,3,gmdcsa24,0,52,115,3.456600,7.644404,,,0,0,0,ADL,1.000000
Subject 3/ADL/13.mp4#f56-119,Subject 3/ADL/13.mp4,3,gmdcsa24,0,56,119,3.722492,7.910296,,,0,0,0,ADL,1.000000
Subject 3/ADL/13.mp4#f60-123,Subject 3/ADL/13.mp4,3,gmdcsa24,0,60,123,3.988385,8.176188,,,0,0,0,ADL,1.000000
Subject 3/ADL/13.mp4#f64-127,Subject 3/ADL/13.mp4,3,gmdcsa24,0,64,127,4.254277,8.442081,,,0,0,0,ADL,1.000000
Subject 3/ADL/14.mp4#f0-63,Subject 3/ADL/14.mp4,3,gmdcsa24,0,0,63,0.000000,4.199511,,,0,0,0,ADL,1.000000
Subject 3/ADL/14.mp4#f4-67,Subject 3/ADL/14.mp4,3,gmdcsa24,0,4,67,0.266636,4.466146,,,0,0,0,ADL,1.000000
Subject 3/ADL/14.mp4#f8-71,Subject 3/ADL/14.mp4,3,gmdcsa24,0,8,71,0.533271,4.732782,,,0,0,0,ADL,1.000000
Subject 3/ADL/14.mp4#f12-75,Subject 3/ADL/14.mp4,3,gmdcsa24,0,12,75,0.799907,4.999417,,,0,0,0,ADL,1.000000
Subject 3/ADL/14.mp4#f16-79,Subject 3/ADL/14.mp4,3,gmdcsa24,0,16,79,1.066542,5.266053,,,0,0,0,ADL,1.000000
Subject 3/ADL/14.mp4#f20-83,Subject 3/ADL/14.mp4,3,gmdcsa24,0,20,83,1.333178,5.532689,,,0,0,0,ADL,1.000000
Subject 3/ADL/14.mp4#f24-87,Subject 3/ADL/14.mp4,3,gmdcsa24,0,24,87,1.599814,5.799324,,,0,0,0,ADL,1.000000
Subject 3/ADL/14.mp4#f28-91,Subject 3/ADL/14.mp4,3,gmdcsa24,0,28,91,1.866449,6.065960,,,0,0,0,ADL,1.000000
Subject 3/ADL/14.mp4#f32-95,Subject 3/ADL/14.mp4,3,gmdcsa24,0,32,95,2.133085,6.332595,,,0,0,0,ADL,1.000000
Subject 3/ADL/14.mp4#f36-99,Subject 3/ADL/14.mp4,3,gmdcsa24,0,36,99,2.399720,6.599231,,,0,0,0,ADL,1.000000
Subject 3/ADL/14.mp4#f40-103,Subject 3/ADL/14.mp4,3,gmdcsa24,0,40,103,2.666356,6.865867,,,0,0,0,ADL,1.000000
Subject 3/ADL/14.mp4#f44-107,Subject 3/ADL/14.mp4,3,gmdcsa24,0,44,107,2.932992,7.132502,,,0,0,0,ADL,1.000000
Subject 3/ADL/14.mp4#f48-111,Subject 3/ADL/14.mp4,3,gmdcsa24,0,48,111,3.199627,7.399138,,,0,0,0,ADL,1.000000
Subject 3/ADL/14.mp4#f52-115,Subject 3/ADL/14.mp4,3,gmdcsa24,0,52,115,3.466263,7.665773,,,0,0,0,ADL,1.000000
Subject 3/ADL/14.mp4#f56-119,Subject 3/ADL/14.mp4,3,gmdcsa24,0,56,119,3.732898,7.932409,,,0,0,0,ADL,1.000000
Subject 3/ADL/14.mp4#f60-123,Subject 3/ADL/14.mp4,3,gmdcsa24,0,60,123,3.999534,8.199044,,,0,0,0,ADL,1.000000
Subject 3/ADL/14.mp4#f64-127,Subject 3/ADL/14.mp4,3,gmdcsa24,0,64,127,4.266169,8.465680,,,0,0,0,ADL,1.000000
Subject 3/ADL/14.mp4#f68-131,Subject 3/ADL/14.mp4,3,gmdcsa24,0,68,131,4.532805,8.732316,,,0,0,0,ADL,1.000000
Subject 3/ADL/15.mp4#f0-63,Subject 3/ADL/15.mp4,3,gmdcsa24,0,0,63,0.000000,4.199215,,,0,0,0,ADL,1.000000
Subject 3/ADL/15.mp4#f4-67,Subject 3/ADL/15.mp4,3,gmdcsa24,0,4,67,0.266617,4.465832,,,0,0,0,ADL,1.000000
Subject 3/ADL/15.mp4#f8-71,Subject 3/ADL/15.mp4,3,gmdcsa24,0,8,71,0.533234,4.732448,,,0,0,0,ADL,1.000000
Subject 3/ADL/15.mp4#f12-75,Subject 3/ADL/15.mp4,3,gmdcsa24,0,12,75,0.799850,4.999065,,,0,0,0,ADL,1.000000
Subject 3/ADL/15.mp4#f16-79,Subject 3/ADL/15.mp4,3,gmdcsa24,0,16,79,1.066467,5.265682,,,0,0,0,ADL,1.000000
Subject 3/ADL/15.mp4#f20-83,Subject 3/ADL/15.mp4,3,gmdcsa24,0,20,83,1.333084,5.532299,,,0,0,0,ADL,1.000000
Subject 3/ADL/15.mp4#f24-87,Subject 3/ADL/15.mp4,3,gmdcsa24,0,24,87,1.599701,5.798916,,,0,0,0,ADL,1.000000
Subject 3/ADL/15.mp4#f28-91,Subject 3/ADL/15.mp4,3,gmdcsa24,0,28,91,1.866318,6.065533,,,0,0,0,ADL,1.000000
Subject 3/ADL/15.mp4#f32-95,Subject 3/ADL/15.mp4,3,gmdcsa24,0,32,95,2.132935,6.332149,,,0,0,0,ADL,1.000000
Subject 3/ADL/15.mp4#f36-99,Subject 3/ADL/15.mp4,3,gmdcsa24,0,36,99,2.399551,6.598766,,,0,0,0,ADL,1.000000
Subject 3/ADL/15.mp4#f40-103,Subject 3/ADL/15.mp4,3,gmdcsa24,0,40,103,2.666168,6.865383,,,0,0,0,ADL,1.000000
Subject 3/ADL/15.mp4#f44-107,Subject 3/ADL/15.mp4,3,gmdcsa24,0,44,107,2.932785,7.132000,,,0,0,0,ADL,1.000000
Subject 3/ADL/15.mp4#f48-111,Subject 3/ADL/15.mp4,3,gmdcsa24,0,48,111,3.199402,7.398617,,,0,0,0,ADL,1.000000
Subject 3/ADL/16.mp4#f0-63,Subject 3/ADL/16.mp4,3,gmdcsa24,0,0,63,0.000000,2.111790,,,0,0,0,ADL,1.000000
Subject 3/ADL/16.mp4#f4-67,Subject 3/ADL/16.mp4,3,gmdcsa24,0,4,67,0.134082,2.245872,,,0,0,0,ADL,1.000000
Subject 3/ADL/16.mp4#f8-71,Subject 3/ADL/16.mp4,3,gmdcsa24,0,8,71,0.268164,2.379954,,,0,0,0,ADL,1.000000
Subject 3/ADL/16.mp4#f12-75,Subject 3/ADL/16.mp4,3,gmdcsa24,0,12,75,0.402246,2.514036,,,0,0,0,ADL,1.000000
Subject 3/ADL/16.mp4#f16-79,Subject 3/ADL/16.mp4,3,gmdcsa24,0,16,79,0.536328,2.648118,,,0,0,0,ADL,1.000000
Subject 3/ADL/16.mp4#f20-83,Subject 3/ADL/16.mp4,3,gmdcsa24,0,20,83,0.670410,2.782200,,,0,0,0,ADL,1.000000
Subject 3/ADL/16.mp4#f24-87,Subject 3/ADL/16.mp4,3,gmdcsa24,0,24,87,0.804492,2.916282,,,0,0,0,ADL,1.000000
Subject 3/ADL/16.mp4#f28-91,Subject 3/ADL/16.mp4,3,gmdcsa24,0,28,91,0.938573,3.050364,,,0,0,0,ADL,1.000000
Subject 3/ADL/16.mp4#f32-95,Subject 3/ADL/16.mp4,3,gmdcsa24,0,32,95,1.072655,3.184446,,,0,0,0,ADL,1.000000
Subject 3/ADL/16.mp4#f36-99,Subject 3/ADL/16.mp4,3,gmdcsa24,0,36,99,1.206737,3.318528,,,0,0,0,ADL,1.000000
Subject 3/ADL/16.mp4#f40-103,Subject 3/ADL/16.mp4,3,gmdcsa24,0,40,103,1.340819,3.452609,,,0,0,0,ADL,1.000000
Subject 3/ADL/16.mp4#f44-107,Subject 3/ADL/16.mp4,3,gmdcsa24,0,44,107,1.474901,3.586691,,,0,0,0,ADL,1.000000
Subject 3/ADL/16.mp4#f48-111,Subject 3/ADL/16.mp4,3,gmdcsa24,0,48,111,1.608983,3.720773,,,0,0,0,ADL,1.000000
Subject 3/ADL/16.mp4#f52-115,Subject 3/ADL/16.mp4,3,gmdcsa24,0,52,115,1.743065,3.854855,,,0,0,0,ADL,1.000000
Subject 3/ADL/16.mp4#f56-119,Subject 3/ADL/16.mp4,3,gmdcsa24,0,56,119,1.877147,3.988937,,,0,0,0,ADL,1.000000
Subject 3/ADL/16.mp4#f60-123,Subject 3/ADL/16.mp4,3,gmdcsa24,0,60,123,2.011229,4.123019,,,0,0,0,ADL,1.000000
Subject 3/ADL/16.mp4#f64-127,Subject 3/ADL/16.mp4,3,gmdcsa24,0,64,127,2.145311,4.257101,,,0,0,0,ADL,1.000000
Subject 3/ADL/16.mp4#f68-131,Subject 3/ADL/16.mp4,3,gmdcsa24,0,68,131,2.279393,4.391183,,,0,0,0,ADL,1.000000
Subject 3/ADL/16.mp4#f72-135,Subject 3/ADL/16.mp4,3,gmdcsa24,0,72,135,2.413475,4.525265,,,0,0,0,ADL,1.000000
Subject 3/ADL/16.mp4#f76-139,Subject 3/ADL/16.mp4,3,gmdcsa24,0,76,139,2.547557,4.659347,,,0,0,0,ADL,1.000000
Subject 3/ADL/16.mp4#f80-143,Subject 3/ADL/16.mp4,3,gmdcsa24,0,80,143,2.681638,4.793429,,,0,0,0,ADL,1.000000
Subject 3/ADL/16.mp4#f84-147,Subject 3/ADL/16.mp4,3,gmdcsa24,0,84,147,2.815720,4.927511,,,0,0,0,ADL,1.000000
Subject 3/ADL/16.mp4#f88-151,Subject 3/ADL/16.mp4,3,gmdcsa24,0,88,151,2.949802,5.061593,,,0,0,0,ADL,1.000000
Subject 3/ADL/16.mp4#f92-155,Subject 3/ADL/16.mp4,3,gmdcsa24,0,92,155,3.083884,5.195674,,,0,0,0,ADL,1.000000
Subject 3/ADL/16.mp4#f96-159,Subject 3/ADL/16.mp4,3,gmdcsa24,0,96,159,3.217966,5.329756,,,0,0,0,ADL,1.000000
Subject 3/ADL/16.mp4#f100-163,Subject 3/ADL/16.mp4,3,gmdcsa24,0,100,163,3.352048,5.463838,,,0,0,0,ADL,1.000000
Subject 3/ADL/16.mp4#f104-167,Subject 3/ADL/16.mp4,3,gmdcsa24,0,104,167,3.486130,5.597920,,,0,0,0,ADL,1.000000
Subject 3/ADL/16.mp4#f108-171,Subject 3/ADL/16.mp4,3,gmdcsa24,0,108,171,3.620212,5.732002,,,0,0,0,ADL,1.000000
Subject 3/ADL/16.mp4#f112-175,Subject 3/ADL/16.mp4,3,gmdcsa24,0,112,175,3.754294,5.866084,,,0,0,0,ADL,1.000000
Subject 3/ADL/16.mp4#f116-179,Subject 3/ADL/16.mp4,3,gmdcsa24,0,116,179,3.888376,6.000166,,,0,0,0,ADL,1.000000
Subject 3/ADL/16.mp4#f120-183,Subject 3/ADL/16.mp4,3,gmdcsa24,0,120,183,4.022458,6.134248,,,0,0,0,ADL,1.000000
Subject 3/ADL/16.mp4#f124-187,Subject 3/ADL/16.mp4,3,gmdcsa24,0,124,187,4.156540,6.268330,,,0,0,0,ADL,1.000000
Subject 3/ADL/16.mp4#f128-191,Subject 3/ADL/16.mp4,3,gmdcsa24,0,128,191,4.290621,6.402412,,,0,0,0,ADL,1.000000
Subject 3/ADL/16.mp4#f132-195,Subject 3/ADL/16.mp4,3,gmdcsa24,0,132,195,4.424703,6.536494,,,0,0,0,ADL,1.000000
Subject 3/ADL/16.mp4#f136-199,Subject 3/ADL/16.mp4,3,gmdcsa24,0,136,199,4.558785,6.670576,,,0,0,0,ADL,1.000000
Subject 3/ADL/16.mp4#f140-203,Subject 3/ADL/16.mp4,3,gmdcsa24,0,140,203,4.692867,6.804658,,,0,0,0,ADL,1.000000
Subject 3/ADL/16.mp4#f144-207,Subject 3/ADL/16.mp4,3,gmdcsa24,0,144,207,4.826949,6.938739,,,0,0,0,ADL,1.000000
Subject 3/ADL/16.mp4#f148-211,Subject 3/ADL/16.mp4,3,gmdcsa24,0,148,211,4.961031,7.072821,,,0,0,0,ADL,1.000000
Subject 3/ADL/16.mp4#f152-215,Subject 3/ADL/16.mp4,3,gmdcsa24,0,152,215,5.095113,7.206903,,,0,0,0,ADL,1.000000
Subject 3/ADL/16.mp4#f156-219,Subject 3/ADL/16.mp4,3,gmdcsa24,0,156,219,5.229195,7.340985,,,0,0,0,ADL,1.000000
Subject 3/ADL/16.mp4#f160-223,Subject 3/ADL/16.mp4,3,gmdcsa24,0,160,223,5.363277,7.475067,,,0,0,0,ADL,1.000000
Subject 3/ADL/16.mp4#f164-227,Subject 3/ADL/16.mp4,3,gmdcsa24,0,164,227,5.497359,7.609149,,,0,0,0,ADL,1.000000
Subject 3/ADL/16.mp4#f168-231,Subject 3/ADL/16.mp4,3,gmdcsa24,0,168,231,5.631441,7.743231,,,0,0,0,ADL,1.000000
Subject 3/ADL/16.mp4#f172-235,Subject 3/ADL/16.mp4,3,gmdcsa24,0,172,235,5.765523,7.877313,,,0,0,0,ADL,1.000000
Subject 3/ADL/16.mp4#f176-239,Subject 3/ADL/16.mp4,3,gmdcsa24,0,176,239,5.899605,8.011395,,,0,0,0,ADL,1.000000
Subject 3/ADL/16.mp4#f180-243,Subject 3/ADL/16.mp4,3,gmdcsa24,0,180,243,6.033686,8.145477,,,0,0,0,ADL,1.000000
Subject 3/ADL/16.mp4#f184-247,Subject 3/ADL/16.mp4,3,gmdcsa24,0,184,247,6.167768,8.279559,,,0,0,0,ADL,1.000000
Subject 3/ADL/16.mp4#f188-251,Subject 3/ADL/16.mp4,3,gmdcsa24,0,188,251,6.301850,8.413641,,,0,0,0,ADL,1.000000
Subject 3/ADL/16.mp4#f192-255,Subject 3/ADL/16.mp4,3,gmdcsa24,0,192,255,6.435932,8.547722,,,0,0,0,ADL,1.000000
Subject 3/ADL/16.mp4#f196-259,Subject 3/ADL/16.mp4,3,gmdcsa24,0,196,259,6.570014,8.681804,,,0,0,0,ADL,1.000000
Subject 3/ADL/16.mp4#f200-263,Subject 3/ADL/16.mp4,3,gmdcsa24,0,200,263,6.704096,8.815886,,,0,0,0,ADL,1.000000
Subject 3/ADL/16.mp4#f204-267,Subject 3/ADL/16.mp4,3,gmdcsa24,0,204,267,6.838178,8.949968,,,0,0,0,ADL,1.000000
Subject 3/ADL/16.mp4#f208-271,Subject 3/ADL/16.mp4,3,gmdcsa24,0,208,271,6.972260,9.084050,,,0,0,0,ADL,1.000000
Subject 3/ADL/16.mp4#f212-275,Subject 3/ADL/16.mp4,3,gmdcsa24,0,212,275,7.106342,9.218132,,,0,0,0,ADL,1.000000
Subject 3/ADL/16.mp4#f216-279,Subject 3/ADL/16.mp4,3,gmdcsa24,0,216,279,7.240424,9.352214,,,0,0,0,ADL,1.000000
Subject 3/ADL/16.mp4#f220-283,Subject 3/ADL/16.mp4,3,gmdcsa24,0,220,283,7.374506,9.486296,,,0,0,0,ADL,1.000000
Subject 3/ADL/16.mp4#f224-287,Subject 3/ADL/16.mp4,3,gmdcsa24,0,224,287,7.508588,9.620378,,,0,0,0,ADL,1.000000
Subject 3/ADL/16.mp4#f228-291,Subject 3/ADL/16.mp4,3,gmdcsa24,0,228,291,7.642670,9.754460,,,0,0,0,ADL,1.000000
Subject 3/ADL/16.mp4#f232-295,Subject 3/ADL/16.mp4,3,gmdcsa24,0,232,295,7.776751,9.888542,,,0,0,0,ADL,1.000000
Subject 3/ADL/16.mp4#f236-299,Subject 3/ADL/16.mp4,3,gmdcsa24,0,236,299,7.910833,10.022624,,,0,0,0,ADL,1.000000
Subject 3/ADL/16.mp4#f240-303,Subject 3/ADL/16.mp4,3,gmdcsa24,0,240,303,8.044915,10.156706,,,0,0,0,ADL,1.000000
Subject 3/ADL/17.mp4#f0-63,Subject 3/ADL/17.mp4,3,gmdcsa24,0,0,63,0.000000,4.198650,,,0,0,0,ADL,1.000000
Subject 3/ADL/17.mp4#f4-67,Subject 3/ADL/17.mp4,3,gmdcsa24,0,4,67,0.266581,4.465231,,,0,0,0,ADL,1.000000
Subject 3/ADL/17.mp4#f8-71,Subject 3/ADL/17.mp4,3,gmdcsa24,0,8,71,0.533162,4.731812,,,0,0,0,ADL,1.000000
Subject 3/ADL/17.mp4#f12-75,Subject 3/ADL/17.mp4,3,gmdcsa24,0,12,75,0.799743,4.998393,,,0,0,0,ADL,1.000000
Subject 3/ADL/17.mp4#f16-79,Subject 3/ADL/17.mp4,3,gmdcsa24,0,16,79,1.066324,5.264974,,,0,0,0,ADL,1.000000
Subject 3/ADL/17.mp4#f20-83,Subject 3/ADL/17.mp4,3,gmdcsa24,0,20,83,1.332905,5.531555,,,0,0,0,ADL,1.000000
Subject 3/ADL/17.mp4#f24-87,Subject 3/ADL/17.mp4,3,gmdcsa24,0,24,87,1.599486,5.798136,,,0,0,0,ADL,1.000000
Subject 3/ADL/17.mp4#f28-91,Subject 3/ADL/17.mp4,3,gmdcsa24,0,28,91,1.866067,6.064717,,,0,0,0,ADL,1.000000
Subject 3/ADL/17.mp4#f32-95,Subject 3/ADL/17.mp4,3,gmdcsa24,0,32,95,2.132648,6.331298,,,0,0,0,ADL,1.000000
Subject 3/ADL/17.mp4#f36-99,Subject 3/ADL/17.mp4,3,gmdcsa24,0,36,99,2.399229,6.597879,,,0,0,0,ADL,1.000000
Subject 3/ADL/17.mp4#f40-103,Subject 3/ADL/17.mp4,3,gmdcsa24,0,40,103,2.665810,6.864460,,,0,0,0,ADL,1.000000
Subject 3/ADL/17.mp4#f44-107,Subject 3/ADL/17.mp4,3,gmdcsa24,0,44,107,2.932391,7.131041,,,0,0,0,ADL,1.000000
Subject 3/ADL/17.mp4#f48-111,Subject 3/ADL/17.mp4,3,gmdcsa24,0,48,111,3.198971,7.397622,,,0,0,0,ADL,1.000000
Subject 3/ADL/17.mp4#f52-115,Subject 3/ADL/17.mp4,3,gmdcsa24,0,52,115,3.465552,7.664203,,,0,0,0,ADL,1.000000
Subject 3/ADL/17.mp4#f56-119,Subject 3/ADL/17.mp4,3,gmdcsa24,0,56,119,3.732133,7.930783,,,0,0,0,ADL,1.000000
Subject 3/ADL/17.mp4#f60-123,Subject 3/ADL/17.mp4,3,gmdcsa24,0,60,123,3.998714,8.197364,,,0,0,0,ADL,1.000000
Subject 3/ADL/17.mp4#f64-127,Subject 3/ADL/17.mp4,3,gmdcsa24,0,64,127,4.265295,8.463945,,,0,0,0,ADL,1.000000
Subject 3/ADL/17.mp4#f68-131,Subject 3/ADL/17.mp4,3,gmdcsa24,0,68,131,4.531876,8.730526,,,0,0,0,ADL,1.000000
Subject 3/ADL/17.mp4#f72-135,Subject 3/ADL/17.mp4,3,gmdcsa24,0,72,135,4.798457,8.997107,,,0,0,0,ADL,1.000000
Subject 3/ADL/17.mp4#f76-139,Subject 3/ADL/17.mp4,3,gmdcsa24,0,76,139,5.065038,9.263688,,,0,0,0,ADL,1.000000
Subject 3/ADL/17.mp4#f80-143,Subject 3/ADL/17.mp4,3,gmdcsa24,0,80,143,5.331619,9.530269,,,0,0,0,ADL,1.000000
Subject 3/ADL/17.mp4#f84-147,Subject 3/ADL/17.mp4,3,gmdcsa24,0,84,147,5.598200,9.796850,,,0,0,0,ADL,1.000000
Subject 3/ADL/17.mp4#f88-151,Subject 3/ADL/17.mp4,3,gmdcsa24,0,88,151,5.864781,10.063431,,,0,0,0,ADL,1.000000
Subject 3/ADL/17.mp4#f92-155,Subject 3/ADL/17.mp4,3,gmdcsa24,0,92,155,6.131362,10.330012,,,0,0,0,ADL,1.000000
Subject 3/ADL/17.mp4#f96-159,Subject 3/ADL/17.mp4,3,gmdcsa24,0,96,159,6.397943,10.596593,,,0,0,0,ADL,1.000000
Subject 3/ADL/17.mp4#f100-163,Subject 3/ADL/17.mp4,3,gmdcsa24,0,100,163,6.664524,10.863174,,,0,0,0,ADL,1.000000
Subject 3/ADL/17.mp4#f104-167,Subject 3/ADL/17.mp4,3,gmdcsa24,0,104,167,6.931105,11.129755,,,0,0,0,ADL,1.000000
Subject 3/ADL/17.mp4#f108-171,Subject 3/ADL/17.mp4,3,gmdcsa24,0,108,171,7.197686,11.396336,,,0,0,0,ADL,1.000000
Subject 3/ADL/17.mp4#f112-175,Subject 3/ADL/17.mp4,3,gmdcsa24,0,112,175,7.464267,11.662917,,,0,0,0,ADL,1.000000
Subject 3/ADL/17.mp4#f116-179,Subject 3/ADL/17.mp4,3,gmdcsa24,0,116,179,7.730848,11.929498,,,0,0,0,ADL,1.000000
Subject 3/ADL/18.mp4#f0-63,Subject 3/ADL/18.mp4,3,gmdcsa24,0,0,63,0.000000,4.195523,,,0,0,0,ADL,1.000000
Subject 3/ADL/18.mp4#f4-67,Subject 3/ADL/18.mp4,3,gmdcsa24,0,4,67,0.266382,4.461906,,,0,0,0,ADL,1.000000
Subject 3/ADL/18.mp4#f8-71,Subject 3/ADL/18.mp4,3,gmdcsa24,0,8,71,0.532765,4.728288,,,0,0,0,ADL,1.000000
Subject 3/ADL/18.mp4#f12-75,Subject 3/ADL/18.mp4,3,gmdcsa24,0,12,75,0.799147,4.994671,,,0,0,0,ADL,1.000000
Subject 3/ADL/18.mp4#f16-79,Subject 3/ADL/18.mp4,3,gmdcsa24,0,16,79,1.065530,5.261053,,,0,0,0,ADL,1.000000
Subject 3/ADL/18.mp4#f20-83,Subject 3/ADL/18.mp4,3,gmdcsa24,0,20,83,1.331912,5.527435,,,0,0,0,ADL,1.000000
Subject 3/ADL/18.mp4#f24-87,Subject 3/ADL/18.mp4,3,gmdcsa24,0,24,87,1.598295,5.793818,,,0,0,0,ADL,1.000000
Subject 3/ADL/18.mp4#f28-91,Subject 3/ADL/18.mp4,3,gmdcsa24,0,28,91,1.864677,6.060200,,,0,0,0,ADL,1.000000
Subject 3/ADL/18.mp4#f32-95,Subject 3/ADL/18.mp4,3,gmdcsa24,0,32,95,2.131059,6.326583,,,0,0,0,ADL,1.000000
Subject 3/ADL/18.mp4#f36-99,Subject 3/ADL/18.mp4,3,gmdcsa24,0,36,99,2.397442,6.592965,,,0,0,0,ADL,1.000000
Subject 3/ADL/18.mp4#f40-103,Subject 3/ADL/18.mp4,3,gmdcsa24,0,40,103,2.663824,6.859348,,,0,0,0,ADL,1.000000
Subject 3/ADL/18.mp4#f44-107,Subject 3/ADL/18.mp4,3,gmdcsa24,0,44,107,2.930207,7.125730,,,0,0,0,ADL,1.000000
Subject 3/ADL/18.mp4#f48-111,Subject 3/ADL/18.mp4,3,gmdcsa24,0,48,111,3.196589,7.392112,,,0,0,0,ADL,1.000000
Subject 3/ADL/18.mp4#f52-115,Subject 3/ADL/18.mp4,3,gmdcsa24,0,52,115,3.462972,7.658495,,,0,0,0,ADL,1.000000
Subject 3/ADL/18.mp4#f56-119,Subject 3/ADL/18.mp4,3,gmdcsa24,0,56,119,3.729354,7.924877,,,0,0,0,ADL,1.000000
Subject 3/ADL/18.mp4#f60-123,Subject 3/ADL/18.mp4,3,gmdcsa24,0,60,123,3.995736,8.191260,,,0,0,0,ADL,1.000000
Subject 3/ADL/18.mp4#f64-127,Subject 3/ADL/18.mp4,3,gmdcsa24,0,64,127,4.262119,8.457642,,,0,0,0,ADL,1.000000
Subject 3/ADL/18.mp4#f68-131,Subject 3/ADL/18.mp4,3,gmdcsa24,0,68,131,4.528501,8.724024,,,0,0,0,ADL,1.000000
Subject 3/ADL/18.mp4#f72-135,Subject 3/ADL/18.mp4,3,gmdcsa24,0,72,135,4.794884,8.990407,,,0,0,0,ADL,1.000000
Subject 3/ADL/18.mp4#f76-139,Subject 3/ADL/18.mp4,3,gmdcsa24,0,76,139,5.061266,9.256789,,,0,0,0,ADL,1.000000
Subject 3/ADL/18.mp4#f80-143,Subject 3/ADL/18.mp4,3,gmdcsa24,0,80,143,5.327649,9.523172,,,0,0,0,ADL,1.000000
Subject 3/ADL/18.mp4#f84-147,Subject 3/ADL/18.mp4,3,gmdcsa24,0,84,147,5.594031,9.789554,,,0,0,0,ADL,1.000000
Subject 3/ADL/18.mp4#f88-151,Subject 3/ADL/18.mp4,3,gmdcsa24,0,88,151,5.860413,10.055937,,,0,0,0,ADL,1.000000
Subject 3/ADL/18.mp4#f92-155,Subject 3/ADL/18.mp4,3,gmdcsa24,0,92,155,6.126796,10.322319,,,0,0,0,ADL,1.000000
Subject 3/ADL/18.mp4#f96-159,Subject 3/ADL/18.mp4,3,gmdcsa24,0,96,159,6.393178,10.588701,,,0,0,0,ADL,1.000000
Subject 3/ADL/18.mp4#f100-163,Subject 3/ADL/18.mp4,3,gmdcsa24,0,100,163,6.659561,10.855084,,,0,0,0,ADL,1.000000
Subject 3/ADL/19.mp4#f0-63,Subject 3/ADL/19.mp4,3,gmdcsa24,0,0,63,0.000000,4.187122,,,0,0,0,ADL,1.000000
Subject 3/ADL/19.mp4#f4-67,Subject 3/ADL/19.mp4,3,gmdcsa24,0,4,67,0.265849,4.452971,,,0,0,0,ADL,1.000000
Subject 3/ADL/19.mp4#f8-71,Subject 3/ADL/19.mp4,3,gmdcsa24,0,8,71,0.531698,4.718820,,,0,0,0,ADL,1.000000
Subject 3/ADL/19.mp4#f12-75,Subject 3/ADL/19.mp4,3,gmdcsa24,0,12,75,0.797547,4.984669,,,0,0,0,ADL,1.000000
Subject 3/ADL/19.mp4#f16-79,Subject 3/ADL/19.mp4,3,gmdcsa24,0,16,79,1.063396,5.250518,,,0,0,0,ADL,1.000000
Subject 3/ADL/19.mp4#f20-83,Subject 3/ADL/19.mp4,3,gmdcsa24,0,20,83,1.329245,5.516366,,,0,0,0,ADL,1.000000
Subject 3/ADL/19.mp4#f24-87,Subject 3/ADL/19.mp4,3,gmdcsa24,0,24,87,1.595094,5.782215,,,0,0,0,ADL,1.000000
Subject 3/ADL/19.mp4#f28-91,Subject 3/ADL/19.mp4,3,gmdcsa24,0,28,91,1.860943,6.048064,,,0,0,0,ADL,1.000000
Subject 3/ADL/19.mp4#f32-95,Subject 3/ADL/19.mp4,3,gmdcsa24,0,32,95,2.126792,6.313913,,,0,0,0,ADL,1.000000
Subject 3/ADL/20.mp4#f0-63,Subject 3/ADL/20.mp4,3,gmdcsa24,0,0,63,0.000000,4.197006,,,0,0,0,ADL,1.000000
Subject 3/ADL/20.mp4#f4-67,Subject 3/ADL/20.mp4,3,gmdcsa24,0,4,67,0.266477,4.463483,,,0,0,0,ADL,1.000000
Subject 3/ADL/20.mp4#f8-71,Subject 3/ADL/20.mp4,3,gmdcsa24,0,8,71,0.532953,4.729960,,,0,0,0,ADL,1.000000
Subject 3/ADL/20.mp4#f12-75,Subject 3/ADL/20.mp4,3,gmdcsa24,0,12,75,0.799430,4.996436,,,0,0,0,ADL,1.000000
Subject 3/ADL/20.mp4#f16-79,Subject 3/ADL/20.mp4,3,gmdcsa24,0,16,79,1.065906,5.262913,,,0,0,0,ADL,1.000000
Subject 3/ADL/20.mp4#f20-83,Subject 3/ADL/20.mp4,3,gmdcsa24,0,20,83,1.332383,5.529389,,,0,0,0,ADL,1.000000
Subject 3/ADL/20.mp4#f24-87,Subject 3/ADL/20.mp4,3,gmdcsa24,0,24,87,1.598860,5.795866,,,0,0,0,ADL,1.000000
Subject 3/ADL/20.mp4#f28-91,Subject 3/ADL/20.mp4,3,gmdcsa24,0,28,91,1.865336,6.062342,,,0,0,0,ADL,1.000000
Subject 3/ADL/20.mp4#f32-95,Subject 3/ADL/20.mp4,3,gmdcsa24,0,32,95,2.131813,6.328819,,,0,0,0,ADL,1.000000
Subject 3/ADL/20.mp4#f36-99,Subject 3/ADL/20.mp4,3,gmdcsa24,0,36,99,2.398289,6.595296,,,0,0,0,ADL,1.000000
Subject 3/ADL/20.mp4#f40-103,Subject 3/ADL/20.mp4,3,gmdcsa24,0,40,103,2.664766,6.861772,,,0,0,0,ADL,1.000000
Subject 3/ADL/20.mp4#f44-107,Subject 3/ADL/20.mp4,3,gmdcsa24,0,44,107,2.931243,7.128249,,,0,0,0,ADL,1.000000
Subject 3/ADL/20.mp4#f48-111,Subject 3/ADL/20.mp4,3,gmdcsa24,0,48,111,3.197719,7.394725,,,0,0,0,ADL,1.000000
Subject 3/ADL/20.mp4#f52-115,Subject 3/ADL/20.mp4,3,gmdcsa24,0,52,115,3.464196,7.661202,,,0,0,0,ADL,1.000000
Subject 3/ADL/20.mp4#f56-119,Subject 3/ADL/20.mp4,3,gmdcsa24,0,56,119,3.730672,7.927679,,,0,0,0,ADL,1.000000
Subject 3/ADL/20.mp4#f60-123,Subject 3/ADL/20.mp4,3,gmdcsa24,0,60,123,3.997149,8.194155,,,0,0,0,ADL,1.000000
Subject 3/ADL/20.mp4#f64-127,Subject 3/ADL/20.mp4,3,gmdcsa24,0,64,127,4.263625,8.460632,,,0,0,0,ADL,1.000000
Subject 3/ADL/20.mp4#f68-131,Subject 3/ADL/20.mp4,3,gmdcsa24,0,68,131,4.530102,8.727108,,,0,0,0,ADL,1.000000
Subject 3/ADL/20.mp4#f72-135,Subject 3/ADL/20.mp4,3,gmdcsa24,0,72,135,4.796579,8.993585,,,0,0,0,ADL,1.000000
Subject 3/ADL/20.mp4#f76-139,Subject 3/ADL/20.mp4,3,gmdcsa24,0,76,139,5.063055,9.260062,,,0,0,0,ADL,1.000000
Subject 3/ADL/21.mp4#f0-63,Subject 3/ADL/21.mp4,3,gmdcsa24,0,0,63,0.000000,2.112090,,,0,0,0,ADL,1.000000
Subject 3/ADL/21.mp4#f4-67,Subject 3/ADL/21.mp4,3,gmdcsa24,0,4,67,0.134101,2.246191,,,0,0,0,ADL,1.000000
Subject 3/ADL/21.mp4#f8-71,Subject 3/ADL/21.mp4,3,gmdcsa24,0,8,71,0.268202,2.380292,,,0,0,0,ADL,1.000000
Subject 3/ADL/21.mp4#f12-75,Subject 3/ADL/21.mp4,3,gmdcsa24,0,12,75,0.402303,2.514393,,,0,0,0,ADL,1.000000
Subject 3/ADL/21.mp4#f16-79,Subject 3/ADL/21.mp4,3,gmdcsa24,0,16,79,0.536404,2.648494,,,0,0,0,ADL,1.000000
Subject 3/ADL/21.mp4#f20-83,Subject 3/ADL/21.mp4,3,gmdcsa24,0,20,83,0.670505,2.782595,,,0,0,0,ADL,1.000000
Subject 3/ADL/21.mp4#f24-87,Subject 3/ADL/21.mp4,3,gmdcsa24,0,24,87,0.804606,2.916696,,,0,0,0,ADL,1.000000
Subject 3/ADL/21.mp4#f28-91,Subject 3/ADL/21.mp4,3,gmdcsa24,0,28,91,0.938707,3.050797,,,0,0,0,ADL,1.000000
Subject 3/ADL/21.mp4#f32-95,Subject 3/ADL/21.mp4,3,gmdcsa24,0,32,95,1.072808,3.184898,,,0,0,0,ADL,1.000000
Subject 3/ADL/21.mp4#f36-99,Subject 3/ADL/21.mp4,3,gmdcsa24,0,36,99,1.206909,3.318999,,,0,0,0,ADL,1.000000
Subject 3/ADL/21.mp4#f40-103,Subject 3/ADL/21.mp4,3,gmdcsa24,0,40,103,1.341010,3.453100,,,0,0,0,ADL,1.000000
Subject 3/ADL/21.mp4#f44-107,Subject 3/ADL/21.mp4,3,gmdcsa24,0,44,107,1.475111,3.587201,,,0,0,0,ADL,1.000000
Subject 3/ADL/21.mp4#f48-111,Subject 3/ADL/21.mp4,3,gmdcsa24,0,48,111,1.609212,3.721302,,,0,0,0,ADL,1.000000
Subject 3/ADL/21.mp4#f52-115,Subject 3/ADL/21.mp4,3,gmdcsa24,0,52,115,1.743313,3.855403,,,0,0,0,ADL,1.000000
Subject 3/ADL/21.mp4#f56-119,Subject 3/ADL/21.mp4,3,gmdcsa24,0,56,119,1.877414,3.989504,,,0,0,0,ADL,1.000000
Subject 3/ADL/21.mp4#f60-123,Subject 3/ADL/21.mp4,3,gmdcsa24,0,60,123,2.011515,4.123605,,,0,0,0,ADL,1.000000
Subject 3/ADL/21.mp4#f64-127,Subject 3/ADL/21.mp4,3,gmdcsa24,0,64,127,2.145616,4.257706,,,0,0,0,ADL,1.000000
Subject 3/ADL/21.mp4#f68-131,Subject 3/ADL/21.mp4,3,gmdcsa24,0,68,131,2.279717,4.391807,,,0,0,0,ADL,1.000000
Subject 3/ADL/21.mp4#f72-135,Subject 3/ADL/21.mp4,3,gmdcsa24,0,72,135,2.413818,4.525908,,,0,0,0,ADL,1.000000
Subject 3/ADL/21.mp4#f76-139,Subject 3/ADL/21.mp4,3,gmdcsa24,0,76,139,2.547919,4.660009,,,0,0,0,ADL,1.000000
Subject 3/ADL/21.mp4#f80-143,Subject 3/ADL/21.mp4,3,gmdcsa24,0,80,143,2.682020,4.794110,,,0,0,0,ADL,1.000000
Subject 3/ADL/21.mp4#f84-147,Subject 3/ADL/21.mp4,3,gmdcsa24,0,84,147,2.816121,4.928211,,,0,0,0,ADL,1.000000
Subject 3/ADL/21.mp4#f88-151,Subject 3/ADL/21.mp4,3,gmdcsa24,0,88,151,2.950222,5.062312,,,0,0,0,ADL,1.000000
Subject 3/ADL/21.mp4#f92-155,Subject 3/ADL/21.mp4,3,gmdcsa24,0,92,155,3.084323,5.196413,,,0,0,0,ADL,1.000000
Subject 3/ADL/21.mp4#f96-159,Subject 3/ADL/21.mp4,3,gmdcsa24,0,96,159,3.218424,5.330514,,,0,0,0,ADL,1.000000
Subject 3/ADL/21.mp4#f100-163,Subject 3/ADL/21.mp4,3,gmdcsa24,0,100,163,3.352525,5.464615,,,0,0,0,ADL,1.000000
Subject 3/ADL/21.mp4#f104-167,Subject 3/ADL/21.mp4,3,gmdcsa24,0,104,167,3.486625,5.598716,,,0,0,0,ADL,1.000000
Subject 3/ADL/21.mp4#f108-171,Subject 3/ADL/21.mp4,3,gmdcsa24,0,108,171,3.620726,5.732817,,,0,0,0,ADL,1.000000
Subject 3/ADL/21.mp4#f112-175,Subject 3/ADL/21.mp4,3,gmdcsa24,0,112,175,3.754827,5.866918,,,0,0,0,ADL,1.000000
Subject 3/ADL/21.mp4#f116-179,Subject 3/ADL/21.mp4,3,gmdcsa24,0,116,179,3.888928,6.001019,,,0,0,0,ADL,1.000000
Subject 3/ADL/21.mp4#f120-183,Subject 3/ADL/21.mp4,3,gmdcsa24,0,120,183,4.023029,6.135120,,,0,0,0,ADL,1.000000
Subject 3/ADL/21.mp4#f124-187,Subject 3/ADL/21.mp4,3,gmdcsa24,0,124,187,4.157130,6.269221,,,0,0,0,ADL,1.000000
Subject 3/ADL/21.mp4#f128-191,Subject 3/ADL/21.mp4,3,gmdcsa24,0,128,191,4.291231,6.403322,,,0,0,0,ADL,1.000000
Subject 3/ADL/21.mp4#f132-195,Subject 3/ADL/21.mp4,3,gmdcsa24,0,132,195,4.425332,6.537423,,,0,0,0,ADL,1.000000
Subject 3/ADL/21.mp4#f136-199,Subject 3/ADL/21.mp4,3,gmdcsa24,0,136,199,4.559433,6.671524,,,0,0,0,ADL,1.000000
Subject 3/ADL/21.mp4#f140-203,Subject 3/ADL/21.mp4,3,gmdcsa24,0,140,203,4.693534,6.805625,,,0,0,0,ADL,1.000000
Subject 3/ADL/21.mp4#f144-207,Subject 3/ADL/21.mp4,3,gmdcsa24,0,144,207,4.827635,6.939726,,,0,0,0,ADL,1.000000
Subject 3/ADL/21.mp4#f148-211,Subject 3/ADL/21.mp4,3,gmdcsa24,0,148,211,4.961736,7.073827,,,0,0,0,ADL,1.000000
Subject 3/ADL/21.mp4#f152-215,Subject 3/ADL/21.mp4,3,gmdcsa24,0,152,215,5.095837,7.207928,,,0,0,0,ADL,1.000000
Subject 3/ADL/21.mp4#f156-219,Subject 3/ADL/21.mp4,3,gmdcsa24,0,156,219,5.229938,7.342029,,,0,0,0,ADL,1.000000
Subject 3/ADL/21.mp4#f160-223,Subject 3/ADL/21.mp4,3,gmdcsa24,0,160,223,5.364039,7.476130,,,0,0,0,ADL,1.000000
Subject 3/ADL/21.mp4#f164-227,Subject 3/ADL/21.mp4,3,gmdcsa24,0,164,227,5.498140,7.610231,,,0,0,0,ADL,1.000000
Subject 3/ADL/21.mp4#f168-231,Subject 3/ADL/21.mp4,3,gmdcsa24,0,168,231,5.632241,7.744332,,,0,0,0,ADL,1.000000
Subject 3/ADL/21.mp4#f172-235,Subject 3/ADL/21.mp4,3,gmdcsa24,0,172,235,5.766342,7.878433,,,0,0,0,ADL,1.000000
Subject 3/ADL/21.mp4#f176-239,Subject 3/ADL/21.mp4,3,gmdcsa24,0,176,239,5.900443,8.012534,,,0,0,0,ADL,1.000000
Subject 3/ADL/21.mp4#f180-243,Subject 3/ADL/21.mp4,3,gmdcsa24,0,180,243,6.034544,8.146635,,,0,0,0,ADL,1.000000
Subject 3/ADL/21.mp4#f184-247,Subject 3/ADL/21.mp4,3,gmdcsa24,0,184,247,6.168645,8.280736,,,0,0,0,ADL,1.000000
Subject 3/ADL/21.mp4#f188-251,Subject 3/ADL/21.mp4,3,gmdcsa24,0,188,251,6.302746,8.414837,,,0,0,0,ADL,1.000000
Subject 3/ADL/21.mp4#f192-255,Subject 3/ADL/21.mp4,3,gmdcsa24,0,192,255,6.436847,8.548938,,,0,0,0,ADL,1.000000
Subject 3/ADL/21.mp4#f196-259,Subject 3/ADL/21.mp4,3,gmdcsa24,0,196,259,6.570948,8.683039,,,0,0,0,ADL,1.000000
Subject 3/ADL/21.mp4#f200-263,Subject 3/ADL/21.mp4,3,gmdcsa24,0,200,263,6.705049,8.817139,,,0,0,0,ADL,1.000000
Subject 3/ADL/21.mp4#f204-267,Subject 3/ADL/21.mp4,3,gmdcsa24,0,204,267,6.839150,8.951240,,,0,0,0,ADL,1.000000
Subject 3/ADL/21.mp4#f208-271,Subject 3/ADL/21.mp4,3,gmdcsa24,0,208,271,6.973251,9.085341,,,0,0,0,ADL,1.000000
Subject 3/ADL/21.mp4#f212-275,Subject 3/ADL/21.mp4,3,gmdcsa24,0,212,275,7.107352,9.219442,,,0,0,0,ADL,1.000000
Subject 3/ADL/21.mp4#f216-279,Subject 3/ADL/21.mp4,3,gmdcsa24,0,216,279,7.241453,9.353543,,,0,0,0,ADL,1.000000
Subject 3/ADL/21.mp4#f220-283,Subject 3/ADL/21.mp4,3,gmdcsa24,0,220,283,7.375554,9.487644,,,0,0,0,ADL,1.000000
Subject 3/ADL/21.mp4#f224-287,Subject 3/ADL/21.mp4,3,gmdcsa24,0,224,287,7.509655,9.621745,,,0,0,0,ADL,1.000000
Subject 3/ADL/21.mp4#f228-291,Subject 3/ADL/21.mp4,3,gmdcsa24,0,228,291,7.643756,9.755846,,,0,0,0,ADL,1.000000
Subject 3/ADL/21.mp4#f232-295,Subject 3/ADL/21.mp4,3,gmdcsa24,0,232,295,7.777857,9.889947,,,0,0,0,ADL,1.000000
Subject 3/ADL/21.mp4#f236-299,Subject 3/ADL/21.mp4,3,gmdcsa24,0,236,299,7.911958,10.024048,,,0,0,0,ADL,1.000000
Subject 3/ADL/21.mp4#f240-303,Subject 3/ADL/21.mp4,3,gmdcsa24,0,240,303,8.046059,10.158149,,,0,0,0,ADL,1.000000
Subject 3/ADL/22.mp4#f0-63,Subject 3/ADL/22.mp4,3,gmdcsa24,0,0,63,0.000000,2.112526,,,0,0,0,ADL,1.000000
Subject 3/ADL/22.mp4#f4-67,Subject 3/ADL/22.mp4,3,gmdcsa24,0,4,67,0.134129,2.246654,,,0,0,0,ADL,1.000000
Subject 3/ADL/22.mp4#f8-71,Subject 3/ADL/22.mp4,3,gmdcsa24,0,8,71,0.268257,2.380783,,,0,0,0,ADL,1.000000
Subject 3/ADL/22.mp4#f12-75,Subject 3/ADL/22.mp4,3,gmdcsa24,0,12,75,0.402386,2.514912,,,0,0,0,ADL,1.000000
Subject 3/ADL/22.mp4#f16-79,Subject 3/ADL/22.mp4,3,gmdcsa24,0,16,79,0.536514,2.649040,,,0,0,0,ADL,1.000000
Subject 3/ADL/22.mp4#f20-83,Subject 3/ADL/22.mp4,3,gmdcsa24,0,20,83,0.670643,2.783169,,,0,0,0,ADL,1.000000
Subject 3/ADL/22.mp4#f24-87,Subject 3/ADL/22.mp4,3,gmdcsa24,0,24,87,0.804772,2.917298,,,0,0,0,ADL,1.000000
Subject 3/ADL/22.mp4#f28-91,Subject 3/ADL/22.mp4,3,gmdcsa24,0,28,91,0.938900,3.051426,,,0,0,0,ADL,1.000000
Subject 3/ADL/22.mp4#f32-95,Subject 3/ADL/22.mp4,3,gmdcsa24,0,32,95,1.073029,3.185555,,,0,0,0,ADL,1.000000
Subject 3/ADL/22.mp4#f36-99,Subject 3/ADL/22.mp4,3,gmdcsa24,0,36,99,1.207158,3.319683,,,0,0,0,ADL,1.000000
Subject 3/ADL/22.mp4#f40-103,Subject 3/ADL/22.mp4,3,gmdcsa24,0,40,103,1.341286,3.453812,,,0,0,0,ADL,1.000000
Subject 3/ADL/22.mp4#f44-107,Subject 3/ADL/22.mp4,3,gmdcsa24,0,44,107,1.475415,3.587941,,,0,0,0,ADL,1.000000
Subject 3/ADL/22.mp4#f48-111,Subject 3/ADL/22.mp4,3,gmdcsa24,0,48,111,1.609543,3.722069,,,0,0,0,ADL,1.000000
Subject 3/ADL/22.mp4#f52-115,Subject 3/ADL/22.mp4,3,gmdcsa24,0,52,115,1.743672,3.856198,,,0,0,0,ADL,1.000000
Subject 3/ADL/22.mp4#f56-119,Subject 3/ADL/22.mp4,3,gmdcsa24,0,56,119,1.877801,3.990327,,,0,0,0,ADL,1.000000
Subject 3/ADL/22.mp4#f60-123,Subject 3/ADL/22.mp4,3,gmdcsa24,0,60,123,2.011929,4.124455,,,0,0,0,ADL,1.000000
Subject 3/ADL/22.mp4#f64-127,Subject 3/ADL/22.mp4,3,gmdcsa24,0,64,127,2.146058,4.258584,,,0,0,0,ADL,1.000000
Subject 3/ADL/22.mp4#f68-131,Subject 3/ADL/22.mp4,3,gmdcsa24,0,68,131,2.280187,4.392712,,,0,0,0,ADL,1.000000
Subject 3/ADL/22.mp4#f72-135,Subject 3/ADL/22.mp4,3,gmdcsa24,0,72,135,2.414315,4.526841,,,0,0,0,ADL,1.000000
Subject 3/ADL/22.mp4#f76-139,Subject 3/ADL/22.mp4,3,gmdcsa24,0,76,139,2.548444,4.660970,,,0,0,0,ADL,1.000000
Subject 3/ADL/22.mp4#f80-143,Subject 3/ADL/22.mp4,3,gmdcsa24,0,80,143,2.682572,4.795098,,,0,0,0,ADL,1.000000
Subject 3/ADL/22.mp4#f84-147,Subject 3/ADL/22.mp4,3,gmdcsa24,0,84,147,2.816701,4.929227,,,0,0,0,ADL,1.000000
Subject 3/ADL/22.mp4#f88-151,Subject 3/ADL/22.mp4,3,gmdcsa24,0,88,151,2.950830,5.063356,,,0,0,0,ADL,1.000000
Subject 3/ADL/22.mp4#f92-155,Subject 3/ADL/22.mp4,3,gmdcsa24,0,92,155,3.084958,5.197484,,,0,0,0,ADL,1.000000
Subject 3/ADL/22.mp4#f96-159,Subject 3/ADL/22.mp4,3,gmdcsa24,0,96,159,3.219087,5.331613,,,0,0,0,ADL,1.000000
Subject 3/ADL/22.mp4#f100-163,Subject 3/ADL/22.mp4,3,gmdcsa24,0,100,163,3.353216,5.465741,,,0,0,0,ADL,1.000000
Subject 3/ADL/22.mp4#f104-167,Subject 3/ADL/22.mp4,3,gmdcsa24,0,104,167,3.487344,5.599870,,,0,0,0,ADL,1.000000
Subject 3/ADL/22.mp4#f108-171,Subject 3/ADL/22.mp4,3,gmdcsa24,0,108,171,3.621473,5.733999,,,0,0,0,ADL,1.000000
Subject 3/ADL/22.mp4#f112-175,Subject 3/ADL/22.mp4,3,gmdcsa24,0,112,175,3.755601,5.868127,,,0,0,0,ADL,1.000000
Subject 3/ADL/22.mp4#f116-179,Subject 3/ADL/22.mp4,3,gmdcsa24,0,116,179,3.889730,6.002256,,,0,0,0,ADL,1.000000
Subject 3/ADL/22.mp4#f120-183,Subject 3/ADL/22.mp4,3,gmdcsa24,0,120,183,4.023859,6.136385,,,0,0,0,ADL,1.000000
Subject 3/ADL/22.mp4#f124-187,Subject 3/ADL/22.mp4,3,gmdcsa24,0,124,187,4.157987,6.270513,,,0,0,0,ADL,1.000000
Subject 3/ADL/22.mp4#f128-191,Subject 3/ADL/22.mp4,3,gmdcsa24,0,128,191,4.292116,6.404642,,,0,0,0,ADL,1.000000
Subject 3/ADL/22.mp4#f132-195,Subject 3/ADL/22.mp4,3,gmdcsa24,0,132,195,4.426245,6.538770,,,0,0,0,ADL,1.000000
Subject 3/ADL/22.mp4#f136-199,Subject 3/ADL/22.mp4,3,gmdcsa24,0,136,199,4.560373,6.672899,,,0,0,0,ADL,1.000000
Subject 3/ADL/22.mp4#f140-203,Subject 3/ADL/22.mp4,3,gmdcsa24,0,140,203,4.694502,6.807028,,,0,0,0,ADL,1.000000
Subject 3/ADL/22.mp4#f144-207,Subject 3/ADL/22.mp4,3,gmdcsa24,0,144,207,4.828630,6.941156,,,0,0,0,ADL,1.000000
Subject 3/ADL/22.mp4#f148-211,Subject 3/ADL/22.mp4,3,gmdcsa24,0,148,211,4.962759,7.075285,,,0,0,0,ADL,1.000000
Subject 3/ADL/22.mp4#f152-215,Subject 3/ADL/22.mp4,3,gmdcsa24,0,152,215,5.096888,7.209414,,,0,0,0,ADL,1.000000
Subject 3/ADL/22.mp4#f156-219,Subject 3/ADL/22.mp4,3,gmdcsa24,0,156,219,5.231016,7.343542,,,0,0,0,ADL,1.000000
Subject 3/ADL/22.mp4#f160-223,Subject 3/ADL/22.mp4,3,gmdcsa24,0,160,223,5.365145,7.477671,,,0,0,0,ADL,1.000000
Subject 3/ADL/22.mp4#f164-227,Subject 3/ADL/22.mp4,3,gmdcsa24,0,164,227,5.499274,7.611799,,,0,0,0,ADL,1.000000
Subject 3/ADL/22.mp4#f168-231,Subject 3/ADL/22.mp4,3,gmdcsa24,0,168,231,5.633402,7.745928,,,0,0,0,ADL,1.000000
Subject 3/ADL/22.mp4#f172-235,Subject 3/ADL/22.mp4,3,gmdcsa24,0,172,235,5.767531,7.880057,,,0,0,0,ADL,1.000000
Subject 3/ADL/22.mp4#f176-239,Subject 3/ADL/22.mp4,3,gmdcsa24,0,176,239,5.901659,8.014185,,,0,0,0,ADL,1.000000
Subject 3/ADL/22.mp4#f180-243,Subject 3/ADL/22.mp4,3,gmdcsa24,0,180,243,6.035788,8.148314,,,0,0,0,ADL,1.000000
Subject 3/ADL/22.mp4#f184-247,Subject 3/ADL/22.mp4,3,gmdcsa24,0,184,247,6.169917,8.282443,,,0,0,0,ADL,1.000000
Subject 3/ADL/22.mp4#f188-251,Subject 3/ADL/22.mp4,3,gmdcsa24,0,188,251,6.304045,8.416571,,,0,0,0,ADL,1.000000
Subject 3/ADL/22.mp4#f192-255,Subject 3/ADL/22.mp4,3,gmdcsa24,0,192,255,6.438174,8.550700,,,0,0,0,ADL,1.000000
Subject 3/ADL/22.mp4#f196-259,Subject 3/ADL/22.mp4,3,gmdcsa24,0,196,259,6.572303,8.684828,,,0,0,0,ADL,1.000000
Subject 3/ADL/22.mp4#f200-263,Subject 3/ADL/22.mp4,3,gmdcsa24,0,200,263,6.706431,8.818957,,,0,0,0,ADL,1.000000
Subject 3/ADL/22.mp4#f204-267,Subject 3/ADL/22.mp4,3,gmdcsa24,0,204,267,6.840560,8.953086,,,0,0,0,ADL,1.000000
Subject 3/ADL/22.mp4#f208-271,Subject 3/ADL/22.mp4,3,gmdcsa24,0,208,271,6.974688,9.087214,,,0,0,0,ADL,1.000000
Subject 3/ADL/22.mp4#f212-275,Subject 3/ADL/22.mp4,3,gmdcsa24,0,212,275,7.108817,9.221343,,,0,0,0,ADL,1.000000
Subject 3/ADL/22.mp4#f216-279,Subject 3/ADL/22.mp4,3,gmdcsa24,0,216,279,7.242946,9.355472,,,0,0,0,ADL,1.000000
Subject 3/Fall/02.mp4#f0-63,Subject 3/Fall/02.mp4,3,gmdcsa24,1,0,63,0.000000,2.109118,2.600000,0.502171,1,1,1,PRE_FALL_0_1S,1.000000
Subject 3/Fall/02.mp4#f4-67,Subject 3/Fall/02.mp4,3,gmdcsa24,1,4,67,0.133912,2.243030,2.600000,0.368259,1,1,1,PRE_FALL_0_1S,1.000000
Subject 3/Fall/02.mp4#f8-71,Subject 3/Fall/02.mp4,3,gmdcsa24,1,8,71,0.267824,2.376942,2.600000,0.234346,1,1,1,PRE_FALL_0_1S,1.000000
Subject 3/Fall/02.mp4#f12-75,Subject 3/Fall/02.mp4,3,gmdcsa24,1,12,75,0.401737,2.510855,2.600000,0.100434,1,1,1,PRE_FALL_0_1S,1.000000
Subject 3/Fall/05.mp4#f0-63,Subject 3/Fall/05.mp4,3,gmdcsa24,1,0,63,0.000000,2.110367,3.200000,1.105430,0,1,1,PRE_FALL_1_2S,1.000000
Subject 3/Fall/05.mp4#f4-67,Subject 3/Fall/05.mp4,3,gmdcsa24,1,4,67,0.133992,2.244359,3.200000,0.971439,1,1,1,PRE_FALL_0_1S,1.000000
Subject 3/Fall/05.mp4#f8-71,Subject 3/Fall/05.mp4,3,gmdcsa24,1,8,71,0.267983,2.378350,3.200000,0.837447,1,1,1,PRE_FALL_0_1S,1.000000
Subject 3/Fall/05.mp4#f12-75,Subject 3/Fall/05.mp4,3,gmdcsa24,1,12,75,0.401975,2.512342,3.200000,0.703456,1,1,1,PRE_FALL_0_1S,1.000000
Subject 3/Fall/05.mp4#f16-79,Subject 3/Fall/05.mp4,3,gmdcsa24,1,16,79,0.535966,2.646333,3.200000,0.569464,1,1,1,PRE_FALL_0_1S,1.000000
Subject 3/Fall/05.mp4#f20-83,Subject 3/Fall/05.mp4,3,gmdcsa24,1,20,83,0.669958,2.780325,3.200000,0.435473,1,1,1,PRE_FALL_0_1S,1.000000
Subject 3/Fall/05.mp4#f24-87,Subject 3/Fall/05.mp4,3,gmdcsa24,1,24,87,0.803949,2.914316,3.200000,0.301481,1,1,1,PRE_FALL_0_1S,1.000000
Subject 3/Fall/05.mp4#f28-91,Subject 3/Fall/05.mp4,3,gmdcsa24,1,28,91,0.937941,3.048308,3.200000,0.167489,1,1,1,PRE_FALL_0_1S,1.000000
Subject 3/Fall/05.mp4#f32-95,Subject 3/Fall/05.mp4,3,gmdcsa24,1,32,95,1.071932,3.182300,3.200000,0.033498,1,1,1,PRE_FALL_0_1S,1.000000
Subject 3/Fall/09.mp4#f0-63,Subject 3/Fall/09.mp4,3,gmdcsa24,1,0,63,0.000000,2.108208,3.300000,1.204690,0,1,1,PRE_FALL_1_2S,1.000000
Subject 3/Fall/09.mp4#f4-67,Subject 3/Fall/09.mp4,3,gmdcsa24,1,4,67,0.133854,2.242063,3.300000,1.070836,0,1,1,PRE_FALL_1_2S,1.000000
Subject 3/Fall/09.mp4#f8-71,Subject 3/Fall/09.mp4,3,gmdcsa24,1,8,71,0.267709,2.375917,3.300000,0.936981,1,1,1,PRE_FALL_0_1S,1.000000
Subject 3/Fall/09.mp4#f12-75,Subject 3/Fall/09.mp4,3,gmdcsa24,1,12,75,0.401563,2.509772,3.300000,0.803127,1,1,1,PRE_FALL_0_1S,1.000000
Subject 3/Fall/09.mp4#f16-79,Subject 3/Fall/09.mp4,3,gmdcsa24,1,16,79,0.535418,2.643626,3.300000,0.669272,1,1,1,PRE_FALL_0_1S,1.000000
Subject 3/Fall/09.mp4#f20-83,Subject 3/Fall/09.mp4,3,gmdcsa24,1,20,83,0.669272,2.777481,3.300000,0.535418,1,1,1,PRE_FALL_0_1S,1.000000
Subject 3/Fall/09.mp4#f24-87,Subject 3/Fall/09.mp4,3,gmdcsa24,1,24,87,0.803127,2.911335,3.300000,0.401563,1,1,1,PRE_FALL_0_1S,1.000000
Subject 3/Fall/09.mp4#f28-91,Subject 3/Fall/09.mp4,3,gmdcsa24,1,28,91,0.936981,3.045189,3.300000,0.267709,1,1,1,PRE_FALL_0_1S,1.000000
Subject 3/Fall/09.mp4#f32-95,Subject 3/Fall/09.mp4,3,gmdcsa24,1,32,95,1.070836,3.179044,3.300000,0.133854,1,1,1,PRE_FALL_0_1S,1.000000
Subject 3/Fall/11.mp4#f0-63,Subject 3/Fall/11.mp4,3,gmdcsa24,1,0,63,0.000000,2.110736,4.700000,2.579788,0,0,1,PRE_FALL_2_3S,1.000000
Subject 3/Fall/11.mp4#f4-67,Subject 3/Fall/11.mp4,3,gmdcsa24,1,4,67,0.134015,2.244751,4.700000,2.445773,0,0,1,PRE_FALL_2_3S,1.000000
Subject 3/Fall/11.mp4#f8-71,Subject 3/Fall/11.mp4,3,gmdcsa24,1,8,71,0.268030,2.378766,4.700000,2.311758,0,0,1,PRE_FALL_2_3S,1.000000
Subject 3/Fall/11.mp4#f12-75,Subject 3/Fall/11.mp4,3,gmdcsa24,1,12,75,0.402045,2.512781,4.700000,2.177743,0,0,1,PRE_FALL_2_3S,1.000000
Subject 3/Fall/11.mp4#f16-79,Subject 3/Fall/11.mp4,3,gmdcsa24,1,16,79,0.536060,2.646796,4.700000,2.043728,0,0,1,PRE_FALL_2_3S,1.000000
Subject 3/Fall/11.mp4#f20-83,Subject 3/Fall/11.mp4,3,gmdcsa24,1,20,83,0.670075,2.780811,4.700000,1.909713,0,1,1,PRE_FALL_1_2S,1.000000
Subject 3/Fall/11.mp4#f24-87,Subject 3/Fall/11.mp4,3,gmdcsa24,1,24,87,0.804090,2.914826,4.700000,1.775698,0,1,1,PRE_FALL_1_2S,1.000000
Subject 3/Fall/11.mp4#f28-91,Subject 3/Fall/11.mp4,3,gmdcsa24,1,28,91,0.938105,3.048841,4.700000,1.641683,0,1,1,PRE_FALL_1_2S,1.000000
Subject 3/Fall/11.mp4#f32-95,Subject 3/Fall/11.mp4,3,gmdcsa24,1,32,95,1.072120,3.182856,4.700000,1.507668,0,1,1,PRE_FALL_1_2S,1.000000
Subject 3/Fall/11.mp4#f36-99,Subject 3/Fall/11.mp4,3,gmdcsa24,1,36,99,1.206135,3.316871,4.700000,1.373654,0,1,1,PRE_FALL_1_2S,1.000000
Subject 3/Fall/11.mp4#f40-103,Subject 3/Fall/11.mp4,3,gmdcsa24,1,40,103,1.340150,3.450886,4.700000,1.239639,0,1,1,PRE_FALL_1_2S,1.000000
Subject 3/Fall/11.mp4#f44-107,Subject 3/Fall/11.mp4,3,gmdcsa24,1,44,107,1.474165,3.584901,4.700000,1.105624,0,1,1,PRE_FALL_1_2S,1.000000
Subject 3/Fall/11.mp4#f48-111,Subject 3/Fall/11.mp4,3,gmdcsa24,1,48,111,1.608180,3.718916,4.700000,0.971609,1,1,1,PRE_FALL_0_1S,1.000000
Subject 3/Fall/11.mp4#f52-115,Subject 3/Fall/11.mp4,3,gmdcsa24,1,52,115,1.742195,3.852931,4.700000,0.837594,1,1,1,PRE_FALL_0_1S,1.000000
Subject 3/Fall/11.mp4#f56-119,Subject 3/Fall/11.mp4,3,gmdcsa24,1,56,119,1.876210,3.986946,4.700000,0.703579,1,1,1,PRE_FALL_0_1S,1.000000
Subject 3/Fall/11.mp4#f60-123,Subject 3/Fall/11.mp4,3,gmdcsa24,1,60,123,2.010225,4.120961,4.700000,0.569564,1,1,1,PRE_FALL_0_1S,1.000000
Subject 3/Fall/11.mp4#f64-127,Subject 3/Fall/11.mp4,3,gmdcsa24,1,64,127,2.144240,4.254976,4.700000,0.435549,1,1,1,PRE_FALL_0_1S,1.000000
Subject 3/Fall/11.mp4#f68-131,Subject 3/Fall/11.mp4,3,gmdcsa24,1,68,131,2.278255,4.388991,4.700000,0.301534,1,1,1,PRE_FALL_0_1S,1.000000
Subject 3/Fall/11.mp4#f72-135,Subject 3/Fall/11.mp4,3,gmdcsa24,1,72,135,2.412270,4.523005,4.700000,0.167519,1,1,1,PRE_FALL_0_1S,1.000000
Subject 3/Fall/11.mp4#f76-139,Subject 3/Fall/11.mp4,3,gmdcsa24,1,76,139,2.546285,4.657020,4.700000,0.033504,1,1,1,PRE_FALL_0_1S,1.000000
Subject 3/Fall/14.mp4#f0-63,Subject 3/Fall/14.mp4,3,gmdcsa24,1,0,63,0.000000,2.112405,8.100000,6.001914,0,0,0,EARLY_FALL_VIDEO,1.000000
Subject 3/Fall/14.mp4#f4-67,Subject 3/Fall/14.mp4,3,gmdcsa24,1,4,67,0.134121,2.246526,8.100000,5.867793,0,0,0,EARLY_FALL_VIDEO,1.000000
Subject 3/Fall/14.mp4#f8-71,Subject 3/Fall/14.mp4,3,gmdcsa24,1,8,71,0.268242,2.380647,8.100000,5.733672,0,0,0,EARLY_FALL_VIDEO,1.000000
Subject 3/Fall/14.mp4#f12-75,Subject 3/Fall/14.mp4,3,gmdcsa24,1,12,75,0.402363,2.514768,8.100000,5.599551,0,0,0,EARLY_FALL_VIDEO,1.000000
Subject 3/Fall/14.mp4#f16-79,Subject 3/Fall/14.mp4,3,gmdcsa24,1,16,79,0.536484,2.648889,8.100000,5.465430,0,0,0,EARLY_FALL_VIDEO,1.000000
Subject 3/Fall/14.mp4#f20-83,Subject 3/Fall/14.mp4,3,gmdcsa24,1,20,83,0.670605,2.783010,8.100000,5.331309,0,0,0,EARLY_FALL_VIDEO,1.000000
Subject 3/Fall/14.mp4#f24-87,Subject 3/Fall/14.mp4,3,gmdcsa24,1,24,87,0.804726,2.917131,8.100000,5.197188,0,0,0,EARLY_FALL_VIDEO,1.000000
Subject 3/Fall/14.mp4#f28-91,Subject 3/Fall/14.mp4,3,gmdcsa24,1,28,91,0.938847,3.051252,8.100000,5.063067,0,0,0,EARLY_FALL_VIDEO,1.000000
Subject 3/Fall/14.mp4#f32-95,Subject 3/Fall/14.mp4,3,gmdcsa24,1,32,95,1.072968,3.185373,8.100000,4.928946,0,0,0,EARLY_FALL_VIDEO,1.000000
Subject 3/Fall/14.mp4#f36-99,Subject 3/Fall/14.mp4,3,gmdcsa24,1,36,99,1.207089,3.319494,8.100000,4.794825,0,0,0,EARLY_FALL_VIDEO,1.000000
Subject 3/Fall/14.mp4#f40-103,Subject 3/Fall/14.mp4,3,gmdcsa24,1,40,103,1.341210,3.453615,8.100000,4.660704,0,0,0,EARLY_FALL_VIDEO,1.000000
Subject 3/Fall/14.mp4#f44-107,Subject 3/Fall/14.mp4,3,gmdcsa24,1,44,107,1.475331,3.587736,8.100000,4.526583,0,0,0,EARLY_FALL_VIDEO,1.000000
Subject 3/Fall/14.mp4#f48-111,Subject 3/Fall/14.mp4,3,gmdcsa24,1,48,111,1.609452,3.721857,8.100000,4.392462,0,0,0,EARLY_FALL_VIDEO,1.000000
Subject 3/Fall/14.mp4#f52-115,Subject 3/Fall/14.mp4,3,gmdcsa24,1,52,115,1.743573,3.855978,8.100000,4.258341,0,0,0,EARLY_FALL_VIDEO,1.000000
Subject 3/Fall/14.mp4#f56-119,Subject 3/Fall/14.mp4,3,gmdcsa24,1,56,119,1.877694,3.990099,8.100000,4.124220,0,0,0,EARLY_FALL_VIDEO,1.000000
Subject 3/Fall/14.mp4#f60-123,Subject 3/Fall/14.mp4,3,gmdcsa24,1,60,123,2.011815,4.124220,8.100000,3.990099,0,0,0,EARLY_FALL_VIDEO,1.000000
Subject 3/Fall/14.mp4#f64-127,Subject 3/Fall/14.mp4,3,gmdcsa24,1,64,127,2.145936,4.258341,8.100000,3.855978,0,0,0,EARLY_FALL_VIDEO,1.000000
Subject 3/Fall/14.mp4#f68-131,Subject 3/Fall/14.mp4,3,gmdcsa24,1,68,131,2.280057,4.392462,8.100000,3.721857,0,0,0,EARLY_FALL_VIDEO,1.000000
Subject 3/Fall/14.mp4#f72-135,Subject 3/Fall/14.mp4,3,gmdcsa24,1,72,135,2.414178,4.526583,8.100000,3.587736,0,0,0,EARLY_FALL_VIDEO,1.000000
Subject 3/Fall/14.mp4#f76-139,Subject 3/Fall/14.mp4,3,gmdcsa24,1,76,139,2.548299,4.660704,8.100000,3.453615,0,0,0,EARLY_FALL_VIDEO,1.000000
Subject 3/Fall/14.mp4#f80-143,Subject 3/Fall/14.mp4,3,gmdcsa24,1,80,143,2.682420,4.794825,8.100000,3.319494,0,0,0,EARLY_FALL_VIDEO,1.000000
Subject 3/Fall/14.mp4#f84-147,Subject 3/Fall/14.mp4,3,gmdcsa24,1,84,147,2.816541,4.928946,8.100000,3.185373,0,0,0,EARLY_FALL_VIDEO,1.000000
Subject 3/Fall/14.mp4#f88-151,Subject 3/Fall/14.mp4,3,gmdcsa24,1,88,151,2.950662,5.063067,8.100000,3.051252,0,0,0,EARLY_FALL_VIDEO,1.000000
Subject 3/Fall/14.mp4#f92-155,Subject 3/Fall/14.mp4,3,gmdcsa24,1,92,155,3.084783,5.197188,8.100000,2.917131,0,0,1,PRE_FALL_2_3S,1.000000
Subject 3/Fall/14.mp4#f96-159,Subject 3/Fall/14.mp4,3,gmdcsa24,1,96,159,3.218904,5.331309,8.100000,2.783010,0,0,1,PRE_FALL_2_3S,1.000000
Subject 3/Fall/14.mp4#f100-163,Subject 3/Fall/14.mp4,3,gmdcsa24,1,100,163,3.353025,5.465430,8.100000,2.648889,0,0,1,PRE_FALL_2_3S,1.000000
Subject 3/Fall/14.mp4#f104-167,Subject 3/Fall/14.mp4,3,gmdcsa24,1,104,167,3.487145,5.599551,8.100000,2.514768,0,0,1,PRE_FALL_2_3S,1.000000
Subject 3/Fall/14.mp4#f108-171,Subject 3/Fall/14.mp4,3,gmdcsa24,1,108,171,3.621266,5.733672,8.100000,2.380647,0,0,1,PRE_FALL_2_3S,1.000000
Subject 3/Fall/14.mp4#f112-175,Subject 3/Fall/14.mp4,3,gmdcsa24,1,112,175,3.755387,5.867793,8.100000,2.246526,0,0,1,PRE_FALL_2_3S,1.000000
Subject 3/Fall/14.mp4#f116-179,Subject 3/Fall/14.mp4,3,gmdcsa24,1,116,179,3.889508,6.001914,8.100000,2.112405,0,0,1,PRE_FALL_2_3S,1.000000
Subject 3/Fall/14.mp4#f120-183,Subject 3/Fall/14.mp4,3,gmdcsa24,1,120,183,4.023629,6.136035,8.100000,1.978284,0,1,1,PRE_FALL_1_2S,1.000000
Subject 3/Fall/14.mp4#f124-187,Subject 3/Fall/14.mp4,3,gmdcsa24,1,124,187,4.157750,6.270156,8.100000,1.844163,0,1,1,PRE_FALL_1_2S,1.000000
Subject 3/Fall/14.mp4#f128-191,Subject 3/Fall/14.mp4,3,gmdcsa24,1,128,191,4.291871,6.404277,8.100000,1.710043,0,1,1,PRE_FALL_1_2S,1.000000
Subject 3/Fall/14.mp4#f132-195,Subject 3/Fall/14.mp4,3,gmdcsa24,1,132,195,4.425992,6.538398,8.100000,1.575922,0,1,1,PRE_FALL_1_2S,1.000000
Subject 3/Fall/14.mp4#f136-199,Subject 3/Fall/14.mp4,3,gmdcsa24,1,136,199,4.560113,6.672519,8.100000,1.441801,0,1,1,PRE_FALL_1_2S,1.000000
Subject 3/Fall/14.mp4#f140-203,Subject 3/Fall/14.mp4,3,gmdcsa24,1,140,203,4.694234,6.806640,8.100000,1.307680,0,1,1,PRE_FALL_1_2S,1.000000
Subject 3/Fall/14.mp4#f144-207,Subject 3/Fall/14.mp4,3,gmdcsa24,1,144,207,4.828355,6.940761,8.100000,1.173559,0,1,1,PRE_FALL_1_2S,1.000000
Subject 3/Fall/14.mp4#f148-211,Subject 3/Fall/14.mp4,3,gmdcsa24,1,148,211,4.962476,7.074882,8.100000,1.039438,0,1,1,PRE_FALL_1_2S,1.000000
Subject 3/Fall/14.mp4#f152-215,Subject 3/Fall/14.mp4,3,gmdcsa24,1,152,215,5.096597,7.209003,8.100000,0.905317,1,1,1,PRE_FALL_0_1S,1.000000
Subject 3/Fall/14.mp4#f156-219,Subject 3/Fall/14.mp4,3,gmdcsa24,1,156,219,5.230718,7.343124,8.100000,0.771196,1,1,1,PRE_FALL_0_1S,1.000000
Subject 3/Fall/14.mp4#f160-223,Subject 3/Fall/14.mp4,3,gmdcsa24,1,160,223,5.364839,7.477245,8.100000,0.637075,1,1,1,PRE_FALL_0_1S,1.000000
Subject 3/Fall/14.mp4#f164-227,Subject 3/Fall/14.mp4,3,gmdcsa24,1,164,227,5.498960,7.611366,8.100000,0.502954,1,1,1,PRE_FALL_0_1S,1.000000
Subject 3/Fall/14.mp4#f168-231,Subject 3/Fall/14.mp4,3,gmdcsa24,1,168,231,5.633081,7.745487,8.100000,0.368833,1,1,1,PRE_FALL_0_1S,1.000000
Subject 3/Fall/14.mp4#f172-235,Subject 3/Fall/14.mp4,3,gmdcsa24,1,172,235,5.767202,7.879608,8.100000,0.234712,1,1,1,PRE_FALL_0_1S,1.000000
Subject 3/Fall/14.mp4#f176-239,Subject 3/Fall/14.mp4,3,gmdcsa24,1,176,239,5.901323,8.013729,8.100000,0.100591,1,1,1,PRE_FALL_0_1S,1.000000
Subject 3/Fall/21.mp4#f0-63,Subject 3/Fall/21.mp4,3,gmdcsa24,1,0,63,0.000000,2.108346,5.400000,3.279650,0,0,0,EARLY_FALL_VIDEO,1.000000
Subject 3/Fall/21.mp4#f4-67,Subject 3/Fall/21.mp4,3,gmdcsa24,1,4,67,0.133863,2.242210,5.400000,3.145787,0,0,0,EARLY_FALL_VIDEO,1.000000
Subject 3/Fall/21.mp4#f8-71,Subject 3/Fall/21.mp4,3,gmdcsa24,1,8,71,0.267727,2.376073,5.400000,3.011923,0,0,0,EARLY_FALL_VIDEO,1.000000
Subject 3/Fall/21.mp4#f12-75,Subject 3/Fall/21.mp4,3,gmdcsa24,1,12,75,0.401590,2.509936,5.400000,2.878060,0,0,1,PRE_FALL_2_3S,1.000000
Subject 3/Fall/21.mp4#f16-79,Subject 3/Fall/21.mp4,3,gmdcsa24,1,16,79,0.535453,2.643799,5.400000,2.744197,0,0,1,PRE_FALL_2_3S,1.000000
Subject 3/Fall/21.mp4#f20-83,Subject 3/Fall/21.mp4,3,gmdcsa24,1,20,83,0.669316,2.777663,5.400000,2.610334,0,0,1,PRE_FALL_2_3S,1.000000
Subject 3/Fall/21.mp4#f24-87,Subject 3/Fall/21.mp4,3,gmdcsa24,1,24,87,0.803180,2.911526,5.400000,2.476470,0,0,1,PRE_FALL_2_3S,1.000000
Subject 3/Fall/21.mp4#f28-91,Subject 3/Fall/21.mp4,3,gmdcsa24,1,28,91,0.937043,3.045389,5.400000,2.342607,0,0,1,PRE_FALL_2_3S,1.000000
Subject 3/Fall/21.mp4#f32-95,Subject 3/Fall/21.mp4,3,gmdcsa24,1,32,95,1.070906,3.179252,5.400000,2.208744,0,0,1,PRE_FALL_2_3S,1.000000
Subject 3/Fall/21.mp4#f36-99,Subject 3/Fall/21.mp4,3,gmdcsa24,1,36,99,1.204769,3.313116,5.400000,2.074881,0,0,1,PRE_FALL_2_3S,1.000000
Subject 3/Fall/21.mp4#f40-103,Subject 3/Fall/21.mp4,3,gmdcsa24,1,40,103,1.338633,3.446979,5.400000,1.941017,0,1,1,PRE_FALL_1_2S,1.000000
Subject 3/Fall/21.mp4#f44-107,Subject 3/Fall/21.mp4,3,gmdcsa24,1,44,107,1.472496,3.580842,5.400000,1.807154,0,1,1,PRE_FALL_1_2S,1.000000
Subject 3/Fall/21.mp4#f48-111,Subject 3/Fall/21.mp4,3,gmdcsa24,1,48,111,1.606359,3.714705,5.400000,1.673291,0,1,1,PRE_FALL_1_2S,1.000000
Subject 3/Fall/21.mp4#f52-115,Subject 3/Fall/21.mp4,3,gmdcsa24,1,52,115,1.740222,3.848569,5.400000,1.539427,0,1,1,PRE_FALL_1_2S,1.000000
Subject 3/Fall/21.mp4#f56-119,Subject 3/Fall/21.mp4,3,gmdcsa24,1,56,119,1.874086,3.982432,5.400000,1.405564,0,1,1,PRE_FALL_1_2S,1.000000
Subject 3/Fall/21.mp4#f60-123,Subject 3/Fall/21.mp4,3,gmdcsa24,1,60,123,2.007949,4.116295,5.400000,1.271701,0,1,1,PRE_FALL_1_2S,1.000000
Subject 3/Fall/21.mp4#f64-127,Subject 3/Fall/21.mp4,3,gmdcsa24,1,64,127,2.141812,4.250158,5.400000,1.137838,0,1,1,PRE_FALL_1_2S,1.000000
Subject 3/Fall/21.mp4#f68-131,Subject 3/Fall/21.mp4,3,gmdcsa24,1,68,131,2.275675,4.384022,5.400000,1.003974,0,1,1,PRE_FALL_1_2S,1.000000
Subject 3/Fall/21.mp4#f72-135,Subject 3/Fall/21.mp4,3,gmdcsa24,1,72,135,2.409539,4.517885,5.400000,0.870111,1,1,1,PRE_FALL_0_1S,1.000000
Subject 3/Fall/21.mp4#f76-139,Subject 3/Fall/21.mp4,3,gmdcsa24,1,76,139,2.543402,4.651748,5.400000,0.736248,1,1,1,PRE_FALL_0_1S,1.000000
Subject 3/Fall/21.mp4#f80-143,Subject 3/Fall/21.mp4,3,gmdcsa24,1,80,143,2.677265,4.785611,5.400000,0.602385,1,1,1,PRE_FALL_0_1S,1.000000
Subject 3/Fall/21.mp4#f84-147,Subject 3/Fall/21.mp4,3,gmdcsa24,1,84,147,2.811128,4.919475,5.400000,0.468521,1,1,1,PRE_FALL_0_1S,1.000000
Subject 3/Fall/21.mp4#f88-151,Subject 3/Fall/21.mp4,3,gmdcsa24,1,88,151,2.944992,5.053338,5.400000,0.334658,1,1,1,PRE_FALL_0_1S,1.000000
Subject 3/Fall/21.mp4#f92-155,Subject 3/Fall/21.mp4,3,gmdcsa24,1,92,155,3.078855,5.187201,5.400000,0.200795,1,1,1,PRE_FALL_0_1S,1.000000
Subject 3/Fall/21.mp4#f96-159,Subject 3/Fall/21.mp4,3,gmdcsa24,1,96,159,3.212718,5.321065,5.400000,0.066932,1,1,1,PRE_FALL_0_1S,1.000000
Subject 4/ADL/01.mp4#f0-63,Subject 4/ADL/01.mp4,4,gmdcsa24,0,0,63,0.000000,2.111590,,,0,0,0,ADL,1.000000
Subject 4/ADL/01.mp4#f4-67,Subject 4/ADL/01.mp4,4,gmdcsa24,0,4,67,0.134069,2.245659,,,0,0,0,ADL,1.000000
Subject 4/ADL/01.mp4#f8-71,Subject 4/ADL/01.mp4,4,gmdcsa24,0,8,71,0.268138,2.379728,,,0,0,0,ADL,1.000000
Subject 4/ADL/01.mp4#f12-75,Subject 4/ADL/01.mp4,4,gmdcsa24,0,12,75,0.402208,2.513797,,,0,0,0,ADL,1.000000
Subject 4/ADL/01.mp4#f16-79,Subject 4/ADL/01.mp4,4,gmdcsa24,0,16,79,0.536277,2.647867,,,0,0,0,ADL,1.000000
Subject 4/ADL/01.mp4#f20-83,Subject 4/ADL/01.mp4,4,gmdcsa24,0,20,83,0.670346,2.781936,,,0,0,0,ADL,1.000000
Subject 4/ADL/01.mp4#f24-87,Subject 4/ADL/01.mp4,4,gmdcsa24,0,24,87,0.804415,2.916005,,,0,0,0,ADL,1.000000
Subject 4/ADL/01.mp4#f28-91,Subject 4/ADL/01.mp4,4,gmdcsa24,0,28,91,0.938484,3.050074,,,0,0,0,ADL,1.000000
Subject 4/ADL/01.mp4#f32-95,Subject 4/ADL/01.mp4,4,gmdcsa24,0,32,95,1.072554,3.184143,,,0,0,0,ADL,1.000000
Subject 4/ADL/01.mp4#f36-99,Subject 4/ADL/01.mp4,4,gmdcsa24,0,36,99,1.206623,3.318213,,,0,0,0,ADL,1.000000
Subject 4/ADL/01.mp4#f40-103,Subject 4/ADL/01.mp4,4,gmdcsa24,0,40,103,1.340692,3.452282,,,0,0,0,ADL,1.000000
Subject 4/ADL/01.mp4#f44-107,Subject 4/ADL/01.mp4,4,gmdcsa24,0,44,107,1.474761,3.586351,,,0,0,0,ADL,1.000000
Subject 4/ADL/01.mp4#f48-111,Subject 4/ADL/01.mp4,4,gmdcsa24,0,48,111,1.608830,3.720420,,,0,0,0,ADL,1.000000
Subject 4/ADL/01.mp4#f52-115,Subject 4/ADL/01.mp4,4,gmdcsa24,0,52,115,1.742899,3.854489,,,0,0,0,ADL,1.000000
Subject 4/ADL/01.mp4#f56-119,Subject 4/ADL/01.mp4,4,gmdcsa24,0,56,119,1.876969,3.988558,,,0,0,0,ADL,1.000000
Subject 4/ADL/01.mp4#f60-123,Subject 4/ADL/01.mp4,4,gmdcsa24,0,60,123,2.011038,4.122628,,,0,0,0,ADL,1.000000
Subject 4/ADL/01.mp4#f64-127,Subject 4/ADL/01.mp4,4,gmdcsa24,0,64,127,2.145107,4.256697,,,0,0,0,ADL,1.000000
Subject 4/ADL/01.mp4#f68-131,Subject 4/ADL/01.mp4,4,gmdcsa24,0,68,131,2.279176,4.390766,,,0,0,0,ADL,1.000000
Subject 4/ADL/01.mp4#f72-135,Subject 4/ADL/01.mp4,4,gmdcsa24,0,72,135,2.413245,4.524835,,,0,0,0,ADL,1.000000
Subject 4/ADL/01.mp4#f76-139,Subject 4/ADL/01.mp4,4,gmdcsa24,0,76,139,2.547315,4.658904,,,0,0,0,ADL,1.000000
Subject 4/ADL/01.mp4#f80-143,Subject 4/ADL/01.mp4,4,gmdcsa24,0,80,143,2.681384,4.792974,,,0,0,0,ADL,1.000000
Subject 4/ADL/01.mp4#f84-147,Subject 4/ADL/01.mp4,4,gmdcsa24,0,84,147,2.815453,4.927043,,,0,0,0,ADL,1.000000
Subject 4/ADL/01.mp4#f88-151,Subject 4/ADL/01.mp4,4,gmdcsa24,0,88,151,2.949522,5.061112,,,0,0,0,ADL,1.000000
Subject 4/ADL/01.mp4#f92-155,Subject 4/ADL/01.mp4,4,gmdcsa24,0,92,155,3.083591,5.195181,,,0,0,0,ADL,1.000000
Subject 4/ADL/01.mp4#f96-159,Subject 4/ADL/01.mp4,4,gmdcsa24,0,96,159,3.217661,5.329250,,,0,0,0,ADL,1.000000
Subject 4/ADL/01.mp4#f100-163,Subject 4/ADL/01.mp4,4,gmdcsa24,0,100,163,3.351730,5.463320,,,0,0,0,ADL,1.000000
Subject 4/ADL/01.mp4#f104-167,Subject 4/ADL/01.mp4,4,gmdcsa24,0,104,167,3.485799,5.597389,,,0,0,0,ADL,1.000000
Subject 4/ADL/01.mp4#f108-171,Subject 4/ADL/01.mp4,4,gmdcsa24,0,108,171,3.619868,5.731458,,,0,0,0,ADL,1.000000
Subject 4/ADL/01.mp4#f112-175,Subject 4/ADL/01.mp4,4,gmdcsa24,0,112,175,3.753937,5.865527,,,0,0,0,ADL,1.000000
Subject 4/ADL/01.mp4#f116-179,Subject 4/ADL/01.mp4,4,gmdcsa24,0,116,179,3.888007,5.999596,,,0,0,0,ADL,1.000000
Subject 4/ADL/01.mp4#f120-183,Subject 4/ADL/01.mp4,4,gmdcsa24,0,120,183,4.022076,6.133666,,,0,0,0,ADL,1.000000
Subject 4/ADL/01.mp4#f124-187,Subject 4/ADL/01.mp4,4,gmdcsa24,0,124,187,4.156145,6.267735,,,0,0,0,ADL,1.000000
Subject 4/ADL/01.mp4#f128-191,Subject 4/ADL/01.mp4,4,gmdcsa24,0,128,191,4.290214,6.401804,,,0,0,0,ADL,1.000000
Subject 4/ADL/01.mp4#f132-195,Subject 4/ADL/01.mp4,4,gmdcsa24,0,132,195,4.424283,6.535873,,,0,0,0,ADL,1.000000
Subject 4/ADL/01.mp4#f136-199,Subject 4/ADL/01.mp4,4,gmdcsa24,0,136,199,4.558353,6.669942,,,0,0,0,ADL,1.000000
Subject 4/ADL/01.mp4#f140-203,Subject 4/ADL/01.mp4,4,gmdcsa24,0,140,203,4.692422,6.804012,,,0,0,0,ADL,1.000000
Subject 4/ADL/01.mp4#f144-207,Subject 4/ADL/01.mp4,4,gmdcsa24,0,144,207,4.826491,6.938081,,,0,0,0,ADL,1.000000
Subject 4/ADL/01.mp4#f148-211,Subject 4/ADL/01.mp4,4,gmdcsa24,0,148,211,4.960560,7.072150,,,0,0,0,ADL,1.000000
Subject 4/ADL/01.mp4#f152-215,Subject 4/ADL/01.mp4,4,gmdcsa24,0,152,215,5.094629,7.206219,,,0,0,0,ADL,1.000000
Subject 4/ADL/01.mp4#f156-219,Subject 4/ADL/01.mp4,4,gmdcsa24,0,156,219,5.228698,7.340288,,,0,0,0,ADL,1.000000
Subject 4/ADL/01.mp4#f160-223,Subject 4/ADL/01.mp4,4,gmdcsa24,0,160,223,5.362768,7.474357,,,0,0,0,ADL,1.000000
Subject 4/ADL/01.mp4#f164-227,Subject 4/ADL/01.mp4,4,gmdcsa24,0,164,227,5.496837,7.608427,,,0,0,0,ADL,1.000000
Subject 4/ADL/01.mp4#f168-231,Subject 4/ADL/01.mp4,4,gmdcsa24,0,168,231,5.630906,7.742496,,,0,0,0,ADL,1.000000
Subject 4/ADL/01.mp4#f172-235,Subject 4/ADL/01.mp4,4,gmdcsa24,0,172,235,5.764975,7.876565,,,0,0,0,ADL,1.000000
Subject 4/ADL/01.mp4#f176-239,Subject 4/ADL/01.mp4,4,gmdcsa24,0,176,239,5.899044,8.010634,,,0,0,0,ADL,1.000000
Subject 4/ADL/01.mp4#f180-243,Subject 4/ADL/01.mp4,4,gmdcsa24,0,180,243,6.033114,8.144703,,,0,0,0,ADL,1.000000
Subject 4/ADL/01.mp4#f184-247,Subject 4/ADL/01.mp4,4,gmdcsa24,0,184,247,6.167183,8.278773,,,0,0,0,ADL,1.000000
Subject 4/ADL/01.mp4#f188-251,Subject 4/ADL/01.mp4,4,gmdcsa24,0,188,251,6.301252,8.412842,,,0,0,0,ADL,1.000000
Subject 4/ADL/01.mp4#f192-255,Subject 4/ADL/01.mp4,4,gmdcsa24,0,192,255,6.435321,8.546911,,,0,0,0,ADL,1.000000
Subject 4/ADL/01.mp4#f196-259,Subject 4/ADL/01.mp4,4,gmdcsa24,0,196,259,6.569390,8.680980,,,0,0,0,ADL,1.000000
Subject 4/ADL/01.mp4#f200-263,Subject 4/ADL/01.mp4,4,gmdcsa24,0,200,263,6.703460,8.815049,,,0,0,0,ADL,1.000000
Subject 4/ADL/01.mp4#f204-267,Subject 4/ADL/01.mp4,4,gmdcsa24,0,204,267,6.837529,8.949119,,,0,0,0,ADL,1.000000
Subject 4/ADL/01.mp4#f208-271,Subject 4/ADL/01.mp4,4,gmdcsa24,0,208,271,6.971598,9.083188,,,0,0,0,ADL,1.000000
Subject 4/ADL/01.mp4#f212-275,Subject 4/ADL/01.mp4,4,gmdcsa24,0,212,275,7.105667,9.217257,,,0,0,0,ADL,1.000000
Subject 4/ADL/01.mp4#f216-279,Subject 4/ADL/01.mp4,4,gmdcsa24,0,216,279,7.239736,9.351326,,,0,0,0,ADL,1.000000
Subject 4/ADL/01.mp4#f220-283,Subject 4/ADL/01.mp4,4,gmdcsa24,0,220,283,7.373806,9.485395,,,0,0,0,ADL,1.000000
Subject 4/ADL/01.mp4#f224-287,Subject 4/ADL/01.mp4,4,gmdcsa24,0,224,287,7.507875,9.619465,,,0,0,0,ADL,1.000000
Subject 4/ADL/01.mp4#f228-291,Subject 4/ADL/01.mp4,4,gmdcsa24,0,228,291,7.641944,9.753534,,,0,0,0,ADL,1.000000
Subject 4/ADL/01.mp4#f232-295,Subject 4/ADL/01.mp4,4,gmdcsa24,0,232,295,7.776013,9.887603,,,0,0,0,ADL,1.000000
Subject 4/ADL/01.mp4#f236-299,Subject 4/ADL/01.mp4,4,gmdcsa24,0,236,299,7.910082,10.021672,,,0,0,0,ADL,1.000000
Subject 4/ADL/01.mp4#f240-303,Subject 4/ADL/01.mp4,4,gmdcsa24,0,240,303,8.044152,10.155741,,,0,0,0,ADL,1.000000
Subject 4/ADL/01.mp4#f244-307,Subject 4/ADL/01.mp4,4,gmdcsa24,0,244,307,8.178221,10.289811,,,0,0,0,ADL,1.000000
Subject 4/ADL/01.mp4#f248-311,Subject 4/ADL/01.mp4,4,gmdcsa24,0,248,311,8.312290,10.423880,,,0,0,0,ADL,1.000000
Subject 4/ADL/01.mp4#f252-315,Subject 4/ADL/01.mp4,4,gmdcsa24,0,252,315,8.446359,10.557949,,,0,0,0,ADL,1.000000
Subject 4/ADL/01.mp4#f256-319,Subject 4/ADL/01.mp4,4,gmdcsa24,0,256,319,8.580428,10.692018,,,0,0,0,ADL,1.000000
Subject 4/ADL/01.mp4#f260-323,Subject 4/ADL/01.mp4,4,gmdcsa24,0,260,323,8.714497,10.826087,,,0,0,0,ADL,1.000000
Subject 4/ADL/01.mp4#f264-327,Subject 4/ADL/01.mp4,4,gmdcsa24,0,264,327,8.848567,10.960156,,,0,0,0,ADL,1.000000
Subject 4/ADL/01.mp4#f268-331,Subject 4/ADL/01.mp4,4,gmdcsa24,0,268,331,8.982636,11.094226,,,0,0,0,ADL,1.000000
Subject 4/ADL/01.mp4#f272-335,Subject 4/ADL/01.mp4,4,gmdcsa24,0,272,335,9.116705,11.228295,,,0,0,0,ADL,1.000000
Subject 4/ADL/01.mp4#f276-339,Subject 4/ADL/01.mp4,4,gmdcsa24,0,276,339,9.250774,11.362364,,,0,0,0,ADL,1.000000
Subject 4/ADL/01.mp4#f280-343,Subject 4/ADL/01.mp4,4,gmdcsa24,0,280,343,9.384843,11.496433,,,0,0,0,ADL,1.000000
Subject 4/ADL/01.mp4#f284-347,Subject 4/ADL/01.mp4,4,gmdcsa24,0,284,347,9.518913,11.630502,,,0,0,0,ADL,1.000000
Subject 4/ADL/01.mp4#f288-351,Subject 4/ADL/01.mp4,4,gmdcsa24,0,288,351,9.652982,11.764572,,,0,0,0,ADL,1.000000
Subject 4/ADL/01.mp4#f292-355,Subject 4/ADL/01.mp4,4,gmdcsa24,0,292,355,9.787051,11.898641,,,0,0,0,ADL,1.000000
Subject 4/ADL/01.mp4#f296-359,Subject 4/ADL/01.mp4,4,gmdcsa24,0,296,359,9.921120,12.032710,,,0,0,0,ADL,1.000000
Subject 4/ADL/01.mp4#f300-363,Subject 4/ADL/01.mp4,4,gmdcsa24,0,300,363,10.055189,12.166779,,,0,0,0,ADL,1.000000
Subject 4/ADL/01.mp4#f304-367,Subject 4/ADL/01.mp4,4,gmdcsa24,0,304,367,10.189259,12.300848,,,0,0,0,ADL,1.000000
Subject 4/ADL/02.mp4#f0-63,Subject 4/ADL/02.mp4,4,gmdcsa24,0,0,63,0.000000,2.112293,,,0,0,0,ADL,1.000000
Subject 4/ADL/02.mp4#f4-67,Subject 4/ADL/02.mp4,4,gmdcsa24,0,4,67,0.134114,2.246407,,,0,0,0,ADL,1.000000
Subject 4/ADL/02.mp4#f8-71,Subject 4/ADL/02.mp4,4,gmdcsa24,0,8,71,0.268228,2.380521,,,0,0,0,ADL,1.000000
Subject 4/ADL/02.mp4#f12-75,Subject 4/ADL/02.mp4,4,gmdcsa24,0,12,75,0.402342,2.514635,,,0,0,0,ADL,1.000000
Subject 4/ADL/02.mp4#f16-79,Subject 4/ADL/02.mp4,4,gmdcsa24,0,16,79,0.536455,2.648749,,,0,0,0,ADL,1.000000
Subject 4/ADL/02.mp4#f20-83,Subject 4/ADL/02.mp4,4,gmdcsa24,0,20,83,0.670569,2.782863,,,0,0,0,ADL,1.000000
Subject 4/ADL/02.mp4#f24-87,Subject 4/ADL/02.mp4,4,gmdcsa24,0,24,87,0.804683,2.916976,,,0,0,0,ADL,1.000000
Subject 4/ADL/02.mp4#f28-91,Subject 4/ADL/02.mp4,4,gmdcsa24,0,28,91,0.938797,3.051090,,,0,0,0,ADL,1.000000
Subject 4/ADL/02.mp4#f32-95,Subject 4/ADL/02.mp4,4,gmdcsa24,0,32,95,1.072911,3.185204,,,0,0,0,ADL,1.000000
Subject 4/ADL/02.mp4#f36-99,Subject 4/ADL/02.mp4,4,gmdcsa24,0,36,99,1.207025,3.319318,,,0,0,0,ADL,1.000000
Subject 4/ADL/02.mp4#f40-103,Subject 4/ADL/02.mp4,4,gmdcsa24,0,40,103,1.341139,3.453432,,,0,0,0,ADL,1.000000
Subject 4/ADL/02.mp4#f44-107,Subject 4/ADL/02.mp4,4,gmdcsa24,0,44,107,1.475252,3.587546,,,0,0,0,ADL,1.000000
Subject 4/ADL/02.mp4#f48-111,Subject 4/ADL/02.mp4,4,gmdcsa24,0,48,111,1.609366,3.721660,,,0,0,0,ADL,1.000000
Subject 4/ADL/02.mp4#f52-115,Subject 4/ADL/02.mp4,4,gmdcsa24,0,52,115,1.743480,3.855774,,,0,0,0,ADL,1.000000
Subject 4/ADL/02.mp4#f56-119,Subject 4/ADL/02.mp4,4,gmdcsa24,0,56,119,1.877594,3.989887,,,0,0,0,ADL,1.000000
Subject 4/ADL/02.mp4#f60-123,Subject 4/ADL/02.mp4,4,gmdcsa24,0,60,123,2.011708,4.124001,,,0,0,0,ADL,1.000000
Subject 4/ADL/02.mp4#f64-127,Subject 4/ADL/02.mp4,4,gmdcsa24,0,64,127,2.145822,4.258115,,,0,0,0,ADL,1.000000
Subject 4/ADL/02.mp4#f68-131,Subject 4/ADL/02.mp4,4,gmdcsa24,0,68,131,2.279936,4.392229,,,0,0,0,ADL,1.000000
Subject 4/ADL/02.mp4#f72-135,Subject 4/ADL/02.mp4,4,gmdcsa24,0,72,135,2.414050,4.526343,,,0,0,0,ADL,1.000000
Subject 4/ADL/02.mp4#f76-139,Subject 4/ADL/02.mp4,4,gmdcsa24,0,76,139,2.548163,4.660457,,,0,0,0,ADL,1.000000
Subject 4/ADL/02.mp4#f80-143,Subject 4/ADL/02.mp4,4,gmdcsa24,0,80,143,2.682277,4.794571,,,0,0,0,ADL,1.000000
Subject 4/ADL/02.mp4#f84-147,Subject 4/ADL/02.mp4,4,gmdcsa24,0,84,147,2.816391,4.928684,,,0,0,0,ADL,1.000000
Subject 4/ADL/02.mp4#f88-151,Subject 4/ADL/02.mp4,4,gmdcsa24,0,88,151,2.950505,5.062798,,,0,0,0,ADL,1.000000
Subject 4/ADL/02.mp4#f92-155,Subject 4/ADL/02.mp4,4,gmdcsa24,0,92,155,3.084619,5.196912,,,0,0,0,ADL,1.000000
Subject 4/ADL/02.mp4#f96-159,Subject 4/ADL/02.mp4,4,gmdcsa24,0,96,159,3.218733,5.331026,,,0,0,0,ADL,1.000000
Subject 4/ADL/02.mp4#f100-163,Subject 4/ADL/02.mp4,4,gmdcsa24,0,100,163,3.352847,5.465140,,,0,0,0,ADL,1.000000
Subject 4/ADL/02.mp4#f104-167,Subject 4/ADL/02.mp4,4,gmdcsa24,0,104,167,3.486960,5.599254,,,0,0,0,ADL,1.000000
Subject 4/ADL/02.mp4#f108-171,Subject 4/ADL/02.mp4,4,gmdcsa24,0,108,171,3.621074,5.733368,,,0,0,0,ADL,1.000000
Subject 4/ADL/02.mp4#f112-175,Subject 4/ADL/02.mp4,4,gmdcsa24,0,112,175,3.755188,5.867481,,,0,0,0,ADL,1.000000
Subject 4/ADL/02.mp4#f116-179,Subject 4/ADL/02.mp4,4,gmdcsa24,0,116,179,3.889302,6.001595,,,0,0,0,ADL,1.000000
Subject 4/ADL/02.mp4#f120-183,Subject 4/ADL/02.mp4,4,gmdcsa24,0,120,183,4.023416,6.135709,,,0,0,0,ADL,1.000000
Subject 4/ADL/02.mp4#f124-187,Subject 4/ADL/02.mp4,4,gmdcsa24,0,124,187,4.157530,6.269823,,,0,0,0,ADL,1.000000
Subject 4/ADL/02.mp4#f128-191,Subject 4/ADL/02.mp4,4,gmdcsa24,0,128,191,4.291644,6.403937,,,0,0,0,ADL,1.000000
Subject 4/ADL/02.mp4#f132-195,Subject 4/ADL/02.mp4,4,gmdcsa24,0,132,195,4.425757,6.538051,,,0,0,0,ADL,1.000000
Subject 4/ADL/02.mp4#f136-199,Subject 4/ADL/02.mp4,4,gmdcsa24,0,136,199,4.559871,6.672165,,,0,0,0,ADL,1.000000
Subject 4/ADL/02.mp4#f140-203,Subject 4/ADL/02.mp4,4,gmdcsa24,0,140,203,4.693985,6.806278,,,0,0,0,ADL,1.000000
Subject 4/ADL/02.mp4#f144-207,Subject 4/ADL/02.mp4,4,gmdcsa24,0,144,207,4.828099,6.940392,,,0,0,0,ADL,1.000000
Subject 4/ADL/02.mp4#f148-211,Subject 4/ADL/02.mp4,4,gmdcsa24,0,148,211,4.962213,7.074506,,,0,0,0,ADL,1.000000
Subject 4/ADL/02.mp4#f152-215,Subject 4/ADL/02.mp4,4,gmdcsa24,0,152,215,5.096327,7.208620,,,0,0,0,ADL,1.000000
Subject 4/ADL/02.mp4#f156-219,Subject 4/ADL/02.mp4,4,gmdcsa24,0,156,219,5.230441,7.342734,,,0,0,0,ADL,1.000000
Subject 4/ADL/02.mp4#f160-223,Subject 4/ADL/02.mp4,4,gmdcsa24,0,160,223,5.364554,7.476848,,,0,0,0,ADL,1.000000
Subject 4/ADL/02.mp4#f164-227,Subject 4/ADL/02.mp4,4,gmdcsa24,0,164,227,5.498668,7.610962,,,0,0,0,ADL,1.000000
Subject 4/ADL/02.mp4#f168-231,Subject 4/ADL/02.mp4,4,gmdcsa24,0,168,231,5.632782,7.745076,,,0,0,0,ADL,1.000000
Subject 4/ADL/02.mp4#f172-235,Subject 4/ADL/02.mp4,4,gmdcsa24,0,172,235,5.766896,7.879189,,,0,0,0,ADL,1.000000
Subject 4/ADL/02.mp4#f176-239,Subject 4/ADL/02.mp4,4,gmdcsa24,0,176,239,5.901010,8.013303,,,0,0,0,ADL,1.000000
Subject 4/ADL/02.mp4#f180-243,Subject 4/ADL/02.mp4,4,gmdcsa24,0,180,243,6.035124,8.147417,,,0,0,0,ADL,1.000000
Subject 4/ADL/02.mp4#f184-247,Subject 4/ADL/02.mp4,4,gmdcsa24,0,184,247,6.169238,8.281531,,,0,0,0,ADL,1.000000
Subject 4/ADL/02.mp4#f188-251,Subject 4/ADL/02.mp4,4,gmdcsa24,0,188,251,6.303351,8.415645,,,0,0,0,ADL,1.000000
Subject 4/ADL/02.mp4#f192-255,Subject 4/ADL/02.mp4,4,gmdcsa24,0,192,255,6.437465,8.549759,,,0,0,0,ADL,1.000000
Subject 4/ADL/02.mp4#f196-259,Subject 4/ADL/02.mp4,4,gmdcsa24,0,196,259,6.571579,8.683873,,,0,0,0,ADL,1.000000
Subject 4/ADL/02.mp4#f200-263,Subject 4/ADL/02.mp4,4,gmdcsa24,0,200,263,6.705693,8.817986,,,0,0,0,ADL,1.000000
Subject 4/ADL/02.mp4#f204-267,Subject 4/ADL/02.mp4,4,gmdcsa24,0,204,267,6.839807,8.952100,,,0,0,0,ADL,1.000000
Subject 4/ADL/02.mp4#f208-271,Subject 4/ADL/02.mp4,4,gmdcsa24,0,208,271,6.973921,9.086214,,,0,0,0,ADL,1.000000
Subject 4/ADL/02.mp4#f212-275,Subject 4/ADL/02.mp4,4,gmdcsa24,0,212,275,7.108035,9.220328,,,0,0,0,ADL,1.000000
Subject 4/ADL/02.mp4#f216-279,Subject 4/ADL/02.mp4,4,gmdcsa24,0,216,279,7.242149,9.354442,,,0,0,0,ADL,1.000000
Subject 4/ADL/02.mp4#f220-283,Subject 4/ADL/02.mp4,4,gmdcsa24,0,220,283,7.376262,9.488556,,,0,0,0,ADL,1.000000
Subject 4/ADL/02.mp4#f224-287,Subject 4/ADL/02.mp4,4,gmdcsa24,0,224,287,7.510376,9.622670,,,0,0,0,ADL,1.000000
Subject 4/ADL/02.mp4#f228-291,Subject 4/ADL/02.mp4,4,gmdcsa24,0,228,291,7.644490,9.756783,,,0,0,0,ADL,1.000000
Subject 4/ADL/02.mp4#f232-295,Subject 4/ADL/02.mp4,4,gmdcsa24,0,232,295,7.778604,9.890897,,,0,0,0,ADL,1.000000
Subject 4/ADL/02.mp4#f236-299,Subject 4/ADL/02.mp4,4,gmdcsa24,0,236,299,7.912718,10.025011,,,0,0,0,ADL,1.000000
Subject 4/ADL/02.mp4#f240-303,Subject 4/ADL/02.mp4,4,gmdcsa24,0,240,303,8.046832,10.159125,,,0,0,0,ADL,1.000000
Subject 4/ADL/02.mp4#f244-307,Subject 4/ADL/02.mp4,4,gmdcsa24,0,244,307,8.180946,10.293239,,,0,0,0,ADL,1.000000
Subject 4/ADL/02.mp4#f248-311,Subject 4/ADL/02.mp4,4,gmdcsa24,0,248,311,8.315059,10.427353,,,0,0,0,ADL,1.000000
Subject 4/ADL/03.mp4#f0-63,Subject 4/ADL/03.mp4,4,gmdcsa24,0,0,63,0.000000,2.110783,,,0,0,0,ADL,1.000000
Subject 4/ADL/03.mp4#f4-67,Subject 4/ADL/03.mp4,4,gmdcsa24,0,4,67,0.134018,2.244801,,,0,0,0,ADL,1.000000
Subject 4/ADL/03.mp4#f8-71,Subject 4/ADL/03.mp4,4,gmdcsa24,0,8,71,0.268036,2.378819,,,0,0,0,ADL,1.000000
Subject 4/ADL/03.mp4#f12-75,Subject 4/ADL/03.mp4,4,gmdcsa24,0,12,75,0.402054,2.512837,,,0,0,0,ADL,1.000000
Subject 4/ADL/03.mp4#f16-79,Subject 4/ADL/03.mp4,4,gmdcsa24,0,16,79,0.536072,2.646855,,,0,0,0,ADL,1.000000
Subject 4/ADL/03.mp4#f20-83,Subject 4/ADL/03.mp4,4,gmdcsa24,0,20,83,0.670090,2.780873,,,0,0,0,ADL,1.000000
Subject 4/ADL/03.mp4#f24-87,Subject 4/ADL/03.mp4,4,gmdcsa24,0,24,87,0.804108,2.914891,,,0,0,0,ADL,1.000000
Subject 4/ADL/03.mp4#f28-91,Subject 4/ADL/03.mp4,4,gmdcsa24,0,28,91,0.938126,3.048909,,,0,0,0,ADL,1.000000
Subject 4/ADL/03.mp4#f32-95,Subject 4/ADL/03.mp4,4,gmdcsa24,0,32,95,1.072144,3.182927,,,0,0,0,ADL,1.000000
Subject 4/ADL/03.mp4#f36-99,Subject 4/ADL/03.mp4,4,gmdcsa24,0,36,99,1.206162,3.316945,,,0,0,0,ADL,1.000000
Subject 4/ADL/03.mp4#f40-103,Subject 4/ADL/03.mp4,4,gmdcsa24,0,40,103,1.340180,3.450963,,,0,0,0,ADL,1.000000
Subject 4/ADL/03.mp4#f44-107,Subject 4/ADL/03.mp4,4,gmdcsa24,0,44,107,1.474198,3.584981,,,0,0,0,ADL,1.000000
Subject 4/ADL/03.mp4#f48-111,Subject 4/ADL/03.mp4,4,gmdcsa24,0,48,111,1.608216,3.718999,,,0,0,0,ADL,1.000000
Subject 4/ADL/03.mp4#f52-115,Subject 4/ADL/03.mp4,4,gmdcsa24,0,52,115,1.742234,3.853017,,,0,0,0,ADL,1.000000
Subject 4/ADL/03.mp4#f56-119,Subject 4/ADL/03.mp4,4,gmdcsa24,0,56,119,1.876252,3.987035,,,0,0,0,ADL,1.000000
Subject 4/ADL/03.mp4#f60-123,Subject 4/ADL/03.mp4,4,gmdcsa24,0,60,123,2.010270,4.121053,,,0,0,0,ADL,1.000000
Subject 4/ADL/03.mp4#f64-127,Subject 4/ADL/03.mp4,4,gmdcsa24,0,64,127,2.144288,4.255071,,,0,0,0,ADL,1.000000
Subject 4/ADL/03.mp4#f68-131,Subject 4/ADL/03.mp4,4,gmdcsa24,0,68,131,2.278306,4.389089,,,0,0,0,ADL,1.000000
Subject 4/ADL/03.mp4#f72-135,Subject 4/ADL/03.mp4,4,gmdcsa24,0,72,135,2.412324,4.523107,,,0,0,0,ADL,1.000000
Subject 4/ADL/03.mp4#f76-139,Subject 4/ADL/03.mp4,4,gmdcsa24,0,76,139,2.546342,4.657125,,,0,0,0,ADL,1.000000
Subject 4/ADL/03.mp4#f80-143,Subject 4/ADL/03.mp4,4,gmdcsa24,0,80,143,2.680359,4.791143,,,0,0,0,ADL,1.000000
Subject 4/ADL/03.mp4#f84-147,Subject 4/ADL/03.mp4,4,gmdcsa24,0,84,147,2.814377,4.925161,,,0,0,0,ADL,1.000000
Subject 4/ADL/03.mp4#f88-151,Subject 4/ADL/03.mp4,4,gmdcsa24,0,88,151,2.948395,5.059179,,,0,0,0,ADL,1.000000
Subject 4/ADL/03.mp4#f92-155,Subject 4/ADL/03.mp4,4,gmdcsa24,0,92,155,3.082413,5.193197,,,0,0,0,ADL,1.000000
Subject 4/ADL/03.mp4#f96-159,Subject 4/ADL/03.mp4,4,gmdcsa24,0,96,159,3.216431,5.327214,,,0,0,0,ADL,1.000000
Subject 4/ADL/03.mp4#f100-163,Subject 4/ADL/03.mp4,4,gmdcsa24,0,100,163,3.350449,5.461232,,,0,0,0,ADL,1.000000
Subject 4/ADL/03.mp4#f104-167,Subject 4/ADL/03.mp4,4,gmdcsa24,0,104,167,3.484467,5.595250,,,0,0,0,ADL,1.000000
Subject 4/ADL/03.mp4#f108-171,Subject 4/ADL/03.mp4,4,gmdcsa24,0,108,171,3.618485,5.729268,,,0,0,0,ADL,1.000000
Subject 4/ADL/03.mp4#f112-175,Subject 4/ADL/03.mp4,4,gmdcsa24,0,112,175,3.752503,5.863286,,,0,0,0,ADL,1.000000
Subject 4/ADL/03.mp4#f116-179,Subject 4/ADL/03.mp4,4,gmdcsa24,0,116,179,3.886521,5.997304,,,0,0,0,ADL,1.000000
Subject 4/ADL/03.mp4#f120-183,Subject 4/ADL/03.mp4,4,gmdcsa24,0,120,183,4.020539,6.131322,,,0,0,0,ADL,1.000000
Subject 4/ADL/03.mp4#f124-187,Subject 4/ADL/03.mp4,4,gmdcsa24,0,124,187,4.154557,6.265340,,,0,0,0,ADL,1.000000
Subject 4/ADL/03.mp4#f128-191,Subject 4/ADL/03.mp4,4,gmdcsa24,0,128,191,4.288575,6.399358,,,0,0,0,ADL,1.000000
Subject 4/ADL/03.mp4#f132-195,Subject 4/ADL/03.mp4,4,gmdcsa24,0,132,195,4.422593,6.533376,,,0,0,0,ADL,1.000000
Subject 4/ADL/03.mp4#f136-199,Subject 4/ADL/03.mp4,4,gmdcsa24,0,136,199,4.556611,6.667394,,,0,0,0,ADL,1.000000
Subject 4/ADL/03.mp4#f140-203,Subject 4/ADL/03.mp4,4,gmdcsa24,0,140,203,4.690629,6.801412,,,0,0,0,ADL,1.000000
Subject 4/ADL/03.mp4#f144-207,Subject 4/ADL/03.mp4,4,gmdcsa24,0,144,207,4.824647,6.935430,,,0,0,0,ADL,1.000000
Subject 4/ADL/03.mp4#f148-211,Subject 4/ADL/03.mp4,4,gmdcsa24,0,148,211,4.958665,7.069448,,,0,0,0,ADL,1.000000
Subject 4/ADL/03.mp4#f152-215,Subject 4/ADL/03.mp4,4,gmdcsa24,0,152,215,5.092683,7.203466,,,0,0,0,ADL,1.000000
Subject 4/ADL/03.mp4#f156-219,Subject 4/ADL/03.mp4,4,gmdcsa24,0,156,219,5.226701,7.337484,,,0,0,0,ADL,1.000000
Subject 4/ADL/03.mp4#f160-223,Subject 4/ADL/03.mp4,4,gmdcsa24,0,160,223,5.360719,7.471502,,,0,0,0,ADL,1.000000
Subject 4/ADL/03.mp4#f164-227,Subject 4/ADL/03.mp4,4,gmdcsa24,0,164,227,5.494737,7.605520,,,0,0,0,ADL,1.000000
Subject 4/ADL/03.mp4#f168-231,Subject 4/ADL/03.mp4,4,gmdcsa24,0,168,231,5.628755,7.739538,,,0,0,0,ADL,1.000000
Subject 4/ADL/03.mp4#f172-235,Subject 4/ADL/03.mp4,4,gmdcsa24,0,172,235,5.762773,7.873556,,,0,0,0,ADL,1.000000
Subject 4/ADL/03.mp4#f176-239,Subject 4/ADL/03.mp4,4,gmdcsa24,0,176,239,5.896791,8.007574,,,0,0,0,ADL,1.000000
Subject 4/ADL/03.mp4#f180-243,Subject 4/ADL/03.mp4,4,gmdcsa24,0,180,243,6.030809,8.141592,,,0,0,0,ADL,1.000000
Subject 4/ADL/03.mp4#f184-247,Subject 4/ADL/03.mp4,4,gmdcsa24,0,184,247,6.164827,8.275610,,,0,0,0,ADL,1.000000
Subject 4/ADL/03.mp4#f188-251,Subject 4/ADL/03.mp4,4,gmdcsa24,0,188,251,6.298845,8.409628,,,0,0,0,ADL,1.000000
Subject 4/ADL/03.mp4#f192-255,Subject 4/ADL/03.mp4,4,gmdcsa24,0,192,255,6.432863,8.543646,,,0,0,0,ADL,1.000000
Subject 4/ADL/03.mp4#f196-259,Subject 4/ADL/03.mp4,4,gmdcsa24,0,196,259,6.566881,8.677664,,,0,0,0,ADL,1.000000
Subject 4/ADL/03.mp4#f200-263,Subject 4/ADL/03.mp4,4,gmdcsa24,0,200,263,6.700899,8.811682,,,0,0,0,ADL,1.000000
Subject 4/ADL/04.mp4#f0-63,Subject 4/ADL/04.mp4,4,gmdcsa24,0,0,63,0.000000,2.112362,,,0,0,0,ADL,1.000000
Subject 4/ADL/04.mp4#f4-67,Subject 4/ADL/04.mp4,4,gmdcsa24,0,4,67,0.134118,2.246480,,,0,0,0,ADL,1.000000
Subject 4/ADL/04.mp4#f8-71,Subject 4/ADL/04.mp4,4,gmdcsa24,0,8,71,0.268236,2.380598,,,0,0,0,ADL,1.000000
Subject 4/ADL/04.mp4#f12-75,Subject 4/ADL/04.mp4,4,gmdcsa24,0,12,75,0.402355,2.514716,,,0,0,0,ADL,1.000000
Subject 4/ADL/04.mp4#f16-79,Subject 4/ADL/04.mp4,4,gmdcsa24,0,16,79,0.536473,2.648835,,,0,0,0,ADL,1.000000
Subject 4/ADL/04.mp4#f20-83,Subject 4/ADL/04.mp4,4,gmdcsa24,0,20,83,0.670591,2.782953,,,0,0,0,ADL,1.000000
Subject 4/ADL/04.mp4#f24-87,Subject 4/ADL/04.mp4,4,gmdcsa24,0,24,87,0.804709,2.917071,,,0,0,0,ADL,1.000000
Subject 4/ADL/04.mp4#f28-91,Subject 4/ADL/04.mp4,4,gmdcsa24,0,28,91,0.938827,3.051189,,,0,0,0,ADL,1.000000
Subject 4/ADL/04.mp4#f32-95,Subject 4/ADL/04.mp4,4,gmdcsa24,0,32,95,1.072946,3.185307,,,0,0,0,ADL,1.000000
Subject 4/ADL/04.mp4#f36-99,Subject 4/ADL/04.mp4,4,gmdcsa24,0,36,99,1.207064,3.319426,,,0,0,0,ADL,1.000000
Subject 4/ADL/04.mp4#f40-103,Subject 4/ADL/04.mp4,4,gmdcsa24,0,40,103,1.341182,3.453544,,,0,0,0,ADL,1.000000
Subject 4/ADL/04.mp4#f44-107,Subject 4/ADL/04.mp4,4,gmdcsa24,0,44,107,1.475300,3.587662,,,0,0,0,ADL,1.000000
Subject 4/ADL/04.mp4#f48-111,Subject 4/ADL/04.mp4,4,gmdcsa24,0,48,111,1.609419,3.721780,,,0,0,0,ADL,1.000000
Subject 4/ADL/04.mp4#f52-115,Subject 4/ADL/04.mp4,4,gmdcsa24,0,52,115,1.743537,3.855899,,,0,0,0,ADL,1.000000
Subject 4/ADL/04.mp4#f56-119,Subject 4/ADL/04.mp4,4,gmdcsa24,0,56,119,1.877655,3.990017,,,0,0,0,ADL,1.000000
Subject 4/ADL/04.mp4#f60-123,Subject 4/ADL/04.mp4,4,gmdcsa24,0,60,123,2.011773,4.124135,,,0,0,0,ADL,1.000000
Subject 4/ADL/04.mp4#f64-127,Subject 4/ADL/04.mp4,4,gmdcsa24,0,64,127,2.145891,4.258253,,,0,0,0,ADL,1.000000
Subject 4/ADL/04.mp4#f68-131,Subject 4/ADL/04.mp4,4,gmdcsa24,0,68,131,2.280010,4.392371,,,0,0,0,ADL,1.000000
Subject 4/ADL/04.mp4#f72-135,Subject 4/ADL/04.mp4,4,gmdcsa24,0,72,135,2.414128,4.526490,,,0,0,0,ADL,1.000000
Subject 4/ADL/04.mp4#f76-139,Subject 4/ADL/04.mp4,4,gmdcsa24,0,76,139,2.548246,4.660608,,,0,0,0,ADL,1.000000
Subject 4/ADL/04.mp4#f80-143,Subject 4/ADL/04.mp4,4,gmdcsa24,0,80,143,2.682364,4.794726,,,0,0,0,ADL,1.000000
Subject 4/ADL/04.mp4#f84-147,Subject 4/ADL/04.mp4,4,gmdcsa24,0,84,147,2.816482,4.928844,,,0,0,0,ADL,1.000000
Subject 4/ADL/04.mp4#f88-151,Subject 4/ADL/04.mp4,4,gmdcsa24,0,88,151,2.950601,5.062962,,,0,0,0,ADL,1.000000
Subject 4/ADL/04.mp4#f92-155,Subject 4/ADL/04.mp4,4,gmdcsa24,0,92,155,3.084719,5.197081,,,0,0,0,ADL,1.000000
Subject 4/ADL/04.mp4#f96-159,Subject 4/ADL/04.mp4,4,gmdcsa24,0,96,159,3.218837,5.331199,,,0,0,0,ADL,1.000000
Subject 4/ADL/04.mp4#f100-163,Subject 4/ADL/04.mp4,4,gmdcsa24,0,100,163,3.352955,5.465317,,,0,0,0,ADL,1.000000
Subject 4/ADL/04.mp4#f104-167,Subject 4/ADL/04.mp4,4,gmdcsa24,0,104,167,3.487073,5.599435,,,0,0,0,ADL,1.000000
Subject 4/ADL/04.mp4#f108-171,Subject 4/ADL/04.mp4,4,gmdcsa24,0,108,171,3.621192,5.733553,,,0,0,0,ADL,1.000000
Subject 4/ADL/04.mp4#f112-175,Subject 4/ADL/04.mp4,4,gmdcsa24,0,112,175,3.755310,5.867672,,,0,0,0,ADL,1.000000
Subject 4/ADL/04.mp4#f116-179,Subject 4/ADL/04.mp4,4,gmdcsa24,0,116,179,3.889428,6.001790,,,0,0,0,ADL,1.000000
Subject 4/ADL/04.mp4#f120-183,Subject 4/ADL/04.mp4,4,gmdcsa24,0,120,183,4.023546,6.135908,,,0,0,0,ADL,1.000000
Subject 4/ADL/04.mp4#f124-187,Subject 4/ADL/04.mp4,4,gmdcsa24,0,124,187,4.157665,6.270026,,,0,0,0,ADL,1.000000
Subject 4/ADL/04.mp4#f128-191,Subject 4/ADL/04.mp4,4,gmdcsa24,0,128,191,4.291783,6.404145,,,0,0,0,ADL,1.000000
Subject 4/ADL/04.mp4#f132-195,Subject 4/ADL/04.mp4,4,gmdcsa24,0,132,195,4.425901,6.538263,,,0,0,0,ADL,1.000000
Subject 4/ADL/04.mp4#f136-199,Subject 4/ADL/04.mp4,4,gmdcsa24,0,136,199,4.560019,6.672381,,,0,0,0,ADL,1.000000
Subject 4/ADL/04.mp4#f140-203,Subject 4/ADL/04.mp4,4,gmdcsa24,0,140,203,4.694137,6.806499,,,0,0,0,ADL,1.000000
Subject 4/ADL/04.mp4#f144-207,Subject 4/ADL/04.mp4,4,gmdcsa24,0,144,207,4.828256,6.940617,,,0,0,0,ADL,1.000000
Subject 4/ADL/04.mp4#f148-211,Subject 4/ADL/04.mp4,4,gmdcsa24,0,148,211,4.962374,7.074736,,,0,0,0,ADL,1.000000
Subject 4/ADL/04.mp4#f152-215,Subject 4/ADL/04.mp4,4,gmdcsa24,0,152,215,5.096492,7.208854,,,0,0,0,ADL,1.000000
Subject 4/ADL/04.mp4#f156-219,Subject 4/ADL/04.mp4,4,gmdcsa24,0,156,219,5.230610,7.342972,,,0,0,0,ADL,1.000000
Subject 4/ADL/04.mp4#f160-223,Subject 4/ADL/04.mp4,4,gmdcsa24,0,160,223,5.364728,7.477090,,,0,0,0,ADL,1.000000
Subject 4/ADL/04.mp4#f164-227,Subject 4/ADL/04.mp4,4,gmdcsa24,0,164,227,5.498847,7.611208,,,0,0,0,ADL,1.000000
Subject 4/ADL/04.mp4#f168-231,Subject 4/ADL/04.mp4,4,gmdcsa24,0,168,231,5.632965,7.745327,,,0,0,0,ADL,1.000000
Subject 4/ADL/04.mp4#f172-235,Subject 4/ADL/04.mp4,4,gmdcsa24,0,172,235,5.767083,7.879445,,,0,0,0,ADL,1.000000
Subject 4/ADL/04.mp4#f176-239,Subject 4/ADL/04.mp4,4,gmdcsa24,0,176,239,5.901201,8.013563,,,0,0,0,ADL,1.000000
Subject 4/ADL/04.mp4#f180-243,Subject 4/ADL/04.mp4,4,gmdcsa24,0,180,243,6.035319,8.147681,,,0,0,0,ADL,1.000000
Subject 4/ADL/04.mp4#f184-247,Subject 4/ADL/04.mp4,4,gmdcsa24,0,184,247,6.169438,8.281799,,,0,0,0,ADL,1.000000
Subject 4/ADL/04.mp4#f188-251,Subject 4/ADL/04.mp4,4,gmdcsa24,0,188,251,6.303556,8.415918,,,0,0,0,ADL,1.000000
Subject 4/ADL/04.mp4#f192-255,Subject 4/ADL/04.mp4,4,gmdcsa24,0,192,255,6.437674,8.550036,,,0,0,0,ADL,1.000000
Subject 4/ADL/04.mp4#f196-259,Subject 4/ADL/04.mp4,4,gmdcsa24,0,196,259,6.571792,8.684154,,,0,0,0,ADL,1.000000
Subject 4/ADL/04.mp4#f200-263,Subject 4/ADL/04.mp4,4,gmdcsa24,0,200,263,6.705911,8.818272,,,0,0,0,ADL,1.000000
Subject 4/ADL/04.mp4#f204-267,Subject 4/ADL/04.mp4,4,gmdcsa24,0,204,267,6.840029,8.952391,,,0,0,0,ADL,1.000000
Subject 4/ADL/04.mp4#f208-271,Subject 4/ADL/04.mp4,4,gmdcsa24,0,208,271,6.974147,9.086509,,,0,0,0,ADL,1.000000
Subject 4/ADL/04.mp4#f212-275,Subject 4/ADL/04.mp4,4,gmdcsa24,0,212,275,7.108265,9.220627,,,0,0,0,ADL,1.000000
Subject 4/ADL/04.mp4#f216-279,Subject 4/ADL/04.mp4,4,gmdcsa24,0,216,279,7.242383,9.354745,,,0,0,0,ADL,1.000000
Subject 4/ADL/04.mp4#f220-283,Subject 4/ADL/04.mp4,4,gmdcsa24,0,220,283,7.376502,9.488863,,,0,0,0,ADL,1.000000
Subject 4/ADL/04.mp4#f224-287,Subject 4/ADL/04.mp4,4,gmdcsa24,0,224,287,7.510620,9.622982,,,0,0,0,ADL,1.000000
Subject 4/ADL/04.mp4#f228-291,Subject 4/ADL/04.mp4,4,gmdcsa24,0,228,291,7.644738,9.757100,,,0,0,0,ADL,1.000000
Subject 4/ADL/04.mp4#f232-295,Subject 4/ADL/04.mp4,4,gmdcsa24,0,232,295,7.778856,9.891218,,,0,0,0,ADL,1.000000
Subject 4/ADL/04.mp4#f236-299,Subject 4/ADL/04.mp4,4,gmdcsa24,0,236,299,7.912974,10.025336,,,0,0,0,ADL,1.000000
Subject 4/ADL/04.mp4#f240-303,Subject 4/ADL/04.mp4,4,gmdcsa24,0,240,303,8.047093,10.159454,,,0,0,0,ADL,1.000000
Subject 4/ADL/04.mp4#f244-307,Subject 4/ADL/04.mp4,4,gmdcsa24,0,244,307,8.181211,10.293573,,,0,0,0,ADL,1.000000
Subject 4/ADL/04.mp4#f248-311,Subject 4/ADL/04.mp4,4,gmdcsa24,0,248,311,8.315329,10.427691,,,0,0,0,ADL,1.000000
Subject 4/ADL/04.mp4#f252-315,Subject 4/ADL/04.mp4,4,gmdcsa24,0,252,315,8.449447,10.561809,,,0,0,0,ADL,1.000000
Subject 4/ADL/04.mp4#f256-319,Subject 4/ADL/04.mp4,4,gmdcsa24,0,256,319,8.583565,10.695927,,,0,0,0,ADL,1.000000
Subject 4/ADL/04.mp4#f260-323,Subject 4/ADL/04.mp4,4,gmdcsa24,0,260,323,8.717684,10.830045,,,0,0,0,ADL,1.000000
Subject 4/ADL/04.mp4#f264-327,Subject 4/ADL/04.mp4,4,gmdcsa24,0,264,327,8.851802,10.964164,,,0,0,0,ADL,1.000000
Subject 4/ADL/04.mp4#f268-331,Subject 4/ADL/04.mp4,4,gmdcsa24,0,268,331,8.985920,11.098282,,,0,0,0,ADL,1.000000
Subject 4/ADL/04.mp4#f272-335,Subject 4/ADL/04.mp4,4,gmdcsa24,0,272,335,9.120038,11.232400,,,0,0,0,ADL,1.000000
Subject 4/ADL/04.mp4#f276-339,Subject 4/ADL/04.mp4,4,gmdcsa24,0,276,339,9.254156,11.366518,,,0,0,0,ADL,1.000000
Subject 4/ADL/04.mp4#f280-343,Subject 4/ADL/04.mp4,4,gmdcsa24,0,280,343,9.388275,11.500637,,,0,0,0,ADL,1.000000
Subject 4/ADL/04.mp4#f284-347,Subject 4/ADL/04.mp4,4,gmdcsa24,0,284,347,9.522393,11.634755,,,0,0,0,ADL,1.000000
Subject 4/ADL/04.mp4#f288-351,Subject 4/ADL/04.mp4,4,gmdcsa24,0,288,351,9.656511,11.768873,,,0,0,0,ADL,1.000000
Subject 4/ADL/04.mp4#f292-355,Subject 4/ADL/04.mp4,4,gmdcsa24,0,292,355,9.790629,11.902991,,,0,0,0,ADL,1.000000
Subject 4/ADL/04.mp4#f296-359,Subject 4/ADL/04.mp4,4,gmdcsa24,0,296,359,9.924748,12.037109,,,0,0,0,ADL,1.000000
Subject 4/ADL/04.mp4#f300-363,Subject 4/ADL/04.mp4,4,gmdcsa24,0,300,363,10.058866,12.171228,,,0,0,0,ADL,1.000000
Subject 4/ADL/04.mp4#f304-367,Subject 4/ADL/04.mp4,4,gmdcsa24,0,304,367,10.192984,12.305346,,,0,0,0,ADL,1.000000
Subject 4/ADL/04.mp4#f308-371,Subject 4/ADL/04.mp4,4,gmdcsa24,0,308,371,10.327102,12.439464,,,0,0,0,ADL,1.000000
Subject 4/ADL/04.mp4#f312-375,Subject 4/ADL/04.mp4,4,gmdcsa24,0,312,375,10.461220,12.573582,,,0,0,0,ADL,1.000000
Subject 4/ADL/04.mp4#f316-379,Subject 4/ADL/04.mp4,4,gmdcsa24,0,316,379,10.595339,12.707700,,,0,0,0,ADL,1.000000
Subject 4/ADL/04.mp4#f320-383,Subject 4/ADL/04.mp4,4,gmdcsa24,0,320,383,10.729457,12.841819,,,0,0,0,ADL,1.000000
Subject 4/ADL/04.mp4#f324-387,Subject 4/ADL/04.mp4,4,gmdcsa24,0,324,387,10.863575,12.975937,,,0,0,0,ADL,1.000000
Subject 4/ADL/05.mp4#f0-63,Subject 4/ADL/05.mp4,4,gmdcsa24,0,0,63,0.000000,2.108114,,,0,0,0,ADL,1.000000
Subject 4/ADL/05.mp4#f4-67,Subject 4/ADL/05.mp4,4,gmdcsa24,0,4,67,0.133848,2.241962,,,0,0,0,ADL,1.000000
Subject 4/ADL/05.mp4#f8-71,Subject 4/ADL/05.mp4,4,gmdcsa24,0,8,71,0.267697,2.375811,,,0,0,0,ADL,1.000000
Subject 4/ADL/05.mp4#f12-75,Subject 4/ADL/05.mp4,4,gmdcsa24,0,12,75,0.401545,2.509659,,,0,0,0,ADL,1.000000
Subject 4/ADL/05.mp4#f16-79,Subject 4/ADL/05.mp4,4,gmdcsa24,0,16,79,0.535394,2.643508,,,0,0,0,ADL,1.000000
Subject 4/ADL/05.mp4#f20-83,Subject 4/ADL/05.mp4,4,gmdcsa24,0,20,83,0.669242,2.777356,,,0,0,0,ADL,1.000000
Subject 4/ADL/05.mp4#f24-87,Subject 4/ADL/05.mp4,4,gmdcsa24,0,24,87,0.803091,2.911205,,,0,0,0,ADL,1.000000
Subject 4/ADL/05.mp4#f28-91,Subject 4/ADL/05.mp4,4,gmdcsa24,0,28,91,0.936939,3.045053,,,0,0,0,ADL,1.000000
Subject 4/ADL/05.mp4#f32-95,Subject 4/ADL/05.mp4,4,gmdcsa24,0,32,95,1.070788,3.178902,,,0,0,0,ADL,1.000000
Subject 4/ADL/05.mp4#f36-99,Subject 4/ADL/05.mp4,4,gmdcsa24,0,36,99,1.204636,3.312750,,,0,0,0,ADL,1.000000
Subject 4/ADL/05.mp4#f40-103,Subject 4/ADL/05.mp4,4,gmdcsa24,0,40,103,1.338485,3.446599,,,0,0,0,ADL,1.000000
Subject 4/ADL/05.mp4#f44-107,Subject 4/ADL/05.mp4,4,gmdcsa24,0,44,107,1.472333,3.580447,,,0,0,0,ADL,1.000000
Subject 4/ADL/05.mp4#f48-111,Subject 4/ADL/05.mp4,4,gmdcsa24,0,48,111,1.606182,3.714295,,,0,0,0,ADL,1.000000
Subject 4/ADL/05.mp4#f52-115,Subject 4/ADL/05.mp4,4,gmdcsa24,0,52,115,1.740030,3.848144,,,0,0,0,ADL,1.000000
Subject 4/ADL/05.mp4#f56-119,Subject 4/ADL/05.mp4,4,gmdcsa24,0,56,119,1.873879,3.981992,,,0,0,0,ADL,1.000000
Subject 4/ADL/05.mp4#f60-123,Subject 4/ADL/05.mp4,4,gmdcsa24,0,60,123,2.007727,4.115841,,,0,0,0,ADL,1.000000
Subject 4/ADL/05.mp4#f64-127,Subject 4/ADL/05.mp4,4,gmdcsa24,0,64,127,2.141576,4.249689,,,0,0,0,ADL,1.000000
Subject 4/ADL/05.mp4#f68-131,Subject 4/ADL/05.mp4,4,gmdcsa24,0,68,131,2.275424,4.383538,,,0,0,0,ADL,1.000000
Subject 4/ADL/05.mp4#f72-135,Subject 4/ADL/05.mp4,4,gmdcsa24,0,72,135,2.409273,4.517386,,,0,0,0,ADL,1.000000
Subject 4/ADL/05.mp4#f76-139,Subject 4/ADL/05.mp4,4,gmdcsa24,0,76,139,2.543121,4.651235,,,0,0,0,ADL,1.000000
Subject 4/ADL/05.mp4#f80-143,Subject 4/ADL/05.mp4,4,gmdcsa24,0,80,143,2.676970,4.785083,,,0,0,0,ADL,1.000000
Subject 4/ADL/05.mp4#f84-147,Subject 4/ADL/05.mp4,4,gmdcsa24,0,84,147,2.810818,4.918932,,,0,0,0,ADL,1.000000
Subject 4/ADL/05.mp4#f88-151,Subject 4/ADL/05.mp4,4,gmdcsa24,0,88,151,2.944667,5.052780,,,0,0,0,ADL,1.000000
Subject 4/ADL/05.mp4#f92-155,Subject 4/ADL/05.mp4,4,gmdcsa24,0,92,155,3.078515,5.186629,,,0,0,0,ADL,1.000000
Subject 4/ADL/05.mp4#f96-159,Subject 4/ADL/05.mp4,4,gmdcsa24,0,96,159,3.212364,5.320477,,,0,0,0,ADL,1.000000
Subject 4/ADL/05.mp4#f100-163,Subject 4/ADL/05.mp4,4,gmdcsa24,0,100,163,3.346212,5.454326,,,0,0,0,ADL,1.000000
Subject 4/ADL/05.mp4#f104-167,Subject 4/ADL/05.mp4,4,gmdcsa24,0,104,167,3.480061,5.588174,,,0,0,0,ADL,1.000000
Subject 4/ADL/05.mp4#f108-171,Subject 4/ADL/05.mp4,4,gmdcsa24,0,108,171,3.613909,5.722023,,,0,0,0,ADL,1.000000
Subject 4/ADL/05.mp4#f112-175,Subject 4/ADL/05.mp4,4,gmdcsa24,0,112,175,3.747758,5.855871,,,0,0,0,ADL,1.000000
Subject 4/ADL/05.mp4#f116-179,Subject 4/ADL/05.mp4,4,gmdcsa24,0,116,179,3.881606,5.989720,,,0,0,0,ADL,1.000000
Subject 4/ADL/05.mp4#f120-183,Subject 4/ADL/05.mp4,4,gmdcsa24,0,120,183,4.015455,6.123568,,,0,0,0,ADL,1.000000
Subject 4/ADL/05.mp4#f124-187,Subject 4/ADL/05.mp4,4,gmdcsa24,0,124,187,4.149303,6.257417,,,0,0,0,ADL,1.000000
Subject 4/ADL/05.mp4#f128-191,Subject 4/ADL/05.mp4,4,gmdcsa24,0,128,191,4.283152,6.391265,,,0,0,0,ADL,1.000000
Subject 4/ADL/05.mp4#f132-195,Subject 4/ADL/05.mp4,4,gmdcsa24,0,132,195,4.417000,6.525114,,,0,0,0,ADL,1.000000
Subject 4/ADL/05.mp4#f136-199,Subject 4/ADL/05.mp4,4,gmdcsa24,0,136,199,4.550849,6.658962,,,0,0,0,ADL,1.000000
Subject 4/ADL/05.mp4#f140-203,Subject 4/ADL/05.mp4,4,gmdcsa24,0,140,203,4.684697,6.792811,,,0,0,0,ADL,1.000000
Subject 4/ADL/05.mp4#f144-207,Subject 4/ADL/05.mp4,4,gmdcsa24,0,144,207,4.818545,6.926659,,,0,0,0,ADL,1.000000
Subject 4/ADL/05.mp4#f148-211,Subject 4/ADL/05.mp4,4,gmdcsa24,0,148,211,4.952394,7.060508,,,0,0,0,ADL,1.000000
Subject 4/ADL/05.mp4#f152-215,Subject 4/ADL/05.mp4,4,gmdcsa24,0,152,215,5.086242,7.194356,,,0,0,0,ADL,1.000000
Subject 4/ADL/05.mp4#f156-219,Subject 4/ADL/05.mp4,4,gmdcsa24,0,156,219,5.220091,7.328205,,,0,0,0,ADL,1.000000
Subject 4/ADL/06.mp4#f0-63,Subject 4/ADL/06.mp4,4,gmdcsa24,0,0,63,0.000000,2.114229,,,0,0,0,ADL,1.000000
Subject 4/ADL/06.mp4#f4-67,Subject 4/ADL/06.mp4,4,gmdcsa24,0,4,67,0.134237,2.248465,,,0,0,0,ADL,1.000000
Subject 4/ADL/06.mp4#f8-71,Subject 4/ADL/06.mp4,4,gmdcsa24,0,8,71,0.268473,2.382702,,,0,0,0,ADL,1.000000
Subject 4/ADL/06.mp4#f12-75,Subject 4/ADL/06.mp4,4,gmdcsa24,0,12,75,0.402710,2.516939,,,0,0,0,ADL,1.000000
Subject 4/ADL/06.mp4#f16-79,Subject 4/ADL/06.mp4,4,gmdcsa24,0,16,79,0.536947,2.651175,,,0,0,0,ADL,1.000000
Subject 4/ADL/06.mp4#f20-83,Subject 4/ADL/06.mp4,4,gmdcsa24,0,20,83,0.671184,2.785412,,,0,0,0,ADL,1.000000
Subject 4/ADL/06.mp4#f24-87,Subject 4/ADL/06.mp4,4,gmdcsa24,0,24,87,0.805420,2.919649,,,0,0,0,ADL,1.000000
Subject 4/ADL/06.mp4#f28-91,Subject 4/ADL/06.mp4,4,gmdcsa24,0,28,91,0.939657,3.053886,,,0,0,0,ADL,1.000000
Subject 4/ADL/06.mp4#f32-95,Subject 4/ADL/06.mp4,4,gmdcsa24,0,32,95,1.073894,3.188122,,,0,0,0,ADL,1.000000
Subject 4/ADL/06.mp4#f36-99,Subject 4/ADL/06.mp4,4,gmdcsa24,0,36,99,1.208131,3.322359,,,0,0,0,ADL,1.000000
Subject 4/ADL/06.mp4#f40-103,Subject 4/ADL/06.mp4,4,gmdcsa24,0,40,103,1.342367,3.456596,,,0,0,0,ADL,1.000000
Subject 4/ADL/06.mp4#f44-107,Subject 4/ADL/06.mp4,4,gmdcsa24,0,44,107,1.476604,3.590833,,,0,0,0,ADL,1.000000
Subject 4/ADL/06.mp4#f48-111,Subject 4/ADL/06.mp4,4,gmdcsa24,0,48,111,1.610841,3.725069,,,0,0,0,ADL,1.000000
Subject 4/ADL/06.mp4#f52-115,Subject 4/ADL/06.mp4,4,gmdcsa24,0,52,115,1.745078,3.859306,,,0,0,0,ADL,1.000000
Subject 4/ADL/06.mp4#f56-119,Subject 4/ADL/06.mp4,4,gmdcsa24,0,56,119,1.879314,3.993543,,,0,0,0,ADL,1.000000
Subject 4/ADL/06.mp4#f60-123,Subject 4/ADL/06.mp4,4,gmdcsa24,0,60,123,2.013551,4.127779,,,0,0,0,ADL,1.000000
Subject 4/ADL/06.mp4#f64-127,Subject 4/ADL/06.mp4,4,gmdcsa24,0,64,127,2.147788,4.262016,,,0,0,0,ADL,1.000000
Subject 4/ADL/06.mp4#f68-131,Subject 4/ADL/06.mp4,4,gmdcsa24,0,68,131,2.282024,4.396253,,,0,0,0,ADL,1.000000
Subject 4/ADL/06.mp4#f72-135,Subject 4/ADL/06.mp4,4,gmdcsa24,0,72,135,2.416261,4.530490,,,0,0,0,ADL,1.000000
Subject 4/ADL/06.mp4#f76-139,Subject 4/ADL/06.mp4,4,gmdcsa24,0,76,139,2.550498,4.664726,,,0,0,0,ADL,1.000000
Subject 4/ADL/06.mp4#f80-143,Subject 4/ADL/06.mp4,4,gmdcsa24,0,80,143,2.684735,4.798963,,,0,0,0,ADL,1.000000
Subject 4/ADL/06.mp4#f84-147,Subject 4/ADL/06.mp4,4,gmdcsa24,0,84,147,2.818971,4.933200,,,0,0,0,ADL,1.000000
Subject 4/ADL/06.mp4#f88-151,Subject 4/ADL/06.mp4,4,gmdcsa24,0,88,151,2.953208,5.067437,,,0,0,0,ADL,1.000000
Subject 4/ADL/06.mp4#f92-155,Subject 4/ADL/06.mp4,4,gmdcsa24,0,92,155,3.087445,5.201673,,,0,0,0,ADL,1.000000
Subject 4/ADL/06.mp4#f96-159,Subject 4/ADL/06.mp4,4,gmdcsa24,0,96,159,3.221682,5.335910,,,0,0,0,ADL,1.000000
Subject 4/ADL/06.mp4#f100-163,Subject 4/ADL/06.mp4,4,gmdcsa24,0,100,163,3.355918,5.470147,,,0,0,0,ADL,1.000000
Subject 4/ADL/06.mp4#f104-167,Subject 4/ADL/06.mp4,4,gmdcsa24,0,104,167,3.490155,5.604384,,,0,0,0,ADL,1.000000
Subject 4/ADL/06.mp4#f108-171,Subject 4/ADL/06.mp4,4,gmdcsa24,0,108,171,3.624392,5.738620,,,0,0,0,ADL,1.000000
Subject 4/ADL/06.mp4#f112-175,Subject 4/ADL/06.mp4,4,gmdcsa24,0,112,175,3.758628,5.872857,,,0,0,0,ADL,1.000000
Subject 4/ADL/06.mp4#f116-179,Subject 4/ADL/06.mp4,4,gmdcsa24,0,116,179,3.892865,6.007094,,,0,0,0,ADL,1.000000
Subject 4/ADL/06.mp4#f120-183,Subject 4/ADL/06.mp4,4,gmdcsa24,0,120,183,4.027102,6.141330,,,0,0,0,ADL,1.000000
Subject 4/ADL/06.mp4#f124-187,Subject 4/ADL/06.mp4,4,gmdcsa24,0,124,187,4.161339,6.275567,,,0,0,0,ADL,1.000000
Subject 4/ADL/06.mp4#f128-191,Subject 4/ADL/06.mp4,4,gmdcsa24,0,128,191,4.295575,6.409804,,,0,0,0,ADL,1.000000
Subject 4/ADL/06.mp4#f132-195,Subject 4/ADL/06.mp4,4,gmdcsa24,0,132,195,4.429812,6.544041,,,0,0,0,ADL,1.000000
Subject 4/ADL/07.mp4#f0-63,Subject 4/ADL/07.mp4,4,gmdcsa24,0,0,63,0.000000,2.111303,,,0,0,0,ADL,1.000000
Subject 4/ADL/07.mp4#f4-67,Subject 4/ADL/07.mp4,4,gmdcsa24,0,4,67,0.134051,2.245354,,,0,0,0,ADL,1.000000
Subject 4/ADL/07.mp4#f8-71,Subject 4/ADL/07.mp4,4,gmdcsa24,0,8,71,0.268102,2.379405,,,0,0,0,ADL,1.000000
Subject 4/ADL/07.mp4#f12-75,Subject 4/ADL/07.mp4,4,gmdcsa24,0,12,75,0.402153,2.513456,,,0,0,0,ADL,1.000000
Subject 4/ADL/07.mp4#f16-79,Subject 4/ADL/07.mp4,4,gmdcsa24,0,16,79,0.536204,2.647507,,,0,0,0,ADL,1.000000
Subject 4/ADL/07.mp4#f20-83,Subject 4/ADL/07.mp4,4,gmdcsa24,0,20,83,0.670255,2.781558,,,0,0,0,ADL,1.000000
Subject 4/ADL/07.mp4#f24-87,Subject 4/ADL/07.mp4,4,gmdcsa24,0,24,87,0.804306,2.915609,,,0,0,0,ADL,1.000000
Subject 4/ADL/07.mp4#f28-91,Subject 4/ADL/07.mp4,4,gmdcsa24,0,28,91,0.938357,3.049660,,,0,0,0,ADL,1.000000
Subject 4/ADL/07.mp4#f32-95,Subject 4/ADL/07.mp4,4,gmdcsa24,0,32,95,1.072408,3.183711,,,0,0,0,ADL,1.000000
Subject 4/ADL/07.mp4#f36-99,Subject 4/ADL/07.mp4,4,gmdcsa24,0,36,99,1.206459,3.317762,,,0,0,0,ADL,1.000000
Subject 4/ADL/07.mp4#f40-103,Subject 4/ADL/07.mp4,4,gmdcsa24,0,40,103,1.340510,3.451813,,,0,0,0,ADL,1.000000
Subject 4/ADL/07.mp4#f44-107,Subject 4/ADL/07.mp4,4,gmdcsa24,0,44,107,1.474561,3.585864,,,0,0,0,ADL,1.000000
Subject 4/ADL/07.mp4#f48-111,Subject 4/ADL/07.mp4,4,gmdcsa24,0,48,111,1.608612,3.719915,,,0,0,0,ADL,1.000000
Subject 4/ADL/07.mp4#f52-115,Subject 4/ADL/07.mp4,4,gmdcsa24,0,52,115,1.742663,3.853966,,,0,0,0,ADL,1.000000
Subject 4/ADL/07.mp4#f56-119,Subject 4/ADL/07.mp4,4,gmdcsa24,0,56,119,1.876714,3.988017,,,0,0,0,ADL,1.000000
Subject 4/ADL/07.mp4#f60-123,Subject 4/ADL/07.mp4,4,gmdcsa24,0,60,123,2.010765,4.122068,,,0,0,0,ADL,1.000000
Subject 4/ADL/07.mp4#f64-127,Subject 4/ADL/07.mp4,4,gmdcsa24,0,64,127,2.144816,4.256119,,,0,0,0,ADL,1.000000
Subject 4/ADL/07.mp4#f68-131,Subject 4/ADL/07.mp4,4,gmdcsa24,0,68,131,2.278867,4.390170,,,0,0,0,ADL,1.000000
Subject 4/ADL/07.mp4#f72-135,Subject 4/ADL/07.mp4,4,gmdcsa24,0,72,135,2.412918,4.524221,,,0,0,0,ADL,1.000000
Subject 4/ADL/07.mp4#f76-139,Subject 4/ADL/07.mp4,4,gmdcsa24,0,76,139,2.546969,4.658272,,,0,0,0,ADL,1.000000
Subject 4/ADL/07.mp4#f80-143,Subject 4/ADL/07.mp4,4,gmdcsa24,0,80,143,2.681020,4.792324,,,0,0,0,ADL,1.000000
Subject 4/ADL/07.mp4#f84-147,Subject 4/ADL/07.mp4,4,gmdcsa24,0,84,147,2.815071,4.926375,,,0,0,0,ADL,1.000000
Subject 4/ADL/08.mp4#f0-63,Subject 4/ADL/08.mp4,4,gmdcsa24,0,0,63,0.000000,2.112126,,,0,0,0,ADL,1.000000
Subject 4/ADL/08.mp4#f4-67,Subject 4/ADL/08.mp4,4,gmdcsa24,0,4,67,0.134103,2.246230,,,0,0,0,ADL,1.000000
Subject 4/ADL/08.mp4#f8-71,Subject 4/ADL/08.mp4,4,gmdcsa24,0,8,71,0.268207,2.380333,,,0,0,0,ADL,1.000000
Subject 4/ADL/08.mp4#f12-75,Subject 4/ADL/08.mp4,4,gmdcsa24,0,12,75,0.402310,2.514436,,,0,0,0,ADL,1.000000
Subject 4/ADL/08.mp4#f16-79,Subject 4/ADL/08.mp4,4,gmdcsa24,0,16,79,0.536413,2.648539,,,0,0,0,ADL,1.000000
Subject 4/ADL/08.mp4#f20-83,Subject 4/ADL/08.mp4,4,gmdcsa24,0,20,83,0.670516,2.782643,,,0,0,0,ADL,1.000000
Subject 4/ADL/08.mp4#f24-87,Subject 4/ADL/08.mp4,4,gmdcsa24,0,24,87,0.804620,2.916746,,,0,0,0,ADL,1.000000
Subject 4/ADL/08.mp4#f28-91,Subject 4/ADL/08.mp4,4,gmdcsa24,0,28,91,0.938723,3.050849,,,0,0,0,ADL,1.000000
Subject 4/ADL/08.mp4#f32-95,Subject 4/ADL/08.mp4,4,gmdcsa24,0,32,95,1.072826,3.184952,,,0,0,0,ADL,1.000000
Subject 4/ADL/08.mp4#f36-99,Subject 4/ADL/08.mp4,4,gmdcsa24,0,36,99,1.206929,3.319056,,,0,0,0,ADL,1.000000
Subject 4/ADL/08.mp4#f40-103,Subject 4/ADL/08.mp4,4,gmdcsa24,0,40,103,1.341033,3.453159,,,0,0,0,ADL,1.000000
Subject 4/ADL/08.mp4#f44-107,Subject 4/ADL/08.mp4,4,gmdcsa24,0,44,107,1.475136,3.587262,,,0,0,0,ADL,1.000000
Subject 4/ADL/08.mp4#f48-111,Subject 4/ADL/08.mp4,4,gmdcsa24,0,48,111,1.609239,3.721366,,,0,0,0,ADL,1.000000
Subject 4/ADL/08.mp4#f52-115,Subject 4/ADL/08.mp4,4,gmdcsa24,0,52,115,1.743342,3.855469,,,0,0,0,ADL,1.000000
Subject 4/ADL/08.mp4#f56-119,Subject 4/ADL/08.mp4,4,gmdcsa24,0,56,119,1.877446,3.989572,,,0,0,0,ADL,1.000000
Subject 4/ADL/08.mp4#f60-123,Subject 4/ADL/08.mp4,4,gmdcsa24,0,60,123,2.011549,4.123675,,,0,0,0,ADL,1.000000
Subject 4/ADL/08.mp4#f64-127,Subject 4/ADL/08.mp4,4,gmdcsa24,0,64,127,2.145652,4.257779,,,0,0,0,ADL,1.000000
Subject 4/ADL/08.mp4#f68-131,Subject 4/ADL/08.mp4,4,gmdcsa24,0,68,131,2.279755,4.391882,,,0,0,0,ADL,1.000000
Subject 4/ADL/08.mp4#f72-135,Subject 4/ADL/08.mp4,4,gmdcsa24,0,72,135,2.413859,4.525985,,,0,0,0,ADL,1.000000
Subject 4/ADL/08.mp4#f76-139,Subject 4/ADL/08.mp4,4,gmdcsa24,0,76,139,2.547962,4.660088,,,0,0,0,ADL,1.000000
Subject 4/ADL/08.mp4#f80-143,Subject 4/ADL/08.mp4,4,gmdcsa24,0,80,143,2.682065,4.794192,,,0,0,0,ADL,1.000000
Subject 4/ADL/08.mp4#f84-147,Subject 4/ADL/08.mp4,4,gmdcsa24,0,84,147,2.816168,4.928295,,,0,0,0,ADL,1.000000
Subject 4/ADL/08.mp4#f88-151,Subject 4/ADL/08.mp4,4,gmdcsa24,0,88,151,2.950272,5.062398,,,0,0,0,ADL,1.000000
Subject 4/ADL/08.mp4#f92-155,Subject 4/ADL/08.mp4,4,gmdcsa24,0,92,155,3.084375,5.196501,,,0,0,0,ADL,1.000000
Subject 4/ADL/08.mp4#f96-159,Subject 4/ADL/08.mp4,4,gmdcsa24,0,96,159,3.218478,5.330605,,,0,0,0,ADL,1.000000
Subject 4/ADL/08.mp4#f100-163,Subject 4/ADL/08.mp4,4,gmdcsa24,0,100,163,3.352582,5.464708,,,0,0,0,ADL,1.000000
Subject 4/ADL/08.mp4#f104-167,Subject 4/ADL/08.mp4,4,gmdcsa24,0,104,167,3.486685,5.598811,,,0,0,0,ADL,1.000000
Subject 4/ADL/08.mp4#f108-171,Subject 4/ADL/08.mp4,4,gmdcsa24,0,108,171,3.620788,5.732914,,,0,0,0,ADL,1.000000
Subject 4/ADL/08.mp4#f112-175,Subject 4/ADL/08.mp4,4,gmdcsa24,0,112,175,3.754891,5.867018,,,0,0,0,ADL,1.000000
Subject 4/ADL/08.mp4#f116-179,Subject 4/ADL/08.mp4,4,gmdcsa24,0,116,179,3.888995,6.001121,,,0,0,0,ADL,1.000000
Subject 4/ADL/08.mp4#f120-183,Subject 4/ADL/08.mp4,4,gmdcsa24,0,120,183,4.023098,6.135224,,,0,0,0,ADL,1.000000
Subject 4/ADL/08.mp4#f124-187,Subject 4/ADL/08.mp4,4,gmdcsa24,0,124,187,4.157201,6.269327,,,0,0,0,ADL,1.000000
Subject 4/ADL/08.mp4#f128-191,Subject 4/ADL/08.mp4,4,gmdcsa24,0,128,191,4.291304,6.403431,,,0,0,0,ADL,1.000000
Subject 4/ADL/08.mp4#f132-195,Subject 4/ADL/08.mp4,4,gmdcsa24,0,132,195,4.425408,6.537534,,,0,0,0,ADL,1.000000
Subject 4/ADL/08.mp4#f136-199,Subject 4/ADL/08.mp4,4,gmdcsa24,0,136,199,4.559511,6.671637,,,0,0,0,ADL,1.000000
Subject 4/ADL/08.mp4#f140-203,Subject 4/ADL/08.mp4,4,gmdcsa24,0,140,203,4.693614,6.805741,,,0,0,0,ADL,1.000000
Subject 4/ADL/08.mp4#f144-207,Subject 4/ADL/08.mp4,4,gmdcsa24,0,144,207,4.827717,6.939844,,,0,0,0,ADL,1.000000
Subject 4/ADL/08.mp4#f148-211,Subject 4/ADL/08.mp4,4,gmdcsa24,0,148,211,4.961821,7.073947,,,0,0,0,ADL,1.000000
Subject 4/ADL/08.mp4#f152-215,Subject 4/ADL/08.mp4,4,gmdcsa24,0,152,215,5.095924,7.208050,,,0,0,0,ADL,1.000000
Subject 4/ADL/08.mp4#f156-219,Subject 4/ADL/08.mp4,4,gmdcsa24,0,156,219,5.230027,7.342154,,,0,0,0,ADL,1.000000
Subject 4/ADL/08.mp4#f160-223,Subject 4/ADL/08.mp4,4,gmdcsa24,0,160,223,5.364130,7.476257,,,0,0,0,ADL,1.000000
Subject 4/ADL/08.mp4#f164-227,Subject 4/ADL/08.mp4,4,gmdcsa24,0,164,227,5.498234,7.610360,,,0,0,0,ADL,1.000000
Subject 4/ADL/08.mp4#f168-231,Subject 4/ADL/08.mp4,4,gmdcsa24,0,168,231,5.632337,7.744463,,,0,0,0,ADL,1.000000
Subject 4/ADL/08.mp4#f172-235,Subject 4/ADL/08.mp4,4,gmdcsa24,0,172,235,5.766440,7.878567,,,0,0,0,ADL,1.000000
Subject 4/ADL/08.mp4#f176-239,Subject 4/ADL/08.mp4,4,gmdcsa24,0,176,239,5.900544,8.012670,,,0,0,0,ADL,1.000000
Subject 4/ADL/08.mp4#f180-243,Subject 4/ADL/08.mp4,4,gmdcsa24,0,180,243,6.034647,8.146773,,,0,0,0,ADL,1.000000
Subject 4/ADL/08.mp4#f184-247,Subject 4/ADL/08.mp4,4,gmdcsa24,0,184,247,6.168750,8.280876,,,0,0,0,ADL,1.000000
Subject 4/ADL/08.mp4#f188-251,Subject 4/ADL/08.mp4,4,gmdcsa24,0,188,251,6.302853,8.414980,,,0,0,0,ADL,1.000000
Subject 4/ADL/08.mp4#f192-255,Subject 4/ADL/08.mp4,4,gmdcsa24,0,192,255,6.436957,8.549083,,,0,0,0,ADL,1.000000
Subject 4/ADL/08.mp4#f196-259,Subject 4/ADL/08.mp4,4,gmdcsa24,0,196,259,6.571060,8.683186,,,0,0,0,ADL,1.000000
Subject 4/ADL/08.mp4#f200-263,Subject 4/ADL/08.mp4,4,gmdcsa24,0,200,263,6.705163,8.817289,,,0,0,0,ADL,1.000000
Subject 4/ADL/08.mp4#f204-267,Subject 4/ADL/08.mp4,4,gmdcsa24,0,204,267,6.839266,8.951393,,,0,0,0,ADL,1.000000
Subject 4/ADL/08.mp4#f208-271,Subject 4/ADL/08.mp4,4,gmdcsa24,0,208,271,6.973370,9.085496,,,0,0,0,ADL,1.000000
Subject 4/ADL/08.mp4#f212-275,Subject 4/ADL/08.mp4,4,gmdcsa24,0,212,275,7.107473,9.219599,,,0,0,0,ADL,1.000000
Subject 4/ADL/08.mp4#f216-279,Subject 4/ADL/08.mp4,4,gmdcsa24,0,216,279,7.241576,9.353703,,,0,0,0,ADL,1.000000
Subject 4/ADL/08.mp4#f220-283,Subject 4/ADL/08.mp4,4,gmdcsa24,0,220,283,7.375679,9.487806,,,0,0,0,ADL,1.000000
Subject 4/ADL/08.mp4#f224-287,Subject 4/ADL/08.mp4,4,gmdcsa24,0,224,287,7.509783,9.621909,,,0,0,0,ADL,1.000000
Subject 4/ADL/08.mp4#f228-291,Subject 4/ADL/08.mp4,4,gmdcsa24,0,228,291,7.643886,9.756012,,,0,0,0,ADL,1.000000
Subject 4/ADL/08.mp4#f232-295,Subject 4/ADL/08.mp4,4,gmdcsa24,0,232,295,7.777989,9.890116,,,0,0,0,ADL,1.000000
Subject 4/ADL/08.mp4#f236-299,Subject 4/ADL/08.mp4,4,gmdcsa24,0,236,299,7.912092,10.024219,,,0,0,0,ADL,1.000000
Subject 4/ADL/08.mp4#f240-303,Subject 4/ADL/08.mp4,4,gmdcsa24,0,240,303,8.046196,10.158322,,,0,0,0,ADL,1.000000
Subject 4/ADL/08.mp4#f244-307,Subject 4/ADL/08.mp4,4,gmdcsa24,0,244,307,8.180299,10.292425,,,0,0,0,ADL,1.000000
Subject 4/ADL/08.mp4#f248-311,Subject 4/ADL/08.mp4,4,gmdcsa24,0,248,311,8.314402,10.426529,,,0,0,0,ADL,1.000000
Subject 4/ADL/08.mp4#f252-315,Subject 4/ADL/08.mp4,4,gmdcsa24,0,252,315,8.448505,10.560632,,,0,0,0,ADL,1.000000
Subject 4/ADL/08.mp4#f256-319,Subject 4/ADL/08.mp4,4,gmdcsa24,0,256,319,8.582609,10.694735,,,0,0,0,ADL,1.000000
Subject 4/ADL/08.mp4#f260-323,Subject 4/ADL/08.mp4,4,gmdcsa24,0,260,323,8.716712,10.828838,,,0,0,0,ADL,1.000000
Subject 4/ADL/08.mp4#f264-327,Subject 4/ADL/08.mp4,4,gmdcsa24,0,264,327,8.850815,10.962942,,,0,0,0,ADL,1.000000
Subject 4/ADL/08.mp4#f268-331,Subject 4/ADL/08.mp4,4,gmdcsa24,0,268,331,8.984919,11.097045,,,0,0,0,ADL,1.000000
Subject 4/ADL/08.mp4#f272-335,Subject 4/ADL/08.mp4,4,gmdcsa24,0,272,335,9.119022,11.231148,,,0,0,0,ADL,1.000000
Subject 4/ADL/08.mp4#f276-339,Subject 4/ADL/08.mp4,4,gmdcsa24,0,276,339,9.253125,11.365251,,,0,0,0,ADL,1.000000
Subject 4/ADL/08.mp4#f280-343,Subject 4/ADL/08.mp4,4,gmdcsa24,0,280,343,9.387228,11.499355,,,0,0,0,ADL,1.000000
Subject 4/ADL/08.mp4#f284-347,Subject 4/ADL/08.mp4,4,gmdcsa24,0,284,347,9.521332,11.633458,,,0,0,0,ADL,1.000000
Subject 4/ADL/08.mp4#f288-351,Subject 4/ADL/08.mp4,4,gmdcsa24,0,288,351,9.655435,11.767561,,,0,0,0,ADL,1.000000
Subject 4/ADL/08.mp4#f292-355,Subject 4/ADL/08.mp4,4,gmdcsa24,0,292,355,9.789538,11.901664,,,0,0,0,ADL,1.000000
Subject 4/ADL/08.mp4#f296-359,Subject 4/ADL/08.mp4,4,gmdcsa24,0,296,359,9.923641,12.035768,,,0,0,0,ADL,1.000000
Subject 4/ADL/08.mp4#f300-363,Subject 4/ADL/08.mp4,4,gmdcsa24,0,300,363,10.057745,12.169871,,,0,0,0,ADL,1.000000
Subject 4/ADL/08.mp4#f304-367,Subject 4/ADL/08.mp4,4,gmdcsa24,0,304,367,10.191848,12.303974,,,0,0,0,ADL,1.000000
Subject 4/ADL/09.mp4#f0-63,Subject 4/ADL/09.mp4,4,gmdcsa24,0,0,63,0.000000,2.110929,,,0,0,0,ADL,1.000000
Subject 4/ADL/09.mp4#f4-67,Subject 4/ADL/09.mp4,4,gmdcsa24,0,4,67,0.134027,2.244957,,,0,0,0,ADL,1.000000
Subject 4/ADL/09.mp4#f8-71,Subject 4/ADL/09.mp4,4,gmdcsa24,0,8,71,0.268055,2.378984,,,0,0,0,ADL,1.000000
Subject 4/ADL/09.mp4#f12-75,Subject 4/ADL/09.mp4,4,gmdcsa24,0,12,75,0.402082,2.513011,,,0,0,0,ADL,1.000000
Subject 4/ADL/09.mp4#f16-79,Subject 4/ADL/09.mp4,4,gmdcsa24,0,16,79,0.536109,2.647038,,,0,0,0,ADL,1.000000
Subject 4/ADL/09.mp4#f20-83,Subject 4/ADL/09.mp4,4,gmdcsa24,0,20,83,0.670136,2.781066,,,0,0,0,ADL,1.000000
Subject 4/ADL/09.mp4#f24-87,Subject 4/ADL/09.mp4,4,gmdcsa24,0,24,87,0.804164,2.915093,,,0,0,0,ADL,1.000000
Subject 4/ADL/09.mp4#f28-91,Subject 4/ADL/09.mp4,4,gmdcsa24,0,28,91,0.938191,3.049120,,,0,0,0,ADL,1.000000
Subject 4/ADL/09.mp4#f32-95,Subject 4/ADL/09.mp4,4,gmdcsa24,0,32,95,1.072218,3.183147,,,0,0,0,ADL,1.000000
Subject 4/ADL/09.mp4#f36-99,Subject 4/ADL/09.mp4,4,gmdcsa24,0,36,99,1.206245,3.317175,,,0,0,0,ADL,1.000000
Subject 4/ADL/09.mp4#f40-103,Subject 4/ADL/09.mp4,4,gmdcsa24,0,40,103,1.340273,3.451202,,,0,0,0,ADL,1.000000
Subject 4/ADL/09.mp4#f44-107,Subject 4/ADL/09.mp4,4,gmdcsa24,0,44,107,1.474300,3.585229,,,0,0,0,ADL,1.000000
Subject 4/ADL/09.mp4#f48-111,Subject 4/ADL/09.mp4,4,gmdcsa24,0,48,111,1.608327,3.719256,,,0,0,0,ADL,1.000000
Subject 4/ADL/09.mp4#f52-115,Subject 4/ADL/09.mp4,4,gmdcsa24,0,52,115,1.742354,3.853284,,,0,0,0,ADL,1.000000
Subject 4/ADL/09.mp4#f56-119,Subject 4/ADL/09.mp4,4,gmdcsa24,0,56,119,1.876382,3.987311,,,0,0,0,ADL,1.000000
Subject 4/ADL/09.mp4#f60-123,Subject 4/ADL/09.mp4,4,gmdcsa24,0,60,123,2.010409,4.121338,,,0,0,0,ADL,1.000000
Subject 4/ADL/09.mp4#f64-127,Subject 4/ADL/09.mp4,4,gmdcsa24,0,64,127,2.144436,4.255365,,,0,0,0,ADL,1.000000
Subject 4/ADL/09.mp4#f68-131,Subject 4/ADL/09.mp4,4,gmdcsa24,0,68,131,2.278463,4.389393,,,0,0,0,ADL,1.000000
Subject 4/ADL/09.mp4#f72-135,Subject 4/ADL/09.mp4,4,gmdcsa24,0,72,135,2.412491,4.523420,,,0,0,0,ADL,1.000000
Subject 4/ADL/09.mp4#f76-139,Subject 4/ADL/09.mp4,4,gmdcsa24,0,76,139,2.546518,4.657447,,,0,0,0,ADL,1.000000
Subject 4/ADL/09.mp4#f80-143,Subject 4/ADL/09.mp4,4,gmdcsa24,0,80,143,2.680545,4.791475,,,0,0,0,ADL,1.000000
Subject 4/ADL/09.mp4#f84-147,Subject 4/ADL/09.mp4,4,gmdcsa24,0,84,147,2.814572,4.925502,,,0,0,0,ADL,1.000000
Subject 4/ADL/09.mp4#f88-151,Subject 4/ADL/09.mp4,4,gmdcsa24,0,88,151,2.948600,5.059529,,,0,0,0,ADL,1.000000
Subject 4/ADL/09.mp4#f92-155,Subject 4/ADL/09.mp4,4,gmdcsa24,0,92,155,3.082627,5.193556,,,0,0,0,ADL,1.000000
Subject 4/ADL/09.mp4#f96-159,Subject 4/ADL/09.mp4,4,gmdcsa24,0,96,159,3.216654,5.327584,,,0,0,0,ADL,1.000000
Subject 4/ADL/09.mp4#f100-163,Subject 4/ADL/09.mp4,4,gmdcsa24,0,100,163,3.350681,5.461611,,,0,0,0,ADL,1.000000
Subject 4/ADL/09.mp4#f104-167,Subject 4/ADL/09.mp4,4,gmdcsa24,0,104,167,3.484709,5.595638,,,0,0,0,ADL,1.000000
Subject 4/ADL/09.mp4#f108-171,Subject 4/ADL/09.mp4,4,gmdcsa24,0,108,171,3.618736,5.729665,,,0,0,0,ADL,1.000000
Subject 4/ADL/09.mp4#f112-175,Subject 4/ADL/09.mp4,4,gmdcsa24,0,112,175,3.752763,5.863693,,,0,0,0,ADL,1.000000
Subject 4/ADL/09.mp4#f116-179,Subject 4/ADL/09.mp4,4,gmdcsa24,0,116,179,3.886791,5.997720,,,0,0,0,ADL,1.000000
Subject 4/ADL/09.mp4#f120-183,Subject 4/ADL/09.mp4,4,gmdcsa24,0,120,183,4.020818,6.131747,,,0,0,0,ADL,1.000000
Subject 4/ADL/09.mp4#f124-187,Subject 4/ADL/09.mp4,4,gmdcsa24,0,124,187,4.154845,6.265774,,,0,0,0,ADL,1.000000
Subject 4/ADL/09.mp4#f128-191,Subject 4/ADL/09.mp4,4,gmdcsa24,0,128,191,4.288872,6.399802,,,0,0,0,ADL,1.000000
Subject 4/ADL/09.mp4#f132-195,Subject 4/ADL/09.mp4,4,gmdcsa24,0,132,195,4.422900,6.533829,,,0,0,0,ADL,1.000000
Subject 4/ADL/09.mp4#f136-199,Subject 4/ADL/09.mp4,4,gmdcsa24,0,136,199,4.556927,6.667856,,,0,0,0,ADL,1.000000
Subject 4/ADL/09.mp4#f140-203,Subject 4/ADL/09.mp4,4,gmdcsa24,0,140,203,4.690954,6.801883,,,0,0,0,ADL,1.000000
Subject 4/ADL/09.mp4#f144-207,Subject 4/ADL/09.mp4,4,gmdcsa24,0,144,207,4.824981,6.935911,,,0,0,0,ADL,1.000000
Subject 4/ADL/09.mp4#f148-211,Subject 4/ADL/09.mp4,4,gmdcsa24,0,148,211,4.959009,7.069938,,,0,0,0,ADL,1.000000
Subject 4/ADL/09.mp4#f152-215,Subject 4/ADL/09.mp4,4,gmdcsa24,0,152,215,5.093036,7.203965,,,0,0,0,ADL,1.000000
Subject 4/ADL/09.mp4#f156-219,Subject 4/ADL/09.mp4,4,gmdcsa24,0,156,219,5.227063,7.337992,,,0,0,0,ADL,1.000000
Subject 4/ADL/09.mp4#f160-223,Subject 4/ADL/09.mp4,4,gmdcsa24,0,160,223,5.361090,7.472020,,,0,0,0,ADL,1.000000
Subject 4/ADL/09.mp4#f164-227,Subject 4/ADL/09.mp4,4,gmdcsa24,0,164,227,5.495118,7.606047,,,0,0,0,ADL,1.000000
Subject 4/ADL/09.mp4#f168-231,Subject 4/ADL/09.mp4,4,gmdcsa24,0,168,231,5.629145,7.740074,,,0,0,0,ADL,1.000000
Subject 4/ADL/09.mp4#f172-235,Subject 4/ADL/09.mp4,4,gmdcsa24,0,172,235,5.763172,7.874101,,,0,0,0,ADL,1.000000
Subject 4/ADL/09.mp4#f176-239,Subject 4/ADL/09.mp4,4,gmdcsa24,0,176,239,5.897199,8.008129,,,0,0,0,ADL,1.000000
Subject 4/ADL/09.mp4#f180-243,Subject 4/ADL/09.mp4,4,gmdcsa24,0,180,243,6.031227,8.142156,,,0,0,0,ADL,1.000000
Subject 4/ADL/09.mp4#f184-247,Subject 4/ADL/09.mp4,4,gmdcsa24,0,184,247,6.165254,8.276183,,,0,0,0,ADL,1.000000
Subject 4/ADL/09.mp4#f188-251,Subject 4/ADL/09.mp4,4,gmdcsa24,0,188,251,6.299281,8.410211,,,0,0,0,ADL,1.000000
Subject 4/ADL/09.mp4#f192-255,Subject 4/ADL/09.mp4,4,gmdcsa24,0,192,255,6.433308,8.544238,,,0,0,0,ADL,1.000000
Subject 4/ADL/09.mp4#f196-259,Subject 4/ADL/09.mp4,4,gmdcsa24,0,196,259,6.567336,8.678265,,,0,0,0,ADL,1.000000
Subject 4/ADL/09.mp4#f200-263,Subject 4/ADL/09.mp4,4,gmdcsa24,0,200,263,6.701363,8.812292,,,0,0,0,ADL,1.000000
Subject 4/ADL/09.mp4#f204-267,Subject 4/ADL/09.mp4,4,gmdcsa24,0,204,267,6.835390,8.946320,,,0,0,0,ADL,1.000000
Subject 4/ADL/09.mp4#f208-271,Subject 4/ADL/09.mp4,4,gmdcsa24,0,208,271,6.969417,9.080347,,,0,0,0,ADL,1.000000
Subject 4/ADL/09.mp4#f212-275,Subject 4/ADL/09.mp4,4,gmdcsa24,0,212,275,7.103445,9.214374,,,0,0,0,ADL,1.000000
Subject 4/ADL/09.mp4#f216-279,Subject 4/ADL/09.mp4,4,gmdcsa24,0,216,279,7.237472,9.348401,,,0,0,0,ADL,1.000000
Subject 4/ADL/09.mp4#f220-283,Subject 4/ADL/09.mp4,4,gmdcsa24,0,220,283,7.371499,9.482429,,,0,0,0,ADL,1.000000
Subject 4/ADL/09.mp4#f224-287,Subject 4/ADL/09.mp4,4,gmdcsa24,0,224,287,7.505527,9.616456,,,0,0,0,ADL,1.000000
Subject 4/ADL/09.mp4#f228-291,Subject 4/ADL/09.mp4,4,gmdcsa24,0,228,291,7.639554,9.750483,,,0,0,0,ADL,1.000000
Subject 4/ADL/09.mp4#f232-295,Subject 4/ADL/09.mp4,4,gmdcsa24,0,232,295,7.773581,9.884510,,,0,0,0,ADL,1.000000
Subject 4/ADL/09.mp4#f236-299,Subject 4/ADL/09.mp4,4,gmdcsa24,0,236,299,7.907608,10.018538,,,0,0,0,ADL,1.000000
Subject 4/ADL/09.mp4#f240-303,Subject 4/ADL/09.mp4,4,gmdcsa24,0,240,303,8.041636,10.152565,,,0,0,0,ADL,1.000000
Subject 4/ADL/09.mp4#f244-307,Subject 4/ADL/09.mp4,4,gmdcsa24,0,244,307,8.175663,10.286592,,,0,0,0,ADL,1.000000
Subject 4/ADL/09.mp4#f248-311,Subject 4/ADL/09.mp4,4,gmdcsa24,0,248,311,8.309690,10.420619,,,0,0,0,ADL,1.000000
Subject 4/ADL/09.mp4#f252-315,Subject 4/ADL/09.mp4,4,gmdcsa24,0,252,315,8.443717,10.554647,,,0,0,0,ADL,1.000000
Subject 4/ADL/09.mp4#f256-319,Subject 4/ADL/09.mp4,4,gmdcsa24,0,256,319,8.577745,10.688674,,,0,0,0,ADL,1.000000
Subject 4/ADL/09.mp4#f260-323,Subject 4/ADL/09.mp4,4,gmdcsa24,0,260,323,8.711772,10.822701,,,0,0,0,ADL,1.000000
Subject 4/ADL/09.mp4#f264-327,Subject 4/ADL/09.mp4,4,gmdcsa24,0,264,327,8.845799,10.956728,,,0,0,0,ADL,1.000000
Subject 4/ADL/09.mp4#f268-331,Subject 4/ADL/09.mp4,4,gmdcsa24,0,268,331,8.979826,11.090756,,,0,0,0,ADL,1.000000
Subject 4/ADL/09.mp4#f272-335,Subject 4/ADL/09.mp4,4,gmdcsa24,0,272,335,9.113854,11.224783,,,0,0,0,ADL,1.000000
Subject 4/ADL/09.mp4#f276-339,Subject 4/ADL/09.mp4,4,gmdcsa24,0,276,339,9.247881,11.358810,,,0,0,0,ADL,1.000000
Subject 4/ADL/09.mp4#f280-343,Subject 4/ADL/09.mp4,4,gmdcsa24,0,280,343,9.381908,11.492837,,,0,0,0,ADL,1.000000
Subject 4/ADL/09.mp4#f284-347,Subject 4/ADL/09.mp4,4,gmdcsa24,0,284,347,9.515935,11.626865,,,0,0,0,ADL,1.000000
Subject 4/ADL/09.mp4#f288-351,Subject 4/ADL/09.mp4,4,gmdcsa24,0,288,351,9.649963,11.760892,,,0,0,0,ADL,1.000000
Subject 4/ADL/09.mp4#f292-355,Subject 4/ADL/09.mp4,4,gmdcsa24,0,292,355,9.783990,11.894919,,,0,0,0,ADL,1.000000
Subject 4/ADL/09.mp4#f296-359,Subject 4/ADL/09.mp4,4,gmdcsa24,0,296,359,9.918017,12.028947,,,0,0,0,ADL,1.000000
Subject 4/ADL/10.mp4#f0-63,Subject 4/ADL/10.mp4,4,gmdcsa24,0,0,63,0.000000,2.111193,,,0,0,0,ADL,1.000000
Subject 4/ADL/10.mp4#f4-67,Subject 4/ADL/10.mp4,4,gmdcsa24,0,4,67,0.134044,2.245237,,,0,0,0,ADL,1.000000
Subject 4/ADL/10.mp4#f8-71,Subject 4/ADL/10.mp4,4,gmdcsa24,0,8,71,0.268088,2.379281,,,0,0,0,ADL,1.000000
Subject 4/ADL/10.mp4#f12-75,Subject 4/ADL/10.mp4,4,gmdcsa24,0,12,75,0.402132,2.513325,,,0,0,0,ADL,1.000000
Subject 4/ADL/10.mp4#f16-79,Subject 4/ADL/10.mp4,4,gmdcsa24,0,16,79,0.536176,2.647369,,,0,0,0,ADL,1.000000
Subject 4/ADL/10.mp4#f20-83,Subject 4/ADL/10.mp4,4,gmdcsa24,0,20,83,0.670220,2.781413,,,0,0,0,ADL,1.000000
Subject 4/ADL/10.mp4#f24-87,Subject 4/ADL/10.mp4,4,gmdcsa24,0,24,87,0.804264,2.915457,,,0,0,0,ADL,1.000000
Subject 4/ADL/10.mp4#f28-91,Subject 4/ADL/10.mp4,4,gmdcsa24,0,28,91,0.938308,3.049501,,,0,0,0,ADL,1.000000
Subject 4/ADL/10.mp4#f32-95,Subject 4/ADL/10.mp4,4,gmdcsa24,0,32,95,1.072352,3.183545,,,0,0,0,ADL,1.000000
Subject 4/ADL/10.mp4#f36-99,Subject 4/ADL/10.mp4,4,gmdcsa24,0,36,99,1.206396,3.317589,,,0,0,0,ADL,1.000000
Subject 4/ADL/10.mp4#f40-103,Subject 4/ADL/10.mp4,4,gmdcsa24,0,40,103,1.340440,3.451633,,,0,0,0,ADL,1.000000
Subject 4/ADL/10.mp4#f44-107,Subject 4/ADL/10.mp4,4,gmdcsa24,0,44,107,1.474484,3.585676,,,0,0,0,ADL,1.000000
Subject 4/ADL/10.mp4#f48-111,Subject 4/ADL/10.mp4,4,gmdcsa24,0,48,111,1.608528,3.719720,,,0,0,0,ADL,1.000000
Subject 4/ADL/10.mp4#f52-115,Subject 4/ADL/10.mp4,4,gmdcsa24,0,52,115,1.742572,3.853764,,,0,0,0,ADL,1.000000
Subject 4/ADL/10.mp4#f56-119,Subject 4/ADL/10.mp4,4,gmdcsa24,0,56,119,1.876616,3.987808,,,0,0,0,ADL,1.000000
Subject 4/ADL/10.mp4#f60-123,Subject 4/ADL/10.mp4,4,gmdcsa24,0,60,123,2.010660,4.121852,,,0,0,0,ADL,1.000000
Subject 4/ADL/10.mp4#f64-127,Subject 4/ADL/10.mp4,4,gmdcsa24,0,64,127,2.144704,4.255896,,,0,0,0,ADL,1.000000
Subject 4/ADL/10.mp4#f68-131,Subject 4/ADL/10.mp4,4,gmdcsa24,0,68,131,2.278748,4.389940,,,0,0,0,ADL,1.000000
Subject 4/ADL/10.mp4#f72-135,Subject 4/ADL/10.mp4,4,gmdcsa24,0,72,135,2.412792,4.523984,,,0,0,0,ADL,1.000000
Subject 4/ADL/10.mp4#f76-139,Subject 4/ADL/10.mp4,4,gmdcsa24,0,76,139,2.546836,4.658028,,,0,0,0,ADL,1.000000
Subject 4/ADL/10.mp4#f80-143,Subject 4/ADL/10.mp4,4,gmdcsa24,0,80,143,2.680880,4.792072,,,0,0,0,ADL,1.000000
Subject 4/ADL/10.mp4#f84-147,Subject 4/ADL/10.mp4,4,gmdcsa24,0,84,147,2.814924,4.926116,,,0,0,0,ADL,1.000000
Subject 4/ADL/10.mp4#f88-151,Subject 4/ADL/10.mp4,4,gmdcsa24,0,88,151,2.948968,5.060160,,,0,0,0,ADL,1.000000
Subject 4/ADL/10.mp4#f92-155,Subject 4/ADL/10.mp4,4,gmdcsa24,0,92,155,3.083012,5.194204,,,0,0,0,ADL,1.000000
Subject 4/ADL/10.mp4#f96-159,Subject 4/ADL/10.mp4,4,gmdcsa24,0,96,159,3.217056,5.328248,,,0,0,0,ADL,1.000000
Subject 4/ADL/10.mp4#f100-163,Subject 4/ADL/10.mp4,4,gmdcsa24,0,100,163,3.351100,5.462292,,,0,0,0,ADL,1.000000
Subject 4/ADL/10.mp4#f104-167,Subject 4/ADL/10.mp4,4,gmdcsa24,0,104,167,3.485144,5.596336,,,0,0,0,ADL,1.000000
Subject 4/ADL/10.mp4#f108-171,Subject 4/ADL/10.mp4,4,gmdcsa24,0,108,171,3.619187,5.730380,,,0,0,0,ADL,1.000000
Subject 4/ADL/10.mp4#f112-175,Subject 4/ADL/10.mp4,4,gmdcsa24,0,112,175,3.753231,5.864424,,,0,0,0,ADL,1.000000
Subject 4/ADL/10.mp4#f116-179,Subject 4/ADL/10.mp4,4,gmdcsa24,0,116,179,3.887275,5.998468,,,0,0,0,ADL,1.000000
Subject 4/ADL/10.mp4#f120-183,Subject 4/ADL/10.mp4,4,gmdcsa24,0,120,183,4.021319,6.132512,,,0,0,0,ADL,1.000000
Subject 4/ADL/10.mp4#f124-187,Subject 4/ADL/10.mp4,4,gmdcsa24,0,124,187,4.155363,6.266556,,,0,0,0,ADL,1.000000
Subject 4/ADL/10.mp4#f128-191,Subject 4/ADL/10.mp4,4,gmdcsa24,0,128,191,4.289407,6.400600,,,0,0,0,ADL,1.000000
Subject 4/ADL/10.mp4#f132-195,Subject 4/ADL/10.mp4,4,gmdcsa24,0,132,195,4.423451,6.534644,,,0,0,0,ADL,1.000000
Subject 4/ADL/10.mp4#f136-199,Subject 4/ADL/10.mp4,4,gmdcsa24,0,136,199,4.557495,6.668688,,,0,0,0,ADL,1.000000
Subject 4/ADL/10.mp4#f140-203,Subject 4/ADL/10.mp4,4,gmdcsa24,0,140,203,4.691539,6.802732,,,0,0,0,ADL,1.000000
Subject 4/ADL/10.mp4#f144-207,Subject 4/ADL/10.mp4,4,gmdcsa24,0,144,207,4.825583,6.936776,,,0,0,0,ADL,1.000000
Subject 4/ADL/10.mp4#f148-211,Subject 4/ADL/10.mp4,4,gmdcsa24,0,148,211,4.959627,7.070820,,,0,0,0,ADL,1.000000
Subject 4/ADL/10.mp4#f152-215,Subject 4/ADL/10.mp4,4,gmdcsa24,0,152,215,5.093671,7.204864,,,0,0,0,ADL,1.000000
Subject 4/ADL/10.mp4#f156-219,Subject 4/ADL/10.mp4,4,gmdcsa24,0,156,219,5.227715,7.338908,,,0,0,0,ADL,1.000000
Subject 4/ADL/10.mp4#f160-223,Subject 4/ADL/10.mp4,4,gmdcsa24,0,160,223,5.361759,7.472952,,,0,0,0,ADL,1.000000
Subject 4/ADL/10.mp4#f164-227,Subject 4/ADL/10.mp4,4,gmdcsa24,0,164,227,5.495803,7.606996,,,0,0,0,ADL,1.000000
Subject 4/ADL/10.mp4#f168-231,Subject 4/ADL/10.mp4,4,gmdcsa24,0,168,231,5.629847,7.741040,,,0,0,0,ADL,1.000000
Subject 4/ADL/10.mp4#f172-235,Subject 4/ADL/10.mp4,4,gmdcsa24,0,172,235,5.763891,7.875084,,,0,0,0,ADL,1.000000
Subject 4/ADL/10.mp4#f176-239,Subject 4/ADL/10.mp4,4,gmdcsa24,0,176,239,5.897935,8.009128,,,0,0,0,ADL,1.000000
Subject 4/ADL/10.mp4#f180-243,Subject 4/ADL/10.mp4,4,gmdcsa24,0,180,243,6.031979,8.143172,,,0,0,0,ADL,1.000000
Subject 4/ADL/10.mp4#f184-247,Subject 4/ADL/10.mp4,4,gmdcsa24,0,184,247,6.166023,8.277216,,,0,0,0,ADL,1.000000
Subject 4/ADL/10.mp4#f188-251,Subject 4/ADL/10.mp4,4,gmdcsa24,0,188,251,6.300067,8.411260,,,0,0,0,ADL,1.000000
Subject 4/ADL/10.mp4#f192-255,Subject 4/ADL/10.mp4,4,gmdcsa24,0,192,255,6.434111,8.545304,,,0,0,0,ADL,1.000000
Subject 4/ADL/10.mp4#f196-259,Subject 4/ADL/10.mp4,4,gmdcsa24,0,196,259,6.568155,8.679348,,,0,0,0,ADL,1.000000
Subject 4/ADL/10.mp4#f200-263,Subject 4/ADL/10.mp4,4,gmdcsa24,0,200,263,6.702199,8.813392,,,0,0,0,ADL,1.000000
Subject 4/ADL/10.mp4#f204-267,Subject 4/ADL/10.mp4,4,gmdcsa24,0,204,267,6.836243,8.947436,,,0,0,0,ADL,1.000000
Subject 4/ADL/10.mp4#f208-271,Subject 4/ADL/10.mp4,4,gmdcsa24,0,208,271,6.970287,9.081480,,,0,0,0,ADL,1.000000
Subject 4/ADL/10.mp4#f212-275,Subject 4/ADL/10.mp4,4,gmdcsa24,0,212,275,7.104331,9.215524,,,0,0,0,ADL,1.000000
Subject 4/ADL/10.mp4#f216-279,Subject 4/ADL/10.mp4,4,gmdcsa24,0,216,279,7.238375,9.349568,,,0,0,0,ADL,1.000000
Subject 4/ADL/10.mp4#f220-283,Subject 4/ADL/10.mp4,4,gmdcsa24,0,220,283,7.372419,9.483612,,,0,0,0,ADL,1.000000
Subject 4/ADL/10.mp4#f224-287,Subject 4/ADL/10.mp4,4,gmdcsa24,0,224,287,7.506463,9.617656,,,0,0,0,ADL,1.000000
Subject 4/ADL/10.mp4#f228-291,Subject 4/ADL/10.mp4,4,gmdcsa24,0,228,291,7.640507,9.751700,,,0,0,0,ADL,1.000000
Subject 4/ADL/10.mp4#f232-295,Subject 4/ADL/10.mp4,4,gmdcsa24,0,232,295,7.774551,9.885744,,,0,0,0,ADL,1.000000
Subject 4/ADL/10.mp4#f236-299,Subject 4/ADL/10.mp4,4,gmdcsa24,0,236,299,7.908595,10.019788,,,0,0,0,ADL,1.000000
Subject 4/ADL/10.mp4#f240-303,Subject 4/ADL/10.mp4,4,gmdcsa24,0,240,303,8.042639,10.153832,,,0,0,0,ADL,1.000000
Subject 4/ADL/10.mp4#f244-307,Subject 4/ADL/10.mp4,4,gmdcsa24,0,244,307,8.176683,10.287876,,,0,0,0,ADL,1.000000
Subject 4/ADL/10.mp4#f248-311,Subject 4/ADL/10.mp4,4,gmdcsa24,0,248,311,8.310727,10.421920,,,0,0,0,ADL,1.000000
Subject 4/ADL/10.mp4#f252-315,Subject 4/ADL/10.mp4,4,gmdcsa24,0,252,315,8.444771,10.555964,,,0,0,0,ADL,1.000000
Subject 4/ADL/10.mp4#f256-319,Subject 4/ADL/10.mp4,4,gmdcsa24,0,256,319,8.578815,10.690008,,,0,0,0,ADL,1.000000
Subject 4/ADL/10.mp4#f260-323,Subject 4/ADL/10.mp4,4,gmdcsa24,0,260,323,8.712859,10.824051,,,0,0,0,ADL,1.000000
Subject 4/ADL/10.mp4#f264-327,Subject 4/ADL/10.mp4,4,gmdcsa24,0,264,327,8.846903,10.958095,,,0,0,0,ADL,1.000000
Subject 4/ADL/10.mp4#f268-331,Subject 4/ADL/10.mp4,4,gmdcsa24,0,268,331,8.980947,11.092139,,,0,0,0,ADL,1.000000
Subject 4/ADL/10.mp4#f272-335,Subject 4/ADL/10.mp4,4,gmdcsa24,0,272,335,9.114991,11.226183,,,0,0,0,ADL,1.000000
Subject 4/ADL/10.mp4#f276-339,Subject 4/ADL/10.mp4,4,gmdcsa24,0,276,339,9.249035,11.360227,,,0,0,0,ADL,1.000000
Subject 4/ADL/10.mp4#f280-343,Subject 4/ADL/10.mp4,4,gmdcsa24,0,280,343,9.383079,11.494271,,,0,0,0,ADL,1.000000
Subject 4/ADL/10.mp4#f284-347,Subject 4/ADL/10.mp4,4,gmdcsa24,0,284,347,9.517123,11.628315,,,0,0,0,ADL,1.000000
Subject 4/ADL/10.mp4#f288-351,Subject 4/ADL/10.mp4,4,gmdcsa24,0,288,351,9.651167,11.762359,,,0,0,0,ADL,1.000000
Subject 4/ADL/10.mp4#f292-355,Subject 4/ADL/10.mp4,4,gmdcsa24,0,292,355,9.785211,11.896403,,,0,0,0,ADL,1.000000
Subject 4/ADL/10.mp4#f296-359,Subject 4/ADL/10.mp4,4,gmdcsa24,0,296,359,9.919255,12.030447,,,0,0,0,ADL,1.000000
Subject 4/ADL/10.mp4#f300-363,Subject 4/ADL/10.mp4,4,gmdcsa24,0,300,363,10.053299,12.164491,,,0,0,0,ADL,1.000000
Subject 4/ADL/10.mp4#f304-367,Subject 4/ADL/10.mp4,4,gmdcsa24,0,304,367,10.187343,12.298535,,,0,0,0,ADL,1.000000
Subject 4/ADL/10.mp4#f308-371,Subject 4/ADL/10.mp4,4,gmdcsa24,0,308,371,10.321387,12.432579,,,0,0,0,ADL,1.000000
Subject 4/ADL/10.mp4#f312-375,Subject 4/ADL/10.mp4,4,gmdcsa24,0,312,375,10.455431,12.566623,,,0,0,0,ADL,1.000000
Subject 4/ADL/10.mp4#f316-379,Subject 4/ADL/10.mp4,4,gmdcsa24,0,316,379,10.589475,12.700667,,,0,0,0,ADL,1.000000
Subject 4/ADL/11.mp4#f0-63,Subject 4/ADL/11.mp4,4,gmdcsa24,0,0,63,0.000000,2.110789,,,0,0,0,ADL,1.000000
Subject 4/ADL/11.mp4#f4-67,Subject 4/ADL/11.mp4,4,gmdcsa24,0,4,67,0.134018,2.244807,,,0,0,0,ADL,1.000000
Subject 4/ADL/11.mp4#f8-71,Subject 4/ADL/11.mp4,4,gmdcsa24,0,8,71,0.268037,2.378825,,,0,0,0,ADL,1.000000
Subject 4/ADL/11.mp4#f12-75,Subject 4/ADL/11.mp4,4,gmdcsa24,0,12,75,0.402055,2.512844,,,0,0,0,ADL,1.000000
Subject 4/ADL/11.mp4#f16-79,Subject 4/ADL/11.mp4,4,gmdcsa24,0,16,79,0.536073,2.646862,,,0,0,0,ADL,1.000000
Subject 4/ADL/11.mp4#f20-83,Subject 4/ADL/11.mp4,4,gmdcsa24,0,20,83,0.670092,2.780880,,,0,0,0,ADL,1.000000
Subject 4/ADL/11.mp4#f24-87,Subject 4/ADL/11.mp4,4,gmdcsa24,0,24,87,0.804110,2.914899,,,0,0,0,ADL,1.000000
Subject 4/ADL/11.mp4#f28-91,Subject 4/ADL/11.mp4,4,gmdcsa24,0,28,91,0.938128,3.048917,,,0,0,0,ADL,1.000000
Subject 4/ADL/11.mp4#f32-95,Subject 4/ADL/11.mp4,4,gmdcsa24,0,32,95,1.072147,3.182935,,,0,0,0,ADL,1.000000
Subject 4/ADL/11.mp4#f36-99,Subject 4/ADL/11.mp4,4,gmdcsa24,0,36,99,1.206165,3.316954,,,0,0,0,ADL,1.000000
Subject 4/ADL/11.mp4#f40-103,Subject 4/ADL/11.mp4,4,gmdcsa24,0,40,103,1.340183,3.450972,,,0,0,0,ADL,1.000000
Subject 4/ADL/11.mp4#f44-107,Subject 4/ADL/11.mp4,4,gmdcsa24,0,44,107,1.474202,3.584990,,,0,0,0,ADL,1.000000
Subject 4/ADL/11.mp4#f48-111,Subject 4/ADL/11.mp4,4,gmdcsa24,0,48,111,1.608220,3.719009,,,0,0,0,ADL,1.000000
Subject 4/ADL/11.mp4#f52-115,Subject 4/ADL/11.mp4,4,gmdcsa24,0,52,115,1.742238,3.853027,,,0,0,0,ADL,1.000000
Subject 4/ADL/11.mp4#f56-119,Subject 4/ADL/11.mp4,4,gmdcsa24,0,56,119,1.876257,3.987045,,,0,0,0,ADL,1.000000
Subject 4/ADL/11.mp4#f60-123,Subject 4/ADL/11.mp4,4,gmdcsa24,0,60,123,2.010275,4.121064,,,0,0,0,ADL,1.000000
Subject 4/ADL/11.mp4#f64-127,Subject 4/ADL/11.mp4,4,gmdcsa24,0,64,127,2.144293,4.255082,,,0,0,0,ADL,1.000000
Subject 4/ADL/11.mp4#f68-131,Subject 4/ADL/11.mp4,4,gmdcsa24,0,68,131,2.278312,4.389100,,,0,0,0,ADL,1.000000
Subject 4/ADL/11.mp4#f72-135,Subject 4/ADL/11.mp4,4,gmdcsa24,0,72,135,2.412330,4.523119,,,0,0,0,ADL,1.000000
Subject 4/ADL/11.mp4#f76-139,Subject 4/ADL/11.mp4,4,gmdcsa24,0,76,139,2.546348,4.657137,,,0,0,0,ADL,1.000000
Subject 4/ADL/11.mp4#f80-143,Subject 4/ADL/11.mp4,4,gmdcsa24,0,80,143,2.680367,4.791155,,,0,0,0,ADL,1.000000
Subject 4/ADL/11.mp4#f84-147,Subject 4/ADL/11.mp4,4,gmdcsa24,0,84,147,2.814385,4.925174,,,0,0,0,ADL,1.000000
Subject 4/ADL/11.mp4#f88-151,Subject 4/ADL/11.mp4,4,gmdcsa24,0,88,151,2.948403,5.059192,,,0,0,0,ADL,1.000000
Subject 4/ADL/11.mp4#f92-155,Subject 4/ADL/11.mp4,4,gmdcsa24,0,92,155,3.082422,5.193210,,,0,0,0,ADL,1.000000
Subject 4/ADL/11.mp4#f96-159,Subject 4/ADL/11.mp4,4,gmdcsa24,0,96,159,3.216440,5.327229,,,0,0,0,ADL,1.000000
Subject 4/ADL/11.mp4#f100-163,Subject 4/ADL/11.mp4,4,gmdcsa24,0,100,163,3.350458,5.461247,,,0,0,0,ADL,1.000000
Subject 4/ADL/11.mp4#f104-167,Subject 4/ADL/11.mp4,4,gmdcsa24,0,104,167,3.484477,5.595265,,,0,0,0,ADL,1.000000
Subject 4/ADL/11.mp4#f108-171,Subject 4/ADL/11.mp4,4,gmdcsa24,0,108,171,3.618495,5.729284,,,0,0,0,ADL,1.000000
Subject 4/ADL/11.mp4#f112-175,Subject 4/ADL/11.mp4,4,gmdcsa24,0,112,175,3.752513,5.863302,,,0,0,0,ADL,1.000000
Subject 4/ADL/11.mp4#f116-179,Subject 4/ADL/11.mp4,4,gmdcsa24,0,116,179,3.886532,5.997320,,,0,0,0,ADL,1.000000
Subject 4/ADL/11.mp4#f120-183,Subject 4/ADL/11.mp4,4,gmdcsa24,0,120,183,4.020550,6.131339,,,0,0,0,ADL,1.000000
Subject 4/ADL/11.mp4#f124-187,Subject 4/ADL/11.mp4,4,gmdcsa24,0,124,187,4.154568,6.265357,,,0,0,0,ADL,1.000000
Subject 4/ADL/11.mp4#f128-191,Subject 4/ADL/11.mp4,4,gmdcsa24,0,128,191,4.288587,6.399375,,,0,0,0,ADL,1.000000
Subject 4/ADL/11.mp4#f132-195,Subject 4/ADL/11.mp4,4,gmdcsa24,0,132,195,4.422605,6.533394,,,0,0,0,ADL,1.000000
Subject 4/ADL/11.mp4#f136-199,Subject 4/ADL/11.mp4,4,gmdcsa24,0,136,199,4.556623,6.667412,,,0,0,0,ADL,1.000000
Subject 4/ADL/11.mp4#f140-203,Subject 4/ADL/11.mp4,4,gmdcsa24,0,140,203,4.690642,6.801430,,,0,0,0,ADL,1.000000
Subject 4/ADL/11.mp4#f144-207,Subject 4/ADL/11.mp4,4,gmdcsa24,0,144,207,4.824660,6.935449,,,0,0,0,ADL,1.000000
Subject 4/ADL/11.mp4#f148-211,Subject 4/ADL/11.mp4,4,gmdcsa24,0,148,211,4.958678,7.069467,,,0,0,0,ADL,1.000000
Subject 4/ADL/11.mp4#f152-215,Subject 4/ADL/11.mp4,4,gmdcsa24,0,152,215,5.092697,7.203485,,,0,0,0,ADL,1.000000
Subject 4/ADL/11.mp4#f156-219,Subject 4/ADL/11.mp4,4,gmdcsa24,0,156,219,5.226715,7.337504,,,0,0,0,ADL,1.000000
Subject 4/ADL/11.mp4#f160-223,Subject 4/ADL/11.mp4,4,gmdcsa24,0,160,223,5.360733,7.471522,,,0,0,0,ADL,1.000000
Subject 4/ADL/11.mp4#f164-227,Subject 4/ADL/11.mp4,4,gmdcsa24,0,164,227,5.494752,7.605540,,,0,0,0,ADL,1.000000
Subject 4/ADL/11.mp4#f168-231,Subject 4/ADL/11.mp4,4,gmdcsa24,0,168,231,5.628770,7.739559,,,0,0,0,ADL,1.000000
Subject 4/ADL/11.mp4#f172-235,Subject 4/ADL/11.mp4,4,gmdcsa24,0,172,235,5.762788,7.873577,,,0,0,0,ADL,1.000000
Subject 4/ADL/11.mp4#f176-239,Subject 4/ADL/11.mp4,4,gmdcsa24,0,176,239,5.896807,8.007595,,,0,0,0,ADL,1.000000
Subject 4/ADL/11.mp4#f180-243,Subject 4/ADL/11.mp4,4,gmdcsa24,0,180,243,6.030825,8.141614,,,0,0,0,ADL,1.000000
Subject 4/ADL/11.mp4#f184-247,Subject 4/ADL/11.mp4,4,gmdcsa24,0,184,247,6.164843,8.275632,,,0,0,0,ADL,1.000000
Subject 4/ADL/11.mp4#f188-251,Subject 4/ADL/11.mp4,4,gmdcsa24,0,188,251,6.298862,8.409650,,,0,0,0,ADL,1.000000
Subject 4/ADL/11.mp4#f192-255,Subject 4/ADL/11.mp4,4,gmdcsa24,0,192,255,6.432880,8.543669,,,0,0,0,ADL,1.000000
Subject 4/ADL/11.mp4#f196-259,Subject 4/ADL/11.mp4,4,gmdcsa24,0,196,259,6.566898,8.677687,,,0,0,0,ADL,1.000000
Subject 4/ADL/11.mp4#f200-263,Subject 4/ADL/11.mp4,4,gmdcsa24,0,200,263,6.700917,8.811705,,,0,0,0,ADL,1.000000
Subject 4/ADL/11.mp4#f204-267,Subject 4/ADL/11.mp4,4,gmdcsa24,0,204,267,6.834935,8.945724,,,0,0,0,ADL,1.000000
Subject 4/ADL/11.mp4#f208-271,Subject 4/ADL/11.mp4,4,gmdcsa24,0,208,271,6.968953,9.079742,,,0,0,0,ADL,1.000000
Subject 4/ADL/11.mp4#f212-275,Subject 4/ADL/11.mp4,4,gmdcsa24,0,212,275,7.102972,9.213760,,,0,0,0,ADL,1.000000
Subject 4/ADL/11.mp4#f216-279,Subject 4/ADL/11.mp4,4,gmdcsa24,0,216,279,7.236990,9.347779,,,0,0,0,ADL,1.000000
Subject 4/ADL/11.mp4#f220-283,Subject 4/ADL/11.mp4,4,gmdcsa24,0,220,283,7.371008,9.481797,,,0,0,0,ADL,1.000000
Subject 4/ADL/11.mp4#f224-287,Subject 4/ADL/11.mp4,4,gmdcsa24,0,224,287,7.505027,9.615815,,,0,0,0,ADL,1.000000
Subject 4/ADL/11.mp4#f228-291,Subject 4/ADL/11.mp4,4,gmdcsa24,0,228,291,7.639045,9.749834,,,0,0,0,ADL,1.000000
Subject 4/ADL/11.mp4#f232-295,Subject 4/ADL/11.mp4,4,gmdcsa24,0,232,295,7.773063,9.883852,,,0,0,0,ADL,1.000000
Subject 4/ADL/11.mp4#f236-299,Subject 4/ADL/11.mp4,4,gmdcsa24,0,236,299,7.907082,10.017871,,,0,0,0,ADL,1.000000
Subject 4/ADL/11.mp4#f240-303,Subject 4/ADL/11.mp4,4,gmdcsa24,0,240,303,8.041100,10.151889,,,0,0,0,ADL,1.000000
Subject 4/ADL/11.mp4#f244-307,Subject 4/ADL/11.mp4,4,gmdcsa24,0,244,307,8.175118,10.285907,,,0,0,0,ADL,1.000000
Subject 4/ADL/11.mp4#f248-311,Subject 4/ADL/11.mp4,4,gmdcsa24,0,248,311,8.309137,10.419926,,,0,0,0,ADL,1.000000
Subject 4/ADL/11.mp4#f252-315,Subject 4/ADL/11.mp4,4,gmdcsa24,0,252,315,8.443155,10.553944,,,0,0,0,ADL,1.000000
Subject 4/ADL/11.mp4#f256-319,Subject 4/ADL/11.mp4,4,gmdcsa24,0,256,319,8.577173,10.687962,,,0,0,0,ADL,1.000000
Subject 4/ADL/12.mp4#f0-63,Subject 4/ADL/12.mp4,4,gmdcsa24,0,0,63,0.000000,2.110451,,,0,0,0,ADL,1.000000
Subject 4/ADL/12.mp4#f4-67,Subject 4/ADL/12.mp4,4,gmdcsa24,0,4,67,0.133997,2.244448,,,0,0,0,ADL,1.000000
Subject 4/ADL/12.mp4#f8-71,Subject 4/ADL/12.mp4,4,gmdcsa24,0,8,71,0.267994,2.378445,,,0,0,0,ADL,1.000000
Subject 4/ADL/12.mp4#f12-75,Subject 4/ADL/12.mp4,4,gmdcsa24,0,12,75,0.401991,2.512442,,,0,0,0,ADL,1.000000
Subject 4/ADL/12.mp4#f16-79,Subject 4/ADL/12.mp4,4,gmdcsa24,0,16,79,0.535988,2.646438,,,0,0,0,ADL,1.000000
Subject 4/ADL/12.mp4#f20-83,Subject 4/ADL/12.mp4,4,gmdcsa24,0,20,83,0.669984,2.780435,,,0,0,0,ADL,1.000000
Subject 4/ADL/12.mp4#f24-87,Subject 4/ADL/12.mp4,4,gmdcsa24,0,24,87,0.803981,2.914432,,,0,0,0,ADL,1.000000
Subject 4/ADL/12.mp4#f28-91,Subject 4/ADL/12.mp4,4,gmdcsa24,0,28,91,0.937978,3.048429,,,0,0,0,ADL,1.000000
Subject 4/ADL/12.mp4#f32-95,Subject 4/ADL/12.mp4,4,gmdcsa24,0,32,95,1.071975,3.182426,,,0,0,0,ADL,1.000000
Subject 4/ADL/12.mp4#f36-99,Subject 4/ADL/12.mp4,4,gmdcsa24,0,36,99,1.205972,3.316423,,,0,0,0,ADL,1.000000
Subject 4/ADL/12.mp4#f40-103,Subject 4/ADL/12.mp4,4,gmdcsa24,0,40,103,1.339969,3.450420,,,0,0,0,ADL,1.000000
Subject 4/ADL/12.mp4#f44-107,Subject 4/ADL/12.mp4,4,gmdcsa24,0,44,107,1.473966,3.584417,,,0,0,0,ADL,1.000000
Subject 4/ADL/12.mp4#f48-111,Subject 4/ADL/12.mp4,4,gmdcsa24,0,48,111,1.607963,3.718414,,,0,0,0,ADL,1.000000
Subject 4/ADL/12.mp4#f52-115,Subject 4/ADL/12.mp4,4,gmdcsa24,0,52,115,1.741959,3.852410,,,0,0,0,ADL,1.000000
Subject 4/ADL/12.mp4#f56-119,Subject 4/ADL/12.mp4,4,gmdcsa24,0,56,119,1.875956,3.986407,,,0,0,0,ADL,1.000000
Subject 4/ADL/12.mp4#f60-123,Subject 4/ADL/12.mp4,4,gmdcsa24,0,60,123,2.009953,4.120404,,,0,0,0,ADL,1.000000
Subject 4/ADL/12.mp4#f64-127,Subject 4/ADL/12.mp4,4,gmdcsa24,0,64,127,2.143950,4.254401,,,0,0,0,ADL,1.000000
Subject 4/ADL/12.mp4#f68-131,Subject 4/ADL/12.mp4,4,gmdcsa24,0,68,131,2.277947,4.388398,,,0,0,0,ADL,1.000000
Subject 4/ADL/12.mp4#f72-135,Subject 4/ADL/12.mp4,4,gmdcsa24,0,72,135,2.411944,4.522395,,,0,0,0,ADL,1.000000
Subject 4/ADL/12.mp4#f76-139,Subject 4/ADL/12.mp4,4,gmdcsa24,0,76,139,2.545941,4.656392,,,0,0,0,ADL,1.000000
Subject 4/ADL/12.mp4#f80-143,Subject 4/ADL/12.mp4,4,gmdcsa24,0,80,143,2.679938,4.790389,,,0,0,0,ADL,1.000000
Subject 4/ADL/12.mp4#f84-147,Subject 4/ADL/12.mp4,4,gmdcsa24,0,84,147,2.813935,4.924385,,,0,0,0,ADL,1.000000
Subject 4/ADL/12.mp4#f88-151,Subject 4/ADL/12.mp4,4,gmdcsa24,0,88,151,2.947931,5.058382,,,0,0,0,ADL,1.000000
Subject 4/ADL/12.mp4#f92-155,Subject 4/ADL/12.mp4,4,gmdcsa24,0,92,155,3.081928,5.192379,,,0,0,0,ADL,1.000000
Subject 4/ADL/12.mp4#f96-159,Subject 4/ADL/12.mp4,4,gmdcsa24,0,96,159,3.215925,5.326376,,,0,0,0,ADL,1.000000
Subject 4/ADL/12.mp4#f100-163,Subject 4/ADL/12.mp4,4,gmdcsa24,0,100,163,3.349922,5.460373,,,0,0,0,ADL,1.000000
Subject 4/ADL/12.mp4#f104-167,Subject 4/ADL/12.mp4,4,gmdcsa24,0,104,167,3.483919,5.594370,,,0,0,0,ADL,1.000000
Subject 4/ADL/12.mp4#f108-171,Subject 4/ADL/12.mp4,4,gmdcsa24,0,108,171,3.617916,5.728367,,,0,0,0,ADL,1.000000
Subject 4/ADL/12.mp4#f112-175,Subject 4/ADL/12.mp4,4,gmdcsa24,0,112,175,3.751913,5.862364,,,0,0,0,ADL,1.000000
Subject 4/ADL/12.mp4#f116-179,Subject 4/ADL/12.mp4,4,gmdcsa24,0,116,179,3.885910,5.996361,,,0,0,0,ADL,1.000000
Subject 4/ADL/12.mp4#f120-183,Subject 4/ADL/12.mp4,4,gmdcsa24,0,120,183,4.019907,6.130357,,,0,0,0,ADL,1.000000
Subject 4/ADL/12.mp4#f124-187,Subject 4/ADL/12.mp4,4,gmdcsa24,0,124,187,4.153903,6.264354,,,0,0,0,ADL,1.000000
Subject 4/ADL/12.mp4#f128-191,Subject 4/ADL/12.mp4,4,gmdcsa24,0,128,191,4.287900,6.398351,,,0,0,0,ADL,1.000000
Subject 4/ADL/12.mp4#f132-195,Subject 4/ADL/12.mp4,4,gmdcsa24,0,132,195,4.421897,6.532348,,,0,0,0,ADL,1.000000
Subject 4/ADL/12.mp4#f136-199,Subject 4/ADL/12.mp4,4,gmdcsa24,0,136,199,4.555894,6.666345,,,0,0,0,ADL,1.000000
Subject 4/ADL/12.mp4#f140-203,Subject 4/ADL/12.mp4,4,gmdcsa24,0,140,203,4.689891,6.800342,,,0,0,0,ADL,1.000000
Subject 4/ADL/12.mp4#f144-207,Subject 4/ADL/12.mp4,4,gmdcsa24,0,144,207,4.823888,6.934339,,,0,0,0,ADL,1.000000
Subject 4/ADL/12.mp4#f148-211,Subject 4/ADL/12.mp4,4,gmdcsa24,0,148,211,4.957885,7.068336,,,0,0,0,ADL,1.000000
Subject 4/ADL/12.mp4#f152-215,Subject 4/ADL/12.mp4,4,gmdcsa24,0,152,215,5.091882,7.202333,,,0,0,0,ADL,1.000000
Subject 4/ADL/12.mp4#f156-219,Subject 4/ADL/12.mp4,4,gmdcsa24,0,156,219,5.225878,7.336329,,,0,0,0,ADL,1.000000
Subject 4/ADL/12.mp4#f160-223,Subject 4/ADL/12.mp4,4,gmdcsa24,0,160,223,5.359875,7.470326,,,0,0,0,ADL,1.000000
Subject 4/ADL/12.mp4#f164-227,Subject 4/ADL/12.mp4,4,gmdcsa24,0,164,227,5.493872,7.604323,,,0,0,0,ADL,1.000000
Subject 4/ADL/12.mp4#f168-231,Subject 4/ADL/12.mp4,4,gmdcsa24,0,168,231,5.627869,7.738320,,,0,0,0,ADL,1.000000
Subject 4/ADL/12.mp4#f172-235,Subject 4/ADL/12.mp4,4,gmdcsa24,0,172,235,5.761866,7.872317,,,0,0,0,ADL,1.000000
Subject 4/ADL/12.mp4#f176-239,Subject 4/ADL/12.mp4,4,gmdcsa24,0,176,239,5.895863,8.006314,,,0,0,0,ADL,1.000000
Subject 4/ADL/12.mp4#f180-243,Subject 4/ADL/12.mp4,4,gmdcsa24,0,180,243,6.029860,8.140311,,,0,0,0,ADL,1.000000
Subject 4/ADL/12.mp4#f184-247,Subject 4/ADL/12.mp4,4,gmdcsa24,0,184,247,6.163857,8.274308,,,0,0,0,ADL,1.000000
Subject 4/ADL/12.mp4#f188-251,Subject 4/ADL/12.mp4,4,gmdcsa24,0,188,251,6.297854,8.408304,,,0,0,0,ADL,1.000000
Subject 4/ADL/12.mp4#f192-255,Subject 4/ADL/12.mp4,4,gmdcsa24,0,192,255,6.431850,8.542301,,,0,0,0,ADL,1.000000
Subject 4/ADL/13.mp4#f0-63,Subject 4/ADL/13.mp4,4,gmdcsa24,0,0,63,0.000000,2.108784,,,0,0,0,ADL,1.000000
Subject 4/ADL/13.mp4#f4-67,Subject 4/ADL/13.mp4,4,gmdcsa24,0,4,67,0.133891,2.242675,,,0,0,0,ADL,1.000000
Subject 4/ADL/13.mp4#f8-71,Subject 4/ADL/13.mp4,4,gmdcsa24,0,8,71,0.267782,2.376566,,,0,0,0,ADL,1.000000
Subject 4/ADL/13.mp4#f12-75,Subject 4/ADL/13.mp4,4,gmdcsa24,0,12,75,0.401673,2.510457,,,0,0,0,ADL,1.000000
Subject 4/ADL/13.mp4#f16-79,Subject 4/ADL/13.mp4,4,gmdcsa24,0,16,79,0.535564,2.644348,,,0,0,0,ADL,1.000000
Subject 4/ADL/13.mp4#f20-83,Subject 4/ADL/13.mp4,4,gmdcsa24,0,20,83,0.669455,2.778239,,,0,0,0,ADL,1.000000
Subject 4/ADL/13.mp4#f24-87,Subject 4/ADL/13.mp4,4,gmdcsa24,0,24,87,0.803346,2.912131,,,0,0,0,ADL,1.000000
Subject 4/ADL/13.mp4#f28-91,Subject 4/ADL/13.mp4,4,gmdcsa24,0,28,91,0.937237,3.046022,,,0,0,0,ADL,1.000000
Subject 4/ADL/13.mp4#f32-95,Subject 4/ADL/13.mp4,4,gmdcsa24,0,32,95,1.071128,3.179913,,,0,0,0,ADL,1.000000
Subject 4/ADL/13.mp4#f36-99,Subject 4/ADL/13.mp4,4,gmdcsa24,0,36,99,1.205020,3.313804,,,0,0,0,ADL,1.000000
Subject 4/ADL/13.mp4#f40-103,Subject 4/ADL/13.mp4,4,gmdcsa24,0,40,103,1.338911,3.447695,,,0,0,0,ADL,1.000000
Subject 4/ADL/13.mp4#f44-107,Subject 4/ADL/13.mp4,4,gmdcsa24,0,44,107,1.472802,3.581586,,,0,0,0,ADL,1.000000
Subject 4/ADL/13.mp4#f48-111,Subject 4/ADL/13.mp4,4,gmdcsa24,0,48,111,1.606693,3.715477,,,0,0,0,ADL,1.000000
Subject 4/ADL/13.mp4#f52-115,Subject 4/ADL/13.mp4,4,gmdcsa24,0,52,115,1.740584,3.849368,,,0,0,0,ADL,1.000000
Subject 4/ADL/13.mp4#f56-119,Subject 4/ADL/13.mp4,4,gmdcsa24,0,56,119,1.874475,3.983259,,,0,0,0,ADL,1.000000
Subject 4/ADL/13.mp4#f60-123,Subject 4/ADL/13.mp4,4,gmdcsa24,0,60,123,2.008366,4.117150,,,0,0,0,ADL,1.000000
Subject 4/ADL/13.mp4#f64-127,Subject 4/ADL/13.mp4,4,gmdcsa24,0,64,127,2.142257,4.251041,,,0,0,0,ADL,1.000000
Subject 4/ADL/13.mp4#f68-131,Subject 4/ADL/13.mp4,4,gmdcsa24,0,68,131,2.276148,4.384932,,,0,0,0,ADL,1.000000
Subject 4/ADL/13.mp4#f72-135,Subject 4/ADL/13.mp4,4,gmdcsa24,0,72,135,2.410039,4.518823,,,0,0,0,ADL,1.000000
Subject 4/ADL/13.mp4#f76-139,Subject 4/ADL/13.mp4,4,gmdcsa24,0,76,139,2.543930,4.652714,,,0,0,0,ADL,1.000000
Subject 4/ADL/13.mp4#f80-143,Subject 4/ADL/13.mp4,4,gmdcsa24,0,80,143,2.677821,4.786605,,,0,0,0,ADL,1.000000
Subject 4/ADL/13.mp4#f84-147,Subject 4/ADL/13.mp4,4,gmdcsa24,0,84,147,2.811712,4.920496,,,0,0,0,ADL,1.000000
Subject 4/ADL/13.mp4#f88-151,Subject 4/ADL/13.mp4,4,gmdcsa24,0,88,151,2.945603,5.054387,,,0,0,0,ADL,1.000000
Subject 4/ADL/13.mp4#f92-155,Subject 4/ADL/13.mp4,4,gmdcsa24,0,92,155,3.079494,5.188279,,,0,0,0,ADL,1.000000
Subject 4/ADL/13.mp4#f96-159,Subject 4/ADL/13.mp4,4,gmdcsa24,0,96,159,3.213385,5.322170,,,0,0,0,ADL,1.000000
Subject 4/ADL/13.mp4#f100-163,Subject 4/ADL/13.mp4,4,gmdcsa24,0,100,163,3.347276,5.456061,,,0,0,0,ADL,1.000000
Subject 4/ADL/14.mp4#f0-63,Subject 4/ADL/14.mp4,4,gmdcsa24,0,0,63,0.000000,2.109907,,,0,0,0,ADL,1.000000
Subject 4/ADL/14.mp4#f4-67,Subject 4/ADL/14.mp4,4,gmdcsa24,0,4,67,0.133962,2.243870,,,0,0,0,ADL,1.000000
Subject 4/ADL/14.mp4#f8-71,Subject 4/ADL/14.mp4,4,gmdcsa24,0,8,71,0.267925,2.377832,,,0,0,0,ADL,1.000000
Subject 4/ADL/14.mp4#f12-75,Subject 4/ADL/14.mp4,4,gmdcsa24,0,12,75,0.401887,2.511794,,,0,0,0,ADL,1.000000
Subject 4/ADL/14.mp4#f16-79,Subject 4/ADL/14.mp4,4,gmdcsa24,0,16,79,0.535849,2.645757,,,0,0,0,ADL,1.000000
Subject 4/ADL/14.mp4#f20-83,Subject 4/ADL/14.mp4,4,gmdcsa24,0,20,83,0.669812,2.779719,,,0,0,0,ADL,1.000000
Subject 4/ADL/14.mp4#f24-87,Subject 4/ADL/14.mp4,4,gmdcsa24,0,24,87,0.803774,2.913681,,,0,0,0,ADL,1.000000
Subject 4/ADL/14.mp4#f28-91,Subject 4/ADL/14.mp4,4,gmdcsa24,0,28,91,0.937737,3.047644,,,0,0,0,ADL,1.000000
Subject 4/ADL/14.mp4#f32-95,Subject 4/ADL/14.mp4,4,gmdcsa24,0,32,95,1.071699,3.181606,,,0,0,0,ADL,1.000000
Subject 4/ADL/14.mp4#f36-99,Subject 4/ADL/14.mp4,4,gmdcsa24,0,36,99,1.205661,3.315568,,,0,0,0,ADL,1.000000
Subject 4/ADL/14.mp4#f40-103,Subject 4/ADL/14.mp4,4,gmdcsa24,0,40,103,1.339624,3.449531,,,0,0,0,ADL,1.000000
Subject 4/ADL/14.mp4#f44-107,Subject 4/ADL/14.mp4,4,gmdcsa24,0,44,107,1.473586,3.583493,,,0,0,0,ADL,1.000000
Subject 4/ADL/14.mp4#f48-111,Subject 4/ADL/14.mp4,4,gmdcsa24,0,48,111,1.607548,3.717456,,,0,0,0,ADL,1.000000
Subject 4/ADL/14.mp4#f52-115,Subject 4/ADL/14.mp4,4,gmdcsa24,0,52,115,1.741511,3.851418,,,0,0,0,ADL,1.000000
Subject 4/ADL/14.mp4#f56-119,Subject 4/ADL/14.mp4,4,gmdcsa24,0,56,119,1.875473,3.985380,,,0,0,0,ADL,1.000000
Subject 4/ADL/14.mp4#f60-123,Subject 4/ADL/14.mp4,4,gmdcsa24,0,60,123,2.009435,4.119343,,,0,0,0,ADL,1.000000
Subject 4/ADL/14.mp4#f64-127,Subject 4/ADL/14.mp4,4,gmdcsa24,0,64,127,2.143398,4.253305,,,0,0,0,ADL,1.000000
Subject 4/ADL/14.mp4#f68-131,Subject 4/ADL/14.mp4,4,gmdcsa24,0,68,131,2.277360,4.387267,,,0,0,0,ADL,1.000000
Subject 4/ADL/14.mp4#f72-135,Subject 4/ADL/14.mp4,4,gmdcsa24,0,72,135,2.411323,4.521230,,,0,0,0,ADL,1.000000
Subject 4/ADL/14.mp4#f76-139,Subject 4/ADL/14.mp4,4,gmdcsa24,0,76,139,2.545285,4.655192,,,0,0,0,ADL,1.000000
Subject 4/ADL/14.mp4#f80-143,Subject 4/ADL/14.mp4,4,gmdcsa24,0,80,143,2.679247,4.789154,,,0,0,0,ADL,1.000000
Subject 4/ADL/14.mp4#f84-147,Subject 4/ADL/14.mp4,4,gmdcsa24,0,84,147,2.813210,4.923117,,,0,0,0,ADL,1.000000
Subject 4/ADL/14.mp4#f88-151,Subject 4/ADL/14.mp4,4,gmdcsa24,0,88,151,2.947172,5.057079,,,0,0,0,ADL,1.000000
Subject 4/ADL/14.mp4#f92-155,Subject 4/ADL/14.mp4,4,gmdcsa24,0,92,155,3.081134,5.191042,,,0,0,0,ADL,1.000000
Subject 4/ADL/14.mp4#f96-159,Subject 4/ADL/14.mp4,4,gmdcsa24,0,96,159,3.215097,5.325004,,,0,0,0,ADL,1.000000
Subject 4/ADL/14.mp4#f100-163,Subject 4/ADL/14.mp4,4,gmdcsa24,0,100,163,3.349059,5.458966,,,0,0,0,ADL,1.000000
Subject 4/ADL/14.mp4#f104-167,Subject 4/ADL/14.mp4,4,gmdcsa24,0,104,167,3.483021,5.592929,,,0,0,0,ADL,1.000000
Subject 4/ADL/14.mp4#f108-171,Subject 4/ADL/14.mp4,4,gmdcsa24,0,108,171,3.616984,5.726891,,,0,0,0,ADL,1.000000
Subject 4/ADL/14.mp4#f112-175,Subject 4/ADL/14.mp4,4,gmdcsa24,0,112,175,3.750946,5.860853,,,0,0,0,ADL,1.000000
Subject 4/ADL/14.mp4#f116-179,Subject 4/ADL/14.mp4,4,gmdcsa24,0,116,179,3.884909,5.994816,,,0,0,0,ADL,1.000000
Subject 4/ADL/14.mp4#f120-183,Subject 4/ADL/14.mp4,4,gmdcsa24,0,120,183,4.018871,6.128778,,,0,0,0,ADL,1.000000
Subject 4/ADL/14.mp4#f124-187,Subject 4/ADL/14.mp4,4,gmdcsa24,0,124,187,4.152833,6.262740,,,0,0,0,ADL,1.000000
Subject 4/ADL/14.mp4#f128-191,Subject 4/ADL/14.mp4,4,gmdcsa24,0,128,191,4.286796,6.396703,,,0,0,0,ADL,1.000000
Subject 4/ADL/14.mp4#f132-195,Subject 4/ADL/14.mp4,4,gmdcsa24,0,132,195,4.420758,6.530665,,,0,0,0,ADL,1.000000
Subject 4/ADL/14.mp4#f136-199,Subject 4/ADL/14.mp4,4,gmdcsa24,0,136,199,4.554720,6.664628,,,0,0,0,ADL,1.000000
Subject 4/ADL/14.mp4#f140-203,Subject 4/ADL/14.mp4,4,gmdcsa24,0,140,203,4.688683,6.798590,,,0,0,0,ADL,1.000000
Subject 4/ADL/14.mp4#f144-207,Subject 4/ADL/14.mp4,4,gmdcsa24,0,144,207,4.822645,6.932552,,,0,0,0,ADL,1.000000
Subject 4/ADL/14.mp4#f148-211,Subject 4/ADL/14.mp4,4,gmdcsa24,0,148,211,4.956607,7.066515,,,0,0,0,ADL,1.000000
Subject 4/ADL/14.mp4#f152-215,Subject 4/ADL/14.mp4,4,gmdcsa24,0,152,215,5.090570,7.200477,,,0,0,0,ADL,1.000000
Subject 4/ADL/14.mp4#f156-219,Subject 4/ADL/14.mp4,4,gmdcsa24,0,156,219,5.224532,7.334439,,,0,0,0,ADL,1.000000
Subject 4/ADL/14.mp4#f160-223,Subject 4/ADL/14.mp4,4,gmdcsa24,0,160,223,5.358495,7.468402,,,0,0,0,ADL,1.000000
Subject 4/ADL/14.mp4#f164-227,Subject 4/ADL/14.mp4,4,gmdcsa24,0,164,227,5.492457,7.602364,,,0,0,0,ADL,1.000000
Subject 4/ADL/14.mp4#f168-231,Subject 4/ADL/14.mp4,4,gmdcsa24,0,168,231,5.626419,7.736326,,,0,0,0,ADL,1.000000
Subject 4/ADL/14.mp4#f172-235,Subject 4/ADL/14.mp4,4,gmdcsa24,0,172,235,5.760382,7.870289,,,0,0,0,ADL,1.000000
Subject 4/ADL/14.mp4#f176-239,Subject 4/ADL/14.mp4,4,gmdcsa24,0,176,239,5.894344,8.004251,,,0,0,0,ADL,1.000000
Subject 4/ADL/14.mp4#f180-243,Subject 4/ADL/14.mp4,4,gmdcsa24,0,180,243,6.028306,8.138214,,,0,0,0,ADL,1.000000
Subject 4/ADL/14.mp4#f184-247,Subject 4/ADL/14.mp4,4,gmdcsa24,0,184,247,6.162269,8.272176,,,0,0,0,ADL,1.000000
Subject 4/ADL/15.mp4#f0-63,Subject 4/ADL/15.mp4,4,gmdcsa24,0,0,63,0.000000,2.111715,,,0,0,0,ADL,1.000000
Subject 4/ADL/15.mp4#f4-67,Subject 4/ADL/15.mp4,4,gmdcsa24,0,4,67,0.134077,2.245792,,,0,0,0,ADL,1.000000
Subject 4/ADL/15.mp4#f8-71,Subject 4/ADL/15.mp4,4,gmdcsa24,0,8,71,0.268154,2.379869,,,0,0,0,ADL,1.000000
Subject 4/ADL/15.mp4#f12-75,Subject 4/ADL/15.mp4,4,gmdcsa24,0,12,75,0.402231,2.513946,,,0,0,0,ADL,1.000000
Subject 4/ADL/15.mp4#f16-79,Subject 4/ADL/15.mp4,4,gmdcsa24,0,16,79,0.536309,2.648024,,,0,0,0,ADL,1.000000
Subject 4/ADL/15.mp4#f20-83,Subject 4/ADL/15.mp4,4,gmdcsa24,0,20,83,0.670386,2.782101,,,0,0,0,ADL,1.000000
Subject 4/ADL/15.mp4#f24-87,Subject 4/ADL/15.mp4,4,gmdcsa24,0,24,87,0.804463,2.916178,,,0,0,0,ADL,1.000000
Subject 4/ADL/15.mp4#f28-91,Subject 4/ADL/15.mp4,4,gmdcsa24,0,28,91,0.938540,3.050255,,,0,0,0,ADL,1.000000
Subject 4/ADL/15.mp4#f32-95,Subject 4/ADL/15.mp4,4,gmdcsa24,0,32,95,1.072617,3.184332,,,0,0,0,ADL,1.000000
Subject 4/ADL/15.mp4#f36-99,Subject 4/ADL/15.mp4,4,gmdcsa24,0,36,99,1.206694,3.318409,,,0,0,0,ADL,1.000000
Subject 4/ADL/15.mp4#f40-103,Subject 4/ADL/15.mp4,4,gmdcsa24,0,40,103,1.340771,3.452487,,,0,0,0,ADL,1.000000
Subject 4/ADL/15.mp4#f44-107,Subject 4/ADL/15.mp4,4,gmdcsa24,0,44,107,1.474849,3.586564,,,0,0,0,ADL,1.000000
Subject 4/ADL/15.mp4#f48-111,Subject 4/ADL/15.mp4,4,gmdcsa24,0,48,111,1.608926,3.720641,,,0,0,0,ADL,1.000000
Subject 4/ADL/15.mp4#f52-115,Subject 4/ADL/15.mp4,4,gmdcsa24,0,52,115,1.743003,3.854718,,,0,0,0,ADL,1.000000
Subject 4/ADL/15.mp4#f56-119,Subject 4/ADL/15.mp4,4,gmdcsa24,0,56,119,1.877080,3.988795,,,0,0,0,ADL,1.000000
Subject 4/ADL/15.mp4#f60-123,Subject 4/ADL/15.mp4,4,gmdcsa24,0,60,123,2.011157,4.122872,,,0,0,0,ADL,1.000000
Subject 4/ADL/15.mp4#f64-127,Subject 4/ADL/15.mp4,4,gmdcsa24,0,64,127,2.145234,4.256949,,,0,0,0,ADL,1.000000
Subject 4/ADL/15.mp4#f68-131,Subject 4/ADL/15.mp4,4,gmdcsa24,0,68,131,2.279311,4.391027,,,0,0,0,ADL,1.000000
Subject 4/ADL/15.mp4#f72-135,Subject 4/ADL/15.mp4,4,gmdcsa24,0,72,135,2.413389,4.525104,,,0,0,0,ADL,1.000000
Subject 4/ADL/15.mp4#f76-139,Subject 4/ADL/15.mp4,4,gmdcsa24,0,76,139,2.547466,4.659181,,,0,0,0,ADL,1.000000
Subject 4/ADL/15.mp4#f80-143,Subject 4/ADL/15.mp4,4,gmdcsa24,0,80,143,2.681543,4.793258,,,0,0,0,ADL,1.000000
Subject 4/ADL/15.mp4#f84-147,Subject 4/ADL/15.mp4,4,gmdcsa24,0,84,147,2.815620,4.927335,,,0,0,0,ADL,1.000000
Subject 4/ADL/15.mp4#f88-151,Subject 4/ADL/15.mp4,4,gmdcsa24,0,88,151,2.949697,5.061412,,,0,0,0,ADL,1.000000
Subject 4/ADL/15.mp4#f92-155,Subject 4/ADL/15.mp4,4,gmdcsa24,0,92,155,3.083774,5.195489,,,0,0,0,ADL,1.000000
Subject 4/ADL/16.mp4#f0-63,Subject 4/ADL/16.mp4,4,gmdcsa24,0,0,63,0.000000,2.111111,,,0,0,0,ADL,1.000000
Subject 4/ADL/16.mp4#f4-67,Subject 4/ADL/16.mp4,4,gmdcsa24,0,4,67,0.134039,2.245150,,,0,0,0,ADL,1.000000
Subject 4/ADL/16.mp4#f8-71,Subject 4/ADL/16.mp4,4,gmdcsa24,0,8,71,0.268078,2.379189,,,0,0,0,ADL,1.000000
Subject 4/ADL/16.mp4#f12-75,Subject 4/ADL/16.mp4,4,gmdcsa24,0,12,75,0.402116,2.513228,,,0,0,0,ADL,1.000000
Subject 4/ADL/16.mp4#f16-79,Subject 4/ADL/16.mp4,4,gmdcsa24,0,16,79,0.536155,2.647266,,,0,0,0,ADL,1.000000
Subject 4/ADL/16.mp4#f20-83,Subject 4/ADL/16.mp4,4,gmdcsa24,0,20,83,0.670194,2.781305,,,0,0,0,ADL,1.000000
Subject 4/ADL/16.mp4#f24-87,Subject 4/ADL/16.mp4,4,gmdcsa24,0,24,87,0.804233,2.915344,,,0,0,0,ADL,1.000000
Subject 4/ADL/16.mp4#f28-91,Subject 4/ADL/16.mp4,4,gmdcsa24,0,28,91,0.938272,3.049383,,,0,0,0,ADL,1.000000
Subject 4/ADL/16.mp4#f32-95,Subject 4/ADL/16.mp4,4,gmdcsa24,0,32,95,1.072310,3.183422,,,0,0,0,ADL,1.000000
Subject 4/ADL/16.mp4#f36-99,Subject 4/ADL/16.mp4,4,gmdcsa24,0,36,99,1.206349,3.317460,,,0,0,0,ADL,1.000000
Subject 4/ADL/16.mp4#f40-103,Subject 4/ADL/16.mp4,4,gmdcsa24,0,40,103,1.340388,3.451499,,,0,0,0,ADL,1.000000
Subject 4/ADL/16.mp4#f44-107,Subject 4/ADL/16.mp4,4,gmdcsa24,0,44,107,1.474427,3.585538,,,0,0,0,ADL,1.000000
Subject 4/ADL/16.mp4#f48-111,Subject 4/ADL/16.mp4,4,gmdcsa24,0,48,111,1.608466,3.719577,,,0,0,0,ADL,1.000000
Subject 4/ADL/16.mp4#f52-115,Subject 4/ADL/16.mp4,4,gmdcsa24,0,52,115,1.742504,3.853616,,,0,0,0,ADL,1.000000
Subject 4/ADL/16.mp4#f56-119,Subject 4/ADL/16.mp4,4,gmdcsa24,0,56,119,1.876543,3.987654,,,0,0,0,ADL,1.000000
Subject 4/ADL/16.mp4#f60-123,Subject 4/ADL/16.mp4,4,gmdcsa24,0,60,123,2.010582,4.121693,,,0,0,0,ADL,1.000000
Subject 4/ADL/16.mp4#f64-127,Subject 4/ADL/16.mp4,4,gmdcsa24,0,64,127,2.144621,4.255732,,,0,0,0,ADL,1.000000
Subject 4/ADL/16.mp4#f68-131,Subject 4/ADL/16.mp4,4,gmdcsa24,0,68,131,2.278660,4.389771,,,0,0,0,ADL,1.000000
Subject 4/ADL/16.mp4#f72-135,Subject 4/ADL/16.mp4,4,gmdcsa24,0,72,135,2.412699,4.523810,,,0,0,0,ADL,1.000000
Subject 4/ADL/16.mp4#f76-139,Subject 4/ADL/16.mp4,4,gmdcsa24,0,76,139,2.546737,4.657849,,,0,0,0,ADL,1.000000
Subject 4/ADL/16.mp4#f80-143,Subject 4/ADL/16.mp4,4,gmdcsa24,0,80,143,2.680776,4.791887,,,0,0,0,ADL,1.000000
Subject 4/ADL/16.mp4#f84-147,Subject 4/ADL/16.mp4,4,gmdcsa24,0,84,147,2.814815,4.925926,,,0,0,0,ADL,1.000000
Subject 4/ADL/16.mp4#f88-151,Subject 4/ADL/16.mp4,4,gmdcsa24,0,88,151,2.948854,5.059965,,,0,0,0,ADL,1.000000
Subject 4/ADL/16.mp4#f92-155,Subject 4/ADL/16.mp4,4,gmdcsa24,0,92,155,3.082893,5.194004,,,0,0,0,ADL,1.000000
Subject 4/ADL/16.mp4#f96-159,Subject 4/ADL/16.mp4,4,gmdcsa24,0,96,159,3.216931,5.328043,,,0,0,0,ADL,1.000000
Subject 4/ADL/16.mp4#f100-163,Subject 4/ADL/16.mp4,4,gmdcsa24,0,100,163,3.350970,5.462081,,,0,0,0,ADL,1.000000
Subject 4/ADL/16.mp4#f104-167,Subject 4/ADL/16.mp4,4,gmdcsa24,0,104,167,3.485009,5.596120,,,0,0,0,ADL,1.000000
Subject 4/ADL/16.mp4#f108-171,Subject 4/ADL/16.mp4,4,gmdcsa24,0,108,171,3.619048,5.730159,,,0,0,0,ADL,1.000000
Subject 4/ADL/16.mp4#f112-175,Subject 4/ADL/16.mp4,4,gmdcsa24,0,112,175,3.753087,5.864198,,,0,0,0,ADL,1.000000
Subject 4/ADL/16.mp4#f116-179,Subject 4/ADL/16.mp4,4,gmdcsa24,0,116,179,3.887125,5.998237,,,0,0,0,ADL,1.000000
Subject 4/ADL/16.mp4#f120-183,Subject 4/ADL/16.mp4,4,gmdcsa24,0,120,183,4.021164,6.132275,,,0,0,0,ADL,1.000000
Subject 4/ADL/16.mp4#f124-187,Subject 4/ADL/16.mp4,4,gmdcsa24,0,124,187,4.155203,6.266314,,,0,0,0,ADL,1.000000
Subject 4/ADL/16.mp4#f128-191,Subject 4/ADL/16.mp4,4,gmdcsa24,0,128,191,4.289242,6.400353,,,0,0,0,ADL,1.000000
Subject 4/ADL/16.mp4#f132-195,Subject 4/ADL/16.mp4,4,gmdcsa24,0,132,195,4.423281,6.534392,,,0,0,0,ADL,1.000000
Subject 4/ADL/16.mp4#f136-199,Subject 4/ADL/16.mp4,4,gmdcsa24,0,136,199,4.557319,6.668431,,,0,0,0,ADL,1.000000
Subject 4/ADL/16.mp4#f140-203,Subject 4/ADL/16.mp4,4,gmdcsa24,0,140,203,4.691358,6.802469,,,0,0,0,ADL,1.000000
Subject 4/ADL/16.mp4#f144-207,Subject 4/ADL/16.mp4,4,gmdcsa24,0,144,207,4.825397,6.936508,,,0,0,0,ADL,1.000000
Subject 4/ADL/16.mp4#f148-211,Subject 4/ADL/16.mp4,4,gmdcsa24,0,148,211,4.959436,7.070547,,,0,0,0,ADL,1.000000
Subject 4/ADL/17.mp4#f0-63,Subject 4/ADL/17.mp4,4,gmdcsa24,0,0,63,0.000000,2.108592,,,0,0,0,ADL,1.000000
Subject 4/ADL/17.mp4#f4-67,Subject 4/ADL/17.mp4,4,gmdcsa24,0,4,67,0.133879,2.242471,,,0,0,0,ADL,1.000000
Subject 4/ADL/17.mp4#f8-71,Subject 4/ADL/17.mp4,4,gmdcsa24,0,8,71,0.267758,2.376350,,,0,0,0,ADL,1.000000
Subject 4/ADL/17.mp4#f12-75,Subject 4/ADL/17.mp4,4,gmdcsa24,0,12,75,0.401637,2.510229,,,0,0,0,ADL,1.000000
Subject 4/ADL/17.mp4#f16-79,Subject 4/ADL/17.mp4,4,gmdcsa24,0,16,79,0.535515,2.644107,,,0,0,0,ADL,1.000000
Subject 4/ADL/17.mp4#f20-83,Subject 4/ADL/17.mp4,4,gmdcsa24,0,20,83,0.669394,2.777986,,,0,0,0,ADL,1.000000
Subject 4/ADL/17.mp4#f24-87,Subject 4/ADL/17.mp4,4,gmdcsa24,0,24,87,0.803273,2.911865,,,0,0,0,ADL,1.000000
Subject 4/ADL/17.mp4#f28-91,Subject 4/ADL/17.mp4,4,gmdcsa24,0,28,91,0.937152,3.045744,,,0,0,0,ADL,1.000000
Subject 4/ADL/17.mp4#f32-95,Subject 4/ADL/17.mp4,4,gmdcsa24,0,32,95,1.071031,3.179623,,,0,0,0,ADL,1.000000
Subject 4/ADL/17.mp4#f36-99,Subject 4/ADL/17.mp4,4,gmdcsa24,0,36,99,1.204910,3.313502,,,0,0,0,ADL,1.000000
Subject 4/ADL/17.mp4#f40-103,Subject 4/ADL/17.mp4,4,gmdcsa24,0,40,103,1.338789,3.447380,,,0,0,0,ADL,1.000000
Subject 4/ADL/17.mp4#f44-107,Subject 4/ADL/17.mp4,4,gmdcsa24,0,44,107,1.472667,3.581259,,,0,0,0,ADL,1.000000
Subject 4/ADL/17.mp4#f48-111,Subject 4/ADL/17.mp4,4,gmdcsa24,0,48,111,1.606546,3.715138,,,0,0,0,ADL,1.000000
Subject 4/ADL/17.mp4#f52-115,Subject 4/ADL/17.mp4,4,gmdcsa24,0,52,115,1.740425,3.849017,,,0,0,0,ADL,1.000000
Subject 4/ADL/17.mp4#f56-119,Subject 4/ADL/17.mp4,4,gmdcsa24,0,56,119,1.874304,3.982896,,,0,0,0,ADL,1.000000
Subject 4/ADL/17.mp4#f60-123,Subject 4/ADL/17.mp4,4,gmdcsa24,0,60,123,2.008183,4.116775,,,0,0,0,ADL,1.000000
Subject 4/ADL/17.mp4#f64-127,Subject 4/ADL/17.mp4,4,gmdcsa24,0,64,127,2.142062,4.250654,,,0,0,0,ADL,1.000000
Subject 4/ADL/17.mp4#f68-131,Subject 4/ADL/17.mp4,4,gmdcsa24,0,68,131,2.275941,4.384532,,,0,0,0,ADL,1.000000
Subject 4/ADL/17.mp4#f72-135,Subject 4/ADL/17.mp4,4,gmdcsa24,0,72,135,2.409819,4.518411,,,0,0,0,ADL,1.000000
Subject 4/ADL/17.mp4#f76-139,Subject 4/ADL/17.mp4,4,gmdcsa24,0,76,139,2.543698,4.652290,,,0,0,0,ADL,1.000000
Subject 4/ADL/17.mp4#f80-143,Subject 4/ADL/17.mp4,4,gmdcsa24,0,80,143,2.677577,4.786169,,,0,0,0,ADL,1.000000
Subject 4/ADL/17.mp4#f84-147,Subject 4/ADL/17.mp4,4,gmdcsa24,0,84,147,2.811456,4.920048,,,0,0,0,ADL,1.000000
Subject 4/ADL/17.mp4#f88-151,Subject 4/ADL/17.mp4,4,gmdcsa24,0,88,151,2.945335,5.053927,,,0,0,0,ADL,1.000000
Subject 4/ADL/17.mp4#f92-155,Subject 4/ADL/17.mp4,4,gmdcsa24,0,92,155,3.079214,5.187806,,,0,0,0,ADL,1.000000
Subject 4/ADL/17.mp4#f96-159,Subject 4/ADL/17.mp4,4,gmdcsa24,0,96,159,3.213092,5.321684,,,0,0,0,ADL,1.000000
Subject 4/ADL/17.mp4#f100-163,Subject 4/ADL/17.mp4,4,gmdcsa24,0,100,163,3.346971,5.455563,,,0,0,0,ADL,1.000000
Subject 4/ADL/17.mp4#f104-167,Subject 4/ADL/17.mp4,4,gmdcsa24,0,104,167,3.480850,5.589442,,,0,0,0,ADL,1.000000
Subject 4/ADL/17.mp4#f108-171,Subject 4/ADL/17.mp4,4,gmdcsa24,0,108,171,3.614729,5.723321,,,0,0,0,ADL,1.000000
Subject 4/ADL/17.mp4#f112-175,Subject 4/ADL/17.mp4,4,gmdcsa24,0,112,175,3.748608,5.857200,,,0,0,0,ADL,1.000000
Subject 4/ADL/17.mp4#f116-179,Subject 4/ADL/17.mp4,4,gmdcsa24,0,116,179,3.882487,5.991079,,,0,0,0,ADL,1.000000
Subject 4/ADL/17.mp4#f120-183,Subject 4/ADL/17.mp4,4,gmdcsa24,0,120,183,4.016366,6.124958,,,0,0,0,ADL,1.000000
Subject 4/ADL/18.mp4#f0-63,Subject 4/ADL/18.mp4,4,gmdcsa24,0,0,63,0.000000,2.109592,,,0,0,0,ADL,1.000000
Subject 4/ADL/18.mp4#f4-67,Subject 4/ADL/18.mp4,4,gmdcsa24,0,4,67,0.133942,2.243535,,,0,0,0,ADL,1.000000
Subject 4/ADL/18.mp4#f8-71,Subject 4/ADL/18.mp4,4,gmdcsa24,0,8,71,0.267885,2.377477,,,0,0,0,ADL,1.000000
Subject 4/ADL/18.mp4#f12-75,Subject 4/ADL/18.mp4,4,gmdcsa24,0,12,75,0.401827,2.511419,,,0,0,0,ADL,1.000000
Subject 4/ADL/18.mp4#f16-79,Subject 4/ADL/18.mp4,4,gmdcsa24,0,16,79,0.535769,2.645362,,,0,0,0,ADL,1.000000
Subject 4/ADL/18.mp4#f20-83,Subject 4/ADL/18.mp4,4,gmdcsa24,0,20,83,0.669712,2.779304,,,0,0,0,ADL,1.000000
Subject 4/ADL/18.mp4#f24-87,Subject 4/ADL/18.mp4,4,gmdcsa24,0,24,87,0.803654,2.913246,,,0,0,0,ADL,1.000000
Subject 4/ADL/18.mp4#f28-91,Subject 4/ADL/18.mp4,4,gmdcsa24,0,28,91,0.937597,3.047189,,,0,0,0,ADL,1.000000
Subject 4/ADL/18.mp4#f32-95,Subject 4/ADL/18.mp4,4,gmdcsa24,0,32,95,1.071539,3.181131,,,0,0,0,ADL,1.000000
Subject 4/ADL/18.mp4#f36-99,Subject 4/ADL/18.mp4,4,gmdcsa24,0,36,99,1.205481,3.315073,,,0,0,0,ADL,1.000000
Subject 4/ADL/18.mp4#f40-103,Subject 4/ADL/18.mp4,4,gmdcsa24,0,40,103,1.339424,3.449016,,,0,0,0,ADL,1.000000
Subject 4/ADL/18.mp4#f44-107,Subject 4/ADL/18.mp4,4,gmdcsa24,0,44,107,1.473366,3.582958,,,0,0,0,ADL,1.000000
Subject 4/ADL/18.mp4#f48-111,Subject 4/ADL/18.mp4,4,gmdcsa24,0,48,111,1.607308,3.716900,,,0,0,0,ADL,1.000000
Subject 4/ADL/18.mp4#f52-115,Subject 4/ADL/18.mp4,4,gmdcsa24,0,52,115,1.741251,3.850843,,,0,0,0,ADL,1.000000
Subject 4/ADL/18.mp4#f56-119,Subject 4/ADL/18.mp4,4,gmdcsa24,0,56,119,1.875193,3.984785,,,0,0,0,ADL,1.000000
Subject 4/ADL/18.mp4#f60-123,Subject 4/ADL/18.mp4,4,gmdcsa24,0,60,123,2.009135,4.118728,,,0,0,0,ADL,1.000000
Subject 4/ADL/18.mp4#f64-127,Subject 4/ADL/18.mp4,4,gmdcsa24,0,64,127,2.143078,4.252670,,,0,0,0,ADL,1.000000
Subject 4/ADL/18.mp4#f68-131,Subject 4/ADL/18.mp4,4,gmdcsa24,0,68,131,2.277020,4.386612,,,0,0,0,ADL,1.000000
Subject 4/ADL/18.mp4#f72-135,Subject 4/ADL/18.mp4,4,gmdcsa24,0,72,135,2.410962,4.520555,,,0,0,0,ADL,1.000000
Subject 4/ADL/18.mp4#f76-139,Subject 4/ADL/18.mp4,4,gmdcsa24,0,76,139,2.544905,4.654497,,,0,0,0,ADL,1.000000
Subject 4/ADL/18.mp4#f80-143,Subject 4/ADL/18.mp4,4,gmdcsa24,0,80,143,2.678847,4.788439,,,0,0,0,ADL,1.000000
Subject 4/ADL/18.mp4#f84-147,Subject 4/ADL/18.mp4,4,gmdcsa24,0,84,147,2.812790,4.922382,,,0,0,0,ADL,1.000000
Subject 4/ADL/18.mp4#f88-151,Subject 4/ADL/18.mp4,4,gmdcsa24,0,88,151,2.946732,5.056324,,,0,0,0,ADL,1.000000
Subject 4/ADL/18.mp4#f92-155,Subject 4/ADL/18.mp4,4,gmdcsa24,0,92,155,3.080674,5.190266,,,0,0,0,ADL,1.000000
Subject 4/ADL/18.mp4#f96-159,Subject 4/ADL/18.mp4,4,gmdcsa24,0,96,159,3.214617,5.324209,,,0,0,0,ADL,1.000000
Subject 4/ADL/18.mp4#f100-163,Subject 4/ADL/18.mp4,4,gmdcsa24,0,100,163,3.348559,5.458151,,,0,0,0,ADL,1.000000
Subject 4/ADL/18.mp4#f104-167,Subject 4/ADL/18.mp4,4,gmdcsa24,0,104,167,3.482501,5.592094,,,0,0,0,ADL,1.000000
Subject 4/ADL/18.mp4#f108-171,Subject 4/ADL/18.mp4,4,gmdcsa24,0,108,171,3.616444,5.726036,,,0,0,0,ADL,1.000000
Subject 4/ADL/18.mp4#f112-175,Subject 4/ADL/18.mp4,4,gmdcsa24,0,112,175,3.750386,5.859978,,,0,0,0,ADL,1.000000
Subject 4/ADL/18.mp4#f116-179,Subject 4/ADL/18.mp4,4,gmdcsa24,0,116,179,3.884328,5.993921,,,0,0,0,ADL,1.000000
Subject 4/ADL/18.mp4#f120-183,Subject 4/ADL/18.mp4,4,gmdcsa24,0,120,183,4.018271,6.127863,,,0,0,0,ADL,1.000000
Subject 4/ADL/18.mp4#f124-187,Subject 4/ADL/18.mp4,4,gmdcsa24,0,124,187,4.152213,6.261805,,,0,0,0,ADL,1.000000
Subject 4/ADL/18.mp4#f128-191,Subject 4/ADL/18.mp4,4,gmdcsa24,0,128,191,4.286156,6.395748,,,0,0,0,ADL,1.000000
Subject 4/ADL/18.mp4#f132-195,Subject 4/ADL/18.mp4,4,gmdcsa24,0,132,195,4.420098,6.529690,,,0,0,0,ADL,1.000000
Subject 4/ADL/18.mp4#f136-199,Subject 4/ADL/18.mp4,4,gmdcsa24,0,136,199,4.554040,6.663632,,,0,0,0,ADL,1.000000
Subject 4/ADL/18.mp4#f140-203,Subject 4/ADL/18.mp4,4,gmdcsa24,0,140,203,4.687983,6.797575,,,0,0,0,ADL,1.000000
Subject 4/ADL/18.mp4#f144-207,Subject 4/ADL/18.mp4,4,gmdcsa24,0,144,207,4.821925,6.931517,,,0,0,0,ADL,1.000000
Subject 4/ADL/18.mp4#f148-211,Subject 4/ADL/18.mp4,4,gmdcsa24,0,148,211,4.955867,7.065459,,,0,0,0,ADL,1.000000
Subject 4/ADL/18.mp4#f152-215,Subject 4/ADL/18.mp4,4,gmdcsa24,0,152,215,5.089810,7.199402,,,0,0,0,ADL,1.000000
Subject 4/ADL/18.mp4#f156-219,Subject 4/ADL/18.mp4,4,gmdcsa24,0,156,219,5.223752,7.333344,,,0,0,0,ADL,1.000000
Subject 4/ADL/18.mp4#f160-223,Subject 4/ADL/18.mp4,4,gmdcsa24,0,160,223,5.357694,7.467287,,,0,0,0,ADL,1.000000
Subject 4/ADL/18.mp4#f164-227,Subject 4/ADL/18.mp4,4,gmdcsa24,0,164,227,5.491637,7.601229,,,0,0,0,ADL,1.000000
Subject 4/ADL/18.mp4#f168-231,Subject 4/ADL/18.mp4,4,gmdcsa24,0,168,231,5.625579,7.735171,,,0,0,0,ADL,1.000000
Subject 4/ADL/18.mp4#f172-235,Subject 4/ADL/18.mp4,4,gmdcsa24,0,172,235,5.759521,7.869114,,,0,0,0,ADL,1.000000
Subject 4/ADL/18.mp4#f176-239,Subject 4/ADL/18.mp4,4,gmdcsa24,0,176,239,5.893464,8.003056,,,0,0,0,ADL,1.000000
Subject 4/ADL/18.mp4#f180-243,Subject 4/ADL/18.mp4,4,gmdcsa24,0,180,243,6.027406,8.136998,,,0,0,0,ADL,1.000000
Subject 4/ADL/18.mp4#f184-247,Subject 4/ADL/18.mp4,4,gmdcsa24,0,184,247,6.161349,8.270941,,,0,0,0,ADL,1.000000
Subject 4/ADL/18.mp4#f188-251,Subject 4/ADL/18.mp4,4,gmdcsa24,0,188,251,6.295291,8.404883,,,0,0,0,ADL,1.000000
Subject 4/ADL/18.mp4#f192-255,Subject 4/ADL/18.mp4,4,gmdcsa24,0,192,255,6.429233,8.538825,,,0,0,0,ADL,1.000000
Subject 4/ADL/18.mp4#f196-259,Subject 4/ADL/18.mp4,4,gmdcsa24,0,196,259,6.563176,8.672768,,,0,0,0,ADL,1.000000
Subject 4/ADL/18.mp4#f200-263,Subject 4/ADL/18.mp4,4,gmdcsa24,0,200,263,6.697118,8.806710,,,0,0,0,ADL,1.000000
Subject 4/ADL/18.mp4#f204-267,Subject 4/ADL/18.mp4,4,gmdcsa24,0,204,267,6.831060,8.940653,,,0,0,0,ADL,1.000000
Subject 4/ADL/18.mp4#f208-271,Subject 4/ADL/18.mp4,4,gmdcsa24,0,208,271,6.965003,9.074595,,,0,0,0,ADL,1.000000
Subject 4/ADL/18.mp4#f212-275,Subject 4/ADL/18.mp4,4,gmdcsa24,0,212,275,7.098945,9.208537,,,0,0,0,ADL,1.000000
Subject 4/ADL/18.mp4#f216-279,Subject 4/ADL/18.mp4,4,gmdcsa24,0,216,279,7.232887,9.342480,,,0,0,0,ADL,1.000000
Subject 4/ADL/18.mp4#f220-283,Subject 4/ADL/18.mp4,4,gmdcsa24,0,220,283,7.366830,9.476422,,,0,0,0,ADL,1.000000
Subject 4/ADL/18.mp4#f224-287,Subject 4/ADL/18.mp4,4,gmdcsa24,0,224,287,7.500772,9.610364,,,0,0,0,ADL,1.000000
Subject 4/ADL/18.mp4#f228-291,Subject 4/ADL/18.mp4,4,gmdcsa24,0,228,291,7.634715,9.744307,,,0,0,0,ADL,1.000000
Subject 4/ADL/18.mp4#f232-295,Subject 4/ADL/18.mp4,4,gmdcsa24,0,232,295,7.768657,9.878249,,,0,0,0,ADL,1.000000
Subject 4/ADL/18.mp4#f236-299,Subject 4/ADL/18.mp4,4,gmdcsa24,0,236,299,7.902599,10.012191,,,0,0,0,ADL,1.000000
Subject 4/ADL/18.mp4#f240-303,Subject 4/ADL/18.mp4,4,gmdcsa24,0,240,303,8.036542,10.146134,,,0,0,0,ADL,1.000000
Subject 4/ADL/18.mp4#f244-307,Subject 4/ADL/18.mp4,4,gmdcsa24,0,244,307,8.170484,10.280076,,,0,0,0,ADL,1.000000
Subject 4/ADL/18.mp4#f248-311,Subject 4/ADL/18.mp4,4,gmdcsa24,0,248,311,8.304426,10.414018,,,0,0,0,ADL,1.000000
Subject 4/ADL/18.mp4#f252-315,Subject 4/ADL/18.mp4,4,gmdcsa24,0,252,315,8.438369,10.547961,,,0,0,0,ADL,1.000000
Subject 4/ADL/18.mp4#f256-319,Subject 4/ADL/18.mp4,4,gmdcsa24,0,256,319,8.572311,10.681903,,,0,0,0,ADL,1.000000
Subject 4/ADL/18.mp4#f260-323,Subject 4/ADL/18.mp4,4,gmdcsa24,0,260,323,8.706253,10.815846,,,0,0,0,ADL,1.000000
Subject 4/ADL/18.mp4#f264-327,Subject 4/ADL/18.mp4,4,gmdcsa24,0,264,327,8.840196,10.949788,,,0,0,0,ADL,1.000000
Subject 4/ADL/18.mp4#f268-331,Subject 4/ADL/18.mp4,4,gmdcsa24,0,268,331,8.974138,11.083730,,,0,0,0,ADL,1.000000
Subject 4/ADL/18.mp4#f272-335,Subject 4/ADL/18.mp4,4,gmdcsa24,0,272,335,9.108080,11.217673,,,0,0,0,ADL,1.000000
Subject 4/ADL/18.mp4#f276-339,Subject 4/ADL/18.mp4,4,gmdcsa24,0,276,339,9.242023,11.351615,,,0,0,0,ADL,1.000000
Subject 4/ADL/18.mp4#f280-343,Subject 4/ADL/18.mp4,4,gmdcsa24,0,280,343,9.375965,11.485557,,,0,0,0,ADL,1.000000
Subject 4/ADL/18.mp4#f284-347,Subject 4/ADL/18.mp4,4,gmdcsa24,0,284,347,9.509908,11.619500,,,0,0,0,ADL,1.000000
Subject 4/ADL/18.mp4#f288-351,Subject 4/ADL/18.mp4,4,gmdcsa24,0,288,351,9.643850,11.753442,,,0,0,0,ADL,1.000000
Subject 4/ADL/18.mp4#f292-355,Subject 4/ADL/18.mp4,4,gmdcsa24,0,292,355,9.777792,11.887384,,,0,0,0,ADL,1.000000
Subject 4/ADL/18.mp4#f296-359,Subject 4/ADL/18.mp4,4,gmdcsa24,0,296,359,9.911735,12.021327,,,0,0,0,ADL,1.000000
Subject 4/ADL/18.mp4#f300-363,Subject 4/ADL/18.mp4,4,gmdcsa24,0,300,363,10.045677,12.155269,,,0,0,0,ADL,1.000000
Subject 4/ADL/18.mp4#f304-367,Subject 4/ADL/18.mp4,4,gmdcsa24,0,304,367,10.179619,12.289211,,,0,0,0,ADL,1.000000
Subject 4/ADL/18.mp4#f308-371,Subject 4/ADL/18.mp4,4,gmdcsa24,0,308,371,10.313562,12.423154,,,0,0,0,ADL,1.000000
Subject 4/ADL/18.mp4#f312-375,Subject 4/ADL/18.mp4,4,gmdcsa24,0,312,375,10.447504,12.557096,,,0,0,0,ADL,1.000000
Subject 4/ADL/18.mp4#f316-379,Subject 4/ADL/18.mp4,4,gmdcsa24,0,316,379,10.581446,12.691039,,,0,0,0,ADL,1.000000
Subject 4/ADL/18.mp4#f320-383,Subject 4/ADL/18.mp4,4,gmdcsa24,0,320,383,10.715389,12.824981,,,0,0,0,ADL,1.000000
Subject 4/ADL/18.mp4#f324-387,Subject 4/ADL/18.mp4,4,gmdcsa24,0,324,387,10.849331,12.958923,,,0,0,0,ADL,1.000000
Subject 4/ADL/18.mp4#f328-391,Subject 4/ADL/18.mp4,4,gmdcsa24,0,328,391,10.983273,13.092866,,,0,0,0,ADL,1.000000
Subject 4/ADL/18.mp4#f332-395,Subject 4/ADL/18.mp4,4,gmdcsa24,0,332,395,11.117216,13.226808,,,0,0,0,ADL,1.000000
Subject 4/ADL/18.mp4#f336-399,Subject 4/ADL/18.mp4,4,gmdcsa24,0,336,399,11.251158,13.360750,,,0,0,0,ADL,1.000000
Subject 4/ADL/18.mp4#f340-403,Subject 4/ADL/18.mp4,4,gmdcsa24,0,340,403,11.385101,13.494693,,,0,0,0,ADL,1.000000
Subject 4/ADL/18.mp4#f344-407,Subject 4/ADL/18.mp4,4,gmdcsa24,0,344,407,11.519043,13.628635,,,0,0,0,ADL,1.000000
Subject 4/ADL/18.mp4#f348-411,Subject 4/ADL/18.mp4,4,gmdcsa24,0,348,411,11.652985,13.762577,,,0,0,0,ADL,1.000000
Subject 4/ADL/18.mp4#f352-415,Subject 4/ADL/18.mp4,4,gmdcsa24,0,352,415,11.786928,13.896520,,,0,0,0,ADL,1.000000
Subject 4/ADL/18.mp4#f356-419,Subject 4/ADL/18.mp4,4,gmdcsa24,0,356,419,11.920870,14.030462,,,0,0,0,ADL,1.000000
Subject 4/ADL/19.mp4#f0-63,Subject 4/ADL/19.mp4,4,gmdcsa24,0,0,63,0.000000,2.108230,,,0,0,0,ADL,1.000000
Subject 4/ADL/19.mp4#f4-67,Subject 4/ADL/19.mp4,4,gmdcsa24,0,4,67,0.133856,2.242086,,,0,0,0,ADL,1.000000
Subject 4/ADL/19.mp4#f8-71,Subject 4/ADL/19.mp4,4,gmdcsa24,0,8,71,0.267712,2.375941,,,0,0,0,ADL,1.000000
Subject 4/ADL/19.mp4#f12-75,Subject 4/ADL/19.mp4,4,gmdcsa24,0,12,75,0.401568,2.509797,,,0,0,0,ADL,1.000000
Subject 4/ADL/19.mp4#f16-79,Subject 4/ADL/19.mp4,4,gmdcsa24,0,16,79,0.535423,2.643653,,,0,0,0,ADL,1.000000
Subject 4/ADL/19.mp4#f20-83,Subject 4/ADL/19.mp4,4,gmdcsa24,0,20,83,0.669279,2.777509,,,0,0,0,ADL,1.000000
Subject 4/ADL/19.mp4#f24-87,Subject 4/ADL/19.mp4,4,gmdcsa24,0,24,87,0.803135,2.911365,,,0,0,0,ADL,1.000000
Subject 4/ADL/19.mp4#f28-91,Subject 4/ADL/19.mp4,4,gmdcsa24,0,28,91,0.936991,3.045221,,,0,0,0,ADL,1.000000
Subject 4/ADL/19.mp4#f32-95,Subject 4/ADL/19.mp4,4,gmdcsa24,0,32,95,1.070847,3.179077,,,0,0,0,ADL,1.000000
Subject 4/ADL/19.mp4#f36-99,Subject 4/ADL/19.mp4,4,gmdcsa24,0,36,99,1.204703,3.312933,,,0,0,0,ADL,1.000000
Subject 4/ADL/19.mp4#f40-103,Subject 4/ADL/19.mp4,4,gmdcsa24,0,40,103,1.338559,3.446788,,,0,0,0,ADL,1.000000
Subject 4/ADL/19.mp4#f44-107,Subject 4/ADL/19.mp4,4,gmdcsa24,0,44,107,1.472414,3.580644,,,0,0,0,ADL,1.000000
Subject 4/ADL/19.mp4#f48-111,Subject 4/ADL/19.mp4,4,gmdcsa24,0,48,111,1.606270,3.714500,,,0,0,0,ADL,1.000000
Subject 4/ADL/19.mp4#f52-115,Subject 4/ADL/19.mp4,4,gmdcsa24,0,52,115,1.740126,3.848356,,,0,0,0,ADL,1.000000
Subject 4/ADL/19.mp4#f56-119,Subject 4/ADL/19.mp4,4,gmdcsa24,0,56,119,1.873982,3.982212,,,0,0,0,ADL,1.000000
Subject 4/ADL/19.mp4#f60-123,Subject 4/ADL/19.mp4,4,gmdcsa24,0,60,123,2.007838,4.116068,,,0,0,0,ADL,1.000000
Subject 4/ADL/19.mp4#f64-127,Subject 4/ADL/19.mp4,4,gmdcsa24,0,64,127,2.141694,4.249924,,,0,0,0,ADL,1.000000
Subject 4/ADL/19.mp4#f68-131,Subject 4/ADL/19.mp4,4,gmdcsa24,0,68,131,2.275550,4.383779,,,0,0,0,ADL,1.000000
Subject 4/ADL/19.mp4#f72-135,Subject 4/ADL/19.mp4,4,gmdcsa24,0,72,135,2.409405,4.517635,,,0,0,0,ADL,1.000000
Subject 4/ADL/19.mp4#f76-139,Subject 4/ADL/19.mp4,4,gmdcsa24,0,76,139,2.543261,4.651491,,,0,0,0,ADL,1.000000
Subject 4/ADL/19.mp4#f80-143,Subject 4/ADL/19.mp4,4,gmdcsa24,0,80,143,2.677117,4.785347,,,0,0,0,ADL,1.000000
Subject 4/ADL/19.mp4#f84-147,Subject 4/ADL/19.mp4,4,gmdcsa24,0,84,147,2.810973,4.919203,,,0,0,0,ADL,1.000000
Subject 4/ADL/19.mp4#f88-151,Subject 4/ADL/19.mp4,4,gmdcsa24,0,88,151,2.944829,5.053059,,,0,0,0,ADL,1.000000
Subject 4/ADL/19.mp4#f92-155,Subject 4/ADL/19.mp4,4,gmdcsa24,0,92,155,3.078685,5.186915,,,0,0,0,ADL,1.000000
Subject 4/ADL/19.mp4#f96-159,Subject 4/ADL/19.mp4,4,gmdcsa24,0,96,159,3.212541,5.320770,,,0,0,0,ADL,1.000000
Subject 4/ADL/19.mp4#f100-163,Subject 4/ADL/19.mp4,4,gmdcsa24,0,100,163,3.346396,5.454626,,,0,0,0,ADL,1.000000
Subject 4/ADL/19.mp4#f104-167,Subject 4/ADL/19.mp4,4,gmdcsa24,0,104,167,3.480252,5.588482,,,0,0,0,ADL,1.000000
Subject 4/ADL/19.mp4#f108-171,Subject 4/ADL/19.mp4,4,gmdcsa24,0,108,171,3.614108,5.722338,,,0,0,0,ADL,1.000000
Subject 4/ADL/19.mp4#f112-175,Subject 4/ADL/19.mp4,4,gmdcsa24,0,112,175,3.747964,5.856194,,,0,0,0,ADL,1.000000
Subject 4/ADL/19.mp4#f116-179,Subject 4/ADL/19.mp4,4,gmdcsa24,0,116,179,3.881820,5.990050,,,0,0,0,ADL,1.000000
Subject 4/ADL/19.mp4#f120-183,Subject 4/ADL/19.mp4,4,gmdcsa24,0,120,183,4.015676,6.123906,,,0,0,0,ADL,1.000000
Subject 4/ADL/19.mp4#f124-187,Subject 4/ADL/19.mp4,4,gmdcsa24,0,124,187,4.149532,6.257761,,,0,0,0,ADL,1.000000
Subject 4/ADL/19.mp4#f128-191,Subject 4/ADL/19.mp4,4,gmdcsa24,0,128,191,4.283387,6.391617,,,0,0,0,ADL,1.000000
Subject 4/ADL/19.mp4#f132-195,Subject 4/ADL/19.mp4,4,gmdcsa24,0,132,195,4.417243,6.525473,,,0,0,0,ADL,1.000000
Subject 4/ADL/19.mp4#f136-199,Subject 4/ADL/19.mp4,4,gmdcsa24,0,136,199,4.551099,6.659329,,,0,0,0,ADL,1.000000
Subject 4/ADL/19.mp4#f140-203,Subject 4/ADL/19.mp4,4,gmdcsa24,0,140,203,4.684955,6.793185,,,0,0,0,ADL,1.000000
Subject 4/ADL/19.mp4#f144-207,Subject 4/ADL/19.mp4,4,gmdcsa24,0,144,207,4.818811,6.927041,,,0,0,0,ADL,1.000000
Subject 4/ADL/19.mp4#f148-211,Subject 4/ADL/19.mp4,4,gmdcsa24,0,148,211,4.952667,7.060897,,,0,0,0,ADL,1.000000
Subject 4/ADL/19.mp4#f152-215,Subject 4/ADL/19.mp4,4,gmdcsa24,0,152,215,5.086523,7.194752,,,0,0,0,ADL,1.000000
Subject 4/ADL/19.mp4#f156-219,Subject 4/ADL/19.mp4,4,gmdcsa24,0,156,219,5.220378,7.328608,,,0,0,0,ADL,1.000000
Subject 4/ADL/19.mp4#f160-223,Subject 4/ADL/19.mp4,4,gmdcsa24,0,160,223,5.354234,7.462464,,,0,0,0,ADL,1.000000
Subject 4/ADL/19.mp4#f164-227,Subject 4/ADL/19.mp4,4,gmdcsa24,0,164,227,5.488090,7.596320,,,0,0,0,ADL,1.000000
Subject 4/ADL/19.mp4#f168-231,Subject 4/ADL/19.mp4,4,gmdcsa24,0,168,231,5.621946,7.730176,,,0,0,0,ADL,1.000000
Subject 4/ADL/19.mp4#f172-235,Subject 4/ADL/19.mp4,4,gmdcsa24,0,172,235,5.755802,7.864032,,,0,0,0,ADL,1.000000
Subject 4/ADL/19.mp4#f176-239,Subject 4/ADL/19.mp4,4,gmdcsa24,0,176,239,5.889658,7.997888,,,0,0,0,ADL,1.000000
Subject 4/ADL/19.mp4#f180-243,Subject 4/ADL/19.mp4,4,gmdcsa24,0,180,243,6.023514,8.131743,,,0,0,0,ADL,1.000000
Subject 4/ADL/19.mp4#f184-247,Subject 4/ADL/19.mp4,4,gmdcsa24,0,184,247,6.157370,8.265599,,,0,0,0,ADL,1.000000
Subject 4/ADL/19.mp4#f188-251,Subject 4/ADL/19.mp4,4,gmdcsa24,0,188,251,6.291225,8.399455,,,0,0,0,ADL,1.000000
Subject 4/ADL/19.mp4#f192-255,Subject 4/ADL/19.mp4,4,gmdcsa24,0,192,255,6.425081,8.533311,,,0,0,0,ADL,1.000000
Subject 4/ADL/19.mp4#f196-259,Subject 4/ADL/19.mp4,4,gmdcsa24,0,196,259,6.558937,8.667167,,,0,0,0,ADL,1.000000
Subject 4/ADL/19.mp4#f200-263,Subject 4/ADL/19.mp4,4,gmdcsa24,0,200,263,6.692793,8.801023,,,0,0,0,ADL,1.000000
Subject 4/ADL/19.mp4#f204-267,Subject 4/ADL/19.mp4,4,gmdcsa24,0,204,267,6.826649,8.934879,,,0,0,0,ADL,1.000000
Subject 4/ADL/19.mp4#f208-271,Subject 4/ADL/19.mp4,4,gmdcsa24,0,208,271,6.960505,9.068734,,,0,0,0,ADL,1.000000
Subject 4/ADL/19.mp4#f212-275,Subject 4/ADL/19.mp4,4,gmdcsa24,0,212,275,7.094361,9.202590,,,0,0,0,ADL,1.000000
Subject 4/ADL/19.mp4#f216-279,Subject 4/ADL/19.mp4,4,gmdcsa24,0,216,279,7.228216,9.336446,,,0,0,0,ADL,1.000000
Subject 4/ADL/19.mp4#f220-283,Subject 4/ADL/19.mp4,4,gmdcsa24,0,220,283,7.362072,9.470302,,,0,0,0,ADL,1.000000
Subject 4/ADL/19.mp4#f224-287,Subject 4/ADL/19.mp4,4,gmdcsa24,0,224,287,7.495928,9.604158,,,0,0,0,ADL,1.000000
Subject 4/ADL/19.mp4#f228-291,Subject 4/ADL/19.mp4,4,gmdcsa24,0,228,291,7.629784,9.738014,,,0,0,0,ADL,1.000000
Subject 4/ADL/19.mp4#f232-295,Subject 4/ADL/19.mp4,4,gmdcsa24,0,232,295,7.763640,9.871870,,,0,0,0,ADL,1.000000
Subject 4/ADL/20.mp4#f0-63,Subject 4/ADL/20.mp4,4,gmdcsa24,0,0,63,0.000000,2.110608,,,0,0,0,ADL,1.000000
Subject 4/ADL/20.mp4#f4-67,Subject 4/ADL/20.mp4,4,gmdcsa24,0,4,67,0.134007,2.244615,,,0,0,0,ADL,1.000000
Subject 4/ADL/20.mp4#f8-71,Subject 4/ADL/20.mp4,4,gmdcsa24,0,8,71,0.268014,2.378622,,,0,0,0,ADL,1.000000
Subject 4/ADL/20.mp4#f12-75,Subject 4/ADL/20.mp4,4,gmdcsa24,0,12,75,0.402021,2.512629,,,0,0,0,ADL,1.000000
Subject 4/ADL/20.mp4#f16-79,Subject 4/ADL/20.mp4,4,gmdcsa24,0,16,79,0.536028,2.646636,,,0,0,0,ADL,1.000000
Subject 4/ADL/20.mp4#f20-83,Subject 4/ADL/20.mp4,4,gmdcsa24,0,20,83,0.670034,2.780643,,,0,0,0,ADL,1.000000
Subject 4/ADL/20.mp4#f24-87,Subject 4/ADL/20.mp4,4,gmdcsa24,0,24,87,0.804041,2.914650,,,0,0,0,ADL,1.000000
Subject 4/ADL/20.mp4#f28-91,Subject 4/ADL/20.mp4,4,gmdcsa24,0,28,91,0.938048,3.048657,,,0,0,0,ADL,1.000000
Subject 4/ADL/20.mp4#f32-95,Subject 4/ADL/20.mp4,4,gmdcsa24,0,32,95,1.072055,3.182664,,,0,0,0,ADL,1.000000
Subject 4/ADL/20.mp4#f36-99,Subject 4/ADL/20.mp4,4,gmdcsa24,0,36,99,1.206062,3.316670,,,0,0,0,ADL,1.000000
Subject 4/ADL/20.mp4#f40-103,Subject 4/ADL/20.mp4,4,gmdcsa24,0,40,103,1.340069,3.450677,,,0,0,0,ADL,1.000000
Subject 4/ADL/20.mp4#f44-107,Subject 4/ADL/20.mp4,4,gmdcsa24,0,44,107,1.474076,3.584684,,,0,0,0,ADL,1.000000
Subject 4/ADL/20.mp4#f48-111,Subject 4/ADL/20.mp4,4,gmdcsa24,0,48,111,1.608083,3.718691,,,0,0,0,ADL,1.000000
Subject 4/ADL/20.mp4#f52-115,Subject 4/ADL/20.mp4,4,gmdcsa24,0,52,115,1.742090,3.852698,,,0,0,0,ADL,1.000000
Subject 4/ADL/20.mp4#f56-119,Subject 4/ADL/20.mp4,4,gmdcsa24,0,56,119,1.876096,3.986705,,,0,0,0,ADL,1.000000
Subject 4/ADL/20.mp4#f60-123,Subject 4/ADL/20.mp4,4,gmdcsa24,0,60,123,2.010103,4.120712,,,0,0,0,ADL,1.000000
Subject 4/ADL/20.mp4#f64-127,Subject 4/ADL/20.mp4,4,gmdcsa24,0,64,127,2.144110,4.254719,,,0,0,0,ADL,1.000000
Subject 4/ADL/20.mp4#f68-131,Subject 4/ADL/20.mp4,4,gmdcsa24,0,68,131,2.278117,4.388725,,,0,0,0,ADL,1.000000
Subject 4/ADL/20.mp4#f72-135,Subject 4/ADL/20.mp4,4,gmdcsa24,0,72,135,2.412124,4.522732,,,0,0,0,ADL,1.000000
Subject 4/ADL/20.mp4#f76-139,Subject 4/ADL/20.mp4,4,gmdcsa24,0,76,139,2.546131,4.656739,,,0,0,0,ADL,1.000000
Subject 4/ADL/20.mp4#f80-143,Subject 4/ADL/20.mp4,4,gmdcsa24,0,80,143,2.680138,4.790746,,,0,0,0,ADL,1.000000
Subject 4/ADL/20.mp4#f84-147,Subject 4/ADL/20.mp4,4,gmdcsa24,0,84,147,2.814145,4.924753,,,0,0,0,ADL,1.000000
Subject 4/ADL/20.mp4#f88-151,Subject 4/ADL/20.mp4,4,gmdcsa24,0,88,151,2.948151,5.058760,,,0,0,0,ADL,1.000000
Subject 4/ADL/20.mp4#f92-155,Subject 4/ADL/20.mp4,4,gmdcsa24,0,92,155,3.082158,5.192767,,,0,0,0,ADL,1.000000
Subject 4/ADL/20.mp4#f96-159,Subject 4/ADL/20.mp4,4,gmdcsa24,0,96,159,3.216165,5.326774,,,0,0,0,ADL,1.000000
Subject 4/ADL/20.mp4#f100-163,Subject 4/ADL/20.mp4,4,gmdcsa24,0,100,163,3.350172,5.460781,,,0,0,0,ADL,1.000000
Subject 4/ADL/20.mp4#f104-167,Subject 4/ADL/20.mp4,4,gmdcsa24,0,104,167,3.484179,5.594787,,,0,0,0,ADL,1.000000
Subject 4/ADL/20.mp4#f108-171,Subject 4/ADL/20.mp4,4,gmdcsa24,0,108,171,3.618186,5.728794,,,0,0,0,ADL,1.000000
Subject 4/ADL/20.mp4#f112-175,Subject 4/ADL/20.mp4,4,gmdcsa24,0,112,175,3.752193,5.862801,,,0,0,0,ADL,1.000000
Subject 4/ADL/20.mp4#f116-179,Subject 4/ADL/20.mp4,4,gmdcsa24,0,116,179,3.886200,5.996808,,,0,0,0,ADL,1.000000
Subject 4/ADL/20.mp4#f120-183,Subject 4/ADL/20.mp4,4,gmdcsa24,0,120,183,4.020207,6.130815,,,0,0,0,ADL,1.000000
Subject 4/ADL/20.mp4#f124-187,Subject 4/ADL/20.mp4,4,gmdcsa24,0,124,187,4.154213,6.264822,,,0,0,0,ADL,1.000000
Subject 4/ADL/20.mp4#f128-191,Subject 4/ADL/20.mp4,4,gmdcsa24,0,128,191,4.288220,6.398829,,,0,0,0,ADL,1.000000
Subject 4/ADL/20.mp4#f132-195,Subject 4/ADL/20.mp4,4,gmdcsa24,0,132,195,4.422227,6.532836,,,0,0,0,ADL,1.000000
Subject 4/ADL/20.mp4#f136-199,Subject 4/ADL/20.mp4,4,gmdcsa24,0,136,199,4.556234,6.666843,,,0,0,0,ADL,1.000000
Subject 4/ADL/20.mp4#f140-203,Subject 4/ADL/20.mp4,4,gmdcsa24,0,140,203,4.690241,6.800849,,,0,0,0,ADL,1.000000
Subject 4/ADL/20.mp4#f144-207,Subject 4/ADL/20.mp4,4,gmdcsa24,0,144,207,4.824248,6.934856,,,0,0,0,ADL,1.000000
Subject 4/ADL/20.mp4#f148-211,Subject 4/ADL/20.mp4,4,gmdcsa24,0,148,211,4.958255,7.068863,,,0,0,0,ADL,1.000000
Subject 4/ADL/20.mp4#f152-215,Subject 4/ADL/20.mp4,4,gmdcsa24,0,152,215,5.092262,7.202870,,,0,0,0,ADL,1.000000
Subject 4/ADL/20.mp4#f156-219,Subject 4/ADL/20.mp4,4,gmdcsa24,0,156,219,5.226269,7.336877,,,0,0,0,ADL,1.000000
Subject 4/ADL/20.mp4#f160-223,Subject 4/ADL/20.mp4,4,gmdcsa24,0,160,223,5.360275,7.470884,,,0,0,0,ADL,1.000000
Subject 4/ADL/20.mp4#f164-227,Subject 4/ADL/20.mp4,4,gmdcsa24,0,164,227,5.494282,7.604891,,,0,0,0,ADL,1.000000
Subject 4/ADL/20.mp4#f168-231,Subject 4/ADL/20.mp4,4,gmdcsa24,0,168,231,5.628289,7.738898,,,0,0,0,ADL,1.000000
Subject 4/ADL/20.mp4#f172-235,Subject 4/ADL/20.mp4,4,gmdcsa24,0,172,235,5.762296,7.872904,,,0,0,0,ADL,1.000000
Subject 4/ADL/20.mp4#f176-239,Subject 4/ADL/20.mp4,4,gmdcsa24,0,176,239,5.896303,8.006911,,,0,0,0,ADL,1.000000
Subject 4/ADL/20.mp4#f180-243,Subject 4/ADL/20.mp4,4,gmdcsa24,0,180,243,6.030310,8.140918,,,0,0,0,ADL,1.000000
Subject 4/ADL/20.mp4#f184-247,Subject 4/ADL/20.mp4,4,gmdcsa24,0,184,247,6.164317,8.274925,,,0,0,0,ADL,1.000000
Subject 4/ADL/20.mp4#f188-251,Subject 4/ADL/20.mp4,4,gmdcsa24,0,188,251,6.298324,8.408932,,,0,0,0,ADL,1.000000
Subject 4/ADL/20.mp4#f192-255,Subject 4/ADL/20.mp4,4,gmdcsa24,0,192,255,6.432330,8.542939,,,0,0,0,ADL,1.000000
Subject 4/ADL/20.mp4#f196-259,Subject 4/ADL/20.mp4,4,gmdcsa24,0,196,259,6.566337,8.676946,,,0,0,0,ADL,1.000000
Subject 4/ADL/20.mp4#f200-263,Subject 4/ADL/20.mp4,4,gmdcsa24,0,200,263,6.700344,8.810953,,,0,0,0,ADL,1.000000
Subject 4/ADL/20.mp4#f204-267,Subject 4/ADL/20.mp4,4,gmdcsa24,0,204,267,6.834351,8.944960,,,0,0,0,ADL,1.000000
Subject 4/ADL/20.mp4#f208-271,Subject 4/ADL/20.mp4,4,gmdcsa24,0,208,271,6.968358,9.078966,,,0,0,0,ADL,1.000000
Subject 4/ADL/20.mp4#f212-275,Subject 4/ADL/20.mp4,4,gmdcsa24,0,212,275,7.102365,9.212973,,,0,0,0,ADL,1.000000
Subject 4/ADL/20.mp4#f216-279,Subject 4/ADL/20.mp4,4,gmdcsa24,0,216,279,7.236372,9.346980,,,0,0,0,ADL,1.000000
Subject 4/ADL/20.mp4#f220-283,Subject 4/ADL/20.mp4,4,gmdcsa24,0,220,283,7.370379,9.480987,,,0,0,0,ADL,1.000000
Subject 4/ADL/20.mp4#f224-287,Subject 4/ADL/20.mp4,4,gmdcsa24,0,224,287,7.504386,9.614994,,,0,0,0,ADL,1.000000
Subject 4/ADL/20.mp4#f228-291,Subject 4/ADL/20.mp4,4,gmdcsa24,0,228,291,7.638392,9.749001,,,0,0,0,ADL,1.000000
Subject 4/ADL/20.mp4#f232-295,Subject 4/ADL/20.mp4,4,gmdcsa24,0,232,295,7.772399,9.883008,,,0,0,0,ADL,1.000000
Subject 4/ADL/20.mp4#f236-299,Subject 4/ADL/20.mp4,4,gmdcsa24,0,236,299,7.906406,10.017015,,,0,0,0,ADL,1.000000
Subject 4/ADL/20.mp4#f240-303,Subject 4/ADL/20.mp4,4,gmdcsa24,0,240,303,8.040413,10.151022,,,0,0,0,ADL,1.000000
Subject 4/ADL/20.mp4#f244-307,Subject 4/ADL/20.mp4,4,gmdcsa24,0,244,307,8.174420,10.285028,,,0,0,0,ADL,1.000000
Subject 4/ADL/20.mp4#f248-311,Subject 4/ADL/20.mp4,4,gmdcsa24,0,248,311,8.308427,10.419035,,,0,0,0,ADL,1.000000
Subject 4/ADL/20.mp4#f252-315,Subject 4/ADL/20.mp4,4,gmdcsa24,0,252,315,8.442434,10.553042,,,0,0,0,ADL,1.000000
Subject 4/ADL/20.mp4#f256-319,Subject 4/ADL/20.mp4,4,gmdcsa24,0,256,319,8.576441,10.687049,,,0,0,0,ADL,1.000000
Subject 4/ADL/20.mp4#f260-323,Subject 4/ADL/20.mp4,4,gmdcsa24,0,260,323,8.710448,10.821056,,,0,0,0,ADL,1.000000
Subject 4/ADL/20.mp4#f264-327,Subject 4/ADL/20.mp4,4,gmdcsa24,0,264,327,8.844454,10.955063,,,0,0,0,ADL,1.000000
Subject 4/ADL/20.mp4#f268-331,Subject 4/ADL/20.mp4,4,gmdcsa24,0,268,331,8.978461,11.089070,,,0,0,0,ADL,1.000000
Subject 4/ADL/20.mp4#f272-335,Subject 4/ADL/20.mp4,4,gmdcsa24,0,272,335,9.112468,11.223077,,,0,0,0,ADL,1.000000
Subject 4/ADL/20.mp4#f276-339,Subject 4/ADL/20.mp4,4,gmdcsa24,0,276,339,9.246475,11.357083,,,0,0,0,ADL,1.000000
Subject 4/ADL/20.mp4#f280-343,Subject 4/ADL/20.mp4,4,gmdcsa24,0,280,343,9.380482,11.491090,,,0,0,0,ADL,1.000000
Subject 4/ADL/20.mp4#f284-347,Subject 4/ADL/20.mp4,4,gmdcsa24,0,284,347,9.514489,11.625097,,,0,0,0,ADL,1.000000
Subject 4/ADL/20.mp4#f288-351,Subject 4/ADL/20.mp4,4,gmdcsa24,0,288,351,9.648496,11.759104,,,0,0,0,ADL,1.000000
Subject 4/ADL/20.mp4#f292-355,Subject 4/ADL/20.mp4,4,gmdcsa24,0,292,355,9.782503,11.893111,,,0,0,0,ADL,1.000000
Subject 4/ADL/20.mp4#f296-359,Subject 4/ADL/20.mp4,4,gmdcsa24,0,296,359,9.916509,12.027118,,,0,0,0,ADL,1.000000
Subject 4/ADL/20.mp4#f300-363,Subject 4/ADL/20.mp4,4,gmdcsa24,0,300,363,10.050516,12.161125,,,0,0,0,ADL,1.000000
Subject 4/ADL/20.mp4#f304-367,Subject 4/ADL/20.mp4,4,gmdcsa24,0,304,367,10.184523,12.295132,,,0,0,0,ADL,1.000000
Subject 4/ADL/20.mp4#f308-371,Subject 4/ADL/20.mp4,4,gmdcsa24,0,308,371,10.318530,12.429139,,,0,0,0,ADL,1.000000
Subject 4/ADL/20.mp4#f312-375,Subject 4/ADL/20.mp4,4,gmdcsa24,0,312,375,10.452537,12.563145,,,0,0,0,ADL,1.000000
Subject 4/ADL/20.mp4#f316-379,Subject 4/ADL/20.mp4,4,gmdcsa24,0,316,379,10.586544,12.697152,,,0,0,0,ADL,1.000000
Subject 4/ADL/20.mp4#f320-383,Subject 4/ADL/20.mp4,4,gmdcsa24,0,320,383,10.720551,12.831159,,,0,0,0,ADL,1.000000
Subject 4/ADL/20.mp4#f324-387,Subject 4/ADL/20.mp4,4,gmdcsa24,0,324,387,10.854558,12.965166,,,0,0,0,ADL,1.000000
Subject 4/ADL/20.mp4#f328-391,Subject 4/ADL/20.mp4,4,gmdcsa24,0,328,391,10.988565,13.099173,,,0,0,0,ADL,1.000000
Subject 4/ADL/20.mp4#f332-395,Subject 4/ADL/20.mp4,4,gmdcsa24,0,332,395,11.122571,13.233180,,,0,0,0,ADL,1.000000
Subject 4/ADL/20.mp4#f336-399,Subject 4/ADL/20.mp4,4,gmdcsa24,0,336,399,11.256578,13.367187,,,0,0,0,ADL,1.000000
Subject 4/ADL/20.mp4#f340-403,Subject 4/ADL/20.mp4,4,gmdcsa24,0,340,403,11.390585,13.501194,,,0,0,0,ADL,1.000000
Subject 4/ADL/20.mp4#f344-407,Subject 4/ADL/20.mp4,4,gmdcsa24,0,344,407,11.524592,13.635201,,,0,0,0,ADL,1.000000
Subject 4/ADL/20.mp4#f348-411,Subject 4/ADL/20.mp4,4,gmdcsa24,0,348,411,11.658599,13.769207,,,0,0,0,ADL,1.000000
Subject 4/ADL/20.mp4#f352-415,Subject 4/ADL/20.mp4,4,gmdcsa24,0,352,415,11.792606,13.903214,,,0,0,0,ADL,1.000000
Subject 4/ADL/20.mp4#f356-419,Subject 4/ADL/20.mp4,4,gmdcsa24,0,356,419,11.926613,14.037221,,,0,0,0,ADL,1.000000
Subject 4/ADL/20.mp4#f360-423,Subject 4/ADL/20.mp4,4,gmdcsa24,0,360,423,12.060620,14.171228,,,0,0,0,ADL,1.000000
Subject 4/ADL/20.mp4#f364-427,Subject 4/ADL/20.mp4,4,gmdcsa24,0,364,427,12.194627,14.305235,,,0,0,0,ADL,1.000000
Subject 4/ADL/20.mp4#f368-431,Subject 4/ADL/20.mp4,4,gmdcsa24,0,368,431,12.328633,14.439242,,,0,0,0,ADL,1.000000
Subject 4/ADL/20.mp4#f372-435,Subject 4/ADL/20.mp4,4,gmdcsa24,0,372,435,12.462640,14.573249,,,0,0,0,ADL,1.000000
Subject 4/ADL/20.mp4#f376-439,Subject 4/ADL/20.mp4,4,gmdcsa24,0,376,439,12.596647,14.707256,,,0,0,0,ADL,1.000000
Subject 4/ADL/20.mp4#f380-443,Subject 4/ADL/20.mp4,4,gmdcsa24,0,380,443,12.730654,14.841262,,,0,0,0,ADL,1.000000
Subject 4/ADL/20.mp4#f384-447,Subject 4/ADL/20.mp4,4,gmdcsa24,0,384,447,12.864661,14.975269,,,0,0,0,ADL,1.000000
Subject 4/ADL/20.mp4#f388-451,Subject 4/ADL/20.mp4,4,gmdcsa24,0,388,451,12.998668,15.109276,,,0,0,0,ADL,1.000000
Subject 4/ADL/20.mp4#f392-455,Subject 4/ADL/20.mp4,4,gmdcsa24,0,392,455,13.132675,15.243283,,,0,0,0,ADL,1.000000
Subject 4/ADL/20.mp4#f396-459,Subject 4/ADL/20.mp4,4,gmdcsa24,0,396,459,13.266682,15.377290,,,0,0,0,ADL,1.000000
Subject 4/ADL/20.mp4#f400-463,Subject 4/ADL/20.mp4,4,gmdcsa24,0,400,463,13.400688,15.511297,,,0,0,0,ADL,1.000000
Subject 4/ADL/20.mp4#f404-467,Subject 4/ADL/20.mp4,4,gmdcsa24,0,404,467,13.534695,15.645304,,,0,0,0,ADL,1.000000
Subject 4/ADL/20.mp4#f408-471,Subject 4/ADL/20.mp4,4,gmdcsa24,0,408,471,13.668702,15.779311,,,0,0,0,ADL,1.000000
Subject 4/ADL/20.mp4#f412-475,Subject 4/ADL/20.mp4,4,gmdcsa24,0,412,475,13.802709,15.913318,,,0,0,0,ADL,1.000000
Subject 4/ADL/20.mp4#f416-479,Subject 4/ADL/20.mp4,4,gmdcsa24,0,416,479,13.936716,16.047324,,,0,0,0,ADL,1.000000
Subject 4/ADL/20.mp4#f420-483,Subject 4/ADL/20.mp4,4,gmdcsa24,0,420,483,14.070723,16.181331,,,0,0,0,ADL,1.000000
Subject 4/ADL/20.mp4#f424-487,Subject 4/ADL/20.mp4,4,gmdcsa24,0,424,487,14.204730,16.315338,,,0,0,0,ADL,1.000000
Subject 4/ADL/20.mp4#f428-491,Subject 4/ADL/20.mp4,4,gmdcsa24,0,428,491,14.338737,16.449345,,,0,0,0,ADL,1.000000
Subject 4/ADL/20.mp4#f432-495,Subject 4/ADL/20.mp4,4,gmdcsa24,0,432,495,14.472744,16.583352,,,0,0,0,ADL,1.000000
Subject 4/ADL/20.mp4#f436-499,Subject 4/ADL/20.mp4,4,gmdcsa24,0,436,499,14.606750,16.717359,,,0,0,0,ADL,1.000000
Subject 4/ADL/20.mp4#f440-503,Subject 4/ADL/20.mp4,4,gmdcsa24,0,440,503,14.740757,16.851366,,,0,0,0,ADL,1.000000
Subject 4/ADL/20.mp4#f444-507,Subject 4/ADL/20.mp4,4,gmdcsa24,0,444,507,14.874764,16.985373,,,0,0,0,ADL,1.000000
Subject 4/ADL/20.mp4#f448-511,Subject 4/ADL/20.mp4,4,gmdcsa24,0,448,511,15.008771,17.119380,,,0,0,0,ADL,1.000000
Subject 4/ADL/20.mp4#f452-515,Subject 4/ADL/20.mp4,4,gmdcsa24,0,452,515,15.142778,17.253386,,,0,0,0,ADL,1.000000
Subject 4/ADL/20.mp4#f456-519,Subject 4/ADL/20.mp4,4,gmdcsa24,0,456,519,15.276785,17.387393,,,0,0,0,ADL,1.000000
Subject 4/Fall/05.mp4#f0-63,Subject 4/Fall/05.mp4,4,gmdcsa24,1,0,63,0.000000,2.112248,2.700000,0.603500,1,1,1,PRE_FALL_0_1S,1.000000
Subject 4/Fall/05.mp4#f4-67,Subject 4/Fall/05.mp4,4,gmdcsa24,1,4,67,0.134111,2.246359,2.700000,0.469389,1,1,1,PRE_FALL_0_1S,1.000000
Subject 4/Fall/05.mp4#f8-71,Subject 4/Fall/05.mp4,4,gmdcsa24,1,8,71,0.268222,2.380471,2.700000,0.335278,1,1,1,PRE_FALL_0_1S,1.000000
Subject 4/Fall/05.mp4#f12-75,Subject 4/Fall/05.mp4,4,gmdcsa24,1,12,75,0.402333,2.514582,2.700000,0.201167,1,1,1,PRE_FALL_0_1S,1.000000
Subject 4/Fall/05.mp4#f16-79,Subject 4/Fall/05.mp4,4,gmdcsa24,1,16,79,0.536444,2.648693,2.700000,0.067056,1,1,1,PRE_FALL_0_1S,1.000000
Subject 4/Fall/07.mp4#f0-63,Subject 4/Fall/07.mp4,4,gmdcsa24,1,0,63,0.000000,2.112857,2.400000,0.301837,1,1,1,PRE_FALL_0_1S,1.000000
Subject 4/Fall/07.mp4#f4-67,Subject 4/Fall/07.mp4,4,gmdcsa24,1,4,67,0.134150,2.247007,2.400000,0.167687,1,1,1,PRE_FALL_0_1S,1.000000
Subject 4/Fall/07.mp4#f8-71,Subject 4/Fall/07.mp4,4,gmdcsa24,1,8,71,0.268299,2.381156,2.400000,0.033537,1,1,1,PRE_FALL_0_1S,1.000000
Subject 4/Fall/08.mp4#f0-63,Subject 4/Fall/08.mp4,4,gmdcsa24,1,0,63,0.000000,2.108153,2.300000,0.200776,1,1,1,PRE_FALL_0_1S,1.000000
Subject 4/Fall/08.mp4#f4-67,Subject 4/Fall/08.mp4,4,gmdcsa24,1,4,67,0.133851,2.242004,2.300000,0.066925,1,1,1,PRE_FALL_0_1S,1.000000
Subject 4/Fall/09.mp4#f0-63,Subject 4/Fall/09.mp4,4,gmdcsa24,1,0,63,0.000000,2.111277,2.300000,0.201074,1,1,1,PRE_FALL_0_1S,1.000000
Subject 4/Fall/09.mp4#f4-67,Subject 4/Fall/09.mp4,4,gmdcsa24,1,4,67,0.134049,2.245327,2.300000,0.067025,1,1,1,PRE_FALL_0_1S,1.000000
Subject 4/Fall/10.mp4#f0-63,Subject 4/Fall/10.mp4,4,gmdcsa24,1,0,63,0.000000,2.110111,2.200000,0.100481,1,1,1,PRE_FALL_0_1S,1.000000
Subject 4/Fall/16.mp4#f0-63,Subject 4/Fall/16.mp4,4,gmdcsa24,1,0,63,0.000000,2.111580,3.200000,1.072548,0,1,1,PRE_FALL_1_2S,1.000000
Subject 4/Fall/16.mp4#f4-67,Subject 4/Fall/16.mp4,4,gmdcsa24,1,4,67,0.134069,2.245648,3.200000,0.938480,1,1,1,PRE_FALL_0_1S,1.000000
Subject 4/Fall/16.mp4#f8-71,Subject 4/Fall/16.mp4,4,gmdcsa24,1,8,71,0.268137,2.379717,3.200000,0.804411,1,1,1,PRE_FALL_0_1S,1.000000
Subject 4/Fall/16.mp4#f12-75,Subject 4/Fall/16.mp4,4,gmdcsa24,1,12,75,0.402206,2.513785,3.200000,0.670343,1,1,1,PRE_FALL_0_1S,1.000000
Subject 4/Fall/16.mp4#f16-79,Subject 4/Fall/16.mp4,4,gmdcsa24,1,16,79,0.536274,2.647854,3.200000,0.536274,1,1,1,PRE_FALL_0_1S,1.000000
Subject 4/Fall/16.mp4#f20-83,Subject 4/Fall/16.mp4,4,gmdcsa24,1,20,83,0.670343,2.781922,3.200000,0.402206,1,1,1,PRE_FALL_0_1S,1.000000
Subject 4/Fall/16.mp4#f24-87,Subject 4/Fall/16.mp4,4,gmdcsa24,1,24,87,0.804411,2.915991,3.200000,0.268137,1,1,1,PRE_FALL_0_1S,1.000000
Subject 4/Fall/16.mp4#f28-91,Subject 4/Fall/16.mp4,4,gmdcsa24,1,28,91,0.938480,3.050059,3.200000,0.134069,1,1,1,PRE_FALL_0_1S,1.000000
Subject 4/Fall/17.mp4#f0-63,Subject 4/Fall/17.mp4,4,gmdcsa24,1,0,63,0.000000,2.108958,2.800000,0.702986,1,1,1,PRE_FALL_0_1S,1.000000
Subject 4/Fall/17.mp4#f4-67,Subject 4/Fall/17.mp4,4,gmdcsa24,1,4,67,0.133902,2.242860,2.800000,0.569084,1,1,1,PRE_FALL_0_1S,1.000000
Subject 4/Fall/17.mp4#f8-71,Subject 4/Fall/17.mp4,4,gmdcsa24,1,8,71,0.267804,2.376762,2.800000,0.435182,1,1,1,PRE_FALL_0_1S,1.000000
Subject 4/Fall/17.mp4#f12-75,Subject 4/Fall/17.mp4,4,gmdcsa24,1,12,75,0.401706,2.510664,2.800000,0.301280,1,1,1,PRE_FALL_0_1S,1.000000
Subject 4/Fall/17.mp4#f16-79,Subject 4/Fall/17.mp4,4,gmdcsa24,1,16,79,0.535608,2.644566,2.800000,0.167378,1,1,1,PRE_FALL_0_1S,1.000000
Subject 4/Fall/17.mp4#f20-83,Subject 4/Fall/17.mp4,4,gmdcsa24,1,20,83,0.669510,2.778468,2.800000,0.033476,1,1,1,PRE_FALL_0_1S,1.000000
