{
  "videos": 552,
  "mean_primary_track_coverage": 0.6741468152173914,
  "mean_track_count": 1.173913043478261,
  "zero_pose_frames": 11496
}
