path,video_path,subject,dataset,video_label,start_frame,end_frame,start_seconds,end_seconds,fall_onset_seconds,lead_seconds,y_1s,y_2s,y_3s,stage,pose_valid_ratio
data/raw/PreVFall/v4_video_csv/Pre-VFall/confusion_delirium/CLFM1.mp4#f0-63,data/raw/PreVFall/v4_video_csv/Pre-VFall/confusion_delirium/CLFM1.mp4,1,PreVFall,0,0,63,0.000000,2.100000,,,0,0,0,ADL,1.000000
data/raw/PreVFall/v4_video_csv/Pre-VFall/confusion_delirium/CLFM1.mp4#f16-79,data/raw/PreVFall/v4_video_csv/Pre-VFall/confusion_delirium/CLFM1.mp4,1,PreVFall,0,16,79,0.533333,2.633333,,,0,0,0,ADL,1.000000
data/raw/PreVFall/v4_video_csv/Pre-VFall/confusion_delirium/CLFM1.mp4#f32-95,data/raw/PreVFall/v4_video_csv/Pre-VFall/confusion_delirium/CLFM1.mp4,1,PreVFall,0,32,95,1.066667,3.166667,,,0,0,0,ADL,1.000000
data/raw/PreVFall/v4_video_csv/Pre-VFall/confusion_delirium/CLFM1.mp4#f48-111,data/raw/PreVFall/v4_video_csv/Pre-VFall/confusion_delirium/CLFM1.mp4,1,PreVFall,0,48,111,1.600000,3.700000,,,0,0,0,ADL,1.000000
data/raw/PreVFall/v4_video_csv/Pre-VFall/confusion_delirium/CLFM1.mp4#f64-127,data/raw/PreVFall/v4_video_csv/Pre-VFall/confusion_delirium/CLFM1.mp4,1,PreVFall,0,64,127,2.133333,4.233333,,,0,0,0,ADL,1.000000
data/raw/PreVFall/v4_video_csv/Pre-VFall/confusion_delirium/CLFM1.mp4#f80-143,data/raw/PreVFall/v4_video_csv/Pre-VFall/confusion_delirium/CLFM1.mp4,1,PreVFall,0,80,143,2.666667,4.766667,,,0,0,0,ADL,1.000000
data/raw/PreVFall/v4_video_csv/Pre-VFall/confusion_delirium/CLFM1.mp4#f96-159,data/raw/PreVFall/v4_video_csv/Pre-VFall/confusion_delirium/CLFM1.mp4,1,PreVFall,0,96,159,3.200000,5.300000,,,0,0,0,ADL,1.000000
data/raw/PreVFall/v4_video_csv/Pre-VFall/confusion_delirium/CLFM1.mp4#f112-175,data/raw/PreVFall/v4_video_csv/Pre-VFall/confusion_delirium/CLFM1.mp4,1,PreVFall,0,112,175,3.733333,5.833333,,,0,0,0,ADL,1.000000
data/raw/PreVFall/v4_video_csv/Pre-VFall/confusion_delirium/CLFM1.mp4#f128-191,data/raw/PreVFall/v4_video_csv/Pre-VFall/confusion_delirium/CLFM1.mp4,1,PreVFall,0,128,191,4.266667,6.366667,,,0,0,0,ADL,1.000000
data/raw/PreVFall/v4_video_csv/Pre-VFall/confusion_delirium/CLFM1.mp4#f144-207,data/raw/PreVFall/v4_video_csv/Pre-VFall/confusion_delirium/CLFM1.mp4,1,PreVFall,0,144,207,4.800000,6.900000,,,0,0,0,ADL,1.000000
data/raw/PreVFall/v4_video_csv/Pre-VFall/confusion_delirium/CLFM1.mp4#f160-223,data/raw/PreVFall/v4_video_csv/Pre-VFall/confusion_delirium/CLFM1.mp4,1,PreVFall,0,160,223,5.333333,7.433333,,,0,0,0,ADL,1.000000
data/raw/PreVFall/v4_video_csv/Pre-VFall/confusion_delirium/CLFM1.mp4#f176-239,data/raw/PreVFall/v4_video_csv/Pre-VFall/confusion_delirium/CLFM1.mp4,1,PreVFall,0,176,239,5.866667,7.966667,,,0,0,0,ADL,1.000000
data/raw/PreVFall/v4_video_csv/Pre-VFall/confusion_delirium/CLFM1.mp4#f192-255,data/raw/PreVFall/v4_video_csv/Pre-VFall/confusion_delirium/CLFM1.mp4,1,PreVFall,0,192,255,6.400000,8.500000,,,0,0,0,ADL,1.000000
data/raw/PreVFall/v4_video_csv/Pre-VFall/confusion_delirium/CLFM1.mp4#f208-271,data/raw/PreVFall/v4_video_csv/Pre-VFall/confusion_delirium/CLFM1.mp4,1,PreVFall,0,208,271,6.933333,9.033333,,,0,0,0,ADL,1.000000
data/raw/PreVFall/v4_video_csv/Pre-VFall/confusion_delirium/CLFM1.mp4#f224-287,data/raw/PreVFall/v4_video_csv/Pre-VFall/confusion_delirium/CLFM1.mp4,1,PreVFall,0,224,287,7.466667,9.566667,,,0,0,0,ADL,1.000000
data/raw/PreVFall/v4_video_csv/Pre-VFall/confusion_delirium/CLFM1.mp4#f240-303,data/raw/PreVFall/v4_video_csv/Pre-VFall/confusion_delirium/CLFM1.mp4,1,PreVFall,0,240,303,8.000000,10.100000,,,0,0,0,ADL,1.000000
data/raw/PreVFall/v4_video_csv/Pre-VFall/confusion_delirium/CLFM1.mp4#f256-319,data/raw/PreVFall/v4_video_csv/Pre-VFall/confusion_delirium/CLFM1.mp4,1,PreVFall,0,256,319,8.533333,10.633333,,,0,0,0,ADL,1.000000
data/raw/PreVFall/v4_video_csv/Pre-VFall/confusion_delirium/CLFM1.mp4#f272-335,data/raw/PreVFall/v4_video_csv/Pre-VFall/confusion_delirium/CLFM1.mp4,1,PreVFall,0,272,335,9.066667,11.166667,,,0,0,0,ADL,1.000000
data/raw/PreVFall/v4_video_csv/Pre-VFall/confusion_delirium/CLFM1.mp4#f288-351,data/raw/PreVFall/v4_video_csv/Pre-VFall/confusion_delirium/CLFM1.mp4,1,PreVFall,0,288,351,9.600000,11.700000,,,0,0,0,ADL,1.000000
data/raw/PreVFall/v4_video_csv/Pre-VFall/confusion_delirium/CLFM1.mp4#f304-367,data/raw/PreVFall/v4_video_csv/Pre-VFall/confusion_delirium/CLFM1.mp4,1,PreVFall,0,304,367,10.133333,12.233333,,,0,0,0,ADL,1.000000
data/raw/PreVFall/v4_video_csv/Pre-VFall/confusion_delirium/CLFM1.mp4#f320-383,data/raw/PreVFall/v4_video_csv/Pre-VFall/confusion_delirium/CLFM1.mp4,1,PreVFall,0,320,383,10.666667,12.766667,,,0,0,0,ADL,1.000000
data/raw/PreVFall/v4_video_csv/Pre-VFall/confusion_delirium/CLFM1.mp4#f336-399,data/raw/PreVFall/v4_video_csv/Pre-VFall/confusion_delirium/CLFM1.mp4,1,PreVFall,0,336,399,11.200000,13.300000,,,0,0,0,ADL,1.000000
data/raw/PreVFall/v4_video_csv/Pre-VFall/confusion_delirium/CLFM1.mp4#f352-415,data/raw/PreVFall/v4_video_csv/Pre-VFall/confusion_delirium/CLFM1.mp4,1,PreVFall,0,352,415,11.733333,13.833333,,,0,0,0,ADL,1.000000
data/raw/PreVFall/v4_video_csv/Pre-VFall/confusion_delirium/CLFM1.mp4#f368-431,data/raw/PreVFall/v4_video_csv/Pre-VFall/confusion_delirium/CLFM1.mp4,1,PreVFall,0,368,431,12.266667,14.366667,,,0,0,0,ADL,1.000000
data/raw/PreVFall/v4_video_csv/Pre-VFall/confusion_delirium/CLFM1.mp4#f384-447,data/raw/PreVFall/v4_video_csv/Pre-VFall/confusion_delirium/CLFM1.mp4,1,PreVFall,0,384,447,12.800000,14.900000,,,0,0,0,ADL,1.000000
data/raw/PreVFall/v4_video_csv/Pre-VFall/confusion_delirium/CLFM1.mp4#f400-463,data/raw/PreVFall/v4_video_csv/Pre-VFall/confusion_delirium/CLFM1.mp4,1,PreVFall,0,400,463,13.333333,15.433333,,,0,0,0,ADL,1.000000
data/raw/PreVFall/v4_video_csv/Pre-VFall/confusion_delirium/CLFM1.mp4#f416-479,data/raw/PreVFall/v4_video_csv/Pre-VFall/confusion_delirium/CLFM1.mp4,1,PreVFall,0,416,479,13.866667,15.966667,,,0,0,0,ADL,1.000000
data/raw/PreVFall/v4_video_csv/Pre-VFall/confusion_delirium/CLFM1.mp4#f432-495,data/raw/PreVFall/v4_video_csv/Pre-VFall/confusion_delirium/CLFM1.mp4,1,PreVFall,0,432,495,14.400000,16.500000,,,0,0,0,ADL,1.000000
data/raw/PreVFall/v4_video_csv/Pre-VFall/confusion_delirium/CLFM1.mp4#f448-511,data/raw/PreVFall/v4_video_csv/Pre-VFall/confusion_delirium/CLFM1.mp4,1,PreVFall,0,448,511,14.933333,17.033333,,,0,0,0,ADL,1.000000
data/raw/PreVFall/v4_video_csv/Pre-VFall/confusion_delirium/CLFM1.mp4#f464-527,data/raw/PreVFall/v4_video_csv/Pre-VFall/confusion_delirium/CLFM1.mp4,1,PreVFall,0,464,527,15.466667,17.566667,,,0,0,0,ADL,1.000000
data/raw/PreVFall/v4_video_csv/Pre-VFall/confusion_delirium/CLFM1.mp4#f480-543,data/raw/PreVFall/v4_video_csv/Pre-VFall/confusion_delirium/CLFM1.mp4,1,PreVFall,0,480,543,16.000000,18.100000,,,0,0,0,ADL,1.000000
data/raw/PreVFall/v4_video_csv/Pre-VFall/confusion_delirium/CLFM1.mp4#f496-559,data/raw/PreVFall/v4_video_csv/Pre-VFall/confusion_delirium/CLFM1.mp4,1,PreVFall,0,496,559,16.533333,18.633333,,,0,0,0,ADL,1.000000
data/raw/PreVFall/v4_video_csv/Pre-VFall/confusion_delirium/CLFM1.mp4#f512-575,data/raw/PreVFall/v4_video_csv/Pre-VFall/confusion_delirium/CLFM1.mp4,1,PreVFall,0,512,575,17.066667,19.166667,,,0,0,0,ADL,1.000000
data/raw/PreVFall/v4_video_csv/Pre-VFall/confusion_delirium/CLFM1.mp4#f528-591,data/raw/PreVFall/v4_video_csv/Pre-VFall/confusion_delirium/CLFM1.mp4,1,PreVFall,0,528,591,17.600000,19.700000,,,0,0,0,ADL,1.000000
data/raw/PreVFall/v4_video_csv/Pre-VFall/confusion_delirium/CLFM1.mp4#f544-607,data/raw/PreVFall/v4_video_csv/Pre-VFall/confusion_delirium/CLFM1.mp4,1,PreVFall,0,544,607,18.133333,20.233333,,,0,0,0,ADL,1.000000
data/raw/PreVFall/v4_video_csv/Pre-VFall/confusion_delirium/CLFM1.mp4#f560-623,data/raw/PreVFall/v4_video_csv/Pre-VFall/confusion_delirium/CLFM1.mp4,1,PreVFall,0,560,623,18.666667,20.766667,,,0,0,0,ADL,1.000000
data/raw/PreVFall/v4_video_csv/Pre-VFall/confusion_delirium/CLFM1.mp4#f576-639,data/raw/PreVFall/v4_video_csv/Pre-VFall/confusion_delirium/CLFM1.mp4,1,PreVFall,0,576,639,19.200000,21.300000,,,0,0,0,ADL,1.000000
data/raw/PreVFall/v4_video_csv/Pre-VFall/confusion_delirium/CLFM1.mp4#f592-655,data/raw/PreVFall/v4_video_csv/Pre-VFall/confusion_delirium/CLFM1.mp4,1,PreVFall,0,592,655,19.733333,21.833333,,,0,0,0,ADL,1.000000
data/raw/PreVFall/v4_video_csv/Pre-VFall/confusion_delirium/CLFM1.mp4#f608-671,data/raw/PreVFall/v4_video_csv/Pre-VFall/confusion_delirium/CLFM1.mp4,1,PreVFall,0,608,671,20.266667,22.366667,,,0,0,0,ADL,1.000000
data/raw/PreVFall/v4_video_csv/Pre-VFall/confusion_delirium/CLFM1.mp4#f624-687,data/raw/PreVFall/v4_video_csv/Pre-VFall/confusion_delirium/CLFM1.mp4,1,PreVFall,0,624,687,20.800000,22.900000,,,0,0,0,ADL,1.000000
data/raw/PreVFall/v4_video_csv/Pre-VFall/confusion_delirium/CLFM1.mp4#f640-703,data/raw/PreVFall/v4_video_csv/Pre-VFall/confusion_delirium/CLFM1.mp4,1,PreVFall,0,640,703,21.333333,23.433333,,,0,0,0,ADL,1.000000
data/raw/PreVFall/v4_video_csv/Pre-VFall/confusion_delirium/CLFM1.mp4#f656-719,data/raw/PreVFall/v4_video_csv/Pre-VFall/confusion_delirium/CLFM1.mp4,1,PreVFall,0,656,719,21.866667,23.966667,,,0,0,0,ADL,1.000000
data/raw/PreVFall/v4_video_csv/Pre-VFall/confusion_delirium/CLFM1.mp4#f672-735,data/raw/PreVFall/v4_video_csv/Pre-VFall/confusion_delirium/CLFM1.mp4,1,PreVFall,0,672,735,22.400000,24.500000,,,0,0,0,ADL,1.000000
data/raw/PreVFall/v4_video_csv/Pre-VFall/confusion_delirium/CLFM1.mp4#f688-751,data/raw/PreVFall/v4_video_csv/Pre-VFall/confusion_delirium/CLFM1.mp4,1,PreVFall,0,688,751,22.933333,25.033333,,,0,0,0,ADL,1.000000
data/raw/PreVFall/v4_video_csv/Pre-VFall/confusion_delirium/CLFM1.mp4#f704-767,data/raw/PreVFall/v4_video_csv/Pre-VFall/confusion_delirium/CLFM1.mp4,1,PreVFall,0,704,767,23.466667,25.566667,,,0,0,0,ADL,1.000000
data/raw/PreVFall/v4_video_csv/Pre-VFall/confusion_delirium/CLFM1.mp4#f720-783,data/raw/PreVFall/v4_video_csv/Pre-VFall/confusion_delirium/CLFM1.mp4,1,PreVFall,0,720,783,24.000000,26.100000,,,0,0,0,ADL,1.000000
data/raw/PreVFall/v4_video_csv/Pre-VFall/confusion_delirium/CLFM1.mp4#f736-799,data/raw/PreVFall/v4_video_csv/Pre-VFall/confusion_delirium/CLFM1.mp4,1,PreVFall,0,736,799,24.533333,26.633333,,,0,0,0,ADL,1.000000
data/raw/PreVFall/v4_video_csv/Pre-VFall/confusion_delirium/CLFM1.mp4#f752-815,data/raw/PreVFall/v4_video_csv/Pre-VFall/confusion_delirium/CLFM1.mp4,1,PreVFall,0,752,815,25.066667,27.166667,,,0,0,0,ADL,1.000000
data/raw/PreVFall/v4_video_csv/Pre-VFall/confusion_delirium/CLFM1.mp4#f768-831,data/raw/PreVFall/v4_video_csv/Pre-VFall/confusion_delirium/CLFM1.mp4,1,PreVFall,0,768,831,25.600000,27.700000,,,0,0,0,ADL,1.000000
data/raw/PreVFall/v4_video_csv/Pre-VFall/confusion_delirium/CLFM1.mp4#f784-847,data/raw/PreVFall/v4_video_csv/Pre-VFall/confusion_delirium/CLFM1.mp4,1,PreVFall,0,784,847,26.133333,28.233333,,,0,0,0,ADL,1.000000
data/raw/PreVFall/v4_video_csv/Pre-VFall/confusion_delirium/CLFM1.mp4#f800-863,data/raw/PreVFall/v4_video_csv/Pre-VFall/confusion_delirium/CLFM1.mp4,1,PreVFall,0,800,863,26.666667,28.766667,,,0,0,0,ADL,1.000000
data/raw/PreVFall/v4_video_csv/Pre-VFall/confusion_delirium/CLFM1.mp4#f816-879,data/raw/PreVFall/v4_video_csv/Pre-VFall/confusion_delirium/CLFM1.mp4,1,PreVFall,0,816,879,27.200000,29.300000,,,0,0,0,ADL,1.000000
data/raw/PreVFall/v4_video_csv/Pre-VFall/confusion_delirium/CLFM1.mp4#f832-895,data/raw/PreVFall/v4_video_csv/Pre-VFall/confusion_delirium/CLFM1.mp4,1,PreVFall,0,832,895,27.733333,29.833333,,,0,0,0,ADL,1.000000
data/raw/PreVFall/v4_video_csv/Pre-VFall/confusion_delirium/CLFM1.mp4#f848-911,data/raw/PreVFall/v4_video_csv/Pre-VFall/confusion_delirium/CLFM1.mp4,1,PreVFall,0,848,911,28.266667,30.366667,,,0,0,0,ADL,1.000000
data/raw/PreVFall/v4_video_csv/Pre-VFall/confusion_delirium/CLFM1.mp4#f864-927,data/raw/PreVFall/v4_video_csv/Pre-VFall/confusion_delirium/CLFM1.mp4,1,PreVFall,0,864,927,28.800000,30.900000,,,0,0,0,ADL,1.000000
data/raw/PreVFall/v4_video_csv/Pre-VFall/confusion_delirium/CLFM1.mp4#f880-943,data/raw/PreVFall/v4_video_csv/Pre-VFall/confusion_delirium/CLFM1.mp4,1,PreVFall,0,880,943,29.333333,31.433333,,,0,0,0,ADL,1.000000
data/raw/PreVFall/v4_video_csv/Pre-VFall/confusion_delirium/CLFM1.mp4#f896-959,data/raw/PreVFall/v4_video_csv/Pre-VFall/confusion_delirium/CLFM1.mp4,1,PreVFall,0,896,959,29.866667,31.966667,,,0,0,0,ADL,1.000000
data/raw/PreVFall/v4_video_csv/Pre-VFall/confusion_delirium/CLFM1.mp4#f912-975,data/raw/PreVFall/v4_video_csv/Pre-VFall/confusion_delirium/CLFM1.mp4,1,PreVFall,0,912,975,30.400000,32.500000,,,0,0,0,ADL,1.000000
data/raw/PreVFall/v4_video_csv/Pre-VFall/confusion_delirium/CLFM1.mp4#f928-991,data/raw/PreVFall/v4_video_csv/Pre-VFall/confusion_delirium/CLFM1.mp4,1,PreVFall,0,928,991,30.933333,33.033333,,,0,0,0,ADL,1.000000
data/raw/PreVFall/v4_video_csv/Pre-VFall/confusion_delirium/CLFM1.mp4#f944-1007,data/raw/PreVFall/v4_video_csv/Pre-VFall/confusion_delirium/CLFM1.mp4,1,PreVFall,0,944,1007,31.466667,33.566667,,,0,0,0,ADL,1.000000
data/raw/PreVFall/v4_video_csv/Pre-VFall/confusion_delirium/CLFM1.mp4#f960-1023,data/raw/PreVFall/v4_video_csv/Pre-VFall/confusion_delirium/CLFM1.mp4,1,PreVFall,0,960,1023,32.000000,34.100000,,,0,0,0,ADL,1.000000
data/raw/PreVFall/v4_video_csv/Pre-VFall/confusion_delirium/CLFM1.mp4#f976-1039,data/raw/PreVFall/v4_video_csv/Pre-VFall/confusion_delirium/CLFM1.mp4,1,PreVFall,0,976,1039,32.533333,34.633333,,,0,0,0,ADL,1.000000
data/raw/PreVFall/v4_video_csv/Pre-VFall/confusion_delirium/CLFM1.mp4#f992-1055,data/raw/PreVFall/v4_video_csv/Pre-VFall/confusion_delirium/CLFM1.mp4,1,PreVFall,0,992,1055,33.066667,35.166667,,,0,0,0,ADL,1.000000
data/raw/PreVFall/v4_video_csv/Pre-VFall/confusion_delirium/CLFM1.mp4#f1008-1071,data/raw/PreVFall/v4_video_csv/Pre-VFall/confusion_delirium/CLFM1.mp4,1,PreVFall,0,1008,1071,33.600000,35.700000,,,0,0,0,ADL,1.000000
data/raw/PreVFall/v4_video_csv/Pre-VFall/confusion_delirium/CLFM1.mp4#f1024-1087,data/raw/PreVFall/v4_video_csv/Pre-VFall/confusion_delirium/CLFM1.mp4,1,PreVFall,0,1024,1087,34.133333,36.233333,,,0,0,0,ADL,1.000000
data/raw/PreVFall/v4_video_csv/Pre-VFall/confusion_delirium/CLFM1.mp4#f1040-1103,data/raw/PreVFall/v4_video_csv/Pre-VFall/confusion_delirium/CLFM1.mp4,1,PreVFall,0,1040,1103,34.666667,36.766667,,,0,0,0,ADL,1.000000
data/raw/PreVFall/v4_video_csv/Pre-VFall/confusion_delirium/CLFM1.mp4#f1056-1119,data/raw/PreVFall/v4_video_csv/Pre-VFall/confusion_delirium/CLFM1.mp4,1,PreVFall,0,1056,1119,35.200000,37.300000,,,0,0,0,ADL,1.000000
data/raw/PreVFall/v4_video_csv/Pre-VFall/confusion_delirium/CLFM1.mp4#f1072-1135,data/raw/PreVFall/v4_video_csv/Pre-VFall/confusion_delirium/CLFM1.mp4,1,PreVFall,0,1072,1135,35.733333,37.833333,,,0,0,0,ADL,1.000000
data/raw/PreVFall/v4_video_csv/Pre-VFall/confusion_delirium/CLFM1.mp4#f1088-1151,data/raw/PreVFall/v4_video_csv/Pre-VFall/confusion_delirium/CLFM1.mp4,1,PreVFall,0,1088,1151,36.266667,38.366667,,,0,0,0,ADL,1.000000
data/raw/PreVFall/v4_video_csv/Pre-VFall/confusion_delirium/CLFM1.mp4#f1104-1167,data/raw/PreVFall/v4_video_csv/Pre-VFall/confusion_delirium/CLFM1.mp4,1,PreVFall,0,1104,1167,36.800000,38.900000,,,0,0,0,ADL,1.000000
data/raw/PreVFall/v4_video_csv/Pre-VFall/confusion_delirium/CLFM1.mp4#f1120-1183,data/raw/PreVFall/v4_video_csv/Pre-VFall/confusion_delirium/CLFM1.mp4,1,PreVFall,0,1120,1183,37.333333,39.433333,,,0,0,0,ADL,1.000000
data/raw/PreVFall/v4_video_csv/Pre-VFall/confusion_delirium/CLFM1.mp4#f1136-1199,data/raw/PreVFall/v4_video_csv/Pre-VFall/confusion_delirium/CLFM1.mp4,1,PreVFall,0,1136,1199,37.866667,39.966667,,,0,0,0,ADL,1.000000
data/raw/PreVFall/v4_video_csv/Pre-VFall/confusion_delirium/CLFM1.mp4#f1152-1215,data/raw/PreVFall/v4_video_csv/Pre-VFall/confusion_delirium/CLFM1.mp4,1,PreVFall,0,1152,1215,38.400000,40.500000,,,0,0,0,ADL,1.000000
data/raw/PreVFall/v4_video_csv/Pre-VFall/confusion_delirium/CLFM1.mp4#f1168-1231,data/raw/PreVFall/v4_video_csv/Pre-VFall/confusion_delirium/CLFM1.mp4,1,PreVFall,0,1168,1231,38.933333,41.033333,,,0,0,0,ADL,1.000000
data/raw/PreVFall/v4_video_csv/Pre-VFall/confusion_delirium/CLFM1.mp4#f1184-1247,data/raw/PreVFall/v4_video_csv/Pre-VFall/confusion_delirium/CLFM1.mp4,1,PreVFall,0,1184,1247,39.466667,41.566667,,,0,0,0,ADL,1.000000
data/raw/PreVFall/v4_video_csv/Pre-VFall/confusion_delirium/CLFM1.mp4#f1200-1263,data/raw/PreVFall/v4_video_csv/Pre-VFall/confusion_delirium/CLFM1.mp4,1,PreVFall,0,1200,1263,40.000000,42.100000,,,0,0,0,ADL,1.000000
data/raw/PreVFall/v4_video_csv/Pre-VFall/confusion_delirium/CLFM1.mp4#f1216-1279,data/raw/PreVFall/v4_video_csv/Pre-VFall/confusion_delirium/CLFM1.mp4,1,PreVFall,0,1216,1279,40.533333,42.633333,,,0,0,0,ADL,1.000000
data/raw/PreVFall/v4_video_csv/Pre-VFall/confusion_delirium/CLFM1.mp4#f1232-1295,data/raw/PreVFall/v4_video_csv/Pre-VFall/confusion_delirium/CLFM1.mp4,1,PreVFall,0,1232,1295,41.066667,43.166667,,,0,0,0,ADL,1.000000
data/raw/PreVFall/v4_video_csv/Pre-VFall/confusion_delirium/CLFM1.mp4#f1248-1311,data/raw/PreVFall/v4_video_csv/Pre-VFall/confusion_delirium/CLFM1.mp4,1,PreVFall,0,1248,1311,41.600000,43.700000,,,0,0,0,ADL,1.000000
data/raw/PreVFall/v4_video_csv/Pre-VFall/confusion_delirium/CLFM1.mp4#f1264-1327,data/raw/PreVFall/v4_video_csv/Pre-VFall/confusion_delirium/CLFM1.mp4,1,PreVFall,0,1264,1327,42.133333,44.233333,,,0,0,0,ADL,1.000000
data/raw/PreVFall/v4_video_csv/Pre-VFall/confusion_delirium/CLFM1.mp4#f1280-1343,data/raw/PreVFall/v4_video_csv/Pre-VFall/confusion_delirium/CLFM1.mp4,1,PreVFall,0,1280,1343,42.666667,44.766667,,,0,0,0,ADL,1.000000
data/raw/PreVFall/v4_video_csv/Pre-VFall/confusion_delirium/CLFM1.mp4#f1296-1359,data/raw/PreVFall/v4_video_csv/Pre-VFall/confusion_delirium/CLFM1.mp4,1,PreVFall,0,1296,1359,43.200000,45.300000,,,0,0,0,ADL,1.000000
data/raw/PreVFall/v4_video_csv/Pre-VFall/confusion_delirium/CLFM1.mp4#f1312-1375,data/raw/PreVFall/v4_video_csv/Pre-VFall/confusion_delirium/CLFM1.mp4,1,PreVFall,0,1312,1375,43.733333,45.833333,,,0,0,0,ADL,1.000000
data/raw/PreVFall/v4_video_csv/Pre-VFall/confusion_delirium/CLFM1.mp4#f1328-1391,data/raw/PreVFall/v4_video_csv/Pre-VFall/confusion_delirium/CLFM1.mp4,1,PreVFall,0,1328,1391,44.266667,46.366667,,,0,0,0,ADL,1.000000
data/raw/PreVFall/v4_video_csv/Pre-VFall/confusion_delirium/CLFM1.mp4#f1344-1407,data/raw/PreVFall/v4_video_csv/Pre-VFall/confusion_delirium/CLFM1.mp4,1,PreVFall,0,1344,1407,44.800000,46.900000,,,0,0,0,ADL,1.000000
data/raw/PreVFall/v4_video_csv/Pre-VFall/confusion_delirium/CLFM1.mp4#f1360-1423,data/raw/PreVFall/v4_video_csv/Pre-VFall/confusion_delirium/CLFM1.mp4,1,PreVFall,0,1360,1423,45.333333,47.433333,,,0,0,0,ADL,1.000000
data/raw/PreVFall/v4_video_csv/Pre-VFall/confusion_delirium/CLFM1.mp4#f1376-1439,data/raw/PreVFall/v4_video_csv/Pre-VFall/confusion_delirium/CLFM1.mp4,1,PreVFall,0,1376,1439,45.866667,47.966667,,,0,0,0,ADL,1.000000
data/raw/PreVFall/v4_video_csv/Pre-VFall/confusion_delirium/CLFM1.mp4#f1392-1455,data/raw/PreVFall/v4_video_csv/Pre-VFall/confusion_delirium/CLFM1.mp4,1,PreVFall,0,1392,1455,46.400000,48.500000,,,0,0,0,ADL,1.000000
data/raw/PreVFall/v4_video_csv/Pre-VFall/confusion_delirium/CLFM1.mp4#f1408-1471,data/raw/PreVFall/v4_video_csv/Pre-VFall/confusion_delirium/CLFM1.mp4,1,PreVFall,0,1408,1471,46.933333,49.033333,,,0,0,0,ADL,1.000000
data/raw/PreVFall/v4_video_csv/Pre-VFall/confusion_delirium/CLFM1.mp4#f1424-1487,data/raw/PreVFall/v4_video_csv/Pre-VFall/confusion_delirium/CLFM1.mp4,1,PreVFall,0,1424,1487,47.466667,49.566667,,,0,0,0,ADL,1.000000
data/raw/PreVFall/v4_video_csv/Pre-VFall/confusion_delirium/CLFM1.mp4#f1440-1503,data/raw/PreVFall/v4_video_csv/Pre-VFall/confusion_delirium/CLFM1.mp4,1,PreVFall,0,1440,1503,48.000000,50.100000,,,0,0,0,ADL,1.000000
data/raw/PreVFall/v4_video_csv/Pre-VFall/confusion_delirium/CLFM1.mp4#f1456-1519,data/raw/PreVFall/v4_video_csv/Pre-VFall/confusion_delirium/CLFM1.mp4,1,PreVFall,0,1456,1519,48.533333,50.633333,,,0,0,0,ADL,1.000000
data/raw/PreVFall/v4_video_csv/Pre-VFall/confusion_delirium/CLFM1.mp4#f1472-1535,data/raw/PreVFall/v4_video_csv/Pre-VFall/confusion_delirium/CLFM1.mp4,1,PreVFall,0,1472,1535,49.066667,51.166667,,,0,0,0,ADL,1.000000
data/raw/PreVFall/v4_video_csv/Pre-VFall/confusion_delirium/CLFM1.mp4#f1488-1551,data/raw/PreVFall/v4_video_csv/Pre-VFall/confusion_delirium/CLFM1.mp4,1,PreVFall,0,1488,1551,49.600000,51.700000,,,0,0,0,ADL,1.000000
data/raw/PreVFall/v4_video_csv/Pre-VFall/confusion_delirium/CLFM1.mp4#f1504-1567,data/raw/PreVFall/v4_video_csv/Pre-VFall/confusion_delirium/CLFM1.mp4,1,PreVFall,0,1504,1567,50.133333,52.233333,,,0,0,0,ADL,1.000000
data/raw/PreVFall/v4_video_csv/Pre-VFall/confusion_delirium/CLFM1.mp4#f1520-1583,data/raw/PreVFall/v4_video_csv/Pre-VFall/confusion_delirium/CLFM1.mp4,1,PreVFall,0,1520,1583,50.666667,52.766667,,,0,0,0,ADL,1.000000
data/raw/PreVFall/v4_video_csv/Pre-VFall/confusion_delirium/CLFM1.mp4#f1536-1599,data/raw/PreVFall/v4_video_csv/Pre-VFall/confusion_delirium/CLFM1.mp4,1,PreVFall,0,1536,1599,51.200000,53.300000,,,0,0,0,ADL,1.000000
data/raw/PreVFall/v4_video_csv/Pre-VFall/confusion_delirium/CLFM1.mp4#f1552-1615,data/raw/PreVFall/v4_video_csv/Pre-VFall/confusion_delirium/CLFM1.mp4,1,PreVFall,0,1552,1615,51.733333,53.833333,,,0,0,0,ADL,1.000000
data/raw/PreVFall/v4_video_csv/Pre-VFall/confusion_delirium/CLFM1.mp4#f1568-1631,data/raw/PreVFall/v4_video_csv/Pre-VFall/confusion_delirium/CLFM1.mp4,1,PreVFall,0,1568,1631,52.266667,54.366667,,,0,0,0,ADL,1.000000
data/raw/PreVFall/v4_video_csv/Pre-VFall/confusion_delirium/CLFM1.mp4#f1584-1647,data/raw/PreVFall/v4_video_csv/Pre-VFall/confusion_delirium/CLFM1.mp4,1,PreVFall,0,1584,1647,52.800000,54.900000,,,0,0,0,ADL,1.000000
data/raw/PreVFall/v4_video_csv/Pre-VFall/confusion_delirium/CLFM1.mp4#f1600-1663,data/raw/PreVFall/v4_video_csv/Pre-VFall/confusion_delirium/CLFM1.mp4,1,PreVFall,0,1600,1663,53.333333,55.433333,,,0,0,0,ADL,1.000000
data/raw/PreVFall/v4_video_csv/Pre-VFall/confusion_delirium/CLFM1.mp4#f1616-1679,data/raw/PreVFall/v4_video_csv/Pre-VFall/confusion_delirium/CLFM1.mp4,1,PreVFall,0,1616,1679,53.866667,55.966667,,,0,0,0,ADL,1.000000
data/raw/PreVFall/v4_video_csv/Pre-VFall/confusion_delirium/CLFM1.mp4#f1632-1695,data/raw/PreVFall/v4_video_csv/Pre-VFall/confusion_delirium/CLFM1.mp4,1,PreVFall,0,1632,1695,54.400000,56.500000,,,0,0,0,ADL,1.000000
data/raw/PreVFall/v4_video_csv/Pre-VFall/confusion_delirium/CLFM2.mp4#f0-63,data/raw/PreVFall/v4_video_csv/Pre-VFall/confusion_delirium/CLFM2.mp4,2,PreVFall,0,0,63,0.000000,2.100000,,,0,0,0,ADL,1.000000
data/raw/PreVFall/v4_video_csv/Pre-VFall/confusion_delirium/CLFM2.mp4#f16-79,data/raw/PreVFall/v4_video_csv/Pre-VFall/confusion_delirium/CLFM2.mp4,2,PreVFall,0,16,79,0.533333,2.633333,,,0,0,0,ADL,1.000000
data/raw/PreVFall/v4_video_csv/Pre-VFall/confusion_delirium/CLFM2.mp4#f32-95,data/raw/PreVFall/v4_video_csv/Pre-VFall/confusion_delirium/CLFM2.mp4,2,PreVFall,0,32,95,1.066667,3.166667,,,0,0,0,ADL,1.000000
data/raw/PreVFall/v4_video_csv/Pre-VFall/confusion_delirium/CLFM2.mp4#f48-111,data/raw/PreVFall/v4_video_csv/Pre-VFall/confusion_delirium/CLFM2.mp4,2,PreVFall,0,48,111,1.600000,3.700000,,,0,0,0,ADL,1.000000
data/raw/PreVFall/v4_video_csv/Pre-VFall/confusion_delirium/CLFM2.mp4#f64-127,data/raw/PreVFall/v4_video_csv/Pre-VFall/confusion_delirium/CLFM2.mp4,2,PreVFall,0,64,127,2.133333,4.233333,,,0,0,0,ADL,1.000000
data/raw/PreVFall/v4_video_csv/Pre-VFall/confusion_delirium/CLFM2.mp4#f80-143,data/raw/PreVFall/v4_video_csv/Pre-VFall/confusion_delirium/CLFM2.mp4,2,PreVFall,0,80,143,2.666667,4.766667,,,0,0,0,ADL,1.000000
data/raw/PreVFall/v4_video_csv/Pre-VFall/confusion_delirium/CLFM2.mp4#f96-159,data/raw/PreVFall/v4_video_csv/Pre-VFall/confusion_delirium/CLFM2.mp4,2,PreVFall,0,96,159,3.200000,5.300000,,,0,0,0,ADL,1.000000
data/raw/PreVFall/v4_video_csv/Pre-VFall/confusion_delirium/CLFM2.mp4#f112-175,data/raw/PreVFall/v4_video_csv/Pre-VFall/confusion_delirium/CLFM2.mp4,2,PreVFall,0,112,175,3.733333,5.833333,,,0,0,0,ADL,1.000000
data/raw/PreVFall/v4_video_csv/Pre-VFall/confusion_delirium/CLFM2.mp4#f128-191,data/raw/PreVFall/v4_video_csv/Pre-VFall/confusion_delirium/CLFM2.mp4,2,PreVFall,0,128,191,4.266667,6.366667,,,0,0,0,ADL,1.000000
data/raw/PreVFall/v4_video_csv/Pre-VFall/confusion_delirium/CLFM2.mp4#f144-207,data/raw/PreVFall/v4_video_csv/Pre-VFall/confusion_delirium/CLFM2.mp4,2,PreVFall,0,144,207,4.800000,6.900000,,,0,0,0,ADL,1.000000
data/raw/PreVFall/v4_video_csv/Pre-VFall/confusion_delirium/CLFM2.mp4#f160-223,data/raw/PreVFall/v4_video_csv/Pre-VFall/confusion_delirium/CLFM2.mp4,2,PreVFall,0,160,223,5.333333,7.433333,,,0,0,0,ADL,1.000000
data/raw/PreVFall/v4_video_csv/Pre-VFall/confusion_delirium/CLFM2.mp4#f176-239,data/raw/PreVFall/v4_video_csv/Pre-VFall/confusion_delirium/CLFM2.mp4,2,PreVFall,0,176,239,5.866667,7.966667,,,0,0,0,ADL,1.000000
data/raw/PreVFall/v4_video_csv/Pre-VFall/confusion_delirium/CLFM2.mp4#f192-255,data/raw/PreVFall/v4_video_csv/Pre-VFall/confusion_delirium/CLFM2.mp4,2,PreVFall,0,192,255,6.400000,8.500000,,,0,0,0,ADL,1.000000
data/raw/PreVFall/v4_video_csv/Pre-VFall/confusion_delirium/CLFM2.mp4#f208-271,data/raw/PreVFall/v4_video_csv/Pre-VFall/confusion_delirium/CLFM2.mp4,2,PreVFall,0,208,271,6.933333,9.033333,,,0,0,0,ADL,1.000000
data/raw/PreVFall/v4_video_csv/Pre-VFall/confusion_delirium/CLFM2.mp4#f224-287,data/raw/PreVFall/v4_video_csv/Pre-VFall/confusion_delirium/CLFM2.mp4,2,PreVFall,0,224,287,7.466667,9.566667,,,0,0,0,ADL,1.000000
data/raw/PreVFall/v4_video_csv/Pre-VFall/confusion_delirium/CLFM2.mp4#f240-303,data/raw/PreVFall/v4_video_csv/Pre-VFall/confusion_delirium/CLFM2.mp4,2,PreVFall,0,240,303,8.000000,10.100000,,,0,0,0,ADL,1.000000
data/raw/PreVFall/v4_video_csv/Pre-VFall/confusion_delirium/CLFM2.mp4#f256-319,data/raw/PreVFall/v4_video_csv/Pre-VFall/confusion_delirium/CLFM2.mp4,2,PreVFall,0,256,319,8.533333,10.633333,,,0,0,0,ADL,1.000000
data/raw/PreVFall/v4_video_csv/Pre-VFall/confusion_delirium/CLFM2.mp4#f272-335,data/raw/PreVFall/v4_video_csv/Pre-VFall/confusion_delirium/CLFM2.mp4,2,PreVFall,0,272,335,9.066667,11.166667,,,0,0,0,ADL,1.000000
data/raw/PreVFall/v4_video_csv/Pre-VFall/confusion_delirium/CLFM2.mp4#f288-351,data/raw/PreVFall/v4_video_csv/Pre-VFall/confusion_delirium/CLFM2.mp4,2,PreVFall,0,288,351,9.600000,11.700000,,,0,0,0,ADL,1.000000
data/raw/PreVFall/v4_video_csv/Pre-VFall/confusion_delirium/CLFM2.mp4#f304-367,data/raw/PreVFall/v4_video_csv/Pre-VFall/confusion_delirium/CLFM2.mp4,2,PreVFall,0,304,367,10.133333,12.233333,,,0,0,0,ADL,1.000000
data/raw/PreVFall/v4_video_csv/Pre-VFall/confusion_delirium/CLFM2.mp4#f320-383,data/raw/PreVFall/v4_video_csv/Pre-VFall/confusion_delirium/CLFM2.mp4,2,PreVFall,0,320,383,10.666667,12.766667,,,0,0,0,ADL,1.000000
data/raw/PreVFall/v4_video_csv/Pre-VFall/confusion_delirium/CLFM2.mp4#f336-399,data/raw/PreVFall/v4_video_csv/Pre-VFall/confusion_delirium/CLFM2.mp4,2,PreVFall,0,336,399,11.200000,13.300000,,,0,0,0,ADL,1.000000
data/raw/PreVFall/v4_video_csv/Pre-VFall/confusion_delirium/CLFM2.mp4#f352-415,data/raw/PreVFall/v4_video_csv/Pre-VFall/confusion_delirium/CLFM2.mp4,2,PreVFall,0,352,415,11.733333,13.833333,,,0,0,0,ADL,1.000000
data/raw/PreVFall/v4_video_csv/Pre-VFall/confusion_delirium/CLFM2.mp4#f368-431,data/raw/PreVFall/v4_video_csv/Pre-VFall/confusion_delirium/CLFM2.mp4,2,PreVFall,0,368,431,12.266667,14.366667,,,0,0,0,ADL,1.000000
data/raw/PreVFall/v4_video_csv/Pre-VFall/confusion_delirium/CLFM2.mp4#f384-447,data/raw/PreVFall/v4_video_csv/Pre-VFall/confusion_delirium/CLFM2.mp4,2,PreVFall,0,384,447,12.800000,14.900000,,,0,0,0,ADL,1.000000
data/raw/PreVFall/v4_video_csv/Pre-VFall/confusion_delirium/CLFM2.mp4#f400-463,data/raw/PreVFall/v4_video_csv/Pre-VFall/confusion_delirium/CLFM2.mp4,2,PreVFall,0,400,463,13.333333,15.433333,,,0,0,0,ADL,1.000000
data/raw/PreVFall/v4_video_csv/Pre-VFall/confusion_delirium/CLFM2.mp4#f416-479,data/raw/PreVFall/v4_video_csv/Pre-VFall/confusion_delirium/CLFM2.mp4,2,PreVFall,0,416,479,13.866667,15.966667,,,0,0,0,ADL,1.000000
data/raw/PreVFall/v4_video_csv/Pre-VFall/confusion_delirium/CLFM2.mp4#f432-495,data/raw/PreVFall/v4_video_csv/Pre-VFall/confusion_delirium/CLFM2.mp4,2,PreVFall,0,432,495,14.400000,16.500000,,,0,0,0,ADL,1.000000
data/raw/PreVFall/v4_video_csv/Pre-VFall/confusion_delirium/CLFM2.mp4#f448-511,data/raw/PreVFall/v4_video_csv/Pre-VFall/confusion_delirium/CLFM2.mp4,2,PreVFall,0,448,511,14.933333,17.033333,,,0,0,0,ADL,1.000000
data/raw/PreVFall/v4_video_csv/Pre-VFall/confusion_delirium/CLFM2.mp4#f464-527,data/raw/PreVFall/v4_video_csv/Pre-VFall/confusion_delirium/CLFM2.mp4,2,PreVFall,0,464,527,15.466667,17.566667,,,0,0,0,ADL,1.000000
data/raw/PreVFall/v4_video_csv/Pre-VFall/confusion_delirium/CLFM2.mp4#f480-543,data/raw/PreVFall/v4_video_csv/Pre-VFall/confusion_delirium/CLFM2.mp4,2,PreVFall,0,480,543,16.000000,18.100000,,,0,0,0,ADL,1.000000
data/raw/PreVFall/v4_video_csv/Pre-VFall/confusion_delirium/CLFM2.mp4#f496-559,data/raw/PreVFall/v4_video_csv/Pre-VFall/confusion_delirium/CLFM2.mp4,2,PreVFall,0,496,559,16.533333,18.633333,,,0,0,0,ADL,1.000000
data/raw/PreVFall/v4_video_csv/Pre-VFall/confusion_delirium/CLFM2.mp4#f512-575,data/raw/PreVFall/v4_video_csv/Pre-VFall/confusion_delirium/CLFM2.mp4,2,PreVFall,0,512,575,17.066667,19.166667,,,0,0,0,ADL,1.000000
data/raw/PreVFall/v4_video_csv/Pre-VFall/confusion_delirium/CLFM2.mp4#f528-591,data/raw/PreVFall/v4_video_csv/Pre-VFall/confusion_delirium/CLFM2.mp4,2,PreVFall,0,528,591,17.600000,19.700000,,,0,0,0,ADL,1.000000
data/raw/PreVFall/v4_video_csv/Pre-VFall/confusion_delirium/CLFM2.mp4#f544-607,data/raw/PreVFall/v4_video_csv/Pre-VFall/confusion_delirium/CLFM2.mp4,2,PreVFall,0,544,607,18.133333,20.233333,,,0,0,0,ADL,1.000000
data/raw/PreVFall/v4_video_csv/Pre-VFall/confusion_delirium/CLFM2.mp4#f560-623,data/raw/PreVFall/v4_video_csv/Pre-VFall/confusion_delirium/CLFM2.mp4,2,PreVFall,0,560,623,18.666667,20.766667,,,0,0,0,ADL,1.000000
data/raw/PreVFall/v4_video_csv/Pre-VFall/confusion_delirium/CLFM2.mp4#f576-639,data/raw/PreVFall/v4_video_csv/Pre-VFall/confusion_delirium/CLFM2.mp4,2,PreVFall,0,576,639,19.200000,21.300000,,,0,0,0,ADL,1.000000
data/raw/PreVFall/v4_video_csv/Pre-VFall/confusion_delirium/CLFM2.mp4#f592-655,data/raw/PreVFall/v4_video_csv/Pre-VFall/confusion_delirium/CLFM2.mp4,2,PreVFall,0,592,655,19.733333,21.833333,,,0,0,0,ADL,1.000000
data/raw/PreVFall/v4_video_csv/Pre-VFall/confusion_delirium/CLFM2.mp4#f608-671,data/raw/PreVFall/v4_video_csv/Pre-VFall/confusion_delirium/CLFM2.mp4,2,PreVFall,0,608,671,20.266667,22.366667,,,0,0,0,ADL,1.000000
data/raw/PreVFall/v4_video_csv/Pre-VFall/confusion_delirium/CLFM2.mp4#f624-687,data/raw/PreVFall/v4_video_csv/Pre-VFall/confusion_delirium/CLFM2.mp4,2,PreVFall,0,624,687,20.800000,22.900000,,,0,0,0,ADL,1.000000
data/raw/PreVFall/v4_video_csv/Pre-VFall/confusion_delirium/CLFM2.mp4#f640-703,data/raw/PreVFall/v4_video_csv/Pre-VFall/confusion_delirium/CLFM2.mp4,2,PreVFall,0,640,703,21.333333,23.433333,,,0,0,0,ADL,1.000000
data/raw/PreVFall/v4_video_csv/Pre-VFall/confusion_delirium/CLFM2.mp4#f656-719,data/raw/PreVFall/v4_video_csv/Pre-VFall/confusion_delirium/CLFM2.mp4,2,PreVFall,0,656,719,21.866667,23.966667,,,0,0,0,ADL,1.000000
data/raw/PreVFall/v4_video_csv/Pre-VFall/confusion_delirium/CLFM2.mp4#f672-735,data/raw/PreVFall/v4_video_csv/Pre-VFall/confusion_delirium/CLFM2.mp4,2,PreVFall,0,672,735,22.400000,24.500000,,,0,0,0,ADL,1.000000
data/raw/PreVFall/v4_video_csv/Pre-VFall/confusion_delirium/CLFM2.mp4#f688-751,data/raw/PreVFall/v4_video_csv/Pre-VFall/confusion_delirium/CLFM2.mp4,2,PreVFall,0,688,751,22.933333,25.033333,,,0,0,0,ADL,1.000000
data/raw/PreVFall/v4_video_csv/Pre-VFall/confusion_delirium/CLFM2.mp4#f704-767,data/raw/PreVFall/v4_video_csv/Pre-VFall/confusion_delirium/CLFM2.mp4,2,PreVFall,0,704,767,23.466667,25.566667,,,0,0,0,ADL,1.000000
data/raw/PreVFall/v4_video_csv/Pre-VFall/confusion_delirium/CLFM2.mp4#f720-783,data/raw/PreVFall/v4_video_csv/Pre-VFall/confusion_delirium/CLFM2.mp4,2,PreVFall,0,720,783,24.000000,26.100000,,,0,0,0,ADL,1.000000
data/raw/PreVFall/v4_video_csv/Pre-VFall/confusion_delirium/CLFM2.mp4#f736-799,data/raw/PreVFall/v4_video_csv/Pre-VFall/confusion_delirium/CLFM2.mp4,2,PreVFall,0,736,799,24.533333,26.633333,,,0,0,0,ADL,1.000000
data/raw/PreVFall/v4_video_csv/Pre-VFall/confusion_delirium/CLFM2.mp4#f752-815,data/raw/PreVFall/v4_video_csv/Pre-VFall/confusion_delirium/CLFM2.mp4,2,PreVFall,0,752,815,25.066667,27.166667,,,0,0,0,ADL,1.000000
data/raw/PreVFall/v4_video_csv/Pre-VFall/confusion_delirium/CLFM2.mp4#f768-831,data/raw/PreVFall/v4_video_csv/Pre-VFall/confusion_delirium/CLFM2.mp4,2,PreVFall,0,768,831,25.600000,27.700000,,,0,0,0,ADL,1.000000
data/raw/PreVFall/v4_video_csv/Pre-VFall/confusion_delirium/CLFM2.mp4#f784-847,data/raw/PreVFall/v4_video_csv/Pre-VFall/confusion_delirium/CLFM2.mp4,2,PreVFall,0,784,847,26.133333,28.233333,,,0,0,0,ADL,1.000000
data/raw/PreVFall/v4_video_csv/Pre-VFall/confusion_delirium/CLFM3.mp4#f0-63,data/raw/PreVFall/v4_video_csv/Pre-VFall/confusion_delirium/CLFM3.mp4,3,PreVFall,0,0,63,0.000000,2.100000,,,0,0,0,ADL,1.000000
data/raw/PreVFall/v4_video_csv/Pre-VFall/confusion_delirium/CLFM3.mp4#f16-79,data/raw/PreVFall/v4_video_csv/Pre-VFall/confusion_delirium/CLFM3.mp4,3,PreVFall,0,16,79,0.533333,2.633333,,,0,0,0,ADL,1.000000
data/raw/PreVFall/v4_video_csv/Pre-VFall/confusion_delirium/CLFM3.mp4#f32-95,data/raw/PreVFall/v4_video_csv/Pre-VFall/confusion_delirium/CLFM3.mp4,3,PreVFall,0,32,95,1.066667,3.166667,,,0,0,0,ADL,1.000000
data/raw/PreVFall/v4_video_csv/Pre-VFall/confusion_delirium/CLFM3.mp4#f48-111,data/raw/PreVFall/v4_video_csv/Pre-VFall/confusion_delirium/CLFM3.mp4,3,PreVFall,0,48,111,1.600000,3.700000,,,0,0,0,ADL,1.000000
data/raw/PreVFall/v4_video_csv/Pre-VFall/confusion_delirium/CLFM3.mp4#f64-127,data/raw/PreVFall/v4_video_csv/Pre-VFall/confusion_delirium/CLFM3.mp4,3,PreVFall,0,64,127,2.133333,4.233333,,,0,0,0,ADL,1.000000
data/raw/PreVFall/v4_video_csv/Pre-VFall/confusion_delirium/CLFM3.mp4#f80-143,data/raw/PreVFall/v4_video_csv/Pre-VFall/confusion_delirium/CLFM3.mp4,3,PreVFall,0,80,143,2.666667,4.766667,,,0,0,0,ADL,1.000000
data/raw/PreVFall/v4_video_csv/Pre-VFall/confusion_delirium/CLFM3.mp4#f96-159,data/raw/PreVFall/v4_video_csv/Pre-VFall/confusion_delirium/CLFM3.mp4,3,PreVFall,0,96,159,3.200000,5.300000,,,0,0,0,ADL,1.000000
data/raw/PreVFall/v4_video_csv/Pre-VFall/confusion_delirium/CLFM3.mp4#f112-175,data/raw/PreVFall/v4_video_csv/Pre-VFall/confusion_delirium/CLFM3.mp4,3,PreVFall,0,112,175,3.733333,5.833333,,,0,0,0,ADL,1.000000
data/raw/PreVFall/v4_video_csv/Pre-VFall/confusion_delirium/CLFM3.mp4#f128-191,data/raw/PreVFall/v4_video_csv/Pre-VFall/confusion_delirium/CLFM3.mp4,3,PreVFall,0,128,191,4.266667,6.366667,,,0,0,0,ADL,1.000000
data/raw/PreVFall/v4_video_csv/Pre-VFall/confusion_delirium/CLFM3.mp4#f144-207,data/raw/PreVFall/v4_video_csv/Pre-VFall/confusion_delirium/CLFM3.mp4,3,PreVFall,0,144,207,4.800000,6.900000,,,0,0,0,ADL,1.000000
data/raw/PreVFall/v4_video_csv/Pre-VFall/confusion_delirium/CLFM3.mp4#f160-223,data/raw/PreVFall/v4_video_csv/Pre-VFall/confusion_delirium/CLFM3.mp4,3,PreVFall,0,160,223,5.333333,7.433333,,,0,0,0,ADL,1.000000
data/raw/PreVFall/v4_video_csv/Pre-VFall/confusion_delirium/CLFM3.mp4#f176-239,data/raw/PreVFall/v4_video_csv/Pre-VFall/confusion_delirium/CLFM3.mp4,3,PreVFall,0,176,239,5.866667,7.966667,,,0,0,0,ADL,1.000000
data/raw/PreVFall/v4_video_csv/Pre-VFall/confusion_delirium/CLFM3.mp4#f192-255,data/raw/PreVFall/v4_video_csv/Pre-VFall/confusion_delirium/CLFM3.mp4,3,PreVFall,0,192,255,6.400000,8.500000,,,0,0,0,ADL,1.000000
data/raw/PreVFall/v4_video_csv/Pre-VFall/confusion_delirium/CLFM3.mp4#f208-271,data/raw/PreVFall/v4_video_csv/Pre-VFall/confusion_delirium/CLFM3.mp4,3,PreVFall,0,208,271,6.933333,9.033333,,,0,0,0,ADL,1.000000
data/raw/PreVFall/v4_video_csv/Pre-VFall/confusion_delirium/CLFM3.mp4#f224-287,data/raw/PreVFall/v4_video_csv/Pre-VFall/confusion_delirium/CLFM3.mp4,3,PreVFall,0,224,287,7.466667,9.566667,,,0,0,0,ADL,1.000000
data/raw/PreVFall/v4_video_csv/Pre-VFall/confusion_delirium/CLFM3.mp4#f240-303,data/raw/PreVFall/v4_video_csv/Pre-VFall/confusion_delirium/CLFM3.mp4,3,PreVFall,0,240,303,8.000000,10.100000,,,0,0,0,ADL,1.000000
data/raw/PreVFall/v4_video_csv/Pre-VFall/confusion_delirium/CLFM3.mp4#f256-319,data/raw/PreVFall/v4_video_csv/Pre-VFall/confusion_delirium/CLFM3.mp4,3,PreVFall,0,256,319,8.533333,10.633333,,,0,0,0,ADL,1.000000
data/raw/PreVFall/v4_video_csv/Pre-VFall/confusion_delirium/CLFM3.mp4#f272-335,data/raw/PreVFall/v4_video_csv/Pre-VFall/confusion_delirium/CLFM3.mp4,3,PreVFall,0,272,335,9.066667,11.166667,,,0,0,0,ADL,1.000000
data/raw/PreVFall/v4_video_csv/Pre-VFall/confusion_delirium/CLFM3.mp4#f288-351,data/raw/PreVFall/v4_video_csv/Pre-VFall/confusion_delirium/CLFM3.mp4,3,PreVFall,0,288,351,9.600000,11.700000,,,0,0,0,ADL,1.000000
data/raw/PreVFall/v4_video_csv/Pre-VFall/confusion_delirium/CLFM3.mp4#f304-367,data/raw/PreVFall/v4_video_csv/Pre-VFall/confusion_delirium/CLFM3.mp4,3,PreVFall,0,304,367,10.133333,12.233333,,,0,0,0,ADL,1.000000
data/raw/PreVFall/v4_video_csv/Pre-VFall/confusion_delirium/CLFM3.mp4#f320-383,data/raw/PreVFall/v4_video_csv/Pre-VFall/confusion_delirium/CLFM3.mp4,3,PreVFall,0,320,383,10.666667,12.766667,,,0,0,0,ADL,1.000000
data/raw/PreVFall/v4_video_csv/Pre-VFall/confusion_delirium/CLFM3.mp4#f336-399,data/raw/PreVFall/v4_video_csv/Pre-VFall/confusion_delirium/CLFM3.mp4,3,PreVFall,0,336,399,11.200000,13.300000,,,0,0,0,ADL,1.000000
data/raw/PreVFall/v4_video_csv/Pre-VFall/confusion_delirium/CLFM3.mp4#f352-415,data/raw/PreVFall/v4_video_csv/Pre-VFall/confusion_delirium/CLFM3.mp4,3,PreVFall,0,352,415,11.733333,13.833333,,,0,0,0,ADL,1.000000
data/raw/PreVFall/v4_video_csv/Pre-VFall/confusion_delirium/CLFM3.mp4#f368-431,data/raw/PreVFall/v4_video_csv/Pre-VFall/confusion_delirium/CLFM3.mp4,3,PreVFall,0,368,431,12.266667,14.366667,,,0,0,0,ADL,1.000000
data/raw/PreVFall/v4_video_csv/Pre-VFall/confusion_delirium/CLFM3.mp4#f384-447,data/raw/PreVFall/v4_video_csv/Pre-VFall/confusion_delirium/CLFM3.mp4,3,PreVFall,0,384,447,12.800000,14.900000,,,0,0,0,ADL,1.000000
data/raw/PreVFall/v4_video_csv/Pre-VFall/confusion_delirium/CLFM3.mp4#f400-463,data/raw/PreVFall/v4_video_csv/Pre-VFall/confusion_delirium/CLFM3.mp4,3,PreVFall,0,400,463,13.333333,15.433333,,,0,0,0,ADL,1.000000
data/raw/PreVFall/v4_video_csv/Pre-VFall/confusion_delirium/CLFM3.mp4#f416-479,data/raw/PreVFall/v4_video_csv/Pre-VFall/confusion_delirium/CLFM3.mp4,3,PreVFall,0,416,479,13.866667,15.966667,,,0,0,0,ADL,1.000000
data/raw/PreVFall/v4_video_csv/Pre-VFall/confusion_delirium/CLFM3.mp4#f432-495,data/raw/PreVFall/v4_video_csv/Pre-VFall/confusion_delirium/CLFM3.mp4,3,PreVFall,0,432,495,14.400000,16.500000,,,0,0,0,ADL,1.000000
data/raw/PreVFall/v4_video_csv/Pre-VFall/confusion_delirium/CLFM3.mp4#f448-511,data/raw/PreVFall/v4_video_csv/Pre-VFall/confusion_delirium/CLFM3.mp4,3,PreVFall,0,448,511,14.933333,17.033333,,,0,0,0,ADL,1.000000
data/raw/PreVFall/v4_video_csv/Pre-VFall/confusion_delirium/CLFM3.mp4#f464-527,data/raw/PreVFall/v4_video_csv/Pre-VFall/confusion_delirium/CLFM3.mp4,3,PreVFall,0,464,527,15.466667,17.566667,,,0,0,0,ADL,1.000000
data/raw/PreVFall/v4_video_csv/Pre-VFall/confusion_delirium/CLFM3.mp4#f480-543,data/raw/PreVFall/v4_video_csv/Pre-VFall/confusion_delirium/CLFM3.mp4,3,PreVFall,0,480,543,16.000000,18.100000,,,0,0,0,ADL,1.000000
data/raw/PreVFall/v4_video_csv/Pre-VFall/confusion_delirium/CLFM3.mp4#f496-559,data/raw/PreVFall/v4_video_csv/Pre-VFall/confusion_delirium/CLFM3.mp4,3,PreVFall,0,496,559,16.533333,18.633333,,,0,0,0,ADL,1.000000
data/raw/PreVFall/v4_video_csv/Pre-VFall/confusion_delirium/CLFM3.mp4#f512-575,data/raw/PreVFall/v4_video_csv/Pre-VFall/confusion_delirium/CLFM3.mp4,3,PreVFall,0,512,575,17.066667,19.166667,,,0,0,0,ADL,1.000000
data/raw/PreVFall/v4_video_csv/Pre-VFall/confusion_delirium/CLFM3.mp4#f528-591,data/raw/PreVFall/v4_video_csv/Pre-VFall/confusion_delirium/CLFM3.mp4,3,PreVFall,0,528,591,17.600000,19.700000,,,0,0,0,ADL,1.000000
data/raw/PreVFall/v4_video_csv/Pre-VFall/confusion_delirium/CLFM3.mp4#f544-607,data/raw/PreVFall/v4_video_csv/Pre-VFall/confusion_delirium/CLFM3.mp4,3,PreVFall,0,544,607,18.133333,20.233333,,,0,0,0,ADL,1.000000
data/raw/PreVFall/v4_video_csv/Pre-VFall/confusion_delirium/CLFM3.mp4#f560-623,data/raw/PreVFall/v4_video_csv/Pre-VFall/confusion_delirium/CLFM3.mp4,3,PreVFall,0,560,623,18.666667,20.766667,,,0,0,0,ADL,1.000000
data/raw/PreVFall/v4_video_csv/Pre-VFall/confusion_delirium/CLFM3.mp4#f576-639,data/raw/PreVFall/v4_video_csv/Pre-VFall/confusion_delirium/CLFM3.mp4,3,PreVFall,0,576,639,19.200000,21.300000,,,0,0,0,ADL,1.000000
data/raw/PreVFall/v4_video_csv/Pre-VFall/confusion_delirium/CLFM3.mp4#f592-655,data/raw/PreVFall/v4_video_csv/Pre-VFall/confusion_delirium/CLFM3.mp4,3,PreVFall,0,592,655,19.733333,21.833333,,,0,0,0,ADL,1.000000
data/raw/PreVFall/v4_video_csv/Pre-VFall/confusion_delirium/CLFM3.mp4#f608-671,data/raw/PreVFall/v4_video_csv/Pre-VFall/confusion_delirium/CLFM3.mp4,3,PreVFall,0,608,671,20.266667,22.366667,,,0,0,0,ADL,1.000000
data/raw/PreVFall/v4_video_csv/Pre-VFall/confusion_delirium/CLSM1.mp4#f0-63,data/raw/PreVFall/v4_video_csv/Pre-VFall/confusion_delirium/CLSM1.mp4,1,PreVFall,0,0,63,0.000000,2.100000,,,0,0,0,ADL,1.000000
data/raw/PreVFall/v4_video_csv/Pre-VFall/confusion_delirium/CLSM1.mp4#f16-79,data/raw/PreVFall/v4_video_csv/Pre-VFall/confusion_delirium/CLSM1.mp4,1,PreVFall,0,16,79,0.533333,2.633333,,,0,0,0,ADL,1.000000
data/raw/PreVFall/v4_video_csv/Pre-VFall/confusion_delirium/CLSM1.mp4#f32-95,data/raw/PreVFall/v4_video_csv/Pre-VFall/confusion_delirium/CLSM1.mp4,1,PreVFall,0,32,95,1.066667,3.166667,,,0,0,0,ADL,1.000000
data/raw/PreVFall/v4_video_csv/Pre-VFall/confusion_delirium/CLSM1.mp4#f48-111,data/raw/PreVFall/v4_video_csv/Pre-VFall/confusion_delirium/CLSM1.mp4,1,PreVFall,0,48,111,1.600000,3.700000,,,0,0,0,ADL,1.000000
data/raw/PreVFall/v4_video_csv/Pre-VFall/confusion_delirium/CLSM1.mp4#f64-127,data/raw/PreVFall/v4_video_csv/Pre-VFall/confusion_delirium/CLSM1.mp4,1,PreVFall,0,64,127,2.133333,4.233333,,,0,0,0,ADL,1.000000
data/raw/PreVFall/v4_video_csv/Pre-VFall/confusion_delirium/CLSM1.mp4#f80-143,data/raw/PreVFall/v4_video_csv/Pre-VFall/confusion_delirium/CLSM1.mp4,1,PreVFall,0,80,143,2.666667,4.766667,,,0,0,0,ADL,1.000000
data/raw/PreVFall/v4_video_csv/Pre-VFall/confusion_delirium/CLSM1.mp4#f96-159,data/raw/PreVFall/v4_video_csv/Pre-VFall/confusion_delirium/CLSM1.mp4,1,PreVFall,0,96,159,3.200000,5.300000,,,0,0,0,ADL,1.000000
data/raw/PreVFall/v4_video_csv/Pre-VFall/confusion_delirium/CLSM1.mp4#f112-175,data/raw/PreVFall/v4_video_csv/Pre-VFall/confusion_delirium/CLSM1.mp4,1,PreVFall,0,112,175,3.733333,5.833333,,,0,0,0,ADL,1.000000
data/raw/PreVFall/v4_video_csv/Pre-VFall/confusion_delirium/CLSM1.mp4#f128-191,data/raw/PreVFall/v4_video_csv/Pre-VFall/confusion_delirium/CLSM1.mp4,1,PreVFall,0,128,191,4.266667,6.366667,,,0,0,0,ADL,1.000000
data/raw/PreVFall/v4_video_csv/Pre-VFall/confusion_delirium/CLSM1.mp4#f144-207,data/raw/PreVFall/v4_video_csv/Pre-VFall/confusion_delirium/CLSM1.mp4,1,PreVFall,0,144,207,4.800000,6.900000,,,0,0,0,ADL,1.000000
data/raw/PreVFall/v4_video_csv/Pre-VFall/confusion_delirium/CLSM1.mp4#f160-223,data/raw/PreVFall/v4_video_csv/Pre-VFall/confusion_delirium/CLSM1.mp4,1,PreVFall,0,160,223,5.333333,7.433333,,,0,0,0,ADL,1.000000
data/raw/PreVFall/v4_video_csv/Pre-VFall/confusion_delirium/CLSM1.mp4#f176-239,data/raw/PreVFall/v4_video_csv/Pre-VFall/confusion_delirium/CLSM1.mp4,1,PreVFall,0,176,239,5.866667,7.966667,,,0,0,0,ADL,1.000000
data/raw/PreVFall/v4_video_csv/Pre-VFall/confusion_delirium/CLSM1.mp4#f192-255,data/raw/PreVFall/v4_video_csv/Pre-VFall/confusion_delirium/CLSM1.mp4,1,PreVFall,0,192,255,6.400000,8.500000,,,0,0,0,ADL,1.000000
data/raw/PreVFall/v4_video_csv/Pre-VFall/confusion_delirium/CLSM1.mp4#f208-271,data/raw/PreVFall/v4_video_csv/Pre-VFall/confusion_delirium/CLSM1.mp4,1,PreVFall,0,208,271,6.933333,9.033333,,,0,0,0,ADL,1.000000
data/raw/PreVFall/v4_video_csv/Pre-VFall/confusion_delirium/CLSM1.mp4#f224-287,data/raw/PreVFall/v4_video_csv/Pre-VFall/confusion_delirium/CLSM1.mp4,1,PreVFall,0,224,287,7.466667,9.566667,,,0,0,0,ADL,1.000000
data/raw/PreVFall/v4_video_csv/Pre-VFall/confusion_delirium/CLSM1.mp4#f240-303,data/raw/PreVFall/v4_video_csv/Pre-VFall/confusion_delirium/CLSM1.mp4,1,PreVFall,0,240,303,8.000000,10.100000,,,0,0,0,ADL,1.000000
data/raw/PreVFall/v4_video_csv/Pre-VFall/confusion_delirium/CLSM1.mp4#f256-319,data/raw/PreVFall/v4_video_csv/Pre-VFall/confusion_delirium/CLSM1.mp4,1,PreVFall,0,256,319,8.533333,10.633333,,,0,0,0,ADL,1.000000
data/raw/PreVFall/v4_video_csv/Pre-VFall/confusion_delirium/CLSM1.mp4#f272-335,data/raw/PreVFall/v4_video_csv/Pre-VFall/confusion_delirium/CLSM1.mp4,1,PreVFall,0,272,335,9.066667,11.166667,,,0,0,0,ADL,1.000000
data/raw/PreVFall/v4_video_csv/Pre-VFall/confusion_delirium/CLSM1.mp4#f288-351,data/raw/PreVFall/v4_video_csv/Pre-VFall/confusion_delirium/CLSM1.mp4,1,PreVFall,0,288,351,9.600000,11.700000,,,0,0,0,ADL,1.000000
data/raw/PreVFall/v4_video_csv/Pre-VFall/confusion_delirium/CLSM1.mp4#f304-367,data/raw/PreVFall/v4_video_csv/Pre-VFall/confusion_delirium/CLSM1.mp4,1,PreVFall,0,304,367,10.133333,12.233333,,,0,0,0,ADL,1.000000
data/raw/PreVFall/v4_video_csv/Pre-VFall/confusion_delirium/CLSM1.mp4#f320-383,data/raw/PreVFall/v4_video_csv/Pre-VFall/confusion_delirium/CLSM1.mp4,1,PreVFall,0,320,383,10.666667,12.766667,,,0,0,0,ADL,1.000000
data/raw/PreVFall/v4_video_csv/Pre-VFall/confusion_delirium/CLSM1.mp4#f336-399,data/raw/PreVFall/v4_video_csv/Pre-VFall/confusion_delirium/CLSM1.mp4,1,PreVFall,0,336,399,11.200000,13.300000,,,0,0,0,ADL,1.000000
data/raw/PreVFall/v4_video_csv/Pre-VFall/confusion_delirium/CLSM1.mp4#f352-415,data/raw/PreVFall/v4_video_csv/Pre-VFall/confusion_delirium/CLSM1.mp4,1,PreVFall,0,352,415,11.733333,13.833333,,,0,0,0,ADL,1.000000
data/raw/PreVFall/v4_video_csv/Pre-VFall/confusion_delirium/CLSM1.mp4#f368-431,data/raw/PreVFall/v4_video_csv/Pre-VFall/confusion_delirium/CLSM1.mp4,1,PreVFall,0,368,431,12.266667,14.366667,,,0,0,0,ADL,1.000000
data/raw/PreVFall/v4_video_csv/Pre-VFall/confusion_delirium/CLSM1.mp4#f384-447,data/raw/PreVFall/v4_video_csv/Pre-VFall/confusion_delirium/CLSM1.mp4,1,PreVFall,0,384,447,12.800000,14.900000,,,0,0,0,ADL,1.000000
data/raw/PreVFall/v4_video_csv/Pre-VFall/confusion_delirium/CLSM1.mp4#f400-463,data/raw/PreVFall/v4_video_csv/Pre-VFall/confusion_delirium/CLSM1.mp4,1,PreVFall,0,400,463,13.333333,15.433333,,,0,0,0,ADL,1.000000
data/raw/PreVFall/v4_video_csv/Pre-VFall/confusion_delirium/CLSM1.mp4#f416-479,data/raw/PreVFall/v4_video_csv/Pre-VFall/confusion_delirium/CLSM1.mp4,1,PreVFall,0,416,479,13.866667,15.966667,,,0,0,0,ADL,1.000000
data/raw/PreVFall/v4_video_csv/Pre-VFall/confusion_delirium/CLSM1.mp4#f432-495,data/raw/PreVFall/v4_video_csv/Pre-VFall/confusion_delirium/CLSM1.mp4,1,PreVFall,0,432,495,14.400000,16.500000,,,0,0,0,ADL,1.000000
data/raw/PreVFall/v4_video_csv/Pre-VFall/confusion_delirium/CLSM1.mp4#f448-511,data/raw/PreVFall/v4_video_csv/Pre-VFall/confusion_delirium/CLSM1.mp4,1,PreVFall,0,448,511,14.933333,17.033333,,,0,0,0,ADL,1.000000
data/raw/PreVFall/v4_video_csv/Pre-VFall/confusion_delirium/CLSM1.mp4#f464-527,data/raw/PreVFall/v4_video_csv/Pre-VFall/confusion_delirium/CLSM1.mp4,1,PreVFall,0,464,527,15.466667,17.566667,,,0,0,0,ADL,1.000000
data/raw/PreVFall/v4_video_csv/Pre-VFall/confusion_delirium/CLSM1.mp4#f480-543,data/raw/PreVFall/v4_video_csv/Pre-VFall/confusion_delirium/CLSM1.mp4,1,PreVFall,0,480,543,16.000000,18.100000,,,0,0,0,ADL,1.000000
data/raw/PreVFall/v4_video_csv/Pre-VFall/confusion_delirium/CLSM1.mp4#f496-559,data/raw/PreVFall/v4_video_csv/Pre-VFall/confusion_delirium/CLSM1.mp4,1,PreVFall,0,496,559,16.533333,18.633333,,,0,0,0,ADL,1.000000
data/raw/PreVFall/v4_video_csv/Pre-VFall/confusion_delirium/CLSM1.mp4#f512-575,data/raw/PreVFall/v4_video_csv/Pre-VFall/confusion_delirium/CLSM1.mp4,1,PreVFall,0,512,575,17.066667,19.166667,,,0,0,0,ADL,1.000000
data/raw/PreVFall/v4_video_csv/Pre-VFall/confusion_delirium/CLSM1.mp4#f528-591,data/raw/PreVFall/v4_video_csv/Pre-VFall/confusion_delirium/CLSM1.mp4,1,PreVFall,0,528,591,17.600000,19.700000,,,0,0,0,ADL,1.000000
data/raw/PreVFall/v4_video_csv/Pre-VFall/confusion_delirium/CLSM1.mp4#f544-607,data/raw/PreVFall/v4_video_csv/Pre-VFall/confusion_delirium/CLSM1.mp4,1,PreVFall,0,544,607,18.133333,20.233333,,,0,0,0,ADL,1.000000
data/raw/PreVFall/v4_video_csv/Pre-VFall/confusion_delirium/CLSM1.mp4#f560-623,data/raw/PreVFall/v4_video_csv/Pre-VFall/confusion_delirium/CLSM1.mp4,1,PreVFall,0,560,623,18.666667,20.766667,,,0,0,0,ADL,1.000000
data/raw/PreVFall/v4_video_csv/Pre-VFall/confusion_delirium/CLSM1.mp4#f576-639,data/raw/PreVFall/v4_video_csv/Pre-VFall/confusion_delirium/CLSM1.mp4,1,PreVFall,0,576,639,19.200000,21.300000,,,0,0,0,ADL,1.000000
data/raw/PreVFall/v4_video_csv/Pre-VFall/confusion_delirium/CLSM1.mp4#f592-655,data/raw/PreVFall/v4_video_csv/Pre-VFall/confusion_delirium/CLSM1.mp4,1,PreVFall,0,592,655,19.733333,21.833333,,,0,0,0,ADL,1.000000
data/raw/PreVFall/v4_video_csv/Pre-VFall/confusion_delirium/CLSM1.mp4#f608-671,data/raw/PreVFall/v4_video_csv/Pre-VFall/confusion_delirium/CLSM1.mp4,1,PreVFall,0,608,671,20.266667,22.366667,,,0,0,0,ADL,1.000000
data/raw/PreVFall/v4_video_csv/Pre-VFall/confusion_delirium/CLSM1.mp4#f624-687,data/raw/PreVFall/v4_video_csv/Pre-VFall/confusion_delirium/CLSM1.mp4,1,PreVFall,0,624,687,20.800000,22.900000,,,0,0,0,ADL,1.000000
data/raw/PreVFall/v4_video_csv/Pre-VFall/confusion_delirium/CLSM1.mp4#f640-703,data/raw/PreVFall/v4_video_csv/Pre-VFall/confusion_delirium/CLSM1.mp4,1,PreVFall,0,640,703,21.333333,23.433333,,,0,0,0,ADL,1.000000
data/raw/PreVFall/v4_video_csv/Pre-VFall/confusion_delirium/CLSM1.mp4#f656-719,data/raw/PreVFall/v4_video_csv/Pre-VFall/confusion_delirium/CLSM1.mp4,1,PreVFall,0,656,719,21.866667,23.966667,,,0,0,0,ADL,1.000000
data/raw/PreVFall/v4_video_csv/Pre-VFall/confusion_delirium/CLSM1.mp4#f672-735,data/raw/PreVFall/v4_video_csv/Pre-VFall/confusion_delirium/CLSM1.mp4,1,PreVFall,0,672,735,22.400000,24.500000,,,0,0,0,ADL,1.000000
data/raw/PreVFall/v4_video_csv/Pre-VFall/confusion_delirium/CLSM1.mp4#f688-751,data/raw/PreVFall/v4_video_csv/Pre-VFall/confusion_delirium/CLSM1.mp4,1,PreVFall,0,688,751,22.933333,25.033333,,,0,0,0,ADL,1.000000
data/raw/PreVFall/v4_video_csv/Pre-VFall/confusion_delirium/CLSM1.mp4#f704-767,data/raw/PreVFall/v4_video_csv/Pre-VFall/confusion_delirium/CLSM1.mp4,1,PreVFall,0,704,767,23.466667,25.566667,,,0,0,0,ADL,1.000000
data/raw/PreVFall/v4_video_csv/Pre-VFall/confusion_delirium/CLSM1.mp4#f720-783,data/raw/PreVFall/v4_video_csv/Pre-VFall/confusion_delirium/CLSM1.mp4,1,PreVFall,0,720,783,24.000000,26.100000,,,0,0,0,ADL,1.000000
data/raw/PreVFall/v4_video_csv/Pre-VFall/confusion_delirium/CLSM1.mp4#f736-799,data/raw/PreVFall/v4_video_csv/Pre-VFall/confusion_delirium/CLSM1.mp4,1,PreVFall,0,736,799,24.533333,26.633333,,,0,0,0,ADL,1.000000
data/raw/PreVFall/v4_video_csv/Pre-VFall/confusion_delirium/CLSM1.mp4#f752-815,data/raw/PreVFall/v4_video_csv/Pre-VFall/confusion_delirium/CLSM1.mp4,1,PreVFall,0,752,815,25.066667,27.166667,,,0,0,0,ADL,1.000000
data/raw/PreVFall/v4_video_csv/Pre-VFall/confusion_delirium/CLSM1.mp4#f768-831,data/raw/PreVFall/v4_video_csv/Pre-VFall/confusion_delirium/CLSM1.mp4,1,PreVFall,0,768,831,25.600000,27.700000,,,0,0,0,ADL,1.000000
data/raw/PreVFall/v4_video_csv/Pre-VFall/confusion_delirium/CLSM1.mp4#f784-847,data/raw/PreVFall/v4_video_csv/Pre-VFall/confusion_delirium/CLSM1.mp4,1,PreVFall,0,784,847,26.133333,28.233333,,,0,0,0,ADL,1.000000
data/raw/PreVFall/v4_video_csv/Pre-VFall/confusion_delirium/CLSM1.mp4#f800-863,data/raw/PreVFall/v4_video_csv/Pre-VFall/confusion_delirium/CLSM1.mp4,1,PreVFall,0,800,863,26.666667,28.766667,,,0,0,0,ADL,1.000000
data/raw/PreVFall/v4_video_csv/Pre-VFall/confusion_delirium/CLSM1.mp4#f816-879,data/raw/PreVFall/v4_video_csv/Pre-VFall/confusion_delirium/CLSM1.mp4,1,PreVFall,0,816,879,27.200000,29.300000,,,0,0,0,ADL,1.000000
data/raw/PreVFall/v4_video_csv/Pre-VFall/confusion_delirium/CLSM1.mp4#f832-895,data/raw/PreVFall/v4_video_csv/Pre-VFall/confusion_delirium/CLSM1.mp4,1,PreVFall,0,832,895,27.733333,29.833333,,,0,0,0,ADL,1.000000
data/raw/PreVFall/v4_video_csv/Pre-VFall/confusion_delirium/CLSM1.mp4#f848-911,data/raw/PreVFall/v4_video_csv/Pre-VFall/confusion_delirium/CLSM1.mp4,1,PreVFall,0,848,911,28.266667,30.366667,,,0,0,0,ADL,1.000000
data/raw/PreVFall/v4_video_csv/Pre-VFall/confusion_delirium/CLSM1.mp4#f864-927,data/raw/PreVFall/v4_video_csv/Pre-VFall/confusion_delirium/CLSM1.mp4,1,PreVFall,0,864,927,28.800000,30.900000,,,0,0,0,ADL,1.000000
data/raw/PreVFall/v4_video_csv/Pre-VFall/confusion_delirium/CLSM1.mp4#f880-943,data/raw/PreVFall/v4_video_csv/Pre-VFall/confusion_delirium/CLSM1.mp4,1,PreVFall,0,880,943,29.333333,31.433333,,,0,0,0,ADL,1.000000
data/raw/PreVFall/v4_video_csv/Pre-VFall/confusion_delirium/CLSM1.mp4#f896-959,data/raw/PreVFall/v4_video_csv/Pre-VFall/confusion_delirium/CLSM1.mp4,1,PreVFall,0,896,959,29.866667,31.966667,,,0,0,0,ADL,1.000000
data/raw/PreVFall/v4_video_csv/Pre-VFall/confusion_delirium/CLSM1.mp4#f912-975,data/raw/PreVFall/v4_video_csv/Pre-VFall/confusion_delirium/CLSM1.mp4,1,PreVFall,0,912,975,30.400000,32.500000,,,0,0,0,ADL,1.000000
data/raw/PreVFall/v4_video_csv/Pre-VFall/confusion_delirium/CLSM1.mp4#f928-991,data/raw/PreVFall/v4_video_csv/Pre-VFall/confusion_delirium/CLSM1.mp4,1,PreVFall,0,928,991,30.933333,33.033333,,,0,0,0,ADL,1.000000
data/raw/PreVFall/v4_video_csv/Pre-VFall/confusion_delirium/CLSM1.mp4#f944-1007,data/raw/PreVFall/v4_video_csv/Pre-VFall/confusion_delirium/CLSM1.mp4,1,PreVFall,0,944,1007,31.466667,33.566667,,,0,0,0,ADL,1.000000
data/raw/PreVFall/v4_video_csv/Pre-VFall/confusion_delirium/CLSM1.mp4#f960-1023,data/raw/PreVFall/v4_video_csv/Pre-VFall/confusion_delirium/CLSM1.mp4,1,PreVFall,0,960,1023,32.000000,34.100000,,,0,0,0,ADL,1.000000
data/raw/PreVFall/v4_video_csv/Pre-VFall/confusion_delirium/CLSM1.mp4#f976-1039,data/raw/PreVFall/v4_video_csv/Pre-VFall/confusion_delirium/CLSM1.mp4,1,PreVFall,0,976,1039,32.533333,34.633333,,,0,0,0,ADL,1.000000
data/raw/PreVFall/v4_video_csv/Pre-VFall/confusion_delirium/CLSM1.mp4#f992-1055,data/raw/PreVFall/v4_video_csv/Pre-VFall/confusion_delirium/CLSM1.mp4,1,PreVFall,0,992,1055,33.066667,35.166667,,,0,0,0,ADL,1.000000
data/raw/PreVFall/v4_video_csv/Pre-VFall/confusion_delirium/CLSM1.mp4#f1008-1071,data/raw/PreVFall/v4_video_csv/Pre-VFall/confusion_delirium/CLSM1.mp4,1,PreVFall,0,1008,1071,33.600000,35.700000,,,0,0,0,ADL,1.000000
data/raw/PreVFall/v4_video_csv/Pre-VFall/confusion_delirium/CLSM1.mp4#f1024-1087,data/raw/PreVFall/v4_video_csv/Pre-VFall/confusion_delirium/CLSM1.mp4,1,PreVFall,0,1024,1087,34.133333,36.233333,,,0,0,0,ADL,1.000000
data/raw/PreVFall/v4_video_csv/Pre-VFall/confusion_delirium/CLSM1.mp4#f1040-1103,data/raw/PreVFall/v4_video_csv/Pre-VFall/confusion_delirium/CLSM1.mp4,1,PreVFall,0,1040,1103,34.666667,36.766667,,,0,0,0,ADL,1.000000
data/raw/PreVFall/v4_video_csv/Pre-VFall/confusion_delirium/CLSM1.mp4#f1056-1119,data/raw/PreVFall/v4_video_csv/Pre-VFall/confusion_delirium/CLSM1.mp4,1,PreVFall,0,1056,1119,35.200000,37.300000,,,0,0,0,ADL,1.000000
data/raw/PreVFall/v4_video_csv/Pre-VFall/confusion_delirium/CLSM1.mp4#f1072-1135,data/raw/PreVFall/v4_video_csv/Pre-VFall/confusion_delirium/CLSM1.mp4,1,PreVFall,0,1072,1135,35.733333,37.833333,,,0,0,0,ADL,1.000000
data/raw/PreVFall/v4_video_csv/Pre-VFall/confusion_delirium/CLSM1.mp4#f1088-1151,data/raw/PreVFall/v4_video_csv/Pre-VFall/confusion_delirium/CLSM1.mp4,1,PreVFall,0,1088,1151,36.266667,38.366667,,,0,0,0,ADL,1.000000
data/raw/PreVFall/v4_video_csv/Pre-VFall/confusion_delirium/CLSM1.mp4#f1104-1167,data/raw/PreVFall/v4_video_csv/Pre-VFall/confusion_delirium/CLSM1.mp4,1,PreVFall,0,1104,1167,36.800000,38.900000,,,0,0,0,ADL,1.000000
data/raw/PreVFall/v4_video_csv/Pre-VFall/confusion_delirium/CLSM1.mp4#f1120-1183,data/raw/PreVFall/v4_video_csv/Pre-VFall/confusion_delirium/CLSM1.mp4,1,PreVFall,0,1120,1183,37.333333,39.433333,,,0,0,0,ADL,1.000000
data/raw/PreVFall/v4_video_csv/Pre-VFall/confusion_delirium/CLSM1.mp4#f1136-1199,data/raw/PreVFall/v4_video_csv/Pre-VFall/confusion_delirium/CLSM1.mp4,1,PreVFall,0,1136,1199,37.866667,39.966667,,,0,0,0,ADL,1.000000
data/raw/PreVFall/v4_video_csv/Pre-VFall/confusion_delirium/CLSM1.mp4#f1152-1215,data/raw/PreVFall/v4_video_csv/Pre-VFall/confusion_delirium/CLSM1.mp4,1,PreVFall,0,1152,1215,38.400000,40.500000,,,0,0,0,ADL,1.000000
data/raw/PreVFall/v4_video_csv/Pre-VFall/confusion_delirium/CLSM1.mp4#f1168-1231,data/raw/PreVFall/v4_video_csv/Pre-VFall/confusion_delirium/CLSM1.mp4,1,PreVFall,0,1168,1231,38.933333,41.033333,,,0,0,0,ADL,1.000000
data/raw/PreVFall/v4_video_csv/Pre-VFall/confusion_delirium/CLSM1.mp4#f1184-1247,data/raw/PreVFall/v4_video_csv/Pre-VFall/confusion_delirium/CLSM1.mp4,1,PreVFall,0,1184,1247,39.466667,41.566667,,,0,0,0,ADL,1.000000
data/raw/PreVFall/v4_video_csv/Pre-VFall/confusion_delirium/CLSM1.mp4#f1200-1263,data/raw/PreVFall/v4_video_csv/Pre-VFall/confusion_delirium/CLSM1.mp4,1,PreVFall,0,1200,1263,40.000000,42.100000,,,0,0,0,ADL,1.000000
data/raw/PreVFall/v4_video_csv/Pre-VFall/confusion_delirium/CLSM1.mp4#f1216-1279,data/raw/PreVFall/v4_video_csv/Pre-VFall/confusion_delirium/CLSM1.mp4,1,PreVFall,0,1216,1279,40.533333,42.633333,,,0,0,0,ADL,1.000000
data/raw/PreVFall/v4_video_csv/Pre-VFall/confusion_delirium/CLSM1.mp4#f1232-1295,data/raw/PreVFall/v4_video_csv/Pre-VFall/confusion_delirium/CLSM1.mp4,1,PreVFall,0,1232,1295,41.066667,43.166667,,,0,0,0,ADL,1.000000
data/raw/PreVFall/v4_video_csv/Pre-VFall/confusion_delirium/CLSM1.mp4#f1248-1311,data/raw/PreVFall/v4_video_csv/Pre-VFall/confusion_delirium/CLSM1.mp4,1,PreVFall,0,1248,1311,41.600000,43.700000,,,0,0,0,ADL,1.000000
data/raw/PreVFall/v4_video_csv/Pre-VFall/confusion_delirium/CLSM1.mp4#f1264-1327,data/raw/PreVFall/v4_video_csv/Pre-VFall/confusion_delirium/CLSM1.mp4,1,PreVFall,0,1264,1327,42.133333,44.233333,,,0,0,0,ADL,1.000000
data/raw/PreVFall/v4_video_csv/Pre-VFall/confusion_delirium/CLSM1.mp4#f1280-1343,data/raw/PreVFall/v4_video_csv/Pre-VFall/confusion_delirium/CLSM1.mp4,1,PreVFall,0,1280,1343,42.666667,44.766667,,,0,0,0,ADL,1.000000
data/raw/PreVFall/v4_video_csv/Pre-VFall/confusion_delirium/CLSM1.mp4#f1296-1359,data/raw/PreVFall/v4_video_csv/Pre-VFall/confusion_delirium/CLSM1.mp4,1,PreVFall,0,1296,1359,43.200000,45.300000,,,0,0,0,ADL,1.000000
data/raw/PreVFall/v4_video_csv/Pre-VFall/confusion_delirium/CLSM1.mp4#f1312-1375,data/raw/PreVFall/v4_video_csv/Pre-VFall/confusion_delirium/CLSM1.mp4,1,PreVFall,0,1312,1375,43.733333,45.833333,,,0,0,0,ADL,1.000000
data/raw/PreVFall/v4_video_csv/Pre-VFall/confusion_delirium/CLSM1.mp4#f1328-1391,data/raw/PreVFall/v4_video_csv/Pre-VFall/confusion_delirium/CLSM1.mp4,1,PreVFall,0,1328,1391,44.266667,46.366667,,,0,0,0,ADL,1.000000
data/raw/PreVFall/v4_video_csv/Pre-VFall/confusion_delirium/CLSM1.mp4#f1344-1407,data/raw/PreVFall/v4_video_csv/Pre-VFall/confusion_delirium/CLSM1.mp4,1,PreVFall,0,1344,1407,44.800000,46.900000,,,0,0,0,ADL,1.000000
data/raw/PreVFall/v4_video_csv/Pre-VFall/confusion_delirium/CLSM1.mp4#f1360-1423,data/raw/PreVFall/v4_video_csv/Pre-VFall/confusion_delirium/CLSM1.mp4,1,PreVFall,0,1360,1423,45.333333,47.433333,,,0,0,0,ADL,1.000000
data/raw/PreVFall/v4_video_csv/Pre-VFall/confusion_delirium/CLSM1.mp4#f1376-1439,data/raw/PreVFall/v4_video_csv/Pre-VFall/confusion_delirium/CLSM1.mp4,1,PreVFall,0,1376,1439,45.866667,47.966667,,,0,0,0,ADL,1.000000
data/raw/PreVFall/v4_video_csv/Pre-VFall/confusion_delirium/CLSM1.mp4#f1392-1455,data/raw/PreVFall/v4_video_csv/Pre-VFall/confusion_delirium/CLSM1.mp4,1,PreVFall,0,1392,1455,46.400000,48.500000,,,0,0,0,ADL,1.000000
data/raw/PreVFall/v4_video_csv/Pre-VFall/confusion_delirium/CLSM1.mp4#f1408-1471,data/raw/PreVFall/v4_video_csv/Pre-VFall/confusion_delirium/CLSM1.mp4,1,PreVFall,0,1408,1471,46.933333,49.033333,,,0,0,0,ADL,1.000000
data/raw/PreVFall/v4_video_csv/Pre-VFall/confusion_delirium/CLSM1.mp4#f1424-1487,data/raw/PreVFall/v4_video_csv/Pre-VFall/confusion_delirium/CLSM1.mp4,1,PreVFall,0,1424,1487,47.466667,49.566667,,,0,0,0,ADL,1.000000
data/raw/PreVFall/v4_video_csv/Pre-VFall/confusion_delirium/CLSM1.mp4#f1440-1503,data/raw/PreVFall/v4_video_csv/Pre-VFall/confusion_delirium/CLSM1.mp4,1,PreVFall,0,1440,1503,48.000000,50.100000,,,0,0,0,ADL,1.000000
data/raw/PreVFall/v4_video_csv/Pre-VFall/confusion_delirium/CLSM1.mp4#f1456-1519,data/raw/PreVFall/v4_video_csv/Pre-VFall/confusion_delirium/CLSM1.mp4,1,PreVFall,0,1456,1519,48.533333,50.633333,,,0,0,0,ADL,1.000000
data/raw/PreVFall/v4_video_csv/Pre-VFall/confusion_delirium/CLSM1.mp4#f1472-1535,data/raw/PreVFall/v4_video_csv/Pre-VFall/confusion_delirium/CLSM1.mp4,1,PreVFall,0,1472,1535,49.066667,51.166667,,,0,0,0,ADL,1.000000
data/raw/PreVFall/v4_video_csv/Pre-VFall/confusion_delirium/CLSM1.mp4#f1488-1551,data/raw/PreVFall/v4_video_csv/Pre-VFall/confusion_delirium/CLSM1.mp4,1,PreVFall,0,1488,1551,49.600000,51.700000,,,0,0,0,ADL,1.000000
data/raw/PreVFall/v4_video_csv/Pre-VFall/confusion_delirium/CLSM1.mp4#f1504-1567,data/raw/PreVFall/v4_video_csv/Pre-VFall/confusion_delirium/CLSM1.mp4,1,PreVFall,0,1504,1567,50.133333,52.233333,,,0,0,0,ADL,1.000000
data/raw/PreVFall/v4_video_csv/Pre-VFall/confusion_delirium/CLSM1.mp4#f1520-1583,data/raw/PreVFall/v4_video_csv/Pre-VFall/confusion_delirium/CLSM1.mp4,1,PreVFall,0,1520,1583,50.666667,52.766667,,,0,0,0,ADL,1.000000
data/raw/PreVFall/v4_video_csv/Pre-VFall/confusion_delirium/CLSM1.mp4#f1536-1599,data/raw/PreVFall/v4_video_csv/Pre-VFall/confusion_delirium/CLSM1.mp4,1,PreVFall,0,1536,1599,51.200000,53.300000,,,0,0,0,ADL,1.000000
data/raw/PreVFall/v4_video_csv/Pre-VFall/confusion_delirium/CLSM1.mp4#f1552-1615,data/raw/PreVFall/v4_video_csv/Pre-VFall/confusion_delirium/CLSM1.mp4,1,PreVFall,0,1552,1615,51.733333,53.833333,,,0,0,0,ADL,1.000000
data/raw/PreVFall/v4_video_csv/Pre-VFall/confusion_delirium/CLSM1.mp4#f1568-1631,data/raw/PreVFall/v4_video_csv/Pre-VFall/confusion_delirium/CLSM1.mp4,1,PreVFall,0,1568,1631,52.266667,54.366667,,,0,0,0,ADL,1.000000
data/raw/PreVFall/v4_video_csv/Pre-VFall/confusion_delirium/CLSM1.mp4#f1584-1647,data/raw/PreVFall/v4_video_csv/Pre-VFall/confusion_delirium/CLSM1.mp4,1,PreVFall,0,1584,1647,52.800000,54.900000,,,0,0,0,ADL,1.000000
data/raw/PreVFall/v4_video_csv/Pre-VFall/confusion_delirium/CLSM1.mp4#f1600-1663,data/raw/PreVFall/v4_video_csv/Pre-VFall/confusion_delirium/CLSM1.mp4,1,PreVFall,0,1600,1663,53.333333,55.433333,,,0,0,0,ADL,1.000000
data/raw/PreVFall/v4_video_csv/Pre-VFall/confusion_delirium/CLSM1.mp4#f1616-1679,data/raw/PreVFall/v4_video_csv/Pre-VFall/confusion_delirium/CLSM1.mp4,1,PreVFall,0,1616,1679,53.866667,55.966667,,,0,0,0,ADL,1.000000
data/raw/PreVFall/v4_video_csv/Pre-VFall/confusion_delirium/CLSM1.mp4#f1632-1695,data/raw/PreVFall/v4_video_csv/Pre-VFall/confusion_delirium/CLSM1.mp4,1,PreVFall,0,1632,1695,54.400000,56.500000,,,0,0,0,ADL,1.000000
data/raw/PreVFall/v4_video_csv/Pre-VFall/confusion_delirium/CLSM2.mp4#f0-63,data/raw/PreVFall/v4_video_csv/Pre-VFall/confusion_delirium/CLSM2.mp4,2,PreVFall,0,0,63,0.000000,2.100000,,,0,0,0,ADL,1.000000
data/raw/PreVFall/v4_video_csv/Pre-VFall/confusion_delirium/CLSM2.mp4#f16-79,data/raw/PreVFall/v4_video_csv/Pre-VFall/confusion_delirium/CLSM2.mp4,2,PreVFall,0,16,79,0.533333,2.633333,,,0,0,0,ADL,1.000000
data/raw/PreVFall/v4_video_csv/Pre-VFall/confusion_delirium/CLSM2.mp4#f32-95,data/raw/PreVFall/v4_video_csv/Pre-VFall/confusion_delirium/CLSM2.mp4,2,PreVFall,0,32,95,1.066667,3.166667,,,0,0,0,ADL,1.000000
data/raw/PreVFall/v4_video_csv/Pre-VFall/confusion_delirium/CLSM2.mp4#f48-111,data/raw/PreVFall/v4_video_csv/Pre-VFall/confusion_delirium/CLSM2.mp4,2,PreVFall,0,48,111,1.600000,3.700000,,,0,0,0,ADL,1.000000
data/raw/PreVFall/v4_video_csv/Pre-VFall/confusion_delirium/CLSM2.mp4#f64-127,data/raw/PreVFall/v4_video_csv/Pre-VFall/confusion_delirium/CLSM2.mp4,2,PreVFall,0,64,127,2.133333,4.233333,,,0,0,0,ADL,1.000000
data/raw/PreVFall/v4_video_csv/Pre-VFall/confusion_delirium/CLSM2.mp4#f80-143,data/raw/PreVFall/v4_video_csv/Pre-VFall/confusion_delirium/CLSM2.mp4,2,PreVFall,0,80,143,2.666667,4.766667,,,0,0,0,ADL,1.000000
data/raw/PreVFall/v4_video_csv/Pre-VFall/confusion_delirium/CLSM2.mp4#f96-159,data/raw/PreVFall/v4_video_csv/Pre-VFall/confusion_delirium/CLSM2.mp4,2,PreVFall,0,96,159,3.200000,5.300000,,,0,0,0,ADL,1.000000
data/raw/PreVFall/v4_video_csv/Pre-VFall/confusion_delirium/CLSM2.mp4#f112-175,data/raw/PreVFall/v4_video_csv/Pre-VFall/confusion_delirium/CLSM2.mp4,2,PreVFall,0,112,175,3.733333,5.833333,,,0,0,0,ADL,1.000000
data/raw/PreVFall/v4_video_csv/Pre-VFall/confusion_delirium/CLSM2.mp4#f128-191,data/raw/PreVFall/v4_video_csv/Pre-VFall/confusion_delirium/CLSM2.mp4,2,PreVFall,0,128,191,4.266667,6.366667,,,0,0,0,ADL,1.000000
data/raw/PreVFall/v4_video_csv/Pre-VFall/confusion_delirium/CLSM2.mp4#f144-207,data/raw/PreVFall/v4_video_csv/Pre-VFall/confusion_delirium/CLSM2.mp4,2,PreVFall,0,144,207,4.800000,6.900000,,,0,0,0,ADL,1.000000
data/raw/PreVFall/v4_video_csv/Pre-VFall/confusion_delirium/CLSM2.mp4#f160-223,data/raw/PreVFall/v4_video_csv/Pre-VFall/confusion_delirium/CLSM2.mp4,2,PreVFall,0,160,223,5.333333,7.433333,,,0,0,0,ADL,1.000000
data/raw/PreVFall/v4_video_csv/Pre-VFall/confusion_delirium/CLSM2.mp4#f176-239,data/raw/PreVFall/v4_video_csv/Pre-VFall/confusion_delirium/CLSM2.mp4,2,PreVFall,0,176,239,5.866667,7.966667,,,0,0,0,ADL,1.000000
data/raw/PreVFall/v4_video_csv/Pre-VFall/confusion_delirium/CLSM2.mp4#f192-255,data/raw/PreVFall/v4_video_csv/Pre-VFall/confusion_delirium/CLSM2.mp4,2,PreVFall,0,192,255,6.400000,8.500000,,,0,0,0,ADL,1.000000
data/raw/PreVFall/v4_video_csv/Pre-VFall/confusion_delirium/CLSM2.mp4#f208-271,data/raw/PreVFall/v4_video_csv/Pre-VFall/confusion_delirium/CLSM2.mp4,2,PreVFall,0,208,271,6.933333,9.033333,,,0,0,0,ADL,1.000000
data/raw/PreVFall/v4_video_csv/Pre-VFall/confusion_delirium/CLSM2.mp4#f224-287,data/raw/PreVFall/v4_video_csv/Pre-VFall/confusion_delirium/CLSM2.mp4,2,PreVFall,0,224,287,7.466667,9.566667,,,0,0,0,ADL,1.000000
data/raw/PreVFall/v4_video_csv/Pre-VFall/confusion_delirium/CLSM2.mp4#f240-303,data/raw/PreVFall/v4_video_csv/Pre-VFall/confusion_delirium/CLSM2.mp4,2,PreVFall,0,240,303,8.000000,10.100000,,,0,0,0,ADL,1.000000
data/raw/PreVFall/v4_video_csv/Pre-VFall/confusion_delirium/CLSM2.mp4#f256-319,data/raw/PreVFall/v4_video_csv/Pre-VFall/confusion_delirium/CLSM2.mp4,2,PreVFall,0,256,319,8.533333,10.633333,,,0,0,0,ADL,1.000000
data/raw/PreVFall/v4_video_csv/Pre-VFall/confusion_delirium/CLSM2.mp4#f272-335,data/raw/PreVFall/v4_video_csv/Pre-VFall/confusion_delirium/CLSM2.mp4,2,PreVFall,0,272,335,9.066667,11.166667,,,0,0,0,ADL,1.000000
data/raw/PreVFall/v4_video_csv/Pre-VFall/confusion_delirium/CLSM2.mp4#f288-351,data/raw/PreVFall/v4_video_csv/Pre-VFall/confusion_delirium/CLSM2.mp4,2,PreVFall,0,288,351,9.600000,11.700000,,,0,0,0,ADL,1.000000
data/raw/PreVFall/v4_video_csv/Pre-VFall/confusion_delirium/CLSM2.mp4#f304-367,data/raw/PreVFall/v4_video_csv/Pre-VFall/confusion_delirium/CLSM2.mp4,2,PreVFall,0,304,367,10.133333,12.233333,,,0,0,0,ADL,1.000000
data/raw/PreVFall/v4_video_csv/Pre-VFall/confusion_delirium/CLSM2.mp4#f320-383,data/raw/PreVFall/v4_video_csv/Pre-VFall/confusion_delirium/CLSM2.mp4,2,PreVFall,0,320,383,10.666667,12.766667,,,0,0,0,ADL,1.000000
data/raw/PreVFall/v4_video_csv/Pre-VFall/confusion_delirium/CLSM2.mp4#f336-399,data/raw/PreVFall/v4_video_csv/Pre-VFall/confusion_delirium/CLSM2.mp4,2,PreVFall,0,336,399,11.200000,13.300000,,,0,0,0,ADL,1.000000
data/raw/PreVFall/v4_video_csv/Pre-VFall/confusion_delirium/CLSM2.mp4#f352-415,data/raw/PreVFall/v4_video_csv/Pre-VFall/confusion_delirium/CLSM2.mp4,2,PreVFall,0,352,415,11.733333,13.833333,,,0,0,0,ADL,1.000000
data/raw/PreVFall/v4_video_csv/Pre-VFall/confusion_delirium/CLSM2.mp4#f368-431,data/raw/PreVFall/v4_video_csv/Pre-VFall/confusion_delirium/CLSM2.mp4,2,PreVFall,0,368,431,12.266667,14.366667,,,0,0,0,ADL,1.000000
data/raw/PreVFall/v4_video_csv/Pre-VFall/confusion_delirium/CLSM2.mp4#f384-447,data/raw/PreVFall/v4_video_csv/Pre-VFall/confusion_delirium/CLSM2.mp4,2,PreVFall,0,384,447,12.800000,14.900000,,,0,0,0,ADL,1.000000
data/raw/PreVFall/v4_video_csv/Pre-VFall/confusion_delirium/CLSM2.mp4#f400-463,data/raw/PreVFall/v4_video_csv/Pre-VFall/confusion_delirium/CLSM2.mp4,2,PreVFall,0,400,463,13.333333,15.433333,,,0,0,0,ADL,1.000000
data/raw/PreVFall/v4_video_csv/Pre-VFall/confusion_delirium/CLSM2.mp4#f416-479,data/raw/PreVFall/v4_video_csv/Pre-VFall/confusion_delirium/CLSM2.mp4,2,PreVFall,0,416,479,13.866667,15.966667,,,0,0,0,ADL,1.000000
data/raw/PreVFall/v4_video_csv/Pre-VFall/confusion_delirium/CLSM2.mp4#f432-495,data/raw/PreVFall/v4_video_csv/Pre-VFall/confusion_delirium/CLSM2.mp4,2,PreVFall,0,432,495,14.400000,16.500000,,,0,0,0,ADL,1.000000
data/raw/PreVFall/v4_video_csv/Pre-VFall/confusion_delirium/CLSM2.mp4#f448-511,data/raw/PreVFall/v4_video_csv/Pre-VFall/confusion_delirium/CLSM2.mp4,2,PreVFall,0,448,511,14.933333,17.033333,,,0,0,0,ADL,1.000000
data/raw/PreVFall/v4_video_csv/Pre-VFall/confusion_delirium/CLSM2.mp4#f464-527,data/raw/PreVFall/v4_video_csv/Pre-VFall/confusion_delirium/CLSM2.mp4,2,PreVFall,0,464,527,15.466667,17.566667,,,0,0,0,ADL,1.000000
data/raw/PreVFall/v4_video_csv/Pre-VFall/confusion_delirium/CLSM2.mp4#f480-543,data/raw/PreVFall/v4_video_csv/Pre-VFall/confusion_delirium/CLSM2.mp4,2,PreVFall,0,480,543,16.000000,18.100000,,,0,0,0,ADL,1.000000
data/raw/PreVFall/v4_video_csv/Pre-VFall/confusion_delirium/CLSM2.mp4#f496-559,data/raw/PreVFall/v4_video_csv/Pre-VFall/confusion_delirium/CLSM2.mp4,2,PreVFall,0,496,559,16.533333,18.633333,,,0,0,0,ADL,1.000000
data/raw/PreVFall/v4_video_csv/Pre-VFall/confusion_delirium/CLSM2.mp4#f512-575,data/raw/PreVFall/v4_video_csv/Pre-VFall/confusion_delirium/CLSM2.mp4,2,PreVFall,0,512,575,17.066667,19.166667,,,0,0,0,ADL,1.000000
data/raw/PreVFall/v4_video_csv/Pre-VFall/confusion_delirium/CLSM2.mp4#f528-591,data/raw/PreVFall/v4_video_csv/Pre-VFall/confusion_delirium/CLSM2.mp4,2,PreVFall,0,528,591,17.600000,19.700000,,,0,0,0,ADL,1.000000
data/raw/PreVFall/v4_video_csv/Pre-VFall/confusion_delirium/CLSM2.mp4#f544-607,data/raw/PreVFall/v4_video_csv/Pre-VFall/confusion_delirium/CLSM2.mp4,2,PreVFall,0,544,607,18.133333,20.233333,,,0,0,0,ADL,1.000000
data/raw/PreVFall/v4_video_csv/Pre-VFall/confusion_delirium/CLSM2.mp4#f560-623,data/raw/PreVFall/v4_video_csv/Pre-VFall/confusion_delirium/CLSM2.mp4,2,PreVFall,0,560,623,18.666667,20.766667,,,0,0,0,ADL,1.000000
data/raw/PreVFall/v4_video_csv/Pre-VFall/confusion_delirium/CLSM2.mp4#f576-639,data/raw/PreVFall/v4_video_csv/Pre-VFall/confusion_delirium/CLSM2.mp4,2,PreVFall,0,576,639,19.200000,21.300000,,,0,0,0,ADL,1.000000
data/raw/PreVFall/v4_video_csv/Pre-VFall/confusion_delirium/CLSM2.mp4#f592-655,data/raw/PreVFall/v4_video_csv/Pre-VFall/confusion_delirium/CLSM2.mp4,2,PreVFall,0,592,655,19.733333,21.833333,,,0,0,0,ADL,1.000000
data/raw/PreVFall/v4_video_csv/Pre-VFall/confusion_delirium/CLSM2.mp4#f608-671,data/raw/PreVFall/v4_video_csv/Pre-VFall/confusion_delirium/CLSM2.mp4,2,PreVFall,0,608,671,20.266667,22.366667,,,0,0,0,ADL,1.000000
data/raw/PreVFall/v4_video_csv/Pre-VFall/confusion_delirium/CLSM2.mp4#f624-687,data/raw/PreVFall/v4_video_csv/Pre-VFall/confusion_delirium/CLSM2.mp4,2,PreVFall,0,624,687,20.800000,22.900000,,,0,0,0,ADL,1.000000
data/raw/PreVFall/v4_video_csv/Pre-VFall/confusion_delirium/CLSM2.mp4#f640-703,data/raw/PreVFall/v4_video_csv/Pre-VFall/confusion_delirium/CLSM2.mp4,2,PreVFall,0,640,703,21.333333,23.433333,,,0,0,0,ADL,1.000000
data/raw/PreVFall/v4_video_csv/Pre-VFall/confusion_delirium/CLSM2.mp4#f656-719,data/raw/PreVFall/v4_video_csv/Pre-VFall/confusion_delirium/CLSM2.mp4,2,PreVFall,0,656,719,21.866667,23.966667,,,0,0,0,ADL,1.000000
data/raw/PreVFall/v4_video_csv/Pre-VFall/confusion_delirium/CLSM2.mp4#f672-735,data/raw/PreVFall/v4_video_csv/Pre-VFall/confusion_delirium/CLSM2.mp4,2,PreVFall,0,672,735,22.400000,24.500000,,,0,0,0,ADL,1.000000
data/raw/PreVFall/v4_video_csv/Pre-VFall/confusion_delirium/CLSM2.mp4#f688-751,data/raw/PreVFall/v4_video_csv/Pre-VFall/confusion_delirium/CLSM2.mp4,2,PreVFall,0,688,751,22.933333,25.033333,,,0,0,0,ADL,1.000000
data/raw/PreVFall/v4_video_csv/Pre-VFall/confusion_delirium/CLSM2.mp4#f704-767,data/raw/PreVFall/v4_video_csv/Pre-VFall/confusion_delirium/CLSM2.mp4,2,PreVFall,0,704,767,23.466667,25.566667,,,0,0,0,ADL,1.000000
data/raw/PreVFall/v4_video_csv/Pre-VFall/confusion_delirium/CLSM2.mp4#f720-783,data/raw/PreVFall/v4_video_csv/Pre-VFall/confusion_delirium/CLSM2.mp4,2,PreVFall,0,720,783,24.000000,26.100000,,,0,0,0,ADL,1.000000
data/raw/PreVFall/v4_video_csv/Pre-VFall/confusion_delirium/CLSM2.mp4#f736-799,data/raw/PreVFall/v4_video_csv/Pre-VFall/confusion_delirium/CLSM2.mp4,2,PreVFall,0,736,799,24.533333,26.633333,,,0,0,0,ADL,1.000000
data/raw/PreVFall/v4_video_csv/Pre-VFall/confusion_delirium/CLSM2.mp4#f752-815,data/raw/PreVFall/v4_video_csv/Pre-VFall/confusion_delirium/CLSM2.mp4,2,PreVFall,0,752,815,25.066667,27.166667,,,0,0,0,ADL,1.000000
data/raw/PreVFall/v4_video_csv/Pre-VFall/confusion_delirium/CLSM2.mp4#f768-831,data/raw/PreVFall/v4_video_csv/Pre-VFall/confusion_delirium/CLSM2.mp4,2,PreVFall,0,768,831,25.600000,27.700000,,,0,0,0,ADL,1.000000
data/raw/PreVFall/v4_video_csv/Pre-VFall/confusion_delirium/CLSM2.mp4#f784-847,data/raw/PreVFall/v4_video_csv/Pre-VFall/confusion_delirium/CLSM2.mp4,2,PreVFall,0,784,847,26.133333,28.233333,,,0,0,0,ADL,1.000000
data/raw/PreVFall/v4_video_csv/Pre-VFall/confusion_delirium/CLSM3.mp4#f0-63,data/raw/PreVFall/v4_video_csv/Pre-VFall/confusion_delirium/CLSM3.mp4,3,PreVFall,0,0,63,0.000000,2.100000,,,0,0,0,ADL,1.000000
data/raw/PreVFall/v4_video_csv/Pre-VFall/confusion_delirium/CLSM3.mp4#f16-79,data/raw/PreVFall/v4_video_csv/Pre-VFall/confusion_delirium/CLSM3.mp4,3,PreVFall,0,16,79,0.533333,2.633333,,,0,0,0,ADL,1.000000
data/raw/PreVFall/v4_video_csv/Pre-VFall/confusion_delirium/CLSM3.mp4#f32-95,data/raw/PreVFall/v4_video_csv/Pre-VFall/confusion_delirium/CLSM3.mp4,3,PreVFall,0,32,95,1.066667,3.166666,,,0,0,0,ADL,1.000000
data/raw/PreVFall/v4_video_csv/Pre-VFall/confusion_delirium/CLSM3.mp4#f48-111,data/raw/PreVFall/v4_video_csv/Pre-VFall/confusion_delirium/CLSM3.mp4,3,PreVFall,0,48,111,1.600000,3.700000,,,0,0,0,ADL,1.000000
data/raw/PreVFall/v4_video_csv/Pre-VFall/confusion_delirium/CLSM3.mp4#f64-127,data/raw/PreVFall/v4_video_csv/Pre-VFall/confusion_delirium/CLSM3.mp4,3,PreVFall,0,64,127,2.133333,4.233333,,,0,0,0,ADL,1.000000
data/raw/PreVFall/v4_video_csv/Pre-VFall/confusion_delirium/CLSM3.mp4#f80-143,data/raw/PreVFall/v4_video_csv/Pre-VFall/confusion_delirium/CLSM3.mp4,3,PreVFall,0,80,143,2.666666,4.766666,,,0,0,0,ADL,1.000000
data/raw/PreVFall/v4_video_csv/Pre-VFall/confusion_delirium/CLSM3.mp4#f96-159,data/raw/PreVFall/v4_video_csv/Pre-VFall/confusion_delirium/CLSM3.mp4,3,PreVFall,0,96,159,3.200000,5.300000,,,0,0,0,ADL,1.000000
data/raw/PreVFall/v4_video_csv/Pre-VFall/confusion_delirium/CLSM3.mp4#f112-175,data/raw/PreVFall/v4_video_csv/Pre-VFall/confusion_delirium/CLSM3.mp4,3,PreVFall,0,112,175,3.733333,5.833333,,,0,0,0,ADL,1.000000
data/raw/PreVFall/v4_video_csv/Pre-VFall/confusion_delirium/CLSM3.mp4#f128-191,data/raw/PreVFall/v4_video_csv/Pre-VFall/confusion_delirium/CLSM3.mp4,3,PreVFall,0,128,191,4.266666,6.366666,,,0,0,0,ADL,1.000000
data/raw/PreVFall/v4_video_csv/Pre-VFall/confusion_delirium/CLSM3.mp4#f144-207,data/raw/PreVFall/v4_video_csv/Pre-VFall/confusion_delirium/CLSM3.mp4,3,PreVFall,0,144,207,4.800000,6.900000,,,0,0,0,ADL,1.000000
data/raw/PreVFall/v4_video_csv/Pre-VFall/confusion_delirium/CLSM3.mp4#f160-223,data/raw/PreVFall/v4_video_csv/Pre-VFall/confusion_delirium/CLSM3.mp4,3,PreVFall,0,160,223,5.333333,7.433333,,,0,0,0,ADL,1.000000
data/raw/PreVFall/v4_video_csv/Pre-VFall/confusion_delirium/CLSM3.mp4#f176-239,data/raw/PreVFall/v4_video_csv/Pre-VFall/confusion_delirium/CLSM3.mp4,3,PreVFall,0,176,239,5.866666,7.966666,,,0,0,0,ADL,1.000000
data/raw/PreVFall/v4_video_csv/Pre-VFall/confusion_delirium/CLSM3.mp4#f192-255,data/raw/PreVFall/v4_video_csv/Pre-VFall/confusion_delirium/CLSM3.mp4,3,PreVFall,0,192,255,6.400000,8.499999,,,0,0,0,ADL,1.000000
data/raw/PreVFall/v4_video_csv/Pre-VFall/confusion_delirium/CLSM3.mp4#f208-271,data/raw/PreVFall/v4_video_csv/Pre-VFall/confusion_delirium/CLSM3.mp4,3,PreVFall,0,208,271,6.933333,9.033333,,,0,0,0,ADL,1.000000
data/raw/PreVFall/v4_video_csv/Pre-VFall/confusion_delirium/CLSM3.mp4#f224-287,data/raw/PreVFall/v4_video_csv/Pre-VFall/confusion_delirium/CLSM3.mp4,3,PreVFall,0,224,287,7.466666,9.566666,,,0,0,0,ADL,1.000000
data/raw/PreVFall/v4_video_csv/Pre-VFall/confusion_delirium/CLSM3.mp4#f240-303,data/raw/PreVFall/v4_video_csv/Pre-VFall/confusion_delirium/CLSM3.mp4,3,PreVFall,0,240,303,7.999999,10.099999,,,0,0,0,ADL,1.000000
data/raw/PreVFall/v4_video_csv/Pre-VFall/confusion_delirium/CLSM3.mp4#f256-319,data/raw/PreVFall/v4_video_csv/Pre-VFall/confusion_delirium/CLSM3.mp4,3,PreVFall,0,256,319,8.533333,10.633333,,,0,0,0,ADL,1.000000
data/raw/PreVFall/v4_video_csv/Pre-VFall/confusion_delirium/CLSM3.mp4#f272-335,data/raw/PreVFall/v4_video_csv/Pre-VFall/confusion_delirium/CLSM3.mp4,3,PreVFall,0,272,335,9.066666,11.166666,,,0,0,0,ADL,1.000000
data/raw/PreVFall/v4_video_csv/Pre-VFall/confusion_delirium/CLSM3.mp4#f288-351,data/raw/PreVFall/v4_video_csv/Pre-VFall/confusion_delirium/CLSM3.mp4,3,PreVFall,0,288,351,9.599999,11.699999,,,0,0,0,ADL,1.000000
data/raw/PreVFall/v4_video_csv/Pre-VFall/confusion_delirium/CLSM3.mp4#f304-367,data/raw/PreVFall/v4_video_csv/Pre-VFall/confusion_delirium/CLSM3.mp4,3,PreVFall,0,304,367,10.133333,12.233333,,,0,0,0,ADL,1.000000
data/raw/PreVFall/v4_video_csv/Pre-VFall/confusion_delirium/CLSM3.mp4#f320-383,data/raw/PreVFall/v4_video_csv/Pre-VFall/confusion_delirium/CLSM3.mp4,3,PreVFall,0,320,383,10.666666,12.766666,,,0,0,0,ADL,1.000000
data/raw/PreVFall/v4_video_csv/Pre-VFall/confusion_delirium/CLSM3.mp4#f336-399,data/raw/PreVFall/v4_video_csv/Pre-VFall/confusion_delirium/CLSM3.mp4,3,PreVFall,0,336,399,11.199999,13.299999,,,0,0,0,ADL,1.000000
data/raw/PreVFall/v4_video_csv/Pre-VFall/confusion_delirium/CLSM3.mp4#f352-415,data/raw/PreVFall/v4_video_csv/Pre-VFall/confusion_delirium/CLSM3.mp4,3,PreVFall,0,352,415,11.733333,13.833332,,,0,0,0,ADL,1.000000
data/raw/PreVFall/v4_video_csv/Pre-VFall/confusion_delirium/CLSM3.mp4#f368-431,data/raw/PreVFall/v4_video_csv/Pre-VFall/confusion_delirium/CLSM3.mp4,3,PreVFall,0,368,431,12.266666,14.366666,,,0,0,0,ADL,1.000000
data/raw/PreVFall/v4_video_csv/Pre-VFall/confusion_delirium/CLSM3.mp4#f384-447,data/raw/PreVFall/v4_video_csv/Pre-VFall/confusion_delirium/CLSM3.mp4,3,PreVFall,0,384,447,12.799999,14.899999,,,0,0,0,ADL,1.000000
data/raw/PreVFall/v4_video_csv/Pre-VFall/confusion_delirium/CLSM3.mp4#f400-463,data/raw/PreVFall/v4_video_csv/Pre-VFall/confusion_delirium/CLSM3.mp4,3,PreVFall,0,400,463,13.333332,15.433332,,,0,0,0,ADL,1.000000
data/raw/PreVFall/v4_video_csv/Pre-VFall/confusion_delirium/CLSM3.mp4#f416-479,data/raw/PreVFall/v4_video_csv/Pre-VFall/confusion_delirium/CLSM3.mp4,3,PreVFall,0,416,479,13.866666,15.966666,,,0,0,0,ADL,1.000000
data/raw/PreVFall/v4_video_csv/Pre-VFall/confusion_delirium/CLSM3.mp4#f432-495,data/raw/PreVFall/v4_video_csv/Pre-VFall/confusion_delirium/CLSM3.mp4,3,PreVFall,0,432,495,14.399999,16.499999,,,0,0,0,ADL,1.000000
data/raw/PreVFall/v4_video_csv/Pre-VFall/confusion_delirium/CLSM3.mp4#f448-511,data/raw/PreVFall/v4_video_csv/Pre-VFall/confusion_delirium/CLSM3.mp4,3,PreVFall,0,448,511,14.933332,17.033332,,,0,0,0,ADL,1.000000
data/raw/PreVFall/v4_video_csv/Pre-VFall/confusion_delirium/CLSM3.mp4#f464-527,data/raw/PreVFall/v4_video_csv/Pre-VFall/confusion_delirium/CLSM3.mp4,3,PreVFall,0,464,527,15.466666,17.566666,,,0,0,0,ADL,1.000000
data/raw/PreVFall/v4_video_csv/Pre-VFall/confusion_delirium/CLSM3.mp4#f480-543,data/raw/PreVFall/v4_video_csv/Pre-VFall/confusion_delirium/CLSM3.mp4,3,PreVFall,0,480,543,15.999999,18.099999,,,0,0,0,ADL,1.000000
data/raw/PreVFall/v4_video_csv/Pre-VFall/confusion_delirium/CLSM3.mp4#f496-559,data/raw/PreVFall/v4_video_csv/Pre-VFall/confusion_delirium/CLSM3.mp4,3,PreVFall,0,496,559,16.533332,18.633332,,,0,0,0,ADL,1.000000
data/raw/PreVFall/v4_video_csv/Pre-VFall/confusion_delirium/CLSM3.mp4#f512-575,data/raw/PreVFall/v4_video_csv/Pre-VFall/confusion_delirium/CLSM3.mp4,3,PreVFall,0,512,575,17.066666,19.166665,,,0,0,0,ADL,1.000000
data/raw/PreVFall/v4_video_csv/Pre-VFall/confusion_delirium/CLSM3.mp4#f528-591,data/raw/PreVFall/v4_video_csv/Pre-VFall/confusion_delirium/CLSM3.mp4,3,PreVFall,0,528,591,17.599999,19.699999,,,0,0,0,ADL,1.000000
data/raw/PreVFall/v4_video_csv/Pre-VFall/confusion_delirium/CLSM3.mp4#f544-607,data/raw/PreVFall/v4_video_csv/Pre-VFall/confusion_delirium/CLSM3.mp4,3,PreVFall,0,544,607,18.133332,20.233332,,,0,0,0,ADL,1.000000
data/raw/PreVFall/v4_video_csv/Pre-VFall/confusion_delirium/CLSM3.mp4#f560-623,data/raw/PreVFall/v4_video_csv/Pre-VFall/confusion_delirium/CLSM3.mp4,3,PreVFall,0,560,623,18.666665,20.766665,,,0,0,0,ADL,1.000000
data/raw/PreVFall/v4_video_csv/Pre-VFall/confusion_delirium/CLSM3.mp4#f576-639,data/raw/PreVFall/v4_video_csv/Pre-VFall/confusion_delirium/CLSM3.mp4,3,PreVFall,0,576,639,19.199999,21.299999,,,0,0,0,ADL,1.000000
data/raw/PreVFall/v4_video_csv/Pre-VFall/confusion_delirium/CLSM3.mp4#f592-655,data/raw/PreVFall/v4_video_csv/Pre-VFall/confusion_delirium/CLSM3.mp4,3,PreVFall,0,592,655,19.733332,21.833332,,,0,0,0,ADL,1.000000
data/raw/PreVFall/v4_video_csv/Pre-VFall/confusion_delirium/CLSM3.mp4#f608-671,data/raw/PreVFall/v4_video_csv/Pre-VFall/confusion_delirium/CLSM3.mp4,3,PreVFall,0,608,671,20.266665,22.366665,,,0,0,0,ADL,1.000000
data/raw/PreVFall/v4_video_csv/Pre-VFall/confusion_nph/CGFM1.mp4#f0-63,data/raw/PreVFall/v4_video_csv/Pre-VFall/confusion_nph/CGFM1.mp4,1,PreVFall,0,0,63,0.000000,2.100000,,,0,0,0,ADL,1.000000
data/raw/PreVFall/v4_video_csv/Pre-VFall/confusion_nph/CGFM1.mp4#f16-79,data/raw/PreVFall/v4_video_csv/Pre-VFall/confusion_nph/CGFM1.mp4,1,PreVFall,0,16,79,0.533333,2.633333,,,0,0,0,ADL,1.000000
data/raw/PreVFall/v4_video_csv/Pre-VFall/confusion_nph/CGFM1.mp4#f32-95,data/raw/PreVFall/v4_video_csv/Pre-VFall/confusion_nph/CGFM1.mp4,1,PreVFall,0,32,95,1.066667,3.166667,,,0,0,0,ADL,1.000000
data/raw/PreVFall/v4_video_csv/Pre-VFall/confusion_nph/CGFM1.mp4#f48-111,data/raw/PreVFall/v4_video_csv/Pre-VFall/confusion_nph/CGFM1.mp4,1,PreVFall,0,48,111,1.600000,3.700000,,,0,0,0,ADL,1.000000
data/raw/PreVFall/v4_video_csv/Pre-VFall/confusion_nph/CGFM1.mp4#f64-127,data/raw/PreVFall/v4_video_csv/Pre-VFall/confusion_nph/CGFM1.mp4,1,PreVFall,0,64,127,2.133333,4.233333,,,0,0,0,ADL,1.000000
data/raw/PreVFall/v4_video_csv/Pre-VFall/confusion_nph/CGFM1.mp4#f80-143,data/raw/PreVFall/v4_video_csv/Pre-VFall/confusion_nph/CGFM1.mp4,1,PreVFall,0,80,143,2.666667,4.766667,,,0,0,0,ADL,1.000000
data/raw/PreVFall/v4_video_csv/Pre-VFall/confusion_nph/CGFM1.mp4#f96-159,data/raw/PreVFall/v4_video_csv/Pre-VFall/confusion_nph/CGFM1.mp4,1,PreVFall,0,96,159,3.200000,5.300000,,,0,0,0,ADL,1.000000
data/raw/PreVFall/v4_video_csv/Pre-VFall/confusion_nph/CGFM1.mp4#f112-175,data/raw/PreVFall/v4_video_csv/Pre-VFall/confusion_nph/CGFM1.mp4,1,PreVFall,0,112,175,3.733333,5.833333,,,0,0,0,ADL,1.000000
data/raw/PreVFall/v4_video_csv/Pre-VFall/confusion_nph/CGFM1.mp4#f128-191,data/raw/PreVFall/v4_video_csv/Pre-VFall/confusion_nph/CGFM1.mp4,1,PreVFall,0,128,191,4.266667,6.366667,,,0,0,0,ADL,1.000000
data/raw/PreVFall/v4_video_csv/Pre-VFall/confusion_nph/CGFM1.mp4#f144-207,data/raw/PreVFall/v4_video_csv/Pre-VFall/confusion_nph/CGFM1.mp4,1,PreVFall,0,144,207,4.800000,6.900000,,,0,0,0,ADL,1.000000
data/raw/PreVFall/v4_video_csv/Pre-VFall/confusion_nph/CGFM1.mp4#f160-223,data/raw/PreVFall/v4_video_csv/Pre-VFall/confusion_nph/CGFM1.mp4,1,PreVFall,0,160,223,5.333333,7.433333,,,0,0,0,ADL,1.000000
data/raw/PreVFall/v4_video_csv/Pre-VFall/confusion_nph/CGFM1.mp4#f176-239,data/raw/PreVFall/v4_video_csv/Pre-VFall/confusion_nph/CGFM1.mp4,1,PreVFall,0,176,239,5.866667,7.966667,,,0,0,0,ADL,1.000000
data/raw/PreVFall/v4_video_csv/Pre-VFall/confusion_nph/CGFM1.mp4#f192-255,data/raw/PreVFall/v4_video_csv/Pre-VFall/confusion_nph/CGFM1.mp4,1,PreVFall,0,192,255,6.400000,8.500000,,,0,0,0,ADL,1.000000
data/raw/PreVFall/v4_video_csv/Pre-VFall/confusion_nph/CGFM1.mp4#f208-271,data/raw/PreVFall/v4_video_csv/Pre-VFall/confusion_nph/CGFM1.mp4,1,PreVFall,0,208,271,6.933333,9.033333,,,0,0,0,ADL,1.000000
data/raw/PreVFall/v4_video_csv/Pre-VFall/confusion_nph/CGFM1.mp4#f224-287,data/raw/PreVFall/v4_video_csv/Pre-VFall/confusion_nph/CGFM1.mp4,1,PreVFall,0,224,287,7.466667,9.566667,,,0,0,0,ADL,1.000000
data/raw/PreVFall/v4_video_csv/Pre-VFall/confusion_nph/CGFM1.mp4#f240-303,data/raw/PreVFall/v4_video_csv/Pre-VFall/confusion_nph/CGFM1.mp4,1,PreVFall,0,240,303,8.000000,10.100000,,,0,0,0,ADL,1.000000
data/raw/PreVFall/v4_video_csv/Pre-VFall/confusion_nph/CGFM1.mp4#f256-319,data/raw/PreVFall/v4_video_csv/Pre-VFall/confusion_nph/CGFM1.mp4,1,PreVFall,0,256,319,8.533333,10.633333,,,0,0,0,ADL,1.000000
data/raw/PreVFall/v4_video_csv/Pre-VFall/confusion_nph/CGFM1.mp4#f272-335,data/raw/PreVFall/v4_video_csv/Pre-VFall/confusion_nph/CGFM1.mp4,1,PreVFall,0,272,335,9.066667,11.166667,,,0,0,0,ADL,1.000000
data/raw/PreVFall/v4_video_csv/Pre-VFall/confusion_nph/CGFM1.mp4#f288-351,data/raw/PreVFall/v4_video_csv/Pre-VFall/confusion_nph/CGFM1.mp4,1,PreVFall,0,288,351,9.600000,11.700000,,,0,0,0,ADL,1.000000
data/raw/PreVFall/v4_video_csv/Pre-VFall/confusion_nph/CGFM1.mp4#f304-367,data/raw/PreVFall/v4_video_csv/Pre-VFall/confusion_nph/CGFM1.mp4,1,PreVFall,0,304,367,10.133333,12.233333,,,0,0,0,ADL,1.000000
data/raw/PreVFall/v4_video_csv/Pre-VFall/confusion_nph/CGFM1.mp4#f320-383,data/raw/PreVFall/v4_video_csv/Pre-VFall/confusion_nph/CGFM1.mp4,1,PreVFall,0,320,383,10.666667,12.766667,,,0,0,0,ADL,1.000000
data/raw/PreVFall/v4_video_csv/Pre-VFall/confusion_nph/CGFM1.mp4#f336-399,data/raw/PreVFall/v4_video_csv/Pre-VFall/confusion_nph/CGFM1.mp4,1,PreVFall,0,336,399,11.200000,13.300000,,,0,0,0,ADL,1.000000
data/raw/PreVFall/v4_video_csv/Pre-VFall/confusion_nph/CGFM1.mp4#f352-415,data/raw/PreVFall/v4_video_csv/Pre-VFall/confusion_nph/CGFM1.mp4,1,PreVFall,0,352,415,11.733333,13.833333,,,0,0,0,ADL,1.000000
data/raw/PreVFall/v4_video_csv/Pre-VFall/confusion_nph/CGFM1.mp4#f368-431,data/raw/PreVFall/v4_video_csv/Pre-VFall/confusion_nph/CGFM1.mp4,1,PreVFall,0,368,431,12.266667,14.366667,,,0,0,0,ADL,1.000000
data/raw/PreVFall/v4_video_csv/Pre-VFall/confusion_nph/CGFM1.mp4#f384-447,data/raw/PreVFall/v4_video_csv/Pre-VFall/confusion_nph/CGFM1.mp4,1,PreVFall,0,384,447,12.800000,14.900000,,,0,0,0,ADL,1.000000
data/raw/PreVFall/v4_video_csv/Pre-VFall/confusion_nph/CGFM1.mp4#f400-463,data/raw/PreVFall/v4_video_csv/Pre-VFall/confusion_nph/CGFM1.mp4,1,PreVFall,0,400,463,13.333333,15.433333,,,0,0,0,ADL,1.000000
data/raw/PreVFall/v4_video_csv/Pre-VFall/confusion_nph/CGFM1.mp4#f416-479,data/raw/PreVFall/v4_video_csv/Pre-VFall/confusion_nph/CGFM1.mp4,1,PreVFall,0,416,479,13.866667,15.966667,,,0,0,0,ADL,1.000000
data/raw/PreVFall/v4_video_csv/Pre-VFall/confusion_nph/CGFM1.mp4#f432-495,data/raw/PreVFall/v4_video_csv/Pre-VFall/confusion_nph/CGFM1.mp4,1,PreVFall,0,432,495,14.400000,16.500000,,,0,0,0,ADL,1.000000
data/raw/PreVFall/v4_video_csv/Pre-VFall/confusion_nph/CGFM1.mp4#f448-511,data/raw/PreVFall/v4_video_csv/Pre-VFall/confusion_nph/CGFM1.mp4,1,PreVFall,0,448,511,14.933333,17.033333,,,0,0,0,ADL,1.000000
data/raw/PreVFall/v4_video_csv/Pre-VFall/confusion_nph/CGFM1.mp4#f464-527,data/raw/PreVFall/v4_video_csv/Pre-VFall/confusion_nph/CGFM1.mp4,1,PreVFall,0,464,527,15.466667,17.566667,,,0,0,0,ADL,1.000000
data/raw/PreVFall/v4_video_csv/Pre-VFall/confusion_nph/CGFM1.mp4#f480-543,data/raw/PreVFall/v4_video_csv/Pre-VFall/confusion_nph/CGFM1.mp4,1,PreVFall,0,480,543,16.000000,18.100000,,,0,0,0,ADL,1.000000
data/raw/PreVFall/v4_video_csv/Pre-VFall/confusion_nph/CGFM1.mp4#f496-559,data/raw/PreVFall/v4_video_csv/Pre-VFall/confusion_nph/CGFM1.mp4,1,PreVFall,0,496,559,16.533333,18.633333,,,0,0,0,ADL,1.000000
data/raw/PreVFall/v4_video_csv/Pre-VFall/confusion_nph/CGFM1.mp4#f512-575,data/raw/PreVFall/v4_video_csv/Pre-VFall/confusion_nph/CGFM1.mp4,1,PreVFall,0,512,575,17.066667,19.166667,,,0,0,0,ADL,1.000000
data/raw/PreVFall/v4_video_csv/Pre-VFall/confusion_nph/CGFM1.mp4#f528-591,data/raw/PreVFall/v4_video_csv/Pre-VFall/confusion_nph/CGFM1.mp4,1,PreVFall,0,528,591,17.600000,19.700000,,,0,0,0,ADL,1.000000
data/raw/PreVFall/v4_video_csv/Pre-VFall/confusion_nph/CGFM1.mp4#f544-607,data/raw/PreVFall/v4_video_csv/Pre-VFall/confusion_nph/CGFM1.mp4,1,PreVFall,0,544,607,18.133333,20.233333,,,0,0,0,ADL,1.000000
data/raw/PreVFall/v4_video_csv/Pre-VFall/confusion_nph/CGFM1.mp4#f560-623,data/raw/PreVFall/v4_video_csv/Pre-VFall/confusion_nph/CGFM1.mp4,1,PreVFall,0,560,623,18.666667,20.766667,,,0,0,0,ADL,1.000000
data/raw/PreVFall/v4_video_csv/Pre-VFall/confusion_nph/CGFM1.mp4#f576-639,data/raw/PreVFall/v4_video_csv/Pre-VFall/confusion_nph/CGFM1.mp4,1,PreVFall,0,576,639,19.200000,21.300000,,,0,0,0,ADL,1.000000
data/raw/PreVFall/v4_video_csv/Pre-VFall/confusion_nph/CGFM1.mp4#f592-655,data/raw/PreVFall/v4_video_csv/Pre-VFall/confusion_nph/CGFM1.mp4,1,PreVFall,0,592,655,19.733333,21.833333,,,0,0,0,ADL,1.000000
data/raw/PreVFall/v4_video_csv/Pre-VFall/confusion_nph/CGFM1.mp4#f608-671,data/raw/PreVFall/v4_video_csv/Pre-VFall/confusion_nph/CGFM1.mp4,1,PreVFall,0,608,671,20.266667,22.366667,,,0,0,0,ADL,1.000000
data/raw/PreVFall/v4_video_csv/Pre-VFall/confusion_nph/CGFM1.mp4#f624-687,data/raw/PreVFall/v4_video_csv/Pre-VFall/confusion_nph/CGFM1.mp4,1,PreVFall,0,624,687,20.800000,22.900000,,,0,0,0,ADL,1.000000
data/raw/PreVFall/v4_video_csv/Pre-VFall/confusion_nph/CGFM1.mp4#f640-703,data/raw/PreVFall/v4_video_csv/Pre-VFall/confusion_nph/CGFM1.mp4,1,PreVFall,0,640,703,21.333333,23.433333,,,0,0,0,ADL,1.000000
data/raw/PreVFall/v4_video_csv/Pre-VFall/confusion_nph/CGFM1.mp4#f656-719,data/raw/PreVFall/v4_video_csv/Pre-VFall/confusion_nph/CGFM1.mp4,1,PreVFall,0,656,719,21.866667,23.966667,,,0,0,0,ADL,1.000000
data/raw/PreVFall/v4_video_csv/Pre-VFall/confusion_nph/CGFM1.mp4#f672-735,data/raw/PreVFall/v4_video_csv/Pre-VFall/confusion_nph/CGFM1.mp4,1,PreVFall,0,672,735,22.400000,24.500000,,,0,0,0,ADL,1.000000
data/raw/PreVFall/v4_video_csv/Pre-VFall/confusion_nph/CGFM1.mp4#f688-751,data/raw/PreVFall/v4_video_csv/Pre-VFall/confusion_nph/CGFM1.mp4,1,PreVFall,0,688,751,22.933333,25.033333,,,0,0,0,ADL,1.000000
data/raw/PreVFall/v4_video_csv/Pre-VFall/confusion_nph/CGFM1.mp4#f704-767,data/raw/PreVFall/v4_video_csv/Pre-VFall/confusion_nph/CGFM1.mp4,1,PreVFall,0,704,767,23.466667,25.566667,,,0,0,0,ADL,1.000000
data/raw/PreVFall/v4_video_csv/Pre-VFall/confusion_nph/CGFM1.mp4#f720-783,data/raw/PreVFall/v4_video_csv/Pre-VFall/confusion_nph/CGFM1.mp4,1,PreVFall,0,720,783,24.000000,26.100000,,,0,0,0,ADL,1.000000
data/raw/PreVFall/v4_video_csv/Pre-VFall/confusion_nph/CGFM1.mp4#f736-799,data/raw/PreVFall/v4_video_csv/Pre-VFall/confusion_nph/CGFM1.mp4,1,PreVFall,0,736,799,24.533333,26.633333,,,0,0,0,ADL,1.000000
data/raw/PreVFall/v4_video_csv/Pre-VFall/confusion_nph/CGFM1.mp4#f752-815,data/raw/PreVFall/v4_video_csv/Pre-VFall/confusion_nph/CGFM1.mp4,1,PreVFall,0,752,815,25.066667,27.166667,,,0,0,0,ADL,1.000000
data/raw/PreVFall/v4_video_csv/Pre-VFall/confusion_nph/CGFM1.mp4#f768-831,data/raw/PreVFall/v4_video_csv/Pre-VFall/confusion_nph/CGFM1.mp4,1,PreVFall,0,768,831,25.600000,27.700000,,,0,0,0,ADL,1.000000
data/raw/PreVFall/v4_video_csv/Pre-VFall/confusion_nph/CGFM1.mp4#f784-847,data/raw/PreVFall/v4_video_csv/Pre-VFall/confusion_nph/CGFM1.mp4,1,PreVFall,0,784,847,26.133333,28.233333,,,0,0,0,ADL,1.000000
data/raw/PreVFall/v4_video_csv/Pre-VFall/confusion_nph/CGFM1.mp4#f800-863,data/raw/PreVFall/v4_video_csv/Pre-VFall/confusion_nph/CGFM1.mp4,1,PreVFall,0,800,863,26.666667,28.766667,,,0,0,0,ADL,1.000000
data/raw/PreVFall/v4_video_csv/Pre-VFall/confusion_nph/CGFM1.mp4#f816-879,data/raw/PreVFall/v4_video_csv/Pre-VFall/confusion_nph/CGFM1.mp4,1,PreVFall,0,816,879,27.200000,29.300000,,,0,0,0,ADL,1.000000
data/raw/PreVFall/v4_video_csv/Pre-VFall/confusion_nph/CGFM1.mp4#f832-895,data/raw/PreVFall/v4_video_csv/Pre-VFall/confusion_nph/CGFM1.mp4,1,PreVFall,0,832,895,27.733333,29.833333,,,0,0,0,ADL,1.000000
data/raw/PreVFall/v4_video_csv/Pre-VFall/confusion_nph/CGFM1.mp4#f848-911,data/raw/PreVFall/v4_video_csv/Pre-VFall/confusion_nph/CGFM1.mp4,1,PreVFall,0,848,911,28.266667,30.366667,,,0,0,0,ADL,1.000000
data/raw/PreVFall/v4_video_csv/Pre-VFall/confusion_nph/CGFM1.mp4#f864-927,data/raw/PreVFall/v4_video_csv/Pre-VFall/confusion_nph/CGFM1.mp4,1,PreVFall,0,864,927,28.800000,30.900000,,,0,0,0,ADL,1.000000
data/raw/PreVFall/v4_video_csv/Pre-VFall/confusion_nph/CGFM1.mp4#f880-943,data/raw/PreVFall/v4_video_csv/Pre-VFall/confusion_nph/CGFM1.mp4,1,PreVFall,0,880,943,29.333333,31.433333,,,0,0,0,ADL,1.000000
data/raw/PreVFall/v4_video_csv/Pre-VFall/confusion_nph/CGFM1.mp4#f896-959,data/raw/PreVFall/v4_video_csv/Pre-VFall/confusion_nph/CGFM1.mp4,1,PreVFall,0,896,959,29.866667,31.966667,,,0,0,0,ADL,1.000000
data/raw/PreVFall/v4_video_csv/Pre-VFall/confusion_nph/CGFM1.mp4#f912-975,data/raw/PreVFall/v4_video_csv/Pre-VFall/confusion_nph/CGFM1.mp4,1,PreVFall,0,912,975,30.400000,32.500000,,,0,0,0,ADL,1.000000
data/raw/PreVFall/v4_video_csv/Pre-VFall/confusion_nph/CGFM1.mp4#f928-991,data/raw/PreVFall/v4_video_csv/Pre-VFall/confusion_nph/CGFM1.mp4,1,PreVFall,0,928,991,30.933333,33.033333,,,0,0,0,ADL,1.000000
data/raw/PreVFall/v4_video_csv/Pre-VFall/confusion_nph/CGFM1.mp4#f944-1007,data/raw/PreVFall/v4_video_csv/Pre-VFall/confusion_nph/CGFM1.mp4,1,PreVFall,0,944,1007,31.466667,33.566667,,,0,0,0,ADL,1.000000
data/raw/PreVFall/v4_video_csv/Pre-VFall/confusion_nph/CGFM1.mp4#f960-1023,data/raw/PreVFall/v4_video_csv/Pre-VFall/confusion_nph/CGFM1.mp4,1,PreVFall,0,960,1023,32.000000,34.100000,,,0,0,0,ADL,1.000000
data/raw/PreVFall/v4_video_csv/Pre-VFall/confusion_nph/CGFM1.mp4#f976-1039,data/raw/PreVFall/v4_video_csv/Pre-VFall/confusion_nph/CGFM1.mp4,1,PreVFall,0,976,1039,32.533333,34.633333,,,0,0,0,ADL,1.000000
data/raw/PreVFall/v4_video_csv/Pre-VFall/confusion_nph/CGFM1.mp4#f992-1055,data/raw/PreVFall/v4_video_csv/Pre-VFall/confusion_nph/CGFM1.mp4,1,PreVFall,0,992,1055,33.066667,35.166667,,,0,0,0,ADL,1.000000
data/raw/PreVFall/v4_video_csv/Pre-VFall/confusion_nph/CGFM1.mp4#f1008-1071,data/raw/PreVFall/v4_video_csv/Pre-VFall/confusion_nph/CGFM1.mp4,1,PreVFall,0,1008,1071,33.600000,35.700000,,,0,0,0,ADL,1.000000
data/raw/PreVFall/v4_video_csv/Pre-VFall/confusion_nph/CGFM1.mp4#f1024-1087,data/raw/PreVFall/v4_video_csv/Pre-VFall/confusion_nph/CGFM1.mp4,1,PreVFall,0,1024,1087,34.133333,36.233333,,,0,0,0,ADL,1.000000
data/raw/PreVFall/v4_video_csv/Pre-VFall/confusion_nph/CGFM1.mp4#f1040-1103,data/raw/PreVFall/v4_video_csv/Pre-VFall/confusion_nph/CGFM1.mp4,1,PreVFall,0,1040,1103,34.666667,36.766667,,,0,0,0,ADL,1.000000
data/raw/PreVFall/v4_video_csv/Pre-VFall/confusion_nph/CGFM1.mp4#f1056-1119,data/raw/PreVFall/v4_video_csv/Pre-VFall/confusion_nph/CGFM1.mp4,1,PreVFall,0,1056,1119,35.200000,37.300000,,,0,0,0,ADL,1.000000
data/raw/PreVFall/v4_video_csv/Pre-VFall/confusion_nph/CGFM1.mp4#f1072-1135,data/raw/PreVFall/v4_video_csv/Pre-VFall/confusion_nph/CGFM1.mp4,1,PreVFall,0,1072,1135,35.733333,37.833333,,,0,0,0,ADL,1.000000
data/raw/PreVFall/v4_video_csv/Pre-VFall/confusion_nph/CGFM1.mp4#f1088-1151,data/raw/PreVFall/v4_video_csv/Pre-VFall/confusion_nph/CGFM1.mp4,1,PreVFall,0,1088,1151,36.266667,38.366667,,,0,0,0,ADL,1.000000
data/raw/PreVFall/v4_video_csv/Pre-VFall/confusion_nph/CGFM1.mp4#f1104-1167,data/raw/PreVFall/v4_video_csv/Pre-VFall/confusion_nph/CGFM1.mp4,1,PreVFall,0,1104,1167,36.800000,38.900000,,,0,0,0,ADL,1.000000
data/raw/PreVFall/v4_video_csv/Pre-VFall/confusion_nph/CGFM1.mp4#f1120-1183,data/raw/PreVFall/v4_video_csv/Pre-VFall/confusion_nph/CGFM1.mp4,1,PreVFall,0,1120,1183,37.333333,39.433333,,,0,0,0,ADL,1.000000
data/raw/PreVFall/v4_video_csv/Pre-VFall/confusion_nph/CGFM1.mp4#f1136-1199,data/raw/PreVFall/v4_video_csv/Pre-VFall/confusion_nph/CGFM1.mp4,1,PreVFall,0,1136,1199,37.866667,39.966667,,,0,0,0,ADL,1.000000
data/raw/PreVFall/v4_video_csv/Pre-VFall/confusion_nph/CGFM1.mp4#f1152-1215,data/raw/PreVFall/v4_video_csv/Pre-VFall/confusion_nph/CGFM1.mp4,1,PreVFall,0,1152,1215,38.400000,40.500000,,,0,0,0,ADL,1.000000
data/raw/PreVFall/v4_video_csv/Pre-VFall/confusion_nph/CGFM1.mp4#f1168-1231,data/raw/PreVFall/v4_video_csv/Pre-VFall/confusion_nph/CGFM1.mp4,1,PreVFall,0,1168,1231,38.933333,41.033333,,,0,0,0,ADL,1.000000
data/raw/PreVFall/v4_video_csv/Pre-VFall/confusion_nph/CGFM1.mp4#f1184-1247,data/raw/PreVFall/v4_video_csv/Pre-VFall/confusion_nph/CGFM1.mp4,1,PreVFall,0,1184,1247,39.466667,41.566667,,,0,0,0,ADL,1.000000
data/raw/PreVFall/v4_video_csv/Pre-VFall/confusion_nph/CGFM1.mp4#f1200-1263,data/raw/PreVFall/v4_video_csv/Pre-VFall/confusion_nph/CGFM1.mp4,1,PreVFall,0,1200,1263,40.000000,42.100000,,,0,0,0,ADL,1.000000
data/raw/PreVFall/v4_video_csv/Pre-VFall/confusion_nph/CGFM1.mp4#f1216-1279,data/raw/PreVFall/v4_video_csv/Pre-VFall/confusion_nph/CGFM1.mp4,1,PreVFall,0,1216,1279,40.533333,42.633333,,,0,0,0,ADL,1.000000
data/raw/PreVFall/v4_video_csv/Pre-VFall/confusion_nph/CGFM1.mp4#f1232-1295,data/raw/PreVFall/v4_video_csv/Pre-VFall/confusion_nph/CGFM1.mp4,1,PreVFall,0,1232,1295,41.066667,43.166667,,,0,0,0,ADL,1.000000
data/raw/PreVFall/v4_video_csv/Pre-VFall/confusion_nph/CGFM1.mp4#f1248-1311,data/raw/PreVFall/v4_video_csv/Pre-VFall/confusion_nph/CGFM1.mp4,1,PreVFall,0,1248,1311,41.600000,43.700000,,,0,0,0,ADL,1.000000
data/raw/PreVFall/v4_video_csv/Pre-VFall/confusion_nph/CGFM1.mp4#f1264-1327,data/raw/PreVFall/v4_video_csv/Pre-VFall/confusion_nph/CGFM1.mp4,1,PreVFall,0,1264,1327,42.133333,44.233333,,,0,0,0,ADL,1.000000
data/raw/PreVFall/v4_video_csv/Pre-VFall/confusion_nph/CGFM1.mp4#f1280-1343,data/raw/PreVFall/v4_video_csv/Pre-VFall/confusion_nph/CGFM1.mp4,1,PreVFall,0,1280,1343,42.666667,44.766667,,,0,0,0,ADL,1.000000
data/raw/PreVFall/v4_video_csv/Pre-VFall/confusion_nph/CGFM1.mp4#f1296-1359,data/raw/PreVFall/v4_video_csv/Pre-VFall/confusion_nph/CGFM1.mp4,1,PreVFall,0,1296,1359,43.200000,45.300000,,,0,0,0,ADL,1.000000
data/raw/PreVFall/v4_video_csv/Pre-VFall/confusion_nph/CGFM1.mp4#f1312-1375,data/raw/PreVFall/v4_video_csv/Pre-VFall/confusion_nph/CGFM1.mp4,1,PreVFall,0,1312,1375,43.733333,45.833333,,,0,0,0,ADL,1.000000
data/raw/PreVFall/v4_video_csv/Pre-VFall/confusion_nph/CGFM1.mp4#f1328-1391,data/raw/PreVFall/v4_video_csv/Pre-VFall/confusion_nph/CGFM1.mp4,1,PreVFall,0,1328,1391,44.266667,46.366667,,,0,0,0,ADL,1.000000
data/raw/PreVFall/v4_video_csv/Pre-VFall/confusion_nph/CGFM1.mp4#f1344-1407,data/raw/PreVFall/v4_video_csv/Pre-VFall/confusion_nph/CGFM1.mp4,1,PreVFall,0,1344,1407,44.800000,46.900000,,,0,0,0,ADL,1.000000
data/raw/PreVFall/v4_video_csv/Pre-VFall/confusion_nph/CGFM1.mp4#f1360-1423,data/raw/PreVFall/v4_video_csv/Pre-VFall/confusion_nph/CGFM1.mp4,1,PreVFall,0,1360,1423,45.333333,47.433333,,,0,0,0,ADL,1.000000
data/raw/PreVFall/v4_video_csv/Pre-VFall/confusion_nph/CGFM1.mp4#f1376-1439,data/raw/PreVFall/v4_video_csv/Pre-VFall/confusion_nph/CGFM1.mp4,1,PreVFall,0,1376,1439,45.866667,47.966667,,,0,0,0,ADL,1.000000
data/raw/PreVFall/v4_video_csv/Pre-VFall/confusion_nph/CGFM1.mp4#f1392-1455,data/raw/PreVFall/v4_video_csv/Pre-VFall/confusion_nph/CGFM1.mp4,1,PreVFall,0,1392,1455,46.400000,48.500000,,,0,0,0,ADL,1.000000
data/raw/PreVFall/v4_video_csv/Pre-VFall/confusion_nph/CGFM1.mp4#f1408-1471,data/raw/PreVFall/v4_video_csv/Pre-VFall/confusion_nph/CGFM1.mp4,1,PreVFall,0,1408,1471,46.933333,49.033333,,,0,0,0,ADL,1.000000
data/raw/PreVFall/v4_video_csv/Pre-VFall/confusion_nph/CGFM1.mp4#f1424-1487,data/raw/PreVFall/v4_video_csv/Pre-VFall/confusion_nph/CGFM1.mp4,1,PreVFall,0,1424,1487,47.466667,49.566667,,,0,0,0,ADL,1.000000
data/raw/PreVFall/v4_video_csv/Pre-VFall/confusion_nph/CGFM1.mp4#f1440-1503,data/raw/PreVFall/v4_video_csv/Pre-VFall/confusion_nph/CGFM1.mp4,1,PreVFall,0,1440,1503,48.000000,50.100000,,,0,0,0,ADL,1.000000
data/raw/PreVFall/v4_video_csv/Pre-VFall/confusion_nph/CGFM1.mp4#f1456-1519,data/raw/PreVFall/v4_video_csv/Pre-VFall/confusion_nph/CGFM1.mp4,1,PreVFall,0,1456,1519,48.533333,50.633333,,,0,0,0,ADL,1.000000
data/raw/PreVFall/v4_video_csv/Pre-VFall/confusion_nph/CGFM1.mp4#f1472-1535,data/raw/PreVFall/v4_video_csv/Pre-VFall/confusion_nph/CGFM1.mp4,1,PreVFall,0,1472,1535,49.066667,51.166667,,,0,0,0,ADL,1.000000
data/raw/PreVFall/v4_video_csv/Pre-VFall/confusion_nph/CGFM1.mp4#f1488-1551,data/raw/PreVFall/v4_video_csv/Pre-VFall/confusion_nph/CGFM1.mp4,1,PreVFall,0,1488,1551,49.600000,51.700000,,,0,0,0,ADL,1.000000
data/raw/PreVFall/v4_video_csv/Pre-VFall/confusion_nph/CGFM1.mp4#f1504-1567,data/raw/PreVFall/v4_video_csv/Pre-VFall/confusion_nph/CGFM1.mp4,1,PreVFall,0,1504,1567,50.133333,52.233333,,,0,0,0,ADL,1.000000
data/raw/PreVFall/v4_video_csv/Pre-VFall/confusion_nph/CGFM1.mp4#f1520-1583,data/raw/PreVFall/v4_video_csv/Pre-VFall/confusion_nph/CGFM1.mp4,1,PreVFall,0,1520,1583,50.666667,52.766667,,,0,0,0,ADL,1.000000
data/raw/PreVFall/v4_video_csv/Pre-VFall/confusion_nph/CGFM1.mp4#f1536-1599,data/raw/PreVFall/v4_video_csv/Pre-VFall/confusion_nph/CGFM1.mp4,1,PreVFall,0,1536,1599,51.200000,53.300000,,,0,0,0,ADL,1.000000
data/raw/PreVFall/v4_video_csv/Pre-VFall/confusion_nph/CGFM1.mp4#f1552-1615,data/raw/PreVFall/v4_video_csv/Pre-VFall/confusion_nph/CGFM1.mp4,1,PreVFall,0,1552,1615,51.733333,53.833333,,,0,0,0,ADL,1.000000
data/raw/PreVFall/v4_video_csv/Pre-VFall/confusion_nph/CGFM1.mp4#f1568-1631,data/raw/PreVFall/v4_video_csv/Pre-VFall/confusion_nph/CGFM1.mp4,1,PreVFall,0,1568,1631,52.266667,54.366667,,,0,0,0,ADL,1.000000
data/raw/PreVFall/v4_video_csv/Pre-VFall/confusion_nph/CGFM1.mp4#f1584-1647,data/raw/PreVFall/v4_video_csv/Pre-VFall/confusion_nph/CGFM1.mp4,1,PreVFall,0,1584,1647,52.800000,54.900000,,,0,0,0,ADL,1.000000
data/raw/PreVFall/v4_video_csv/Pre-VFall/confusion_nph/CGFM1.mp4#f1600-1663,data/raw/PreVFall/v4_video_csv/Pre-VFall/confusion_nph/CGFM1.mp4,1,PreVFall,0,1600,1663,53.333333,55.433333,,,0,0,0,ADL,1.000000
data/raw/PreVFall/v4_video_csv/Pre-VFall/confusion_nph/CGFM1.mp4#f1616-1679,data/raw/PreVFall/v4_video_csv/Pre-VFall/confusion_nph/CGFM1.mp4,1,PreVFall,0,1616,1679,53.866667,55.966667,,,0,0,0,ADL,1.000000
data/raw/PreVFall/v4_video_csv/Pre-VFall/confusion_nph/CGFM1.mp4#f1632-1695,data/raw/PreVFall/v4_video_csv/Pre-VFall/confusion_nph/CGFM1.mp4,1,PreVFall,0,1632,1695,54.400000,56.500000,,,0,0,0,ADL,1.000000
data/raw/PreVFall/v4_video_csv/Pre-VFall/confusion_nph/CGFM2.mp4#f0-63,data/raw/PreVFall/v4_video_csv/Pre-VFall/confusion_nph/CGFM2.mp4,2,PreVFall,0,0,63,0.000000,2.100000,,,0,0,0,ADL,1.000000
data/raw/PreVFall/v4_video_csv/Pre-VFall/confusion_nph/CGFM2.mp4#f16-79,data/raw/PreVFall/v4_video_csv/Pre-VFall/confusion_nph/CGFM2.mp4,2,PreVFall,0,16,79,0.533333,2.633333,,,0,0,0,ADL,1.000000
data/raw/PreVFall/v4_video_csv/Pre-VFall/confusion_nph/CGFM2.mp4#f32-95,data/raw/PreVFall/v4_video_csv/Pre-VFall/confusion_nph/CGFM2.mp4,2,PreVFall,0,32,95,1.066667,3.166667,,,0,0,0,ADL,1.000000
data/raw/PreVFall/v4_video_csv/Pre-VFall/confusion_nph/CGFM2.mp4#f48-111,data/raw/PreVFall/v4_video_csv/Pre-VFall/confusion_nph/CGFM2.mp4,2,PreVFall,0,48,111,1.600000,3.700000,,,0,0,0,ADL,1.000000
data/raw/PreVFall/v4_video_csv/Pre-VFall/confusion_nph/CGFM2.mp4#f64-127,data/raw/PreVFall/v4_video_csv/Pre-VFall/confusion_nph/CGFM2.mp4,2,PreVFall,0,64,127,2.133333,4.233333,,,0,0,0,ADL,1.000000
data/raw/PreVFall/v4_video_csv/Pre-VFall/confusion_nph/CGFM2.mp4#f80-143,data/raw/PreVFall/v4_video_csv/Pre-VFall/confusion_nph/CGFM2.mp4,2,PreVFall,0,80,143,2.666667,4.766667,,,0,0,0,ADL,1.000000
data/raw/PreVFall/v4_video_csv/Pre-VFall/confusion_nph/CGFM2.mp4#f96-159,data/raw/PreVFall/v4_video_csv/Pre-VFall/confusion_nph/CGFM2.mp4,2,PreVFall,0,96,159,3.200000,5.300000,,,0,0,0,ADL,1.000000
data/raw/PreVFall/v4_video_csv/Pre-VFall/confusion_nph/CGFM2.mp4#f112-175,data/raw/PreVFall/v4_video_csv/Pre-VFall/confusion_nph/CGFM2.mp4,2,PreVFall,0,112,175,3.733333,5.833333,,,0,0,0,ADL,1.000000
data/raw/PreVFall/v4_video_csv/Pre-VFall/confusion_nph/CGFM2.mp4#f128-191,data/raw/PreVFall/v4_video_csv/Pre-VFall/confusion_nph/CGFM2.mp4,2,PreVFall,0,128,191,4.266667,6.366667,,,0,0,0,ADL,1.000000
data/raw/PreVFall/v4_video_csv/Pre-VFall/confusion_nph/CGFM2.mp4#f144-207,data/raw/PreVFall/v4_video_csv/Pre-VFall/confusion_nph/CGFM2.mp4,2,PreVFall,0,144,207,4.800000,6.900000,,,0,0,0,ADL,1.000000
data/raw/PreVFall/v4_video_csv/Pre-VFall/confusion_nph/CGFM2.mp4#f160-223,data/raw/PreVFall/v4_video_csv/Pre-VFall/confusion_nph/CGFM2.mp4,2,PreVFall,0,160,223,5.333333,7.433333,,,0,0,0,ADL,1.000000
data/raw/PreVFall/v4_video_csv/Pre-VFall/confusion_nph/CGFM2.mp4#f176-239,data/raw/PreVFall/v4_video_csv/Pre-VFall/confusion_nph/CGFM2.mp4,2,PreVFall,0,176,239,5.866667,7.966667,,,0,0,0,ADL,1.000000
data/raw/PreVFall/v4_video_csv/Pre-VFall/confusion_nph/CGFM2.mp4#f192-255,data/raw/PreVFall/v4_video_csv/Pre-VFall/confusion_nph/CGFM2.mp4,2,PreVFall,0,192,255,6.400000,8.500000,,,0,0,0,ADL,1.000000
data/raw/PreVFall/v4_video_csv/Pre-VFall/confusion_nph/CGFM2.mp4#f208-271,data/raw/PreVFall/v4_video_csv/Pre-VFall/confusion_nph/CGFM2.mp4,2,PreVFall,0,208,271,6.933333,9.033333,,,0,0,0,ADL,1.000000
data/raw/PreVFall/v4_video_csv/Pre-VFall/confusion_nph/CGFM2.mp4#f224-287,data/raw/PreVFall/v4_video_csv/Pre-VFall/confusion_nph/CGFM2.mp4,2,PreVFall,0,224,287,7.466667,9.566667,,,0,0,0,ADL,1.000000
data/raw/PreVFall/v4_video_csv/Pre-VFall/confusion_nph/CGFM2.mp4#f240-303,data/raw/PreVFall/v4_video_csv/Pre-VFall/confusion_nph/CGFM2.mp4,2,PreVFall,0,240,303,8.000000,10.100000,,,0,0,0,ADL,1.000000
data/raw/PreVFall/v4_video_csv/Pre-VFall/confusion_nph/CGFM2.mp4#f256-319,data/raw/PreVFall/v4_video_csv/Pre-VFall/confusion_nph/CGFM2.mp4,2,PreVFall,0,256,319,8.533333,10.633333,,,0,0,0,ADL,1.000000
data/raw/PreVFall/v4_video_csv/Pre-VFall/confusion_nph/CGFM2.mp4#f272-335,data/raw/PreVFall/v4_video_csv/Pre-VFall/confusion_nph/CGFM2.mp4,2,PreVFall,0,272,335,9.066667,11.166667,,,0,0,0,ADL,1.000000
data/raw/PreVFall/v4_video_csv/Pre-VFall/confusion_nph/CGFM2.mp4#f288-351,data/raw/PreVFall/v4_video_csv/Pre-VFall/confusion_nph/CGFM2.mp4,2,PreVFall,0,288,351,9.600000,11.700000,,,0,0,0,ADL,1.000000
data/raw/PreVFall/v4_video_csv/Pre-VFall/confusion_nph/CGFM2.mp4#f304-367,data/raw/PreVFall/v4_video_csv/Pre-VFall/confusion_nph/CGFM2.mp4,2,PreVFall,0,304,367,10.133333,12.233333,,,0,0,0,ADL,1.000000
data/raw/PreVFall/v4_video_csv/Pre-VFall/confusion_nph/CGFM2.mp4#f320-383,data/raw/PreVFall/v4_video_csv/Pre-VFall/confusion_nph/CGFM2.mp4,2,PreVFall,0,320,383,10.666667,12.766667,,,0,0,0,ADL,1.000000
data/raw/PreVFall/v4_video_csv/Pre-VFall/confusion_nph/CGFM2.mp4#f336-399,data/raw/PreVFall/v4_video_csv/Pre-VFall/confusion_nph/CGFM2.mp4,2,PreVFall,0,336,399,11.200000,13.300000,,,0,0,0,ADL,1.000000
data/raw/PreVFall/v4_video_csv/Pre-VFall/confusion_nph/CGFM2.mp4#f352-415,data/raw/PreVFall/v4_video_csv/Pre-VFall/confusion_nph/CGFM2.mp4,2,PreVFall,0,352,415,11.733333,13.833333,,,0,0,0,ADL,1.000000
data/raw/PreVFall/v4_video_csv/Pre-VFall/confusion_nph/CGFM2.mp4#f368-431,data/raw/PreVFall/v4_video_csv/Pre-VFall/confusion_nph/CGFM2.mp4,2,PreVFall,0,368,431,12.266667,14.366667,,,0,0,0,ADL,1.000000
data/raw/PreVFall/v4_video_csv/Pre-VFall/confusion_nph/CGFM2.mp4#f384-447,data/raw/PreVFall/v4_video_csv/Pre-VFall/confusion_nph/CGFM2.mp4,2,PreVFall,0,384,447,12.800000,14.900000,,,0,0,0,ADL,1.000000
data/raw/PreVFall/v4_video_csv/Pre-VFall/confusion_nph/CGFM2.mp4#f400-463,data/raw/PreVFall/v4_video_csv/Pre-VFall/confusion_nph/CGFM2.mp4,2,PreVFall,0,400,463,13.333333,15.433333,,,0,0,0,ADL,1.000000
data/raw/PreVFall/v4_video_csv/Pre-VFall/confusion_nph/CGFM2.mp4#f416-479,data/raw/PreVFall/v4_video_csv/Pre-VFall/confusion_nph/CGFM2.mp4,2,PreVFall,0,416,479,13.866667,15.966667,,,0,0,0,ADL,1.000000
data/raw/PreVFall/v4_video_csv/Pre-VFall/confusion_nph/CGFM2.mp4#f432-495,data/raw/PreVFall/v4_video_csv/Pre-VFall/confusion_nph/CGFM2.mp4,2,PreVFall,0,432,495,14.400000,16.500000,,,0,0,0,ADL,1.000000
data/raw/PreVFall/v4_video_csv/Pre-VFall/confusion_nph/CGFM2.mp4#f448-511,data/raw/PreVFall/v4_video_csv/Pre-VFall/confusion_nph/CGFM2.mp4,2,PreVFall,0,448,511,14.933333,17.033333,,,0,0,0,ADL,1.000000
data/raw/PreVFall/v4_video_csv/Pre-VFall/confusion_nph/CGFM2.mp4#f464-527,data/raw/PreVFall/v4_video_csv/Pre-VFall/confusion_nph/CGFM2.mp4,2,PreVFall,0,464,527,15.466667,17.566667,,,0,0,0,ADL,1.000000
data/raw/PreVFall/v4_video_csv/Pre-VFall/confusion_nph/CGFM2.mp4#f480-543,data/raw/PreVFall/v4_video_csv/Pre-VFall/confusion_nph/CGFM2.mp4,2,PreVFall,0,480,543,16.000000,18.100000,,,0,0,0,ADL,1.000000
data/raw/PreVFall/v4_video_csv/Pre-VFall/confusion_nph/CGFM2.mp4#f496-559,data/raw/PreVFall/v4_video_csv/Pre-VFall/confusion_nph/CGFM2.mp4,2,PreVFall,0,496,559,16.533333,18.633333,,,0,0,0,ADL,1.000000
data/raw/PreVFall/v4_video_csv/Pre-VFall/confusion_nph/CGFM2.mp4#f512-575,data/raw/PreVFall/v4_video_csv/Pre-VFall/confusion_nph/CGFM2.mp4,2,PreVFall,0,512,575,17.066667,19.166667,,,0,0,0,ADL,1.000000
data/raw/PreVFall/v4_video_csv/Pre-VFall/confusion_nph/CGFM2.mp4#f528-591,data/raw/PreVFall/v4_video_csv/Pre-VFall/confusion_nph/CGFM2.mp4,2,PreVFall,0,528,591,17.600000,19.700000,,,0,0,0,ADL,1.000000
data/raw/PreVFall/v4_video_csv/Pre-VFall/confusion_nph/CGFM2.mp4#f544-607,data/raw/PreVFall/v4_video_csv/Pre-VFall/confusion_nph/CGFM2.mp4,2,PreVFall,0,544,607,18.133333,20.233333,,,0,0,0,ADL,1.000000
data/raw/PreVFall/v4_video_csv/Pre-VFall/confusion_nph/CGFM2.mp4#f560-623,data/raw/PreVFall/v4_video_csv/Pre-VFall/confusion_nph/CGFM2.mp4,2,PreVFall,0,560,623,18.666667,20.766667,,,0,0,0,ADL,1.000000
data/raw/PreVFall/v4_video_csv/Pre-VFall/confusion_nph/CGFM3.mp4#f0-63,data/raw/PreVFall/v4_video_csv/Pre-VFall/confusion_nph/CGFM3.mp4,3,PreVFall,0,0,63,0.000000,2.100000,,,0,0,0,ADL,1.000000
data/raw/PreVFall/v4_video_csv/Pre-VFall/confusion_nph/CGFM3.mp4#f16-79,data/raw/PreVFall/v4_video_csv/Pre-VFall/confusion_nph/CGFM3.mp4,3,PreVFall,0,16,79,0.533333,2.633333,,,0,0,0,ADL,1.000000
data/raw/PreVFall/v4_video_csv/Pre-VFall/confusion_nph/CGFM3.mp4#f32-95,data/raw/PreVFall/v4_video_csv/Pre-VFall/confusion_nph/CGFM3.mp4,3,PreVFall,0,32,95,1.066667,3.166667,,,0,0,0,ADL,1.000000
data/raw/PreVFall/v4_video_csv/Pre-VFall/confusion_nph/CGFM3.mp4#f48-111,data/raw/PreVFall/v4_video_csv/Pre-VFall/confusion_nph/CGFM3.mp4,3,PreVFall,0,48,111,1.600000,3.700000,,,0,0,0,ADL,1.000000
data/raw/PreVFall/v4_video_csv/Pre-VFall/confusion_nph/CGFM3.mp4#f64-127,data/raw/PreVFall/v4_video_csv/Pre-VFall/confusion_nph/CGFM3.mp4,3,PreVFall,0,64,127,2.133333,4.233333,,,0,0,0,ADL,1.000000
data/raw/PreVFall/v4_video_csv/Pre-VFall/confusion_nph/CGFM3.mp4#f80-143,data/raw/PreVFall/v4_video_csv/Pre-VFall/confusion_nph/CGFM3.mp4,3,PreVFall,0,80,143,2.666667,4.766667,,,0,0,0,ADL,1.000000
data/raw/PreVFall/v4_video_csv/Pre-VFall/confusion_nph/CGFM3.mp4#f96-159,data/raw/PreVFall/v4_video_csv/Pre-VFall/confusion_nph/CGFM3.mp4,3,PreVFall,0,96,159,3.200000,5.300000,,,0,0,0,ADL,1.000000
data/raw/PreVFall/v4_video_csv/Pre-VFall/confusion_nph/CGFM3.mp4#f112-175,data/raw/PreVFall/v4_video_csv/Pre-VFall/confusion_nph/CGFM3.mp4,3,PreVFall,0,112,175,3.733333,5.833333,,,0,0,0,ADL,1.000000
data/raw/PreVFall/v4_video_csv/Pre-VFall/confusion_nph/CGFM3.mp4#f128-191,data/raw/PreVFall/v4_video_csv/Pre-VFall/confusion_nph/CGFM3.mp4,3,PreVFall,0,128,191,4.266667,6.366667,,,0,0,0,ADL,1.000000
data/raw/PreVFall/v4_video_csv/Pre-VFall/confusion_nph/CGFM3.mp4#f144-207,data/raw/PreVFall/v4_video_csv/Pre-VFall/confusion_nph/CGFM3.mp4,3,PreVFall,0,144,207,4.800000,6.900000,,,0,0,0,ADL,1.000000
data/raw/PreVFall/v4_video_csv/Pre-VFall/confusion_nph/CGFM3.mp4#f160-223,data/raw/PreVFall/v4_video_csv/Pre-VFall/confusion_nph/CGFM3.mp4,3,PreVFall,0,160,223,5.333333,7.433333,,,0,0,0,ADL,1.000000
data/raw/PreVFall/v4_video_csv/Pre-VFall/confusion_nph/CGFM3.mp4#f176-239,data/raw/PreVFall/v4_video_csv/Pre-VFall/confusion_nph/CGFM3.mp4,3,PreVFall,0,176,239,5.866667,7.966667,,,0,0,0,ADL,1.000000
data/raw/PreVFall/v4_video_csv/Pre-VFall/confusion_nph/CGFM3.mp4#f192-255,data/raw/PreVFall/v4_video_csv/Pre-VFall/confusion_nph/CGFM3.mp4,3,PreVFall,0,192,255,6.400000,8.500000,,,0,0,0,ADL,1.000000
data/raw/PreVFall/v4_video_csv/Pre-VFall/confusion_nph/CGFM3.mp4#f208-271,data/raw/PreVFall/v4_video_csv/Pre-VFall/confusion_nph/CGFM3.mp4,3,PreVFall,0,208,271,6.933333,9.033333,,,0,0,0,ADL,1.000000
data/raw/PreVFall/v4_video_csv/Pre-VFall/confusion_nph/CGFM3.mp4#f224-287,data/raw/PreVFall/v4_video_csv/Pre-VFall/confusion_nph/CGFM3.mp4,3,PreVFall,0,224,287,7.466667,9.566667,,,0,0,0,ADL,1.000000
data/raw/PreVFall/v4_video_csv/Pre-VFall/confusion_nph/CGFM3.mp4#f240-303,data/raw/PreVFall/v4_video_csv/Pre-VFall/confusion_nph/CGFM3.mp4,3,PreVFall,0,240,303,8.000000,10.100000,,,0,0,0,ADL,1.000000
data/raw/PreVFall/v4_video_csv/Pre-VFall/confusion_nph/CGFM3.mp4#f256-319,data/raw/PreVFall/v4_video_csv/Pre-VFall/confusion_nph/CGFM3.mp4,3,PreVFall,0,256,319,8.533333,10.633333,,,0,0,0,ADL,1.000000
data/raw/PreVFall/v4_video_csv/Pre-VFall/confusion_nph/CGFM3.mp4#f272-335,data/raw/PreVFall/v4_video_csv/Pre-VFall/confusion_nph/CGFM3.mp4,3,PreVFall,0,272,335,9.066667,11.166667,,,0,0,0,ADL,1.000000
data/raw/PreVFall/v4_video_csv/Pre-VFall/confusion_nph/CGFM3.mp4#f288-351,data/raw/PreVFall/v4_video_csv/Pre-VFall/confusion_nph/CGFM3.mp4,3,PreVFall,0,288,351,9.600000,11.700000,,,0,0,0,ADL,1.000000
data/raw/PreVFall/v4_video_csv/Pre-VFall/confusion_nph/CGFM3.mp4#f304-367,data/raw/PreVFall/v4_video_csv/Pre-VFall/confusion_nph/CGFM3.mp4,3,PreVFall,0,304,367,10.133333,12.233333,,,0,0,0,ADL,1.000000
data/raw/PreVFall/v4_video_csv/Pre-VFall/confusion_nph/CGFM3.mp4#f320-383,data/raw/PreVFall/v4_video_csv/Pre-VFall/confusion_nph/CGFM3.mp4,3,PreVFall,0,320,383,10.666667,12.766667,,,0,0,0,ADL,1.000000
data/raw/PreVFall/v4_video_csv/Pre-VFall/confusion_nph/CGFM3.mp4#f336-399,data/raw/PreVFall/v4_video_csv/Pre-VFall/confusion_nph/CGFM3.mp4,3,PreVFall,0,336,399,11.200000,13.300000,,,0,0,0,ADL,1.000000
data/raw/PreVFall/v4_video_csv/Pre-VFall/confusion_nph/CGFM3.mp4#f352-415,data/raw/PreVFall/v4_video_csv/Pre-VFall/confusion_nph/CGFM3.mp4,3,PreVFall,0,352,415,11.733333,13.833333,,,0,0,0,ADL,1.000000
data/raw/PreVFall/v4_video_csv/Pre-VFall/confusion_nph/CGFM3.mp4#f368-431,data/raw/PreVFall/v4_video_csv/Pre-VFall/confusion_nph/CGFM3.mp4,3,PreVFall,0,368,431,12.266667,14.366667,,,0,0,0,ADL,1.000000
data/raw/PreVFall/v4_video_csv/Pre-VFall/confusion_nph/CGFM3.mp4#f384-447,data/raw/PreVFall/v4_video_csv/Pre-VFall/confusion_nph/CGFM3.mp4,3,PreVFall,0,384,447,12.800000,14.900000,,,0,0,0,ADL,1.000000
data/raw/PreVFall/v4_video_csv/Pre-VFall/confusion_nph/CGFM3.mp4#f400-463,data/raw/PreVFall/v4_video_csv/Pre-VFall/confusion_nph/CGFM3.mp4,3,PreVFall,0,400,463,13.333333,15.433333,,,0,0,0,ADL,1.000000
data/raw/PreVFall/v4_video_csv/Pre-VFall/confusion_nph/CGFM3.mp4#f416-479,data/raw/PreVFall/v4_video_csv/Pre-VFall/confusion_nph/CGFM3.mp4,3,PreVFall,0,416,479,13.866667,15.966667,,,0,0,0,ADL,1.000000
data/raw/PreVFall/v4_video_csv/Pre-VFall/confusion_nph/CGFM3.mp4#f432-495,data/raw/PreVFall/v4_video_csv/Pre-VFall/confusion_nph/CGFM3.mp4,3,PreVFall,0,432,495,14.400000,16.500000,,,0,0,0,ADL,1.000000
data/raw/PreVFall/v4_video_csv/Pre-VFall/confusion_nph/CGFM3.mp4#f448-511,data/raw/PreVFall/v4_video_csv/Pre-VFall/confusion_nph/CGFM3.mp4,3,PreVFall,0,448,511,14.933333,17.033333,,,0,0,0,ADL,1.000000
data/raw/PreVFall/v4_video_csv/Pre-VFall/confusion_nph/CGFM3.mp4#f464-527,data/raw/PreVFall/v4_video_csv/Pre-VFall/confusion_nph/CGFM3.mp4,3,PreVFall,0,464,527,15.466667,17.566667,,,0,0,0,ADL,1.000000
data/raw/PreVFall/v4_video_csv/Pre-VFall/confusion_nph/CGFM3.mp4#f480-543,data/raw/PreVFall/v4_video_csv/Pre-VFall/confusion_nph/CGFM3.mp4,3,PreVFall,0,480,543,16.000000,18.100000,,,0,0,0,ADL,1.000000
data/raw/PreVFall/v4_video_csv/Pre-VFall/confusion_nph/CGFM3.mp4#f496-559,data/raw/PreVFall/v4_video_csv/Pre-VFall/confusion_nph/CGFM3.mp4,3,PreVFall,0,496,559,16.533333,18.633333,,,0,0,0,ADL,1.000000
data/raw/PreVFall/v4_video_csv/Pre-VFall/confusion_nph/CGFM3.mp4#f512-575,data/raw/PreVFall/v4_video_csv/Pre-VFall/confusion_nph/CGFM3.mp4,3,PreVFall,0,512,575,17.066667,19.166667,,,0,0,0,ADL,1.000000
data/raw/PreVFall/v4_video_csv/Pre-VFall/confusion_nph/CGFM3.mp4#f528-591,data/raw/PreVFall/v4_video_csv/Pre-VFall/confusion_nph/CGFM3.mp4,3,PreVFall,0,528,591,17.600000,19.700000,,,0,0,0,ADL,1.000000
data/raw/PreVFall/v4_video_csv/Pre-VFall/confusion_nph/CGFM3.mp4#f544-607,data/raw/PreVFall/v4_video_csv/Pre-VFall/confusion_nph/CGFM3.mp4,3,PreVFall,0,544,607,18.133333,20.233333,,,0,0,0,ADL,1.000000
data/raw/PreVFall/v4_video_csv/Pre-VFall/confusion_nph/CGFM3.mp4#f560-623,data/raw/PreVFall/v4_video_csv/Pre-VFall/confusion_nph/CGFM3.mp4,3,PreVFall,0,560,623,18.666667,20.766667,,,0,0,0,ADL,1.000000
data/raw/PreVFall/v4_video_csv/Pre-VFall/confusion_nph/CGFM3.mp4#f576-639,data/raw/PreVFall/v4_video_csv/Pre-VFall/confusion_nph/CGFM3.mp4,3,PreVFall,0,576,639,19.200000,21.300000,,,0,0,0,ADL,1.000000
data/raw/PreVFall/v4_video_csv/Pre-VFall/confusion_nph/CGFM3.mp4#f592-655,data/raw/PreVFall/v4_video_csv/Pre-VFall/confusion_nph/CGFM3.mp4,3,PreVFall,0,592,655,19.733333,21.833333,,,0,0,0,ADL,1.000000
data/raw/PreVFall/v4_video_csv/Pre-VFall/confusion_nph/CGFM3.mp4#f608-671,data/raw/PreVFall/v4_video_csv/Pre-VFall/confusion_nph/CGFM3.mp4,3,PreVFall,0,608,671,20.266667,22.366667,,,0,0,0,ADL,1.000000
data/raw/PreVFall/v4_video_csv/Pre-VFall/confusion_nph/CGFM3.mp4#f624-687,data/raw/PreVFall/v4_video_csv/Pre-VFall/confusion_nph/CGFM3.mp4,3,PreVFall,0,624,687,20.800000,22.900000,,,0,0,0,ADL,1.000000
data/raw/PreVFall/v4_video_csv/Pre-VFall/confusion_nph/CGFM3.mp4#f640-703,data/raw/PreVFall/v4_video_csv/Pre-VFall/confusion_nph/CGFM3.mp4,3,PreVFall,0,640,703,21.333333,23.433333,,,0,0,0,ADL,1.000000
data/raw/PreVFall/v4_video_csv/Pre-VFall/confusion_nph/CGFM3.mp4#f656-719,data/raw/PreVFall/v4_video_csv/Pre-VFall/confusion_nph/CGFM3.mp4,3,PreVFall,0,656,719,21.866667,23.966667,,,0,0,0,ADL,1.000000
data/raw/PreVFall/v4_video_csv/Pre-VFall/confusion_nph/CGFM3.mp4#f672-735,data/raw/PreVFall/v4_video_csv/Pre-VFall/confusion_nph/CGFM3.mp4,3,PreVFall,0,672,735,22.400000,24.500000,,,0,0,0,ADL,1.000000
data/raw/PreVFall/v4_video_csv/Pre-VFall/confusion_nph/CGFM3.mp4#f688-751,data/raw/PreVFall/v4_video_csv/Pre-VFall/confusion_nph/CGFM3.mp4,3,PreVFall,0,688,751,22.933333,25.033333,,,0,0,0,ADL,1.000000
data/raw/PreVFall/v4_video_csv/Pre-VFall/confusion_nph/CGFM3.mp4#f704-767,data/raw/PreVFall/v4_video_csv/Pre-VFall/confusion_nph/CGFM3.mp4,3,PreVFall,0,704,767,23.466667,25.566667,,,0,0,0,ADL,1.000000
data/raw/PreVFall/v4_video_csv/Pre-VFall/confusion_nph/CGFM3.mp4#f720-783,data/raw/PreVFall/v4_video_csv/Pre-VFall/confusion_nph/CGFM3.mp4,3,PreVFall,0,720,783,24.000000,26.100000,,,0,0,0,ADL,1.000000
data/raw/PreVFall/v4_video_csv/Pre-VFall/confusion_nph/CGFM3.mp4#f736-799,data/raw/PreVFall/v4_video_csv/Pre-VFall/confusion_nph/CGFM3.mp4,3,PreVFall,0,736,799,24.533333,26.633333,,,0,0,0,ADL,1.000000
data/raw/PreVFall/v4_video_csv/Pre-VFall/confusion_nph/CGFM3.mp4#f752-815,data/raw/PreVFall/v4_video_csv/Pre-VFall/confusion_nph/CGFM3.mp4,3,PreVFall,0,752,815,25.066667,27.166667,,,0,0,0,ADL,1.000000
data/raw/PreVFall/v4_video_csv/Pre-VFall/confusion_nph/CGFM3.mp4#f768-831,data/raw/PreVFall/v4_video_csv/Pre-VFall/confusion_nph/CGFM3.mp4,3,PreVFall,0,768,831,25.600000,27.700000,,,0,0,0,ADL,1.000000
data/raw/PreVFall/v4_video_csv/Pre-VFall/confusion_nph/CGFM3.mp4#f784-847,data/raw/PreVFall/v4_video_csv/Pre-VFall/confusion_nph/CGFM3.mp4,3,PreVFall,0,784,847,26.133333,28.233333,,,0,0,0,ADL,1.000000
data/raw/PreVFall/v4_video_csv/Pre-VFall/confusion_nph/CGFM3.mp4#f800-863,data/raw/PreVFall/v4_video_csv/Pre-VFall/confusion_nph/CGFM3.mp4,3,PreVFall,0,800,863,26.666667,28.766667,,,0,0,0,ADL,1.000000
data/raw/PreVFall/v4_video_csv/Pre-VFall/confusion_nph/CGFM3.mp4#f816-879,data/raw/PreVFall/v4_video_csv/Pre-VFall/confusion_nph/CGFM3.mp4,3,PreVFall,0,816,879,27.200000,29.300000,,,0,0,0,ADL,1.000000
data/raw/PreVFall/v4_video_csv/Pre-VFall/confusion_nph/CGFM3.mp4#f832-895,data/raw/PreVFall/v4_video_csv/Pre-VFall/confusion_nph/CGFM3.mp4,3,PreVFall,0,832,895,27.733333,29.833333,,,0,0,0,ADL,1.000000
data/raw/PreVFall/v4_video_csv/Pre-VFall/confusion_nph/CGFM3.mp4#f848-911,data/raw/PreVFall/v4_video_csv/Pre-VFall/confusion_nph/CGFM3.mp4,3,PreVFall,0,848,911,28.266667,30.366667,,,0,0,0,ADL,1.000000
data/raw/PreVFall/v4_video_csv/Pre-VFall/confusion_nph/CGFM3.mp4#f864-927,data/raw/PreVFall/v4_video_csv/Pre-VFall/confusion_nph/CGFM3.mp4,3,PreVFall,0,864,927,28.800000,30.900000,,,0,0,0,ADL,1.000000
data/raw/PreVFall/v4_video_csv/Pre-VFall/confusion_nph/CGFM3.mp4#f880-943,data/raw/PreVFall/v4_video_csv/Pre-VFall/confusion_nph/CGFM3.mp4,3,PreVFall,0,880,943,29.333333,31.433333,,,0,0,0,ADL,1.000000
data/raw/PreVFall/v4_video_csv/Pre-VFall/confusion_nph/CGFM3.mp4#f896-959,data/raw/PreVFall/v4_video_csv/Pre-VFall/confusion_nph/CGFM3.mp4,3,PreVFall,0,896,959,29.866667,31.966667,,,0,0,0,ADL,1.000000
data/raw/PreVFall/v4_video_csv/Pre-VFall/confusion_nph/CGFM3.mp4#f912-975,data/raw/PreVFall/v4_video_csv/Pre-VFall/confusion_nph/CGFM3.mp4,3,PreVFall,0,912,975,30.400000,32.500000,,,0,0,0,ADL,1.000000
data/raw/PreVFall/v4_video_csv/Pre-VFall/confusion_nph/CGFM3.mp4#f928-991,data/raw/PreVFall/v4_video_csv/Pre-VFall/confusion_nph/CGFM3.mp4,3,PreVFall,0,928,991,30.933333,33.033333,,,0,0,0,ADL,1.000000
data/raw/PreVFall/v4_video_csv/Pre-VFall/confusion_nph/CGFM3.mp4#f944-1007,data/raw/PreVFall/v4_video_csv/Pre-VFall/confusion_nph/CGFM3.mp4,3,PreVFall,0,944,1007,31.466667,33.566667,,,0,0,0,ADL,1.000000
data/raw/PreVFall/v4_video_csv/Pre-VFall/confusion_nph/CGFM3.mp4#f960-1023,data/raw/PreVFall/v4_video_csv/Pre-VFall/confusion_nph/CGFM3.mp4,3,PreVFall,0,960,1023,32.000000,34.100000,,,0,0,0,ADL,1.000000
data/raw/PreVFall/v4_video_csv/Pre-VFall/confusion_nph/CGFM3.mp4#f976-1039,data/raw/PreVFall/v4_video_csv/Pre-VFall/confusion_nph/CGFM3.mp4,3,PreVFall,0,976,1039,32.533333,34.633333,,,0,0,0,ADL,1.000000
data/raw/PreVFall/v4_video_csv/Pre-VFall/confusion_nph/CGFM3.mp4#f992-1055,data/raw/PreVFall/v4_video_csv/Pre-VFall/confusion_nph/CGFM3.mp4,3,PreVFall,0,992,1055,33.066667,35.166667,,,0,0,0,ADL,1.000000
data/raw/PreVFall/v4_video_csv/Pre-VFall/confusion_nph/CGFM3.mp4#f1008-1071,data/raw/PreVFall/v4_video_csv/Pre-VFall/confusion_nph/CGFM3.mp4,3,PreVFall,0,1008,1071,33.600000,35.700000,,,0,0,0,ADL,1.000000
data/raw/PreVFall/v4_video_csv/Pre-VFall/confusion_nph/CGFM3.mp4#f1024-1087,data/raw/PreVFall/v4_video_csv/Pre-VFall/confusion_nph/CGFM3.mp4,3,PreVFall,0,1024,1087,34.133333,36.233333,,,0,0,0,ADL,1.000000
data/raw/PreVFall/v4_video_csv/Pre-VFall/confusion_nph/CGFM3.mp4#f1040-1103,data/raw/PreVFall/v4_video_csv/Pre-VFall/confusion_nph/CGFM3.mp4,3,PreVFall,0,1040,1103,34.666667,36.766667,,,0,0,0,ADL,1.000000
data/raw/PreVFall/v4_video_csv/Pre-VFall/confusion_nph/CGFM3.mp4#f1056-1119,data/raw/PreVFall/v4_video_csv/Pre-VFall/confusion_nph/CGFM3.mp4,3,PreVFall,0,1056,1119,35.200000,37.300000,,,0,0,0,ADL,1.000000
data/raw/PreVFall/v4_video_csv/Pre-VFall/confusion_nph/CGFM3.mp4#f1072-1135,data/raw/PreVFall/v4_video_csv/Pre-VFall/confusion_nph/CGFM3.mp4,3,PreVFall,0,1072,1135,35.733333,37.833333,,,0,0,0,ADL,1.000000
data/raw/PreVFall/v4_video_csv/Pre-VFall/confusion_nph/CGFM3.mp4#f1088-1151,data/raw/PreVFall/v4_video_csv/Pre-VFall/confusion_nph/CGFM3.mp4,3,PreVFall,0,1088,1151,36.266667,38.366667,,,0,0,0,ADL,1.000000
data/raw/PreVFall/v4_video_csv/Pre-VFall/confusion_nph/CGFM3.mp4#f1104-1167,data/raw/PreVFall/v4_video_csv/Pre-VFall/confusion_nph/CGFM3.mp4,3,PreVFall,0,1104,1167,36.800000,38.900000,,,0,0,0,ADL,1.000000
data/raw/PreVFall/v4_video_csv/Pre-VFall/confusion_nph/CGFM3.mp4#f1120-1183,data/raw/PreVFall/v4_video_csv/Pre-VFall/confusion_nph/CGFM3.mp4,3,PreVFall,0,1120,1183,37.333333,39.433333,,,0,0,0,ADL,1.000000
data/raw/PreVFall/v4_video_csv/Pre-VFall/confusion_nph/CGSM1.mp4#f0-63,data/raw/PreVFall/v4_video_csv/Pre-VFall/confusion_nph/CGSM1.mp4,1,PreVFall,0,0,63,0.000000,2.100000,,,0,0,0,ADL,1.000000
data/raw/PreVFall/v4_video_csv/Pre-VFall/confusion_nph/CGSM1.mp4#f16-79,data/raw/PreVFall/v4_video_csv/Pre-VFall/confusion_nph/CGSM1.mp4,1,PreVFall,0,16,79,0.533333,2.633333,,,0,0,0,ADL,1.000000
data/raw/PreVFall/v4_video_csv/Pre-VFall/confusion_nph/CGSM1.mp4#f32-95,data/raw/PreVFall/v4_video_csv/Pre-VFall/confusion_nph/CGSM1.mp4,1,PreVFall,0,32,95,1.066667,3.166667,,,0,0,0,ADL,1.000000
data/raw/PreVFall/v4_video_csv/Pre-VFall/confusion_nph/CGSM1.mp4#f48-111,data/raw/PreVFall/v4_video_csv/Pre-VFall/confusion_nph/CGSM1.mp4,1,PreVFall,0,48,111,1.600000,3.700000,,,0,0,0,ADL,1.000000
data/raw/PreVFall/v4_video_csv/Pre-VFall/confusion_nph/CGSM1.mp4#f64-127,data/raw/PreVFall/v4_video_csv/Pre-VFall/confusion_nph/CGSM1.mp4,1,PreVFall,0,64,127,2.133333,4.233333,,,0,0,0,ADL,1.000000
data/raw/PreVFall/v4_video_csv/Pre-VFall/confusion_nph/CGSM1.mp4#f80-143,data/raw/PreVFall/v4_video_csv/Pre-VFall/confusion_nph/CGSM1.mp4,1,PreVFall,0,80,143,2.666667,4.766667,,,0,0,0,ADL,1.000000
data/raw/PreVFall/v4_video_csv/Pre-VFall/confusion_nph/CGSM1.mp4#f96-159,data/raw/PreVFall/v4_video_csv/Pre-VFall/confusion_nph/CGSM1.mp4,1,PreVFall,0,96,159,3.200000,5.300000,,,0,0,0,ADL,1.000000
data/raw/PreVFall/v4_video_csv/Pre-VFall/confusion_nph/CGSM1.mp4#f112-175,data/raw/PreVFall/v4_video_csv/Pre-VFall/confusion_nph/CGSM1.mp4,1,PreVFall,0,112,175,3.733333,5.833333,,,0,0,0,ADL,1.000000
data/raw/PreVFall/v4_video_csv/Pre-VFall/confusion_nph/CGSM1.mp4#f128-191,data/raw/PreVFall/v4_video_csv/Pre-VFall/confusion_nph/CGSM1.mp4,1,PreVFall,0,128,191,4.266667,6.366667,,,0,0,0,ADL,1.000000
data/raw/PreVFall/v4_video_csv/Pre-VFall/confusion_nph/CGSM1.mp4#f144-207,data/raw/PreVFall/v4_video_csv/Pre-VFall/confusion_nph/CGSM1.mp4,1,PreVFall,0,144,207,4.800000,6.900000,,,0,0,0,ADL,1.000000
data/raw/PreVFall/v4_video_csv/Pre-VFall/confusion_nph/CGSM1.mp4#f160-223,data/raw/PreVFall/v4_video_csv/Pre-VFall/confusion_nph/CGSM1.mp4,1,PreVFall,0,160,223,5.333333,7.433333,,,0,0,0,ADL,1.000000
data/raw/PreVFall/v4_video_csv/Pre-VFall/confusion_nph/CGSM1.mp4#f176-239,data/raw/PreVFall/v4_video_csv/Pre-VFall/confusion_nph/CGSM1.mp4,1,PreVFall,0,176,239,5.866667,7.966667,,,0,0,0,ADL,1.000000
data/raw/PreVFall/v4_video_csv/Pre-VFall/confusion_nph/CGSM1.mp4#f192-255,data/raw/PreVFall/v4_video_csv/Pre-VFall/confusion_nph/CGSM1.mp4,1,PreVFall,0,192,255,6.400000,8.500000,,,0,0,0,ADL,1.000000
data/raw/PreVFall/v4_video_csv/Pre-VFall/confusion_nph/CGSM1.mp4#f208-271,data/raw/PreVFall/v4_video_csv/Pre-VFall/confusion_nph/CGSM1.mp4,1,PreVFall,0,208,271,6.933333,9.033333,,,0,0,0,ADL,1.000000
data/raw/PreVFall/v4_video_csv/Pre-VFall/confusion_nph/CGSM1.mp4#f224-287,data/raw/PreVFall/v4_video_csv/Pre-VFall/confusion_nph/CGSM1.mp4,1,PreVFall,0,224,287,7.466667,9.566667,,,0,0,0,ADL,1.000000
data/raw/PreVFall/v4_video_csv/Pre-VFall/confusion_nph/CGSM1.mp4#f240-303,data/raw/PreVFall/v4_video_csv/Pre-VFall/confusion_nph/CGSM1.mp4,1,PreVFall,0,240,303,8.000000,10.100000,,,0,0,0,ADL,1.000000
data/raw/PreVFall/v4_video_csv/Pre-VFall/confusion_nph/CGSM1.mp4#f256-319,data/raw/PreVFall/v4_video_csv/Pre-VFall/confusion_nph/CGSM1.mp4,1,PreVFall,0,256,319,8.533333,10.633333,,,0,0,0,ADL,1.000000
data/raw/PreVFall/v4_video_csv/Pre-VFall/confusion_nph/CGSM1.mp4#f272-335,data/raw/PreVFall/v4_video_csv/Pre-VFall/confusion_nph/CGSM1.mp4,1,PreVFall,0,272,335,9.066667,11.166667,,,0,0,0,ADL,1.000000
data/raw/PreVFall/v4_video_csv/Pre-VFall/confusion_nph/CGSM1.mp4#f288-351,data/raw/PreVFall/v4_video_csv/Pre-VFall/confusion_nph/CGSM1.mp4,1,PreVFall,0,288,351,9.600000,11.700000,,,0,0,0,ADL,1.000000
data/raw/PreVFall/v4_video_csv/Pre-VFall/confusion_nph/CGSM1.mp4#f304-367,data/raw/PreVFall/v4_video_csv/Pre-VFall/confusion_nph/CGSM1.mp4,1,PreVFall,0,304,367,10.133333,12.233333,,,0,0,0,ADL,1.000000
data/raw/PreVFall/v4_video_csv/Pre-VFall/confusion_nph/CGSM1.mp4#f320-383,data/raw/PreVFall/v4_video_csv/Pre-VFall/confusion_nph/CGSM1.mp4,1,PreVFall,0,320,383,10.666667,12.766667,,,0,0,0,ADL,1.000000
data/raw/PreVFall/v4_video_csv/Pre-VFall/confusion_nph/CGSM1.mp4#f336-399,data/raw/PreVFall/v4_video_csv/Pre-VFall/confusion_nph/CGSM1.mp4,1,PreVFall,0,336,399,11.200000,13.300000,,,0,0,0,ADL,1.000000
data/raw/PreVFall/v4_video_csv/Pre-VFall/confusion_nph/CGSM1.mp4#f352-415,data/raw/PreVFall/v4_video_csv/Pre-VFall/confusion_nph/CGSM1.mp4,1,PreVFall,0,352,415,11.733333,13.833333,,,0,0,0,ADL,1.000000
data/raw/PreVFall/v4_video_csv/Pre-VFall/confusion_nph/CGSM1.mp4#f368-431,data/raw/PreVFall/v4_video_csv/Pre-VFall/confusion_nph/CGSM1.mp4,1,PreVFall,0,368,431,12.266667,14.366667,,,0,0,0,ADL,1.000000
data/raw/PreVFall/v4_video_csv/Pre-VFall/confusion_nph/CGSM1.mp4#f384-447,data/raw/PreVFall/v4_video_csv/Pre-VFall/confusion_nph/CGSM1.mp4,1,PreVFall,0,384,447,12.800000,14.900000,,,0,0,0,ADL,1.000000
data/raw/PreVFall/v4_video_csv/Pre-VFall/confusion_nph/CGSM1.mp4#f400-463,data/raw/PreVFall/v4_video_csv/Pre-VFall/confusion_nph/CGSM1.mp4,1,PreVFall,0,400,463,13.333333,15.433333,,,0,0,0,ADL,1.000000
data/raw/PreVFall/v4_video_csv/Pre-VFall/confusion_nph/CGSM1.mp4#f416-479,data/raw/PreVFall/v4_video_csv/Pre-VFall/confusion_nph/CGSM1.mp4,1,PreVFall,0,416,479,13.866667,15.966667,,,0,0,0,ADL,1.000000
data/raw/PreVFall/v4_video_csv/Pre-VFall/confusion_nph/CGSM1.mp4#f432-495,data/raw/PreVFall/v4_video_csv/Pre-VFall/confusion_nph/CGSM1.mp4,1,PreVFall,0,432,495,14.400000,16.500000,,,0,0,0,ADL,1.000000
data/raw/PreVFall/v4_video_csv/Pre-VFall/confusion_nph/CGSM1.mp4#f448-511,data/raw/PreVFall/v4_video_csv/Pre-VFall/confusion_nph/CGSM1.mp4,1,PreVFall,0,448,511,14.933333,17.033333,,,0,0,0,ADL,1.000000
data/raw/PreVFall/v4_video_csv/Pre-VFall/confusion_nph/CGSM1.mp4#f464-527,data/raw/PreVFall/v4_video_csv/Pre-VFall/confusion_nph/CGSM1.mp4,1,PreVFall,0,464,527,15.466667,17.566667,,,0,0,0,ADL,1.000000
data/raw/PreVFall/v4_video_csv/Pre-VFall/confusion_nph/CGSM1.mp4#f480-543,data/raw/PreVFall/v4_video_csv/Pre-VFall/confusion_nph/CGSM1.mp4,1,PreVFall,0,480,543,16.000000,18.100000,,,0,0,0,ADL,1.000000
data/raw/PreVFall/v4_video_csv/Pre-VFall/confusion_nph/CGSM1.mp4#f496-559,data/raw/PreVFall/v4_video_csv/Pre-VFall/confusion_nph/CGSM1.mp4,1,PreVFall,0,496,559,16.533333,18.633333,,,0,0,0,ADL,1.000000
data/raw/PreVFall/v4_video_csv/Pre-VFall/confusion_nph/CGSM1.mp4#f512-575,data/raw/PreVFall/v4_video_csv/Pre-VFall/confusion_nph/CGSM1.mp4,1,PreVFall,0,512,575,17.066667,19.166667,,,0,0,0,ADL,1.000000
data/raw/PreVFall/v4_video_csv/Pre-VFall/confusion_nph/CGSM1.mp4#f528-591,data/raw/PreVFall/v4_video_csv/Pre-VFall/confusion_nph/CGSM1.mp4,1,PreVFall,0,528,591,17.600000,19.700000,,,0,0,0,ADL,1.000000
data/raw/PreVFall/v4_video_csv/Pre-VFall/confusion_nph/CGSM1.mp4#f544-607,data/raw/PreVFall/v4_video_csv/Pre-VFall/confusion_nph/CGSM1.mp4,1,PreVFall,0,544,607,18.133333,20.233333,,,0,0,0,ADL,1.000000
data/raw/PreVFall/v4_video_csv/Pre-VFall/confusion_nph/CGSM1.mp4#f560-623,data/raw/PreVFall/v4_video_csv/Pre-VFall/confusion_nph/CGSM1.mp4,1,PreVFall,0,560,623,18.666667,20.766667,,,0,0,0,ADL,1.000000
data/raw/PreVFall/v4_video_csv/Pre-VFall/confusion_nph/CGSM1.mp4#f576-639,data/raw/PreVFall/v4_video_csv/Pre-VFall/confusion_nph/CGSM1.mp4,1,PreVFall,0,576,639,19.200000,21.300000,,,0,0,0,ADL,1.000000
data/raw/PreVFall/v4_video_csv/Pre-VFall/confusion_nph/CGSM1.mp4#f592-655,data/raw/PreVFall/v4_video_csv/Pre-VFall/confusion_nph/CGSM1.mp4,1,PreVFall,0,592,655,19.733333,21.833333,,,0,0,0,ADL,1.000000
data/raw/PreVFall/v4_video_csv/Pre-VFall/confusion_nph/CGSM1.mp4#f608-671,data/raw/PreVFall/v4_video_csv/Pre-VFall/confusion_nph/CGSM1.mp4,1,PreVFall,0,608,671,20.266667,22.366667,,,0,0,0,ADL,1.000000
data/raw/PreVFall/v4_video_csv/Pre-VFall/confusion_nph/CGSM1.mp4#f624-687,data/raw/PreVFall/v4_video_csv/Pre-VFall/confusion_nph/CGSM1.mp4,1,PreVFall,0,624,687,20.800000,22.900000,,,0,0,0,ADL,1.000000
data/raw/PreVFall/v4_video_csv/Pre-VFall/confusion_nph/CGSM1.mp4#f640-703,data/raw/PreVFall/v4_video_csv/Pre-VFall/confusion_nph/CGSM1.mp4,1,PreVFall,0,640,703,21.333333,23.433333,,,0,0,0,ADL,1.000000
data/raw/PreVFall/v4_video_csv/Pre-VFall/confusion_nph/CGSM1.mp4#f656-719,data/raw/PreVFall/v4_video_csv/Pre-VFall/confusion_nph/CGSM1.mp4,1,PreVFall,0,656,719,21.866667,23.966667,,,0,0,0,ADL,1.000000
data/raw/PreVFall/v4_video_csv/Pre-VFall/confusion_nph/CGSM1.mp4#f672-735,data/raw/PreVFall/v4_video_csv/Pre-VFall/confusion_nph/CGSM1.mp4,1,PreVFall,0,672,735,22.400000,24.500000,,,0,0,0,ADL,1.000000
data/raw/PreVFall/v4_video_csv/Pre-VFall/confusion_nph/CGSM1.mp4#f688-751,data/raw/PreVFall/v4_video_csv/Pre-VFall/confusion_nph/CGSM1.mp4,1,PreVFall,0,688,751,22.933333,25.033333,,,0,0,0,ADL,1.000000
data/raw/PreVFall/v4_video_csv/Pre-VFall/confusion_nph/CGSM1.mp4#f704-767,data/raw/PreVFall/v4_video_csv/Pre-VFall/confusion_nph/CGSM1.mp4,1,PreVFall,0,704,767,23.466667,25.566667,,,0,0,0,ADL,1.000000
data/raw/PreVFall/v4_video_csv/Pre-VFall/confusion_nph/CGSM1.mp4#f720-783,data/raw/PreVFall/v4_video_csv/Pre-VFall/confusion_nph/CGSM1.mp4,1,PreVFall,0,720,783,24.000000,26.100000,,,0,0,0,ADL,1.000000
data/raw/PreVFall/v4_video_csv/Pre-VFall/confusion_nph/CGSM1.mp4#f736-799,data/raw/PreVFall/v4_video_csv/Pre-VFall/confusion_nph/CGSM1.mp4,1,PreVFall,0,736,799,24.533333,26.633333,,,0,0,0,ADL,1.000000
data/raw/PreVFall/v4_video_csv/Pre-VFall/confusion_nph/CGSM1.mp4#f752-815,data/raw/PreVFall/v4_video_csv/Pre-VFall/confusion_nph/CGSM1.mp4,1,PreVFall,0,752,815,25.066667,27.166667,,,0,0,0,ADL,1.000000
data/raw/PreVFall/v4_video_csv/Pre-VFall/confusion_nph/CGSM1.mp4#f768-831,data/raw/PreVFall/v4_video_csv/Pre-VFall/confusion_nph/CGSM1.mp4,1,PreVFall,0,768,831,25.600000,27.700000,,,0,0,0,ADL,1.000000
data/raw/PreVFall/v4_video_csv/Pre-VFall/confusion_nph/CGSM1.mp4#f784-847,data/raw/PreVFall/v4_video_csv/Pre-VFall/confusion_nph/CGSM1.mp4,1,PreVFall,0,784,847,26.133333,28.233333,,,0,0,0,ADL,1.000000
data/raw/PreVFall/v4_video_csv/Pre-VFall/confusion_nph/CGSM1.mp4#f800-863,data/raw/PreVFall/v4_video_csv/Pre-VFall/confusion_nph/CGSM1.mp4,1,PreVFall,0,800,863,26.666667,28.766667,,,0,0,0,ADL,1.000000
data/raw/PreVFall/v4_video_csv/Pre-VFall/confusion_nph/CGSM1.mp4#f816-879,data/raw/PreVFall/v4_video_csv/Pre-VFall/confusion_nph/CGSM1.mp4,1,PreVFall,0,816,879,27.200000,29.300000,,,0,0,0,ADL,1.000000
data/raw/PreVFall/v4_video_csv/Pre-VFall/confusion_nph/CGSM1.mp4#f832-895,data/raw/PreVFall/v4_video_csv/Pre-VFall/confusion_nph/CGSM1.mp4,1,PreVFall,0,832,895,27.733333,29.833333,,,0,0,0,ADL,1.000000
data/raw/PreVFall/v4_video_csv/Pre-VFall/confusion_nph/CGSM1.mp4#f848-911,data/raw/PreVFall/v4_video_csv/Pre-VFall/confusion_nph/CGSM1.mp4,1,PreVFall,0,848,911,28.266667,30.366667,,,0,0,0,ADL,1.000000
data/raw/PreVFall/v4_video_csv/Pre-VFall/confusion_nph/CGSM1.mp4#f864-927,data/raw/PreVFall/v4_video_csv/Pre-VFall/confusion_nph/CGSM1.mp4,1,PreVFall,0,864,927,28.800000,30.900000,,,0,0,0,ADL,1.000000
data/raw/PreVFall/v4_video_csv/Pre-VFall/confusion_nph/CGSM1.mp4#f880-943,data/raw/PreVFall/v4_video_csv/Pre-VFall/confusion_nph/CGSM1.mp4,1,PreVFall,0,880,943,29.333333,31.433333,,,0,0,0,ADL,1.000000
data/raw/PreVFall/v4_video_csv/Pre-VFall/confusion_nph/CGSM1.mp4#f896-959,data/raw/PreVFall/v4_video_csv/Pre-VFall/confusion_nph/CGSM1.mp4,1,PreVFall,0,896,959,29.866667,31.966667,,,0,0,0,ADL,1.000000
data/raw/PreVFall/v4_video_csv/Pre-VFall/confusion_nph/CGSM1.mp4#f912-975,data/raw/PreVFall/v4_video_csv/Pre-VFall/confusion_nph/CGSM1.mp4,1,PreVFall,0,912,975,30.400000,32.500000,,,0,0,0,ADL,1.000000
data/raw/PreVFall/v4_video_csv/Pre-VFall/confusion_nph/CGSM1.mp4#f928-991,data/raw/PreVFall/v4_video_csv/Pre-VFall/confusion_nph/CGSM1.mp4,1,PreVFall,0,928,991,30.933333,33.033333,,,0,0,0,ADL,1.000000
data/raw/PreVFall/v4_video_csv/Pre-VFall/confusion_nph/CGSM1.mp4#f944-1007,data/raw/PreVFall/v4_video_csv/Pre-VFall/confusion_nph/CGSM1.mp4,1,PreVFall,0,944,1007,31.466667,33.566667,,,0,0,0,ADL,1.000000
data/raw/PreVFall/v4_video_csv/Pre-VFall/confusion_nph/CGSM1.mp4#f960-1023,data/raw/PreVFall/v4_video_csv/Pre-VFall/confusion_nph/CGSM1.mp4,1,PreVFall,0,960,1023,32.000000,34.100000,,,0,0,0,ADL,1.000000
data/raw/PreVFall/v4_video_csv/Pre-VFall/confusion_nph/CGSM1.mp4#f976-1039,data/raw/PreVFall/v4_video_csv/Pre-VFall/confusion_nph/CGSM1.mp4,1,PreVFall,0,976,1039,32.533333,34.633333,,,0,0,0,ADL,1.000000
data/raw/PreVFall/v4_video_csv/Pre-VFall/confusion_nph/CGSM1.mp4#f992-1055,data/raw/PreVFall/v4_video_csv/Pre-VFall/confusion_nph/CGSM1.mp4,1,PreVFall,0,992,1055,33.066667,35.166667,,,0,0,0,ADL,1.000000
data/raw/PreVFall/v4_video_csv/Pre-VFall/confusion_nph/CGSM1.mp4#f1008-1071,data/raw/PreVFall/v4_video_csv/Pre-VFall/confusion_nph/CGSM1.mp4,1,PreVFall,0,1008,1071,33.600000,35.700000,,,0,0,0,ADL,1.000000
data/raw/PreVFall/v4_video_csv/Pre-VFall/confusion_nph/CGSM1.mp4#f1024-1087,data/raw/PreVFall/v4_video_csv/Pre-VFall/confusion_nph/CGSM1.mp4,1,PreVFall,0,1024,1087,34.133333,36.233333,,,0,0,0,ADL,1.000000
data/raw/PreVFall/v4_video_csv/Pre-VFall/confusion_nph/CGSM1.mp4#f1040-1103,data/raw/PreVFall/v4_video_csv/Pre-VFall/confusion_nph/CGSM1.mp4,1,PreVFall,0,1040,1103,34.666667,36.766667,,,0,0,0,ADL,1.000000
data/raw/PreVFall/v4_video_csv/Pre-VFall/confusion_nph/CGSM1.mp4#f1056-1119,data/raw/PreVFall/v4_video_csv/Pre-VFall/confusion_nph/CGSM1.mp4,1,PreVFall,0,1056,1119,35.200000,37.300000,,,0,0,0,ADL,1.000000
data/raw/PreVFall/v4_video_csv/Pre-VFall/confusion_nph/CGSM1.mp4#f1072-1135,data/raw/PreVFall/v4_video_csv/Pre-VFall/confusion_nph/CGSM1.mp4,1,PreVFall,0,1072,1135,35.733333,37.833333,,,0,0,0,ADL,1.000000
data/raw/PreVFall/v4_video_csv/Pre-VFall/confusion_nph/CGSM1.mp4#f1088-1151,data/raw/PreVFall/v4_video_csv/Pre-VFall/confusion_nph/CGSM1.mp4,1,PreVFall,0,1088,1151,36.266667,38.366667,,,0,0,0,ADL,1.000000
data/raw/PreVFall/v4_video_csv/Pre-VFall/confusion_nph/CGSM1.mp4#f1104-1167,data/raw/PreVFall/v4_video_csv/Pre-VFall/confusion_nph/CGSM1.mp4,1,PreVFall,0,1104,1167,36.800000,38.900000,,,0,0,0,ADL,1.000000
data/raw/PreVFall/v4_video_csv/Pre-VFall/confusion_nph/CGSM1.mp4#f1120-1183,data/raw/PreVFall/v4_video_csv/Pre-VFall/confusion_nph/CGSM1.mp4,1,PreVFall,0,1120,1183,37.333333,39.433333,,,0,0,0,ADL,1.000000
data/raw/PreVFall/v4_video_csv/Pre-VFall/confusion_nph/CGSM1.mp4#f1136-1199,data/raw/PreVFall/v4_video_csv/Pre-VFall/confusion_nph/CGSM1.mp4,1,PreVFall,0,1136,1199,37.866667,39.966667,,,0,0,0,ADL,1.000000
data/raw/PreVFall/v4_video_csv/Pre-VFall/confusion_nph/CGSM1.mp4#f1152-1215,data/raw/PreVFall/v4_video_csv/Pre-VFall/confusion_nph/CGSM1.mp4,1,PreVFall,0,1152,1215,38.400000,40.500000,,,0,0,0,ADL,1.000000
data/raw/PreVFall/v4_video_csv/Pre-VFall/confusion_nph/CGSM1.mp4#f1168-1231,data/raw/PreVFall/v4_video_csv/Pre-VFall/confusion_nph/CGSM1.mp4,1,PreVFall,0,1168,1231,38.933333,41.033333,,,0,0,0,ADL,1.000000
data/raw/PreVFall/v4_video_csv/Pre-VFall/confusion_nph/CGSM1.mp4#f1184-1247,data/raw/PreVFall/v4_video_csv/Pre-VFall/confusion_nph/CGSM1.mp4,1,PreVFall,0,1184,1247,39.466667,41.566667,,,0,0,0,ADL,1.000000
data/raw/PreVFall/v4_video_csv/Pre-VFall/confusion_nph/CGSM1.mp4#f1200-1263,data/raw/PreVFall/v4_video_csv/Pre-VFall/confusion_nph/CGSM1.mp4,1,PreVFall,0,1200,1263,40.000000,42.100000,,,0,0,0,ADL,1.000000
data/raw/PreVFall/v4_video_csv/Pre-VFall/confusion_nph/CGSM1.mp4#f1216-1279,data/raw/PreVFall/v4_video_csv/Pre-VFall/confusion_nph/CGSM1.mp4,1,PreVFall,0,1216,1279,40.533333,42.633333,,,0,0,0,ADL,1.000000
data/raw/PreVFall/v4_video_csv/Pre-VFall/confusion_nph/CGSM1.mp4#f1232-1295,data/raw/PreVFall/v4_video_csv/Pre-VFall/confusion_nph/CGSM1.mp4,1,PreVFall,0,1232,1295,41.066667,43.166667,,,0,0,0,ADL,1.000000
data/raw/PreVFall/v4_video_csv/Pre-VFall/confusion_nph/CGSM1.mp4#f1248-1311,data/raw/PreVFall/v4_video_csv/Pre-VFall/confusion_nph/CGSM1.mp4,1,PreVFall,0,1248,1311,41.600000,43.700000,,,0,0,0,ADL,1.000000
data/raw/PreVFall/v4_video_csv/Pre-VFall/confusion_nph/CGSM1.mp4#f1264-1327,data/raw/PreVFall/v4_video_csv/Pre-VFall/confusion_nph/CGSM1.mp4,1,PreVFall,0,1264,1327,42.133333,44.233333,,,0,0,0,ADL,1.000000
data/raw/PreVFall/v4_video_csv/Pre-VFall/confusion_nph/CGSM1.mp4#f1280-1343,data/raw/PreVFall/v4_video_csv/Pre-VFall/confusion_nph/CGSM1.mp4,1,PreVFall,0,1280,1343,42.666667,44.766667,,,0,0,0,ADL,1.000000
data/raw/PreVFall/v4_video_csv/Pre-VFall/confusion_nph/CGSM1.mp4#f1296-1359,data/raw/PreVFall/v4_video_csv/Pre-VFall/confusion_nph/CGSM1.mp4,1,PreVFall,0,1296,1359,43.200000,45.300000,,,0,0,0,ADL,1.000000
data/raw/PreVFall/v4_video_csv/Pre-VFall/confusion_nph/CGSM1.mp4#f1312-1375,data/raw/PreVFall/v4_video_csv/Pre-VFall/confusion_nph/CGSM1.mp4,1,PreVFall,0,1312,1375,43.733333,45.833333,,,0,0,0,ADL,1.000000
data/raw/PreVFall/v4_video_csv/Pre-VFall/confusion_nph/CGSM1.mp4#f1328-1391,data/raw/PreVFall/v4_video_csv/Pre-VFall/confusion_nph/CGSM1.mp4,1,PreVFall,0,1328,1391,44.266667,46.366667,,,0,0,0,ADL,1.000000
data/raw/PreVFall/v4_video_csv/Pre-VFall/confusion_nph/CGSM1.mp4#f1344-1407,data/raw/PreVFall/v4_video_csv/Pre-VFall/confusion_nph/CGSM1.mp4,1,PreVFall,0,1344,1407,44.800000,46.900000,,,0,0,0,ADL,1.000000
data/raw/PreVFall/v4_video_csv/Pre-VFall/confusion_nph/CGSM1.mp4#f1360-1423,data/raw/PreVFall/v4_video_csv/Pre-VFall/confusion_nph/CGSM1.mp4,1,PreVFall,0,1360,1423,45.333333,47.433333,,,0,0,0,ADL,1.000000
data/raw/PreVFall/v4_video_csv/Pre-VFall/confusion_nph/CGSM1.mp4#f1376-1439,data/raw/PreVFall/v4_video_csv/Pre-VFall/confusion_nph/CGSM1.mp4,1,PreVFall,0,1376,1439,45.866667,47.966667,,,0,0,0,ADL,1.000000
data/raw/PreVFall/v4_video_csv/Pre-VFall/confusion_nph/CGSM1.mp4#f1392-1455,data/raw/PreVFall/v4_video_csv/Pre-VFall/confusion_nph/CGSM1.mp4,1,PreVFall,0,1392,1455,46.400000,48.500000,,,0,0,0,ADL,1.000000
data/raw/PreVFall/v4_video_csv/Pre-VFall/confusion_nph/CGSM1.mp4#f1408-1471,data/raw/PreVFall/v4_video_csv/Pre-VFall/confusion_nph/CGSM1.mp4,1,PreVFall,0,1408,1471,46.933333,49.033333,,,0,0,0,ADL,1.000000
data/raw/PreVFall/v4_video_csv/Pre-VFall/confusion_nph/CGSM1.mp4#f1424-1487,data/raw/PreVFall/v4_video_csv/Pre-VFall/confusion_nph/CGSM1.mp4,1,PreVFall,0,1424,1487,47.466667,49.566667,,,0,0,0,ADL,1.000000
data/raw/PreVFall/v4_video_csv/Pre-VFall/confusion_nph/CGSM1.mp4#f1440-1503,data/raw/PreVFall/v4_video_csv/Pre-VFall/confusion_nph/CGSM1.mp4,1,PreVFall,0,1440,1503,48.000000,50.100000,,,0,0,0,ADL,1.000000
data/raw/PreVFall/v4_video_csv/Pre-VFall/confusion_nph/CGSM1.mp4#f1456-1519,data/raw/PreVFall/v4_video_csv/Pre-VFall/confusion_nph/CGSM1.mp4,1,PreVFall,0,1456,1519,48.533333,50.633333,,,0,0,0,ADL,1.000000
data/raw/PreVFall/v4_video_csv/Pre-VFall/confusion_nph/CGSM1.mp4#f1472-1535,data/raw/PreVFall/v4_video_csv/Pre-VFall/confusion_nph/CGSM1.mp4,1,PreVFall,0,1472,1535,49.066667,51.166667,,,0,0,0,ADL,1.000000
data/raw/PreVFall/v4_video_csv/Pre-VFall/confusion_nph/CGSM1.mp4#f1488-1551,data/raw/PreVFall/v4_video_csv/Pre-VFall/confusion_nph/CGSM1.mp4,1,PreVFall,0,1488,1551,49.600000,51.700000,,,0,0,0,ADL,1.000000
data/raw/PreVFall/v4_video_csv/Pre-VFall/confusion_nph/CGSM1.mp4#f1504-1567,data/raw/PreVFall/v4_video_csv/Pre-VFall/confusion_nph/CGSM1.mp4,1,PreVFall,0,1504,1567,50.133333,52.233333,,,0,0,0,ADL,1.000000
data/raw/PreVFall/v4_video_csv/Pre-VFall/confusion_nph/CGSM1.mp4#f1520-1583,data/raw/PreVFall/v4_video_csv/Pre-VFall/confusion_nph/CGSM1.mp4,1,PreVFall,0,1520,1583,50.666667,52.766667,,,0,0,0,ADL,1.000000
data/raw/PreVFall/v4_video_csv/Pre-VFall/confusion_nph/CGSM1.mp4#f1536-1599,data/raw/PreVFall/v4_video_csv/Pre-VFall/confusion_nph/CGSM1.mp4,1,PreVFall,0,1536,1599,51.200000,53.300000,,,0,0,0,ADL,1.000000
data/raw/PreVFall/v4_video_csv/Pre-VFall/confusion_nph/CGSM1.mp4#f1552-1615,data/raw/PreVFall/v4_video_csv/Pre-VFall/confusion_nph/CGSM1.mp4,1,PreVFall,0,1552,1615,51.733333,53.833333,,,0,0,0,ADL,1.000000
data/raw/PreVFall/v4_video_csv/Pre-VFall/confusion_nph/CGSM1.mp4#f1568-1631,data/raw/PreVFall/v4_video_csv/Pre-VFall/confusion_nph/CGSM1.mp4,1,PreVFall,0,1568,1631,52.266667,54.366667,,,0,0,0,ADL,1.000000
data/raw/PreVFall/v4_video_csv/Pre-VFall/confusion_nph/CGSM1.mp4#f1584-1647,data/raw/PreVFall/v4_video_csv/Pre-VFall/confusion_nph/CGSM1.mp4,1,PreVFall,0,1584,1647,52.800000,54.900000,,,0,0,0,ADL,1.000000
data/raw/PreVFall/v4_video_csv/Pre-VFall/confusion_nph/CGSM1.mp4#f1600-1663,data/raw/PreVFall/v4_video_csv/Pre-VFall/confusion_nph/CGSM1.mp4,1,PreVFall,0,1600,1663,53.333333,55.433333,,,0,0,0,ADL,1.000000
data/raw/PreVFall/v4_video_csv/Pre-VFall/confusion_nph/CGSM1.mp4#f1616-1679,data/raw/PreVFall/v4_video_csv/Pre-VFall/confusion_nph/CGSM1.mp4,1,PreVFall,0,1616,1679,53.866667,55.966667,,,0,0,0,ADL,1.000000
data/raw/PreVFall/v4_video_csv/Pre-VFall/confusion_nph/CGSM1.mp4#f1632-1695,data/raw/PreVFall/v4_video_csv/Pre-VFall/confusion_nph/CGSM1.mp4,1,PreVFall,0,1632,1695,54.400000,56.500000,,,0,0,0,ADL,1.000000
data/raw/PreVFall/v4_video_csv/Pre-VFall/confusion_nph/CGSM2.mp4#f0-63,data/raw/PreVFall/v4_video_csv/Pre-VFall/confusion_nph/CGSM2.mp4,2,PreVFall,0,0,63,0.000000,2.100000,,,0,0,0,ADL,1.000000
data/raw/PreVFall/v4_video_csv/Pre-VFall/confusion_nph/CGSM2.mp4#f16-79,data/raw/PreVFall/v4_video_csv/Pre-VFall/confusion_nph/CGSM2.mp4,2,PreVFall,0,16,79,0.533333,2.633333,,,0,0,0,ADL,1.000000
data/raw/PreVFall/v4_video_csv/Pre-VFall/confusion_nph/CGSM2.mp4#f32-95,data/raw/PreVFall/v4_video_csv/Pre-VFall/confusion_nph/CGSM2.mp4,2,PreVFall,0,32,95,1.066667,3.166667,,,0,0,0,ADL,1.000000
data/raw/PreVFall/v4_video_csv/Pre-VFall/confusion_nph/CGSM2.mp4#f48-111,data/raw/PreVFall/v4_video_csv/Pre-VFall/confusion_nph/CGSM2.mp4,2,PreVFall,0,48,111,1.600000,3.700000,,,0,0,0,ADL,1.000000
data/raw/PreVFall/v4_video_csv/Pre-VFall/confusion_nph/CGSM2.mp4#f64-127,data/raw/PreVFall/v4_video_csv/Pre-VFall/confusion_nph/CGSM2.mp4,2,PreVFall,0,64,127,2.133333,4.233333,,,0,0,0,ADL,1.000000
data/raw/PreVFall/v4_video_csv/Pre-VFall/confusion_nph/CGSM2.mp4#f80-143,data/raw/PreVFall/v4_video_csv/Pre-VFall/confusion_nph/CGSM2.mp4,2,PreVFall,0,80,143,2.666667,4.766667,,,0,0,0,ADL,1.000000
data/raw/PreVFall/v4_video_csv/Pre-VFall/confusion_nph/CGSM2.mp4#f96-159,data/raw/PreVFall/v4_video_csv/Pre-VFall/confusion_nph/CGSM2.mp4,2,PreVFall,0,96,159,3.200000,5.300000,,,0,0,0,ADL,1.000000
data/raw/PreVFall/v4_video_csv/Pre-VFall/confusion_nph/CGSM2.mp4#f112-175,data/raw/PreVFall/v4_video_csv/Pre-VFall/confusion_nph/CGSM2.mp4,2,PreVFall,0,112,175,3.733333,5.833333,,,0,0,0,ADL,1.000000
data/raw/PreVFall/v4_video_csv/Pre-VFall/confusion_nph/CGSM2.mp4#f128-191,data/raw/PreVFall/v4_video_csv/Pre-VFall/confusion_nph/CGSM2.mp4,2,PreVFall,0,128,191,4.266667,6.366667,,,0,0,0,ADL,1.000000
data/raw/PreVFall/v4_video_csv/Pre-VFall/confusion_nph/CGSM2.mp4#f144-207,data/raw/PreVFall/v4_video_csv/Pre-VFall/confusion_nph/CGSM2.mp4,2,PreVFall,0,144,207,4.800000,6.900000,,,0,0,0,ADL,1.000000
data/raw/PreVFall/v4_video_csv/Pre-VFall/confusion_nph/CGSM2.mp4#f160-223,data/raw/PreVFall/v4_video_csv/Pre-VFall/confusion_nph/CGSM2.mp4,2,PreVFall,0,160,223,5.333333,7.433333,,,0,0,0,ADL,1.000000
data/raw/PreVFall/v4_video_csv/Pre-VFall/confusion_nph/CGSM2.mp4#f176-239,data/raw/PreVFall/v4_video_csv/Pre-VFall/confusion_nph/CGSM2.mp4,2,PreVFall,0,176,239,5.866667,7.966667,,,0,0,0,ADL,1.000000
data/raw/PreVFall/v4_video_csv/Pre-VFall/confusion_nph/CGSM2.mp4#f192-255,data/raw/PreVFall/v4_video_csv/Pre-VFall/confusion_nph/CGSM2.mp4,2,PreVFall,0,192,255,6.400000,8.500000,,,0,0,0,ADL,1.000000
data/raw/PreVFall/v4_video_csv/Pre-VFall/confusion_nph/CGSM2.mp4#f208-271,data/raw/PreVFall/v4_video_csv/Pre-VFall/confusion_nph/CGSM2.mp4,2,PreVFall,0,208,271,6.933333,9.033333,,,0,0,0,ADL,1.000000
data/raw/PreVFall/v4_video_csv/Pre-VFall/confusion_nph/CGSM2.mp4#f224-287,data/raw/PreVFall/v4_video_csv/Pre-VFall/confusion_nph/CGSM2.mp4,2,PreVFall,0,224,287,7.466667,9.566667,,,0,0,0,ADL,1.000000
data/raw/PreVFall/v4_video_csv/Pre-VFall/confusion_nph/CGSM2.mp4#f240-303,data/raw/PreVFall/v4_video_csv/Pre-VFall/confusion_nph/CGSM2.mp4,2,PreVFall,0,240,303,8.000000,10.100000,,,0,0,0,ADL,1.000000
data/raw/PreVFall/v4_video_csv/Pre-VFall/confusion_nph/CGSM2.mp4#f256-319,data/raw/PreVFall/v4_video_csv/Pre-VFall/confusion_nph/CGSM2.mp4,2,PreVFall,0,256,319,8.533333,10.633333,,,0,0,0,ADL,1.000000
data/raw/PreVFall/v4_video_csv/Pre-VFall/confusion_nph/CGSM2.mp4#f272-335,data/raw/PreVFall/v4_video_csv/Pre-VFall/confusion_nph/CGSM2.mp4,2,PreVFall,0,272,335,9.066667,11.166667,,,0,0,0,ADL,1.000000
data/raw/PreVFall/v4_video_csv/Pre-VFall/confusion_nph/CGSM2.mp4#f288-351,data/raw/PreVFall/v4_video_csv/Pre-VFall/confusion_nph/CGSM2.mp4,2,PreVFall,0,288,351,9.600000,11.700000,,,0,0,0,ADL,1.000000
data/raw/PreVFall/v4_video_csv/Pre-VFall/confusion_nph/CGSM2.mp4#f304-367,data/raw/PreVFall/v4_video_csv/Pre-VFall/confusion_nph/CGSM2.mp4,2,PreVFall,0,304,367,10.133333,12.233333,,,0,0,0,ADL,1.000000
data/raw/PreVFall/v4_video_csv/Pre-VFall/confusion_nph/CGSM2.mp4#f320-383,data/raw/PreVFall/v4_video_csv/Pre-VFall/confusion_nph/CGSM2.mp4,2,PreVFall,0,320,383,10.666667,12.766667,,,0,0,0,ADL,1.000000
data/raw/PreVFall/v4_video_csv/Pre-VFall/confusion_nph/CGSM2.mp4#f336-399,data/raw/PreVFall/v4_video_csv/Pre-VFall/confusion_nph/CGSM2.mp4,2,PreVFall,0,336,399,11.200000,13.300000,,,0,0,0,ADL,1.000000
data/raw/PreVFall/v4_video_csv/Pre-VFall/confusion_nph/CGSM2.mp4#f352-415,data/raw/PreVFall/v4_video_csv/Pre-VFall/confusion_nph/CGSM2.mp4,2,PreVFall,0,352,415,11.733333,13.833333,,,0,0,0,ADL,1.000000
data/raw/PreVFall/v4_video_csv/Pre-VFall/confusion_nph/CGSM2.mp4#f368-431,data/raw/PreVFall/v4_video_csv/Pre-VFall/confusion_nph/CGSM2.mp4,2,PreVFall,0,368,431,12.266667,14.366667,,,0,0,0,ADL,1.000000
data/raw/PreVFall/v4_video_csv/Pre-VFall/confusion_nph/CGSM2.mp4#f384-447,data/raw/PreVFall/v4_video_csv/Pre-VFall/confusion_nph/CGSM2.mp4,2,PreVFall,0,384,447,12.800000,14.900000,,,0,0,0,ADL,1.000000
data/raw/PreVFall/v4_video_csv/Pre-VFall/confusion_nph/CGSM2.mp4#f400-463,data/raw/PreVFall/v4_video_csv/Pre-VFall/confusion_nph/CGSM2.mp4,2,PreVFall,0,400,463,13.333333,15.433333,,,0,0,0,ADL,1.000000
data/raw/PreVFall/v4_video_csv/Pre-VFall/confusion_nph/CGSM2.mp4#f416-479,data/raw/PreVFall/v4_video_csv/Pre-VFall/confusion_nph/CGSM2.mp4,2,PreVFall,0,416,479,13.866667,15.966667,,,0,0,0,ADL,1.000000
data/raw/PreVFall/v4_video_csv/Pre-VFall/confusion_nph/CGSM2.mp4#f432-495,data/raw/PreVFall/v4_video_csv/Pre-VFall/confusion_nph/CGSM2.mp4,2,PreVFall,0,432,495,14.400000,16.500000,,,0,0,0,ADL,1.000000
data/raw/PreVFall/v4_video_csv/Pre-VFall/confusion_nph/CGSM2.mp4#f448-511,data/raw/PreVFall/v4_video_csv/Pre-VFall/confusion_nph/CGSM2.mp4,2,PreVFall,0,448,511,14.933333,17.033333,,,0,0,0,ADL,1.000000
data/raw/PreVFall/v4_video_csv/Pre-VFall/confusion_nph/CGSM2.mp4#f464-527,data/raw/PreVFall/v4_video_csv/Pre-VFall/confusion_nph/CGSM2.mp4,2,PreVFall,0,464,527,15.466667,17.566667,,,0,0,0,ADL,1.000000
data/raw/PreVFall/v4_video_csv/Pre-VFall/confusion_nph/CGSM2.mp4#f480-543,data/raw/PreVFall/v4_video_csv/Pre-VFall/confusion_nph/CGSM2.mp4,2,PreVFall,0,480,543,16.000000,18.100000,,,0,0,0,ADL,1.000000
data/raw/PreVFall/v4_video_csv/Pre-VFall/confusion_nph/CGSM2.mp4#f496-559,data/raw/PreVFall/v4_video_csv/Pre-VFall/confusion_nph/CGSM2.mp4,2,PreVFall,0,496,559,16.533333,18.633333,,,0,0,0,ADL,1.000000
data/raw/PreVFall/v4_video_csv/Pre-VFall/confusion_nph/CGSM2.mp4#f512-575,data/raw/PreVFall/v4_video_csv/Pre-VFall/confusion_nph/CGSM2.mp4,2,PreVFall,0,512,575,17.066667,19.166667,,,0,0,0,ADL,1.000000
data/raw/PreVFall/v4_video_csv/Pre-VFall/confusion_nph/CGSM2.mp4#f528-591,data/raw/PreVFall/v4_video_csv/Pre-VFall/confusion_nph/CGSM2.mp4,2,PreVFall,0,528,591,17.600000,19.700000,,,0,0,0,ADL,1.000000
data/raw/PreVFall/v4_video_csv/Pre-VFall/confusion_nph/CGSM2.mp4#f544-607,data/raw/PreVFall/v4_video_csv/Pre-VFall/confusion_nph/CGSM2.mp4,2,PreVFall,0,544,607,18.133333,20.233333,,,0,0,0,ADL,1.000000
data/raw/PreVFall/v4_video_csv/Pre-VFall/confusion_nph/CGSM2.mp4#f560-623,data/raw/PreVFall/v4_video_csv/Pre-VFall/confusion_nph/CGSM2.mp4,2,PreVFall,0,560,623,18.666667,20.766667,,,0,0,0,ADL,1.000000
data/raw/PreVFall/v4_video_csv/Pre-VFall/confusion_nph/CGSM3.mp4#f0-63,data/raw/PreVFall/v4_video_csv/Pre-VFall/confusion_nph/CGSM3.mp4,3,PreVFall,0,0,63,0.000000,2.100000,,,0,0,0,ADL,1.000000
data/raw/PreVFall/v4_video_csv/Pre-VFall/confusion_nph/CGSM3.mp4#f16-79,data/raw/PreVFall/v4_video_csv/Pre-VFall/confusion_nph/CGSM3.mp4,3,PreVFall,0,16,79,0.533333,2.633333,,,0,0,0,ADL,1.000000
data/raw/PreVFall/v4_video_csv/Pre-VFall/confusion_nph/CGSM3.mp4#f32-95,data/raw/PreVFall/v4_video_csv/Pre-VFall/confusion_nph/CGSM3.mp4,3,PreVFall,0,32,95,1.066667,3.166667,,,0,0,0,ADL,1.000000
data/raw/PreVFall/v4_video_csv/Pre-VFall/confusion_nph/CGSM3.mp4#f48-111,data/raw/PreVFall/v4_video_csv/Pre-VFall/confusion_nph/CGSM3.mp4,3,PreVFall,0,48,111,1.600000,3.700000,,,0,0,0,ADL,1.000000
data/raw/PreVFall/v4_video_csv/Pre-VFall/confusion_nph/CGSM3.mp4#f64-127,data/raw/PreVFall/v4_video_csv/Pre-VFall/confusion_nph/CGSM3.mp4,3,PreVFall,0,64,127,2.133333,4.233333,,,0,0,0,ADL,1.000000
data/raw/PreVFall/v4_video_csv/Pre-VFall/confusion_nph/CGSM3.mp4#f80-143,data/raw/PreVFall/v4_video_csv/Pre-VFall/confusion_nph/CGSM3.mp4,3,PreVFall,0,80,143,2.666667,4.766667,,,0,0,0,ADL,1.000000
data/raw/PreVFall/v4_video_csv/Pre-VFall/confusion_nph/CGSM3.mp4#f96-159,data/raw/PreVFall/v4_video_csv/Pre-VFall/confusion_nph/CGSM3.mp4,3,PreVFall,0,96,159,3.200000,5.300000,,,0,0,0,ADL,1.000000
data/raw/PreVFall/v4_video_csv/Pre-VFall/confusion_nph/CGSM3.mp4#f112-175,data/raw/PreVFall/v4_video_csv/Pre-VFall/confusion_nph/CGSM3.mp4,3,PreVFall,0,112,175,3.733333,5.833333,,,0,0,0,ADL,1.000000
data/raw/PreVFall/v4_video_csv/Pre-VFall/confusion_nph/CGSM3.mp4#f128-191,data/raw/PreVFall/v4_video_csv/Pre-VFall/confusion_nph/CGSM3.mp4,3,PreVFall,0,128,191,4.266667,6.366667,,,0,0,0,ADL,1.000000
data/raw/PreVFall/v4_video_csv/Pre-VFall/confusion_nph/CGSM3.mp4#f144-207,data/raw/PreVFall/v4_video_csv/Pre-VFall/confusion_nph/CGSM3.mp4,3,PreVFall,0,144,207,4.800000,6.900000,,,0,0,0,ADL,1.000000
data/raw/PreVFall/v4_video_csv/Pre-VFall/confusion_nph/CGSM3.mp4#f160-223,data/raw/PreVFall/v4_video_csv/Pre-VFall/confusion_nph/CGSM3.mp4,3,PreVFall,0,160,223,5.333333,7.433333,,,0,0,0,ADL,1.000000
data/raw/PreVFall/v4_video_csv/Pre-VFall/confusion_nph/CGSM3.mp4#f176-239,data/raw/PreVFall/v4_video_csv/Pre-VFall/confusion_nph/CGSM3.mp4,3,PreVFall,0,176,239,5.866667,7.966667,,,0,0,0,ADL,1.000000
data/raw/PreVFall/v4_video_csv/Pre-VFall/confusion_nph/CGSM3.mp4#f192-255,data/raw/PreVFall/v4_video_csv/Pre-VFall/confusion_nph/CGSM3.mp4,3,PreVFall,0,192,255,6.400000,8.500000,,,0,0,0,ADL,1.000000
data/raw/PreVFall/v4_video_csv/Pre-VFall/confusion_nph/CGSM3.mp4#f208-271,data/raw/PreVFall/v4_video_csv/Pre-VFall/confusion_nph/CGSM3.mp4,3,PreVFall,0,208,271,6.933333,9.033333,,,0,0,0,ADL,1.000000
data/raw/PreVFall/v4_video_csv/Pre-VFall/confusion_nph/CGSM3.mp4#f224-287,data/raw/PreVFall/v4_video_csv/Pre-VFall/confusion_nph/CGSM3.mp4,3,PreVFall,0,224,287,7.466667,9.566667,,,0,0,0,ADL,1.000000
data/raw/PreVFall/v4_video_csv/Pre-VFall/confusion_nph/CGSM3.mp4#f240-303,data/raw/PreVFall/v4_video_csv/Pre-VFall/confusion_nph/CGSM3.mp4,3,PreVFall,0,240,303,8.000000,10.100000,,,0,0,0,ADL,1.000000
data/raw/PreVFall/v4_video_csv/Pre-VFall/confusion_nph/CGSM3.mp4#f256-319,data/raw/PreVFall/v4_video_csv/Pre-VFall/confusion_nph/CGSM3.mp4,3,PreVFall,0,256,319,8.533333,10.633333,,,0,0,0,ADL,1.000000
data/raw/PreVFall/v4_video_csv/Pre-VFall/confusion_nph/CGSM3.mp4#f272-335,data/raw/PreVFall/v4_video_csv/Pre-VFall/confusion_nph/CGSM3.mp4,3,PreVFall,0,272,335,9.066667,11.166667,,,0,0,0,ADL,1.000000
data/raw/PreVFall/v4_video_csv/Pre-VFall/confusion_nph/CGSM3.mp4#f288-351,data/raw/PreVFall/v4_video_csv/Pre-VFall/confusion_nph/CGSM3.mp4,3,PreVFall,0,288,351,9.600000,11.700000,,,0,0,0,ADL,1.000000
data/raw/PreVFall/v4_video_csv/Pre-VFall/confusion_nph/CGSM3.mp4#f304-367,data/raw/PreVFall/v4_video_csv/Pre-VFall/confusion_nph/CGSM3.mp4,3,PreVFall,0,304,367,10.133333,12.233333,,,0,0,0,ADL,1.000000
data/raw/PreVFall/v4_video_csv/Pre-VFall/confusion_nph/CGSM3.mp4#f320-383,data/raw/PreVFall/v4_video_csv/Pre-VFall/confusion_nph/CGSM3.mp4,3,PreVFall,0,320,383,10.666667,12.766667,,,0,0,0,ADL,1.000000
data/raw/PreVFall/v4_video_csv/Pre-VFall/confusion_nph/CGSM3.mp4#f336-399,data/raw/PreVFall/v4_video_csv/Pre-VFall/confusion_nph/CGSM3.mp4,3,PreVFall,0,336,399,11.200000,13.300000,,,0,0,0,ADL,1.000000
data/raw/PreVFall/v4_video_csv/Pre-VFall/confusion_nph/CGSM3.mp4#f352-415,data/raw/PreVFall/v4_video_csv/Pre-VFall/confusion_nph/CGSM3.mp4,3,PreVFall,0,352,415,11.733333,13.833333,,,0,0,0,ADL,1.000000
data/raw/PreVFall/v4_video_csv/Pre-VFall/confusion_nph/CGSM3.mp4#f368-431,data/raw/PreVFall/v4_video_csv/Pre-VFall/confusion_nph/CGSM3.mp4,3,PreVFall,0,368,431,12.266667,14.366667,,,0,0,0,ADL,1.000000
data/raw/PreVFall/v4_video_csv/Pre-VFall/confusion_nph/CGSM3.mp4#f384-447,data/raw/PreVFall/v4_video_csv/Pre-VFall/confusion_nph/CGSM3.mp4,3,PreVFall,0,384,447,12.800000,14.900000,,,0,0,0,ADL,1.000000
data/raw/PreVFall/v4_video_csv/Pre-VFall/confusion_nph/CGSM3.mp4#f400-463,data/raw/PreVFall/v4_video_csv/Pre-VFall/confusion_nph/CGSM3.mp4,3,PreVFall,0,400,463,13.333333,15.433333,,,0,0,0,ADL,1.000000
data/raw/PreVFall/v4_video_csv/Pre-VFall/confusion_nph/CGSM3.mp4#f416-479,data/raw/PreVFall/v4_video_csv/Pre-VFall/confusion_nph/CGSM3.mp4,3,PreVFall,0,416,479,13.866667,15.966667,,,0,0,0,ADL,1.000000
data/raw/PreVFall/v4_video_csv/Pre-VFall/confusion_nph/CGSM3.mp4#f432-495,data/raw/PreVFall/v4_video_csv/Pre-VFall/confusion_nph/CGSM3.mp4,3,PreVFall,0,432,495,14.400000,16.500000,,,0,0,0,ADL,1.000000
data/raw/PreVFall/v4_video_csv/Pre-VFall/confusion_nph/CGSM3.mp4#f448-511,data/raw/PreVFall/v4_video_csv/Pre-VFall/confusion_nph/CGSM3.mp4,3,PreVFall,0,448,511,14.933333,17.033333,,,0,0,0,ADL,1.000000
data/raw/PreVFall/v4_video_csv/Pre-VFall/confusion_nph/CGSM3.mp4#f464-527,data/raw/PreVFall/v4_video_csv/Pre-VFall/confusion_nph/CGSM3.mp4,3,PreVFall,0,464,527,15.466667,17.566667,,,0,0,0,ADL,1.000000
data/raw/PreVFall/v4_video_csv/Pre-VFall/confusion_nph/CGSM3.mp4#f480-543,data/raw/PreVFall/v4_video_csv/Pre-VFall/confusion_nph/CGSM3.mp4,3,PreVFall,0,480,543,16.000000,18.100000,,,0,0,0,ADL,1.000000
data/raw/PreVFall/v4_video_csv/Pre-VFall/confusion_nph/CGSM3.mp4#f496-559,data/raw/PreVFall/v4_video_csv/Pre-VFall/confusion_nph/CGSM3.mp4,3,PreVFall,0,496,559,16.533333,18.633333,,,0,0,0,ADL,1.000000
data/raw/PreVFall/v4_video_csv/Pre-VFall/confusion_nph/CGSM3.mp4#f512-575,data/raw/PreVFall/v4_video_csv/Pre-VFall/confusion_nph/CGSM3.mp4,3,PreVFall,0,512,575,17.066667,19.166667,,,0,0,0,ADL,1.000000
data/raw/PreVFall/v4_video_csv/Pre-VFall/confusion_nph/CGSM3.mp4#f528-591,data/raw/PreVFall/v4_video_csv/Pre-VFall/confusion_nph/CGSM3.mp4,3,PreVFall,0,528,591,17.600000,19.700000,,,0,0,0,ADL,1.000000
data/raw/PreVFall/v4_video_csv/Pre-VFall/confusion_nph/CGSM3.mp4#f544-607,data/raw/PreVFall/v4_video_csv/Pre-VFall/confusion_nph/CGSM3.mp4,3,PreVFall,0,544,607,18.133333,20.233333,,,0,0,0,ADL,1.000000
data/raw/PreVFall/v4_video_csv/Pre-VFall/confusion_nph/CGSM3.mp4#f560-623,data/raw/PreVFall/v4_video_csv/Pre-VFall/confusion_nph/CGSM3.mp4,3,PreVFall,0,560,623,18.666667,20.766667,,,0,0,0,ADL,1.000000
data/raw/PreVFall/v4_video_csv/Pre-VFall/confusion_nph/CGSM3.mp4#f576-639,data/raw/PreVFall/v4_video_csv/Pre-VFall/confusion_nph/CGSM3.mp4,3,PreVFall,0,576,639,19.200000,21.300000,,,0,0,0,ADL,1.000000
data/raw/PreVFall/v4_video_csv/Pre-VFall/confusion_nph/CGSM3.mp4#f592-655,data/raw/PreVFall/v4_video_csv/Pre-VFall/confusion_nph/CGSM3.mp4,3,PreVFall,0,592,655,19.733333,21.833333,,,0,0,0,ADL,1.000000
data/raw/PreVFall/v4_video_csv/Pre-VFall/confusion_nph/CGSM3.mp4#f608-671,data/raw/PreVFall/v4_video_csv/Pre-VFall/confusion_nph/CGSM3.mp4,3,PreVFall,0,608,671,20.266667,22.366667,,,0,0,0,ADL,1.000000
data/raw/PreVFall/v4_video_csv/Pre-VFall/confusion_nph/CGSM3.mp4#f624-687,data/raw/PreVFall/v4_video_csv/Pre-VFall/confusion_nph/CGSM3.mp4,3,PreVFall,0,624,687,20.800000,22.900000,,,0,0,0,ADL,1.000000
data/raw/PreVFall/v4_video_csv/Pre-VFall/confusion_nph/CGSM3.mp4#f640-703,data/raw/PreVFall/v4_video_csv/Pre-VFall/confusion_nph/CGSM3.mp4,3,PreVFall,0,640,703,21.333333,23.433333,,,0,0,0,ADL,1.000000
data/raw/PreVFall/v4_video_csv/Pre-VFall/confusion_nph/CGSM3.mp4#f656-719,data/raw/PreVFall/v4_video_csv/Pre-VFall/confusion_nph/CGSM3.mp4,3,PreVFall,0,656,719,21.866667,23.966667,,,0,0,0,ADL,1.000000
data/raw/PreVFall/v4_video_csv/Pre-VFall/confusion_nph/CGSM3.mp4#f672-735,data/raw/PreVFall/v4_video_csv/Pre-VFall/confusion_nph/CGSM3.mp4,3,PreVFall,0,672,735,22.400000,24.500000,,,0,0,0,ADL,1.000000
data/raw/PreVFall/v4_video_csv/Pre-VFall/confusion_nph/CGSM3.mp4#f688-751,data/raw/PreVFall/v4_video_csv/Pre-VFall/confusion_nph/CGSM3.mp4,3,PreVFall,0,688,751,22.933333,25.033333,,,0,0,0,ADL,1.000000
data/raw/PreVFall/v4_video_csv/Pre-VFall/confusion_nph/CGSM3.mp4#f704-767,data/raw/PreVFall/v4_video_csv/Pre-VFall/confusion_nph/CGSM3.mp4,3,PreVFall,0,704,767,23.466667,25.566667,,,0,0,0,ADL,1.000000
data/raw/PreVFall/v4_video_csv/Pre-VFall/confusion_nph/CGSM3.mp4#f720-783,data/raw/PreVFall/v4_video_csv/Pre-VFall/confusion_nph/CGSM3.mp4,3,PreVFall,0,720,783,24.000000,26.100000,,,0,0,0,ADL,1.000000
data/raw/PreVFall/v4_video_csv/Pre-VFall/confusion_nph/CGSM3.mp4#f736-799,data/raw/PreVFall/v4_video_csv/Pre-VFall/confusion_nph/CGSM3.mp4,3,PreVFall,0,736,799,24.533333,26.633333,,,0,0,0,ADL,1.000000
data/raw/PreVFall/v4_video_csv/Pre-VFall/confusion_nph/CGSM3.mp4#f752-815,data/raw/PreVFall/v4_video_csv/Pre-VFall/confusion_nph/CGSM3.mp4,3,PreVFall,0,752,815,25.066667,27.166667,,,0,0,0,ADL,1.000000
data/raw/PreVFall/v4_video_csv/Pre-VFall/confusion_nph/CGSM3.mp4#f768-831,data/raw/PreVFall/v4_video_csv/Pre-VFall/confusion_nph/CGSM3.mp4,3,PreVFall,0,768,831,25.600000,27.700000,,,0,0,0,ADL,1.000000
data/raw/PreVFall/v4_video_csv/Pre-VFall/confusion_nph/CGSM3.mp4#f784-847,data/raw/PreVFall/v4_video_csv/Pre-VFall/confusion_nph/CGSM3.mp4,3,PreVFall,0,784,847,26.133333,28.233333,,,0,0,0,ADL,1.000000
data/raw/PreVFall/v4_video_csv/Pre-VFall/confusion_nph/CGSM3.mp4#f800-863,data/raw/PreVFall/v4_video_csv/Pre-VFall/confusion_nph/CGSM3.mp4,3,PreVFall,0,800,863,26.666667,28.766667,,,0,0,0,ADL,1.000000
data/raw/PreVFall/v4_video_csv/Pre-VFall/confusion_nph/CGSM3.mp4#f816-879,data/raw/PreVFall/v4_video_csv/Pre-VFall/confusion_nph/CGSM3.mp4,3,PreVFall,0,816,879,27.200000,29.300000,,,0,0,0,ADL,1.000000
data/raw/PreVFall/v4_video_csv/Pre-VFall/confusion_nph/CGSM3.mp4#f832-895,data/raw/PreVFall/v4_video_csv/Pre-VFall/confusion_nph/CGSM3.mp4,3,PreVFall,0,832,895,27.733333,29.833333,,,0,0,0,ADL,1.000000
data/raw/PreVFall/v4_video_csv/Pre-VFall/confusion_nph/CGSM3.mp4#f848-911,data/raw/PreVFall/v4_video_csv/Pre-VFall/confusion_nph/CGSM3.mp4,3,PreVFall,0,848,911,28.266667,30.366667,,,0,0,0,ADL,1.000000
data/raw/PreVFall/v4_video_csv/Pre-VFall/confusion_nph/CGSM3.mp4#f864-927,data/raw/PreVFall/v4_video_csv/Pre-VFall/confusion_nph/CGSM3.mp4,3,PreVFall,0,864,927,28.800000,30.900000,,,0,0,0,ADL,1.000000
data/raw/PreVFall/v4_video_csv/Pre-VFall/confusion_nph/CGSM3.mp4#f880-943,data/raw/PreVFall/v4_video_csv/Pre-VFall/confusion_nph/CGSM3.mp4,3,PreVFall,0,880,943,29.333333,31.433333,,,0,0,0,ADL,1.000000
data/raw/PreVFall/v4_video_csv/Pre-VFall/confusion_nph/CGSM3.mp4#f896-959,data/raw/PreVFall/v4_video_csv/Pre-VFall/confusion_nph/CGSM3.mp4,3,PreVFall,0,896,959,29.866667,31.966667,,,0,0,0,ADL,1.000000
data/raw/PreVFall/v4_video_csv/Pre-VFall/confusion_nph/CGSM3.mp4#f912-975,data/raw/PreVFall/v4_video_csv/Pre-VFall/confusion_nph/CGSM3.mp4,3,PreVFall,0,912,975,30.400000,32.500000,,,0,0,0,ADL,1.000000
data/raw/PreVFall/v4_video_csv/Pre-VFall/confusion_nph/CGSM3.mp4#f928-991,data/raw/PreVFall/v4_video_csv/Pre-VFall/confusion_nph/CGSM3.mp4,3,PreVFall,0,928,991,30.933333,33.033333,,,0,0,0,ADL,1.000000
data/raw/PreVFall/v4_video_csv/Pre-VFall/confusion_nph/CGSM3.mp4#f944-1007,data/raw/PreVFall/v4_video_csv/Pre-VFall/confusion_nph/CGSM3.mp4,3,PreVFall,0,944,1007,31.466667,33.566667,,,0,0,0,ADL,1.000000
data/raw/PreVFall/v4_video_csv/Pre-VFall/confusion_nph/CGSM3.mp4#f960-1023,data/raw/PreVFall/v4_video_csv/Pre-VFall/confusion_nph/CGSM3.mp4,3,PreVFall,0,960,1023,32.000000,34.100000,,,0,0,0,ADL,1.000000
data/raw/PreVFall/v4_video_csv/Pre-VFall/confusion_nph/CGSM3.mp4#f976-1039,data/raw/PreVFall/v4_video_csv/Pre-VFall/confusion_nph/CGSM3.mp4,3,PreVFall,0,976,1039,32.533333,34.633333,,,0,0,0,ADL,1.000000
data/raw/PreVFall/v4_video_csv/Pre-VFall/confusion_nph/CGSM3.mp4#f992-1055,data/raw/PreVFall/v4_video_csv/Pre-VFall/confusion_nph/CGSM3.mp4,3,PreVFall,0,992,1055,33.066667,35.166667,,,0,0,0,ADL,1.000000
data/raw/PreVFall/v4_video_csv/Pre-VFall/confusion_nph/CGSM3.mp4#f1008-1071,data/raw/PreVFall/v4_video_csv/Pre-VFall/confusion_nph/CGSM3.mp4,3,PreVFall,0,1008,1071,33.600000,35.700000,,,0,0,0,ADL,1.000000
data/raw/PreVFall/v4_video_csv/Pre-VFall/confusion_nph/CGSM3.mp4#f1024-1087,data/raw/PreVFall/v4_video_csv/Pre-VFall/confusion_nph/CGSM3.mp4,3,PreVFall,0,1024,1087,34.133333,36.233333,,,0,0,0,ADL,1.000000
data/raw/PreVFall/v4_video_csv/Pre-VFall/confusion_nph/CGSM3.mp4#f1040-1103,data/raw/PreVFall/v4_video_csv/Pre-VFall/confusion_nph/CGSM3.mp4,3,PreVFall,0,1040,1103,34.666667,36.766667,,,0,0,0,ADL,1.000000
data/raw/PreVFall/v4_video_csv/Pre-VFall/confusion_nph/CGSM3.mp4#f1056-1119,data/raw/PreVFall/v4_video_csv/Pre-VFall/confusion_nph/CGSM3.mp4,3,PreVFall,0,1056,1119,35.200000,37.300000,,,0,0,0,ADL,1.000000
data/raw/PreVFall/v4_video_csv/Pre-VFall/confusion_nph/CGSM3.mp4#f1072-1135,data/raw/PreVFall/v4_video_csv/Pre-VFall/confusion_nph/CGSM3.mp4,3,PreVFall,0,1072,1135,35.733333,37.833333,,,0,0,0,ADL,1.000000
data/raw/PreVFall/v4_video_csv/Pre-VFall/confusion_nph/CGSM3.mp4#f1088-1151,data/raw/PreVFall/v4_video_csv/Pre-VFall/confusion_nph/CGSM3.mp4,3,PreVFall,0,1088,1151,36.266667,38.366667,,,0,0,0,ADL,1.000000
data/raw/PreVFall/v4_video_csv/Pre-VFall/confusion_nph/CGSM3.mp4#f1104-1167,data/raw/PreVFall/v4_video_csv/Pre-VFall/confusion_nph/CGSM3.mp4,3,PreVFall,0,1104,1167,36.800000,38.900000,,,0,0,0,ADL,1.000000
data/raw/PreVFall/v4_video_csv/Pre-VFall/confusion_nph/CGSM3.mp4#f1120-1183,data/raw/PreVFall/v4_video_csv/Pre-VFall/confusion_nph/CGSM3.mp4,3,PreVFall,0,1120,1183,37.333333,39.433333,,,0,0,0,ADL,1.000000
data/raw/PreVFall/v4_video_csv/Pre-VFall/dizziness_fall_forward/FDFFM1.mp4#f0-63,data/raw/PreVFall/v4_video_csv/Pre-VFall/dizziness_fall_forward/FDFFM1.mp4,1,PreVFall,1,0,63,0.000000,2.100000,17.733332,15.633332,0,0,0,EARLY_FALL_VIDEO,1.000000
data/raw/PreVFall/v4_video_csv/Pre-VFall/dizziness_fall_forward/FDFFM1.mp4#f16-79,data/raw/PreVFall/v4_video_csv/Pre-VFall/dizziness_fall_forward/FDFFM1.mp4,1,PreVFall,1,16,79,0.533333,2.633333,17.733332,15.099999,0,0,0,EARLY_FALL_VIDEO,1.000000
data/raw/PreVFall/v4_video_csv/Pre-VFall/dizziness_fall_forward/FDFFM1.mp4#f32-95,data/raw/PreVFall/v4_video_csv/Pre-VFall/dizziness_fall_forward/FDFFM1.mp4,1,PreVFall,1,32,95,1.066667,3.166666,17.733332,14.566666,0,0,0,EARLY_FALL_VIDEO,1.000000
data/raw/PreVFall/v4_video_csv/Pre-VFall/dizziness_fall_forward/FDFFM1.mp4#f48-111,data/raw/PreVFall/v4_video_csv/Pre-VFall/dizziness_fall_forward/FDFFM1.mp4,1,PreVFall,1,48,111,1.600000,3.700000,17.733332,14.033332,0,0,0,EARLY_FALL_VIDEO,1.000000
data/raw/PreVFall/v4_video_csv/Pre-VFall/dizziness_fall_forward/FDFFM1.mp4#f64-127,data/raw/PreVFall/v4_video_csv/Pre-VFall/dizziness_fall_forward/FDFFM1.mp4,1,PreVFall,1,64,127,2.133333,4.233333,17.733332,13.499999,0,0,0,EARLY_FALL_VIDEO,1.000000
data/raw/PreVFall/v4_video_csv/Pre-VFall/dizziness_fall_forward/FDFFM1.mp4#f80-143,data/raw/PreVFall/v4_video_csv/Pre-VFall/dizziness_fall_forward/FDFFM1.mp4,1,PreVFall,1,80,143,2.666666,4.766666,17.733332,12.966666,0,0,0,EARLY_FALL_VIDEO,1.000000
data/raw/PreVFall/v4_video_csv/Pre-VFall/dizziness_fall_forward/FDFFM1.mp4#f96-159,data/raw/PreVFall/v4_video_csv/Pre-VFall/dizziness_fall_forward/FDFFM1.mp4,1,PreVFall,1,96,159,3.200000,5.300000,17.733332,12.433333,0,0,0,EARLY_FALL_VIDEO,1.000000
data/raw/PreVFall/v4_video_csv/Pre-VFall/dizziness_fall_forward/FDFFM1.mp4#f112-175,data/raw/PreVFall/v4_video_csv/Pre-VFall/dizziness_fall_forward/FDFFM1.mp4,1,PreVFall,1,112,175,3.733333,5.833333,17.733332,11.899999,0,0,0,EARLY_FALL_VIDEO,1.000000
data/raw/PreVFall/v4_video_csv/Pre-VFall/dizziness_fall_forward/FDFFM1.mp4#f128-191,data/raw/PreVFall/v4_video_csv/Pre-VFall/dizziness_fall_forward/FDFFM1.mp4,1,PreVFall,1,128,191,4.266666,6.366666,17.733332,11.366666,0,0,0,EARLY_FALL_VIDEO,1.000000
data/raw/PreVFall/v4_video_csv/Pre-VFall/dizziness_fall_forward/FDFFM1.mp4#f144-207,data/raw/PreVFall/v4_video_csv/Pre-VFall/dizziness_fall_forward/FDFFM1.mp4,1,PreVFall,1,144,207,4.800000,6.900000,17.733332,10.833333,0,0,0,EARLY_FALL_VIDEO,1.000000
data/raw/PreVFall/v4_video_csv/Pre-VFall/dizziness_fall_forward/FDFFM1.mp4#f160-223,data/raw/PreVFall/v4_video_csv/Pre-VFall/dizziness_fall_forward/FDFFM1.mp4,1,PreVFall,1,160,223,5.333333,7.433333,17.733332,10.299999,0,0,0,EARLY_FALL_VIDEO,1.000000
data/raw/PreVFall/v4_video_csv/Pre-VFall/dizziness_fall_forward/FDFFM1.mp4#f176-239,data/raw/PreVFall/v4_video_csv/Pre-VFall/dizziness_fall_forward/FDFFM1.mp4,1,PreVFall,1,176,239,5.866666,7.966666,17.733332,9.766666,0,0,0,EARLY_FALL_VIDEO,1.000000
data/raw/PreVFall/v4_video_csv/Pre-VFall/dizziness_fall_forward/FDFFM1.mp4#f192-255,data/raw/PreVFall/v4_video_csv/Pre-VFall/dizziness_fall_forward/FDFFM1.mp4,1,PreVFall,1,192,255,6.400000,8.499999,17.733332,9.233333,0,0,0,EARLY_FALL_VIDEO,1.000000
data/raw/PreVFall/v4_video_csv/Pre-VFall/dizziness_fall_forward/FDFFM1.mp4#f208-271,data/raw/PreVFall/v4_video_csv/Pre-VFall/dizziness_fall_forward/FDFFM1.mp4,1,PreVFall,1,208,271,6.933333,9.033333,17.733332,8.699999,0,0,0,EARLY_FALL_VIDEO,1.000000
data/raw/PreVFall/v4_video_csv/Pre-VFall/dizziness_fall_forward/FDFFM1.mp4#f224-287,data/raw/PreVFall/v4_video_csv/Pre-VFall/dizziness_fall_forward/FDFFM1.mp4,1,PreVFall,1,224,287,7.466666,9.566666,17.733332,8.166666,0,0,0,EARLY_FALL_VIDEO,1.000000
data/raw/PreVFall/v4_video_csv/Pre-VFall/dizziness_fall_forward/FDFFM1.mp4#f240-303,data/raw/PreVFall/v4_video_csv/Pre-VFall/dizziness_fall_forward/FDFFM1.mp4,1,PreVFall,1,240,303,7.999999,10.099999,17.733332,7.633333,0,0,0,EARLY_FALL_VIDEO,1.000000
data/raw/PreVFall/v4_video_csv/Pre-VFall/dizziness_fall_forward/FDFFM1.mp4#f256-319,data/raw/PreVFall/v4_video_csv/Pre-VFall/dizziness_fall_forward/FDFFM1.mp4,1,PreVFall,1,256,319,8.533333,10.633333,17.733332,7.100000,0,0,0,EARLY_FALL_VIDEO,1.000000
data/raw/PreVFall/v4_video_csv/Pre-VFall/dizziness_fall_forward/FDFFM1.mp4#f272-335,data/raw/PreVFall/v4_video_csv/Pre-VFall/dizziness_fall_forward/FDFFM1.mp4,1,PreVFall,1,272,335,9.066666,11.166666,17.733332,6.566666,0,0,0,EARLY_FALL_VIDEO,1.000000
data/raw/PreVFall/v4_video_csv/Pre-VFall/dizziness_fall_forward/FDFFM1.mp4#f288-351,data/raw/PreVFall/v4_video_csv/Pre-VFall/dizziness_fall_forward/FDFFM1.mp4,1,PreVFall,1,288,351,9.599999,11.699999,17.733332,6.033333,0,0,0,EARLY_FALL_VIDEO,1.000000
data/raw/PreVFall/v4_video_csv/Pre-VFall/dizziness_fall_forward/FDFFM1.mp4#f304-367,data/raw/PreVFall/v4_video_csv/Pre-VFall/dizziness_fall_forward/FDFFM1.mp4,1,PreVFall,1,304,367,10.133333,12.233333,17.733332,5.500000,0,0,0,EARLY_FALL_VIDEO,1.000000
data/raw/PreVFall/v4_video_csv/Pre-VFall/dizziness_fall_forward/FDFFM1.mp4#f320-383,data/raw/PreVFall/v4_video_csv/Pre-VFall/dizziness_fall_forward/FDFFM1.mp4,1,PreVFall,1,320,383,10.666666,12.766666,17.733332,4.966666,0,0,0,EARLY_FALL_VIDEO,1.000000
data/raw/PreVFall/v4_video_csv/Pre-VFall/dizziness_fall_forward/FDFFM1.mp4#f336-399,data/raw/PreVFall/v4_video_csv/Pre-VFall/dizziness_fall_forward/FDFFM1.mp4,1,PreVFall,1,336,399,11.199999,13.299999,17.733332,4.433333,0,0,0,EARLY_FALL_VIDEO,1.000000
data/raw/PreVFall/v4_video_csv/Pre-VFall/dizziness_fall_forward/FDFFM1.mp4#f352-415,data/raw/PreVFall/v4_video_csv/Pre-VFall/dizziness_fall_forward/FDFFM1.mp4,1,PreVFall,1,352,415,11.733333,13.833332,17.733332,3.900000,0,0,0,EARLY_FALL_VIDEO,1.000000
data/raw/PreVFall/v4_video_csv/Pre-VFall/dizziness_fall_forward/FDFFM1.mp4#f368-431,data/raw/PreVFall/v4_video_csv/Pre-VFall/dizziness_fall_forward/FDFFM1.mp4,1,PreVFall,1,368,431,12.266666,14.366666,17.733332,3.366666,0,0,0,EARLY_FALL_VIDEO,1.000000
data/raw/PreVFall/v4_video_csv/Pre-VFall/dizziness_fall_forward/FDFFM1.mp4#f384-447,data/raw/PreVFall/v4_video_csv/Pre-VFall/dizziness_fall_forward/FDFFM1.mp4,1,PreVFall,1,384,447,12.799999,14.899999,17.733332,2.833333,0,0,1,PRE_FALL_2_3S,1.000000
data/raw/PreVFall/v4_video_csv/Pre-VFall/dizziness_fall_forward/FDFFM1.mp4#f400-463,data/raw/PreVFall/v4_video_csv/Pre-VFall/dizziness_fall_forward/FDFFM1.mp4,1,PreVFall,1,400,463,13.333332,15.433332,17.733332,2.300000,0,0,1,PRE_FALL_2_3S,1.000000
data/raw/PreVFall/v4_video_csv/Pre-VFall/dizziness_fall_forward/FDFFM1.mp4#f416-479,data/raw/PreVFall/v4_video_csv/Pre-VFall/dizziness_fall_forward/FDFFM1.mp4,1,PreVFall,1,416,479,13.866666,15.966666,17.733332,1.766667,0,1,1,PRE_FALL_1_2S,1.000000
data/raw/PreVFall/v4_video_csv/Pre-VFall/dizziness_fall_forward/FDFFM1.mp4#f432-495,data/raw/PreVFall/v4_video_csv/Pre-VFall/dizziness_fall_forward/FDFFM1.mp4,1,PreVFall,1,432,495,14.399999,16.499999,17.733332,1.233333,0,1,1,PRE_FALL_1_2S,1.000000
data/raw/PreVFall/v4_video_csv/Pre-VFall/dizziness_fall_forward/FDFFM1.mp4#f448-511,data/raw/PreVFall/v4_video_csv/Pre-VFall/dizziness_fall_forward/FDFFM1.mp4,1,PreVFall,1,448,511,14.933332,17.033332,17.733332,0.700000,1,1,1,PRE_FALL_0_1S,1.000000
data/raw/PreVFall/v4_video_csv/Pre-VFall/dizziness_fall_forward/FDFFM1.mp4#f464-527,data/raw/PreVFall/v4_video_csv/Pre-VFall/dizziness_fall_forward/FDFFM1.mp4,1,PreVFall,1,464,527,15.466666,17.566666,17.733332,0.166667,1,1,1,PRE_FALL_0_1S,1.000000
data/raw/PreVFall/v4_video_csv/Pre-VFall/dizziness_fall_forward/FDFFM2.mp4#f0-63,data/raw/PreVFall/v4_video_csv/Pre-VFall/dizziness_fall_forward/FDFFM2.mp4,2,PreVFall,1,0,63,0.000000,2.100000,9.900000,7.800000,0,0,0,EARLY_FALL_VIDEO,1.000000
data/raw/PreVFall/v4_video_csv/Pre-VFall/dizziness_fall_forward/FDFFM2.mp4#f16-79,data/raw/PreVFall/v4_video_csv/Pre-VFall/dizziness_fall_forward/FDFFM2.mp4,2,PreVFall,1,16,79,0.533333,2.633333,9.900000,7.266667,0,0,0,EARLY_FALL_VIDEO,1.000000
data/raw/PreVFall/v4_video_csv/Pre-VFall/dizziness_fall_forward/FDFFM2.mp4#f32-95,data/raw/PreVFall/v4_video_csv/Pre-VFall/dizziness_fall_forward/FDFFM2.mp4,2,PreVFall,1,32,95,1.066667,3.166667,9.900000,6.733333,0,0,0,EARLY_FALL_VIDEO,1.000000
data/raw/PreVFall/v4_video_csv/Pre-VFall/dizziness_fall_forward/FDFFM2.mp4#f48-111,data/raw/PreVFall/v4_video_csv/Pre-VFall/dizziness_fall_forward/FDFFM2.mp4,2,PreVFall,1,48,111,1.600000,3.700000,9.900000,6.200000,0,0,0,EARLY_FALL_VIDEO,1.000000
data/raw/PreVFall/v4_video_csv/Pre-VFall/dizziness_fall_forward/FDFFM2.mp4#f64-127,data/raw/PreVFall/v4_video_csv/Pre-VFall/dizziness_fall_forward/FDFFM2.mp4,2,PreVFall,1,64,127,2.133333,4.233333,9.900000,5.666667,0,0,0,EARLY_FALL_VIDEO,1.000000
data/raw/PreVFall/v4_video_csv/Pre-VFall/dizziness_fall_forward/FDFFM2.mp4#f80-143,data/raw/PreVFall/v4_video_csv/Pre-VFall/dizziness_fall_forward/FDFFM2.mp4,2,PreVFall,1,80,143,2.666667,4.766667,9.900000,5.133333,0,0,0,EARLY_FALL_VIDEO,1.000000
data/raw/PreVFall/v4_video_csv/Pre-VFall/dizziness_fall_forward/FDFFM2.mp4#f96-159,data/raw/PreVFall/v4_video_csv/Pre-VFall/dizziness_fall_forward/FDFFM2.mp4,2,PreVFall,1,96,159,3.200000,5.300000,9.900000,4.600000,0,0,0,EARLY_FALL_VIDEO,1.000000
data/raw/PreVFall/v4_video_csv/Pre-VFall/dizziness_fall_forward/FDFFM2.mp4#f112-175,data/raw/PreVFall/v4_video_csv/Pre-VFall/dizziness_fall_forward/FDFFM2.mp4,2,PreVFall,1,112,175,3.733333,5.833333,9.900000,4.066667,0,0,0,EARLY_FALL_VIDEO,1.000000
data/raw/PreVFall/v4_video_csv/Pre-VFall/dizziness_fall_forward/FDFFM2.mp4#f128-191,data/raw/PreVFall/v4_video_csv/Pre-VFall/dizziness_fall_forward/FDFFM2.mp4,2,PreVFall,1,128,191,4.266667,6.366667,9.900000,3.533333,0,0,0,EARLY_FALL_VIDEO,1.000000
data/raw/PreVFall/v4_video_csv/Pre-VFall/dizziness_fall_forward/FDFFM2.mp4#f144-207,data/raw/PreVFall/v4_video_csv/Pre-VFall/dizziness_fall_forward/FDFFM2.mp4,2,PreVFall,1,144,207,4.800000,6.900000,9.900000,3.000000,0,0,1,PRE_FALL_2_3S,1.000000
data/raw/PreVFall/v4_video_csv/Pre-VFall/dizziness_fall_forward/FDFFM2.mp4#f160-223,data/raw/PreVFall/v4_video_csv/Pre-VFall/dizziness_fall_forward/FDFFM2.mp4,2,PreVFall,1,160,223,5.333333,7.433333,9.900000,2.466667,0,0,1,PRE_FALL_2_3S,1.000000
data/raw/PreVFall/v4_video_csv/Pre-VFall/dizziness_fall_forward/FDFFM2.mp4#f176-239,data/raw/PreVFall/v4_video_csv/Pre-VFall/dizziness_fall_forward/FDFFM2.mp4,2,PreVFall,1,176,239,5.866667,7.966667,9.900000,1.933333,0,1,1,PRE_FALL_1_2S,1.000000
data/raw/PreVFall/v4_video_csv/Pre-VFall/dizziness_fall_forward/FDFFM2.mp4#f192-255,data/raw/PreVFall/v4_video_csv/Pre-VFall/dizziness_fall_forward/FDFFM2.mp4,2,PreVFall,1,192,255,6.400000,8.500000,9.900000,1.400000,0,1,1,PRE_FALL_1_2S,1.000000
data/raw/PreVFall/v4_video_csv/Pre-VFall/dizziness_fall_forward/FDFFM2.mp4#f208-271,data/raw/PreVFall/v4_video_csv/Pre-VFall/dizziness_fall_forward/FDFFM2.mp4,2,PreVFall,1,208,271,6.933333,9.033333,9.900000,0.866667,1,1,1,PRE_FALL_0_1S,1.000000
data/raw/PreVFall/v4_video_csv/Pre-VFall/dizziness_fall_forward/FDFFM2.mp4#f224-287,data/raw/PreVFall/v4_video_csv/Pre-VFall/dizziness_fall_forward/FDFFM2.mp4,2,PreVFall,1,224,287,7.466667,9.566667,9.900000,0.333333,1,1,1,PRE_FALL_0_1S,1.000000
data/raw/PreVFall/v4_video_csv/Pre-VFall/dizziness_fall_forward/FDFFM3.mp4#f0-63,data/raw/PreVFall/v4_video_csv/Pre-VFall/dizziness_fall_forward/FDFFM3.mp4,3,PreVFall,1,0,63,0.000000,2.100000,16.900000,14.800000,0,0,0,EARLY_FALL_VIDEO,1.000000
data/raw/PreVFall/v4_video_csv/Pre-VFall/dizziness_fall_forward/FDFFM3.mp4#f16-79,data/raw/PreVFall/v4_video_csv/Pre-VFall/dizziness_fall_forward/FDFFM3.mp4,3,PreVFall,1,16,79,0.533333,2.633333,16.900000,14.266667,0,0,0,EARLY_FALL_VIDEO,1.000000
data/raw/PreVFall/v4_video_csv/Pre-VFall/dizziness_fall_forward/FDFFM3.mp4#f32-95,data/raw/PreVFall/v4_video_csv/Pre-VFall/dizziness_fall_forward/FDFFM3.mp4,3,PreVFall,1,32,95,1.066667,3.166667,16.900000,13.733333,0,0,0,EARLY_FALL_VIDEO,1.000000
data/raw/PreVFall/v4_video_csv/Pre-VFall/dizziness_fall_forward/FDFFM3.mp4#f48-111,data/raw/PreVFall/v4_video_csv/Pre-VFall/dizziness_fall_forward/FDFFM3.mp4,3,PreVFall,1,48,111,1.600000,3.700000,16.900000,13.200000,0,0,0,EARLY_FALL_VIDEO,1.000000
data/raw/PreVFall/v4_video_csv/Pre-VFall/dizziness_fall_forward/FDFFM3.mp4#f64-127,data/raw/PreVFall/v4_video_csv/Pre-VFall/dizziness_fall_forward/FDFFM3.mp4,3,PreVFall,1,64,127,2.133333,4.233333,16.900000,12.666667,0,0,0,EARLY_FALL_VIDEO,1.000000
data/raw/PreVFall/v4_video_csv/Pre-VFall/dizziness_fall_forward/FDFFM3.mp4#f80-143,data/raw/PreVFall/v4_video_csv/Pre-VFall/dizziness_fall_forward/FDFFM3.mp4,3,PreVFall,1,80,143,2.666667,4.766667,16.900000,12.133333,0,0,0,EARLY_FALL_VIDEO,1.000000
data/raw/PreVFall/v4_video_csv/Pre-VFall/dizziness_fall_forward/FDFFM3.mp4#f96-159,data/raw/PreVFall/v4_video_csv/Pre-VFall/dizziness_fall_forward/FDFFM3.mp4,3,PreVFall,1,96,159,3.200000,5.300000,16.900000,11.600000,0,0,0,EARLY_FALL_VIDEO,1.000000
data/raw/PreVFall/v4_video_csv/Pre-VFall/dizziness_fall_forward/FDFFM3.mp4#f112-175,data/raw/PreVFall/v4_video_csv/Pre-VFall/dizziness_fall_forward/FDFFM3.mp4,3,PreVFall,1,112,175,3.733333,5.833333,16.900000,11.066667,0,0,0,EARLY_FALL_VIDEO,1.000000
data/raw/PreVFall/v4_video_csv/Pre-VFall/dizziness_fall_forward/FDFFM3.mp4#f128-191,data/raw/PreVFall/v4_video_csv/Pre-VFall/dizziness_fall_forward/FDFFM3.mp4,3,PreVFall,1,128,191,4.266667,6.366667,16.900000,10.533333,0,0,0,EARLY_FALL_VIDEO,1.000000
data/raw/PreVFall/v4_video_csv/Pre-VFall/dizziness_fall_forward/FDFFM3.mp4#f144-207,data/raw/PreVFall/v4_video_csv/Pre-VFall/dizziness_fall_forward/FDFFM3.mp4,3,PreVFall,1,144,207,4.800000,6.900000,16.900000,10.000000,0,0,0,EARLY_FALL_VIDEO,1.000000
data/raw/PreVFall/v4_video_csv/Pre-VFall/dizziness_fall_forward/FDFFM3.mp4#f160-223,data/raw/PreVFall/v4_video_csv/Pre-VFall/dizziness_fall_forward/FDFFM3.mp4,3,PreVFall,1,160,223,5.333333,7.433333,16.900000,9.466667,0,0,0,EARLY_FALL_VIDEO,1.000000
data/raw/PreVFall/v4_video_csv/Pre-VFall/dizziness_fall_forward/FDFFM3.mp4#f176-239,data/raw/PreVFall/v4_video_csv/Pre-VFall/dizziness_fall_forward/FDFFM3.mp4,3,PreVFall,1,176,239,5.866667,7.966667,16.900000,8.933333,0,0,0,EARLY_FALL_VIDEO,1.000000
data/raw/PreVFall/v4_video_csv/Pre-VFall/dizziness_fall_forward/FDFFM3.mp4#f192-255,data/raw/PreVFall/v4_video_csv/Pre-VFall/dizziness_fall_forward/FDFFM3.mp4,3,PreVFall,1,192,255,6.400000,8.500000,16.900000,8.400000,0,0,0,EARLY_FALL_VIDEO,1.000000
data/raw/PreVFall/v4_video_csv/Pre-VFall/dizziness_fall_forward/FDFFM3.mp4#f208-271,data/raw/PreVFall/v4_video_csv/Pre-VFall/dizziness_fall_forward/FDFFM3.mp4,3,PreVFall,1,208,271,6.933333,9.033333,16.900000,7.866667,0,0,0,EARLY_FALL_VIDEO,1.000000
data/raw/PreVFall/v4_video_csv/Pre-VFall/dizziness_fall_forward/FDFFM3.mp4#f224-287,data/raw/PreVFall/v4_video_csv/Pre-VFall/dizziness_fall_forward/FDFFM3.mp4,3,PreVFall,1,224,287,7.466667,9.566667,16.900000,7.333333,0,0,0,EARLY_FALL_VIDEO,1.000000
data/raw/PreVFall/v4_video_csv/Pre-VFall/dizziness_fall_forward/FDFFM3.mp4#f240-303,data/raw/PreVFall/v4_video_csv/Pre-VFall/dizziness_fall_forward/FDFFM3.mp4,3,PreVFall,1,240,303,8.000000,10.100000,16.900000,6.800000,0,0,0,EARLY_FALL_VIDEO,1.000000
data/raw/PreVFall/v4_video_csv/Pre-VFall/dizziness_fall_forward/FDFFM3.mp4#f256-319,data/raw/PreVFall/v4_video_csv/Pre-VFall/dizziness_fall_forward/FDFFM3.mp4,3,PreVFall,1,256,319,8.533333,10.633333,16.900000,6.266667,0,0,0,EARLY_FALL_VIDEO,1.000000
data/raw/PreVFall/v4_video_csv/Pre-VFall/dizziness_fall_forward/FDFFM3.mp4#f272-335,data/raw/PreVFall/v4_video_csv/Pre-VFall/dizziness_fall_forward/FDFFM3.mp4,3,PreVFall,1,272,335,9.066667,11.166667,16.900000,5.733333,0,0,0,EARLY_FALL_VIDEO,1.000000
data/raw/PreVFall/v4_video_csv/Pre-VFall/dizziness_fall_forward/FDFFM3.mp4#f288-351,data/raw/PreVFall/v4_video_csv/Pre-VFall/dizziness_fall_forward/FDFFM3.mp4,3,PreVFall,1,288,351,9.600000,11.700000,16.900000,5.200000,0,0,0,EARLY_FALL_VIDEO,1.000000
data/raw/PreVFall/v4_video_csv/Pre-VFall/dizziness_fall_forward/FDFFM3.mp4#f304-367,data/raw/PreVFall/v4_video_csv/Pre-VFall/dizziness_fall_forward/FDFFM3.mp4,3,PreVFall,1,304,367,10.133333,12.233333,16.900000,4.666667,0,0,0,EARLY_FALL_VIDEO,1.000000
data/raw/PreVFall/v4_video_csv/Pre-VFall/dizziness_fall_forward/FDFFM3.mp4#f320-383,data/raw/PreVFall/v4_video_csv/Pre-VFall/dizziness_fall_forward/FDFFM3.mp4,3,PreVFall,1,320,383,10.666667,12.766667,16.900000,4.133333,0,0,0,EARLY_FALL_VIDEO,1.000000
data/raw/PreVFall/v4_video_csv/Pre-VFall/dizziness_fall_forward/FDFFM3.mp4#f336-399,data/raw/PreVFall/v4_video_csv/Pre-VFall/dizziness_fall_forward/FDFFM3.mp4,3,PreVFall,1,336,399,11.200000,13.300000,16.900000,3.600000,0,0,0,EARLY_FALL_VIDEO,1.000000
data/raw/PreVFall/v4_video_csv/Pre-VFall/dizziness_fall_forward/FDFFM3.mp4#f352-415,data/raw/PreVFall/v4_video_csv/Pre-VFall/dizziness_fall_forward/FDFFM3.mp4,3,PreVFall,1,352,415,11.733333,13.833333,16.900000,3.066667,0,0,0,EARLY_FALL_VIDEO,1.000000
data/raw/PreVFall/v4_video_csv/Pre-VFall/dizziness_fall_forward/FDFFM3.mp4#f368-431,data/raw/PreVFall/v4_video_csv/Pre-VFall/dizziness_fall_forward/FDFFM3.mp4,3,PreVFall,1,368,431,12.266667,14.366667,16.900000,2.533333,0,0,1,PRE_FALL_2_3S,1.000000
data/raw/PreVFall/v4_video_csv/Pre-VFall/dizziness_fall_forward/FDFFM3.mp4#f384-447,data/raw/PreVFall/v4_video_csv/Pre-VFall/dizziness_fall_forward/FDFFM3.mp4,3,PreVFall,1,384,447,12.800000,14.900000,16.900000,2.000000,0,1,1,PRE_FALL_1_2S,1.000000
data/raw/PreVFall/v4_video_csv/Pre-VFall/dizziness_fall_forward/FDFFM3.mp4#f400-463,data/raw/PreVFall/v4_video_csv/Pre-VFall/dizziness_fall_forward/FDFFM3.mp4,3,PreVFall,1,400,463,13.333333,15.433333,16.900000,1.466667,0,1,1,PRE_FALL_1_2S,1.000000
data/raw/PreVFall/v4_video_csv/Pre-VFall/dizziness_fall_forward/FDFFM3.mp4#f416-479,data/raw/PreVFall/v4_video_csv/Pre-VFall/dizziness_fall_forward/FDFFM3.mp4,3,PreVFall,1,416,479,13.866667,15.966667,16.900000,0.933333,1,1,1,PRE_FALL_0_1S,1.000000
data/raw/PreVFall/v4_video_csv/Pre-VFall/dizziness_fall_forward/FDFFM3.mp4#f432-495,data/raw/PreVFall/v4_video_csv/Pre-VFall/dizziness_fall_forward/FDFFM3.mp4,3,PreVFall,1,432,495,14.400000,16.500000,16.900000,0.400000,1,1,1,PRE_FALL_0_1S,1.000000
data/raw/PreVFall/v4_video_csv/Pre-VFall/dizziness_fall_forward/FDFSM1.mp4#f0-63,data/raw/PreVFall/v4_video_csv/Pre-VFall/dizziness_fall_forward/FDFSM1.mp4,1,PreVFall,1,0,63,0.000000,2.100000,17.433332,15.333332,0,0,0,EARLY_FALL_VIDEO,1.000000
data/raw/PreVFall/v4_video_csv/Pre-VFall/dizziness_fall_forward/FDFSM1.mp4#f16-79,data/raw/PreVFall/v4_video_csv/Pre-VFall/dizziness_fall_forward/FDFSM1.mp4,1,PreVFall,1,16,79,0.533333,2.633333,17.433332,14.799999,0,0,0,EARLY_FALL_VIDEO,1.000000
data/raw/PreVFall/v4_video_csv/Pre-VFall/dizziness_fall_forward/FDFSM1.mp4#f32-95,data/raw/PreVFall/v4_video_csv/Pre-VFall/dizziness_fall_forward/FDFSM1.mp4,1,PreVFall,1,32,95,1.066667,3.166666,17.433332,14.266666,0,0,0,EARLY_FALL_VIDEO,1.000000
data/raw/PreVFall/v4_video_csv/Pre-VFall/dizziness_fall_forward/FDFSM1.mp4#f48-111,data/raw/PreVFall/v4_video_csv/Pre-VFall/dizziness_fall_forward/FDFSM1.mp4,1,PreVFall,1,48,111,1.600000,3.700000,17.433332,13.733332,0,0,0,EARLY_FALL_VIDEO,1.000000
data/raw/PreVFall/v4_video_csv/Pre-VFall/dizziness_fall_forward/FDFSM1.mp4#f64-127,data/raw/PreVFall/v4_video_csv/Pre-VFall/dizziness_fall_forward/FDFSM1.mp4,1,PreVFall,1,64,127,2.133333,4.233333,17.433332,13.199999,0,0,0,EARLY_FALL_VIDEO,1.000000
data/raw/PreVFall/v4_video_csv/Pre-VFall/dizziness_fall_forward/FDFSM1.mp4#f80-143,data/raw/PreVFall/v4_video_csv/Pre-VFall/dizziness_fall_forward/FDFSM1.mp4,1,PreVFall,1,80,143,2.666666,4.766666,17.433332,12.666666,0,0,0,EARLY_FALL_VIDEO,1.000000
data/raw/PreVFall/v4_video_csv/Pre-VFall/dizziness_fall_forward/FDFSM1.mp4#f96-159,data/raw/PreVFall/v4_video_csv/Pre-VFall/dizziness_fall_forward/FDFSM1.mp4,1,PreVFall,1,96,159,3.200000,5.300000,17.433332,12.133333,0,0,0,EARLY_FALL_VIDEO,1.000000
data/raw/PreVFall/v4_video_csv/Pre-VFall/dizziness_fall_forward/FDFSM1.mp4#f112-175,data/raw/PreVFall/v4_video_csv/Pre-VFall/dizziness_fall_forward/FDFSM1.mp4,1,PreVFall,1,112,175,3.733333,5.833333,17.433332,11.599999,0,0,0,EARLY_FALL_VIDEO,1.000000
data/raw/PreVFall/v4_video_csv/Pre-VFall/dizziness_fall_forward/FDFSM1.mp4#f128-191,data/raw/PreVFall/v4_video_csv/Pre-VFall/dizziness_fall_forward/FDFSM1.mp4,1,PreVFall,1,128,191,4.266666,6.366666,17.433332,11.066666,0,0,0,EARLY_FALL_VIDEO,1.000000
data/raw/PreVFall/v4_video_csv/Pre-VFall/dizziness_fall_forward/FDFSM1.mp4#f144-207,data/raw/PreVFall/v4_video_csv/Pre-VFall/dizziness_fall_forward/FDFSM1.mp4,1,PreVFall,1,144,207,4.800000,6.900000,17.433332,10.533333,0,0,0,EARLY_FALL_VIDEO,1.000000
data/raw/PreVFall/v4_video_csv/Pre-VFall/dizziness_fall_forward/FDFSM1.mp4#f160-223,data/raw/PreVFall/v4_video_csv/Pre-VFall/dizziness_fall_forward/FDFSM1.mp4,1,PreVFall,1,160,223,5.333333,7.433333,17.433332,9.999999,0,0,0,EARLY_FALL_VIDEO,1.000000
data/raw/PreVFall/v4_video_csv/Pre-VFall/dizziness_fall_forward/FDFSM1.mp4#f176-239,data/raw/PreVFall/v4_video_csv/Pre-VFall/dizziness_fall_forward/FDFSM1.mp4,1,PreVFall,1,176,239,5.866666,7.966666,17.433332,9.466666,0,0,0,EARLY_FALL_VIDEO,1.000000
data/raw/PreVFall/v4_video_csv/Pre-VFall/dizziness_fall_forward/FDFSM1.mp4#f192-255,data/raw/PreVFall/v4_video_csv/Pre-VFall/dizziness_fall_forward/FDFSM1.mp4,1,PreVFall,1,192,255,6.400000,8.499999,17.433332,8.933333,0,0,0,EARLY_FALL_VIDEO,1.000000
data/raw/PreVFall/v4_video_csv/Pre-VFall/dizziness_fall_forward/FDFSM1.mp4#f208-271,data/raw/PreVFall/v4_video_csv/Pre-VFall/dizziness_fall_forward/FDFSM1.mp4,1,PreVFall,1,208,271,6.933333,9.033333,17.433332,8.399999,0,0,0,EARLY_FALL_VIDEO,1.000000
data/raw/PreVFall/v4_video_csv/Pre-VFall/dizziness_fall_forward/FDFSM1.mp4#f224-287,data/raw/PreVFall/v4_video_csv/Pre-VFall/dizziness_fall_forward/FDFSM1.mp4,1,PreVFall,1,224,287,7.466666,9.566666,17.433332,7.866666,0,0,0,EARLY_FALL_VIDEO,1.000000
data/raw/PreVFall/v4_video_csv/Pre-VFall/dizziness_fall_forward/FDFSM1.mp4#f240-303,data/raw/PreVFall/v4_video_csv/Pre-VFall/dizziness_fall_forward/FDFSM1.mp4,1,PreVFall,1,240,303,7.999999,10.099999,17.433332,7.333333,0,0,0,EARLY_FALL_VIDEO,1.000000
data/raw/PreVFall/v4_video_csv/Pre-VFall/dizziness_fall_forward/FDFSM1.mp4#f256-319,data/raw/PreVFall/v4_video_csv/Pre-VFall/dizziness_fall_forward/FDFSM1.mp4,1,PreVFall,1,256,319,8.533333,10.633333,17.433332,6.800000,0,0,0,EARLY_FALL_VIDEO,1.000000
data/raw/PreVFall/v4_video_csv/Pre-VFall/dizziness_fall_forward/FDFSM1.mp4#f272-335,data/raw/PreVFall/v4_video_csv/Pre-VFall/dizziness_fall_forward/FDFSM1.mp4,1,PreVFall,1,272,335,9.066666,11.166666,17.433332,6.266666,0,0,0,EARLY_FALL_VIDEO,1.000000
data/raw/PreVFall/v4_video_csv/Pre-VFall/dizziness_fall_forward/FDFSM1.mp4#f288-351,data/raw/PreVFall/v4_video_csv/Pre-VFall/dizziness_fall_forward/FDFSM1.mp4,1,PreVFall,1,288,351,9.599999,11.699999,17.433332,5.733333,0,0,0,EARLY_FALL_VIDEO,1.000000
data/raw/PreVFall/v4_video_csv/Pre-VFall/dizziness_fall_forward/FDFSM1.mp4#f304-367,data/raw/PreVFall/v4_video_csv/Pre-VFall/dizziness_fall_forward/FDFSM1.mp4,1,PreVFall,1,304,367,10.133333,12.233333,17.433332,5.200000,0,0,0,EARLY_FALL_VIDEO,1.000000
data/raw/PreVFall/v4_video_csv/Pre-VFall/dizziness_fall_forward/FDFSM1.mp4#f320-383,data/raw/PreVFall/v4_video_csv/Pre-VFall/dizziness_fall_forward/FDFSM1.mp4,1,PreVFall,1,320,383,10.666666,12.766666,17.433332,4.666666,0,0,0,EARLY_FALL_VIDEO,1.000000
data/raw/PreVFall/v4_video_csv/Pre-VFall/dizziness_fall_forward/FDFSM1.mp4#f336-399,data/raw/PreVFall/v4_video_csv/Pre-VFall/dizziness_fall_forward/FDFSM1.mp4,1,PreVFall,1,336,399,11.199999,13.299999,17.433332,4.133333,0,0,0,EARLY_FALL_VIDEO,1.000000
data/raw/PreVFall/v4_video_csv/Pre-VFall/dizziness_fall_forward/FDFSM1.mp4#f352-415,data/raw/PreVFall/v4_video_csv/Pre-VFall/dizziness_fall_forward/FDFSM1.mp4,1,PreVFall,1,352,415,11.733333,13.833332,17.433332,3.600000,0,0,0,EARLY_FALL_VIDEO,1.000000
data/raw/PreVFall/v4_video_csv/Pre-VFall/dizziness_fall_forward/FDFSM1.mp4#f368-431,data/raw/PreVFall/v4_video_csv/Pre-VFall/dizziness_fall_forward/FDFSM1.mp4,1,PreVFall,1,368,431,12.266666,14.366666,17.433332,3.066666,0,0,0,EARLY_FALL_VIDEO,1.000000
data/raw/PreVFall/v4_video_csv/Pre-VFall/dizziness_fall_forward/FDFSM1.mp4#f384-447,data/raw/PreVFall/v4_video_csv/Pre-VFall/dizziness_fall_forward/FDFSM1.mp4,1,PreVFall,1,384,447,12.799999,14.899999,17.433332,2.533333,0,0,1,PRE_FALL_2_3S,1.000000
data/raw/PreVFall/v4_video_csv/Pre-VFall/dizziness_fall_forward/FDFSM1.mp4#f400-463,data/raw/PreVFall/v4_video_csv/Pre-VFall/dizziness_fall_forward/FDFSM1.mp4,1,PreVFall,1,400,463,13.333332,15.433332,17.433332,2.000000,0,1,1,PRE_FALL_1_2S,1.000000
data/raw/PreVFall/v4_video_csv/Pre-VFall/dizziness_fall_forward/FDFSM1.mp4#f416-479,data/raw/PreVFall/v4_video_csv/Pre-VFall/dizziness_fall_forward/FDFSM1.mp4,1,PreVFall,1,416,479,13.866666,15.966666,17.433332,1.466667,0,1,1,PRE_FALL_1_2S,1.000000
data/raw/PreVFall/v4_video_csv/Pre-VFall/dizziness_fall_forward/FDFSM1.mp4#f432-495,data/raw/PreVFall/v4_video_csv/Pre-VFall/dizziness_fall_forward/FDFSM1.mp4,1,PreVFall,1,432,495,14.399999,16.499999,17.433332,0.933333,1,1,1,PRE_FALL_0_1S,1.000000
data/raw/PreVFall/v4_video_csv/Pre-VFall/dizziness_fall_forward/FDFSM1.mp4#f448-511,data/raw/PreVFall/v4_video_csv/Pre-VFall/dizziness_fall_forward/FDFSM1.mp4,1,PreVFall,1,448,511,14.933332,17.033332,17.433332,0.400000,1,1,1,PRE_FALL_0_1S,1.000000
data/raw/PreVFall/v4_video_csv/Pre-VFall/dizziness_fall_forward/FDFSM2.mp4#f0-63,data/raw/PreVFall/v4_video_csv/Pre-VFall/dizziness_fall_forward/FDFSM2.mp4,2,PreVFall,1,0,63,0.000000,2.100000,9.799999,7.699999,0,0,0,EARLY_FALL_VIDEO,1.000000
data/raw/PreVFall/v4_video_csv/Pre-VFall/dizziness_fall_forward/FDFSM2.mp4#f16-79,data/raw/PreVFall/v4_video_csv/Pre-VFall/dizziness_fall_forward/FDFSM2.mp4,2,PreVFall,1,16,79,0.533333,2.633333,9.799999,7.166666,0,0,0,EARLY_FALL_VIDEO,1.000000
data/raw/PreVFall/v4_video_csv/Pre-VFall/dizziness_fall_forward/FDFSM2.mp4#f32-95,data/raw/PreVFall/v4_video_csv/Pre-VFall/dizziness_fall_forward/FDFSM2.mp4,2,PreVFall,1,32,95,1.066667,3.166666,9.799999,6.633332,0,0,0,EARLY_FALL_VIDEO,1.000000
data/raw/PreVFall/v4_video_csv/Pre-VFall/dizziness_fall_forward/FDFSM2.mp4#f48-111,data/raw/PreVFall/v4_video_csv/Pre-VFall/dizziness_fall_forward/FDFSM2.mp4,2,PreVFall,1,48,111,1.600000,3.700000,9.799999,6.099999,0,0,0,EARLY_FALL_VIDEO,1.000000
data/raw/PreVFall/v4_video_csv/Pre-VFall/dizziness_fall_forward/FDFSM2.mp4#f64-127,data/raw/PreVFall/v4_video_csv/Pre-VFall/dizziness_fall_forward/FDFSM2.mp4,2,PreVFall,1,64,127,2.133333,4.233333,9.799999,5.566666,0,0,0,EARLY_FALL_VIDEO,1.000000
data/raw/PreVFall/v4_video_csv/Pre-VFall/dizziness_fall_forward/FDFSM2.mp4#f80-143,data/raw/PreVFall/v4_video_csv/Pre-VFall/dizziness_fall_forward/FDFSM2.mp4,2,PreVFall,1,80,143,2.666666,4.766666,9.799999,5.033333,0,0,0,EARLY_FALL_VIDEO,1.000000
data/raw/PreVFall/v4_video_csv/Pre-VFall/dizziness_fall_forward/FDFSM2.mp4#f96-159,data/raw/PreVFall/v4_video_csv/Pre-VFall/dizziness_fall_forward/FDFSM2.mp4,2,PreVFall,1,96,159,3.200000,5.299999,9.799999,4.499999,0,0,0,EARLY_FALL_VIDEO,1.000000
data/raw/PreVFall/v4_video_csv/Pre-VFall/dizziness_fall_forward/FDFSM2.mp4#f112-175,data/raw/PreVFall/v4_video_csv/Pre-VFall/dizziness_fall_forward/FDFSM2.mp4,2,PreVFall,1,112,175,3.733333,5.833333,9.799999,3.966666,0,0,0,EARLY_FALL_VIDEO,1.000000
data/raw/PreVFall/v4_video_csv/Pre-VFall/dizziness_fall_forward/FDFSM2.mp4#f128-191,data/raw/PreVFall/v4_video_csv/Pre-VFall/dizziness_fall_forward/FDFSM2.mp4,2,PreVFall,1,128,191,4.266666,6.366666,9.799999,3.433333,0,0,0,EARLY_FALL_VIDEO,1.000000
data/raw/PreVFall/v4_video_csv/Pre-VFall/dizziness_fall_forward/FDFSM2.mp4#f144-207,data/raw/PreVFall/v4_video_csv/Pre-VFall/dizziness_fall_forward/FDFSM2.mp4,2,PreVFall,1,144,207,4.799999,6.899999,9.799999,2.900000,0,0,1,PRE_FALL_2_3S,1.000000
data/raw/PreVFall/v4_video_csv/Pre-VFall/dizziness_fall_forward/FDFSM2.mp4#f160-223,data/raw/PreVFall/v4_video_csv/Pre-VFall/dizziness_fall_forward/FDFSM2.mp4,2,PreVFall,1,160,223,5.333333,7.433332,9.799999,2.366666,0,0,1,PRE_FALL_2_3S,1.000000
data/raw/PreVFall/v4_video_csv/Pre-VFall/dizziness_fall_forward/FDFSM2.mp4#f176-239,data/raw/PreVFall/v4_video_csv/Pre-VFall/dizziness_fall_forward/FDFSM2.mp4,2,PreVFall,1,176,239,5.866666,7.966666,9.799999,1.833333,0,1,1,PRE_FALL_1_2S,1.000000
data/raw/PreVFall/v4_video_csv/Pre-VFall/dizziness_fall_forward/FDFSM2.mp4#f192-255,data/raw/PreVFall/v4_video_csv/Pre-VFall/dizziness_fall_forward/FDFSM2.mp4,2,PreVFall,1,192,255,6.399999,8.499999,9.799999,1.300000,0,1,1,PRE_FALL_1_2S,1.000000
data/raw/PreVFall/v4_video_csv/Pre-VFall/dizziness_fall_forward/FDFSM2.mp4#f208-271,data/raw/PreVFall/v4_video_csv/Pre-VFall/dizziness_fall_forward/FDFSM2.mp4,2,PreVFall,1,208,271,6.933332,9.033332,9.799999,0.766667,1,1,1,PRE_FALL_0_1S,1.000000
data/raw/PreVFall/v4_video_csv/Pre-VFall/dizziness_fall_forward/FDFSM2.mp4#f224-287,data/raw/PreVFall/v4_video_csv/Pre-VFall/dizziness_fall_forward/FDFSM2.mp4,2,PreVFall,1,224,287,7.466666,9.566665,9.799999,0.233333,1,1,1,PRE_FALL_0_1S,1.000000
data/raw/PreVFall/v4_video_csv/Pre-VFall/dizziness_fall_forward/FDFSM3.mp4#f0-63,data/raw/PreVFall/v4_video_csv/Pre-VFall/dizziness_fall_forward/FDFSM3.mp4,3,PreVFall,1,0,63,0.000000,2.100000,17.033333,14.933333,0,0,0,EARLY_FALL_VIDEO,1.000000
data/raw/PreVFall/v4_video_csv/Pre-VFall/dizziness_fall_forward/FDFSM3.mp4#f16-79,data/raw/PreVFall/v4_video_csv/Pre-VFall/dizziness_fall_forward/FDFSM3.mp4,3,PreVFall,1,16,79,0.533333,2.633333,17.033333,14.400000,0,0,0,EARLY_FALL_VIDEO,1.000000
data/raw/PreVFall/v4_video_csv/Pre-VFall/dizziness_fall_forward/FDFSM3.mp4#f32-95,data/raw/PreVFall/v4_video_csv/Pre-VFall/dizziness_fall_forward/FDFSM3.mp4,3,PreVFall,1,32,95,1.066667,3.166667,17.033333,13.866667,0,0,0,EARLY_FALL_VIDEO,1.000000
data/raw/PreVFall/v4_video_csv/Pre-VFall/dizziness_fall_forward/FDFSM3.mp4#f48-111,data/raw/PreVFall/v4_video_csv/Pre-VFall/dizziness_fall_forward/FDFSM3.mp4,3,PreVFall,1,48,111,1.600000,3.700000,17.033333,13.333333,0,0,0,EARLY_FALL_VIDEO,1.000000
data/raw/PreVFall/v4_video_csv/Pre-VFall/dizziness_fall_forward/FDFSM3.mp4#f64-127,data/raw/PreVFall/v4_video_csv/Pre-VFall/dizziness_fall_forward/FDFSM3.mp4,3,PreVFall,1,64,127,2.133333,4.233333,17.033333,12.800000,0,0,0,EARLY_FALL_VIDEO,1.000000
data/raw/PreVFall/v4_video_csv/Pre-VFall/dizziness_fall_forward/FDFSM3.mp4#f80-143,data/raw/PreVFall/v4_video_csv/Pre-VFall/dizziness_fall_forward/FDFSM3.mp4,3,PreVFall,1,80,143,2.666667,4.766667,17.033333,12.266667,0,0,0,EARLY_FALL_VIDEO,1.000000
data/raw/PreVFall/v4_video_csv/Pre-VFall/dizziness_fall_forward/FDFSM3.mp4#f96-159,data/raw/PreVFall/v4_video_csv/Pre-VFall/dizziness_fall_forward/FDFSM3.mp4,3,PreVFall,1,96,159,3.200000,5.300000,17.033333,11.733333,0,0,0,EARLY_FALL_VIDEO,1.000000
data/raw/PreVFall/v4_video_csv/Pre-VFall/dizziness_fall_forward/FDFSM3.mp4#f112-175,data/raw/PreVFall/v4_video_csv/Pre-VFall/dizziness_fall_forward/FDFSM3.mp4,3,PreVFall,1,112,175,3.733333,5.833333,17.033333,11.200000,0,0,0,EARLY_FALL_VIDEO,1.000000
data/raw/PreVFall/v4_video_csv/Pre-VFall/dizziness_fall_forward/FDFSM3.mp4#f128-191,data/raw/PreVFall/v4_video_csv/Pre-VFall/dizziness_fall_forward/FDFSM3.mp4,3,PreVFall,1,128,191,4.266667,6.366667,17.033333,10.666667,0,0,0,EARLY_FALL_VIDEO,1.000000
data/raw/PreVFall/v4_video_csv/Pre-VFall/dizziness_fall_forward/FDFSM3.mp4#f144-207,data/raw/PreVFall/v4_video_csv/Pre-VFall/dizziness_fall_forward/FDFSM3.mp4,3,PreVFall,1,144,207,4.800000,6.900000,17.033333,10.133333,0,0,0,EARLY_FALL_VIDEO,1.000000
data/raw/PreVFall/v4_video_csv/Pre-VFall/dizziness_fall_forward/FDFSM3.mp4#f160-223,data/raw/PreVFall/v4_video_csv/Pre-VFall/dizziness_fall_forward/FDFSM3.mp4,3,PreVFall,1,160,223,5.333333,7.433333,17.033333,9.600000,0,0,0,EARLY_FALL_VIDEO,1.000000
data/raw/PreVFall/v4_video_csv/Pre-VFall/dizziness_fall_forward/FDFSM3.mp4#f176-239,data/raw/PreVFall/v4_video_csv/Pre-VFall/dizziness_fall_forward/FDFSM3.mp4,3,PreVFall,1,176,239,5.866667,7.966667,17.033333,9.066667,0,0,0,EARLY_FALL_VIDEO,1.000000
data/raw/PreVFall/v4_video_csv/Pre-VFall/dizziness_fall_forward/FDFSM3.mp4#f192-255,data/raw/PreVFall/v4_video_csv/Pre-VFall/dizziness_fall_forward/FDFSM3.mp4,3,PreVFall,1,192,255,6.400000,8.500000,17.033333,8.533333,0,0,0,EARLY_FALL_VIDEO,1.000000
data/raw/PreVFall/v4_video_csv/Pre-VFall/dizziness_fall_forward/FDFSM3.mp4#f208-271,data/raw/PreVFall/v4_video_csv/Pre-VFall/dizziness_fall_forward/FDFSM3.mp4,3,PreVFall,1,208,271,6.933333,9.033333,17.033333,8.000000,0,0,0,EARLY_FALL_VIDEO,1.000000
data/raw/PreVFall/v4_video_csv/Pre-VFall/dizziness_fall_forward/FDFSM3.mp4#f224-287,data/raw/PreVFall/v4_video_csv/Pre-VFall/dizziness_fall_forward/FDFSM3.mp4,3,PreVFall,1,224,287,7.466667,9.566667,17.033333,7.466667,0,0,0,EARLY_FALL_VIDEO,1.000000
data/raw/PreVFall/v4_video_csv/Pre-VFall/dizziness_fall_forward/FDFSM3.mp4#f240-303,data/raw/PreVFall/v4_video_csv/Pre-VFall/dizziness_fall_forward/FDFSM3.mp4,3,PreVFall,1,240,303,8.000000,10.100000,17.033333,6.933333,0,0,0,EARLY_FALL_VIDEO,1.000000
data/raw/PreVFall/v4_video_csv/Pre-VFall/dizziness_fall_forward/FDFSM3.mp4#f256-319,data/raw/PreVFall/v4_video_csv/Pre-VFall/dizziness_fall_forward/FDFSM3.mp4,3,PreVFall,1,256,319,8.533333,10.633333,17.033333,6.400000,0,0,0,EARLY_FALL_VIDEO,1.000000
data/raw/PreVFall/v4_video_csv/Pre-VFall/dizziness_fall_forward/FDFSM3.mp4#f272-335,data/raw/PreVFall/v4_video_csv/Pre-VFall/dizziness_fall_forward/FDFSM3.mp4,3,PreVFall,1,272,335,9.066667,11.166667,17.033333,5.866667,0,0,0,EARLY_FALL_VIDEO,1.000000
data/raw/PreVFall/v4_video_csv/Pre-VFall/dizziness_fall_forward/FDFSM3.mp4#f288-351,data/raw/PreVFall/v4_video_csv/Pre-VFall/dizziness_fall_forward/FDFSM3.mp4,3,PreVFall,1,288,351,9.600000,11.700000,17.033333,5.333333,0,0,0,EARLY_FALL_VIDEO,1.000000
data/raw/PreVFall/v4_video_csv/Pre-VFall/dizziness_fall_forward/FDFSM3.mp4#f304-367,data/raw/PreVFall/v4_video_csv/Pre-VFall/dizziness_fall_forward/FDFSM3.mp4,3,PreVFall,1,304,367,10.133333,12.233333,17.033333,4.800000,0,0,0,EARLY_FALL_VIDEO,1.000000
data/raw/PreVFall/v4_video_csv/Pre-VFall/dizziness_fall_forward/FDFSM3.mp4#f320-383,data/raw/PreVFall/v4_video_csv/Pre-VFall/dizziness_fall_forward/FDFSM3.mp4,3,PreVFall,1,320,383,10.666667,12.766667,17.033333,4.266667,0,0,0,EARLY_FALL_VIDEO,1.000000
data/raw/PreVFall/v4_video_csv/Pre-VFall/dizziness_fall_forward/FDFSM3.mp4#f336-399,data/raw/PreVFall/v4_video_csv/Pre-VFall/dizziness_fall_forward/FDFSM3.mp4,3,PreVFall,1,336,399,11.200000,13.300000,17.033333,3.733333,0,0,0,EARLY_FALL_VIDEO,1.000000
data/raw/PreVFall/v4_video_csv/Pre-VFall/dizziness_fall_forward/FDFSM3.mp4#f352-415,data/raw/PreVFall/v4_video_csv/Pre-VFall/dizziness_fall_forward/FDFSM3.mp4,3,PreVFall,1,352,415,11.733333,13.833333,17.033333,3.200000,0,0,0,EARLY_FALL_VIDEO,1.000000
data/raw/PreVFall/v4_video_csv/Pre-VFall/dizziness_fall_forward/FDFSM3.mp4#f368-431,data/raw/PreVFall/v4_video_csv/Pre-VFall/dizziness_fall_forward/FDFSM3.mp4,3,PreVFall,1,368,431,12.266667,14.366667,17.033333,2.666667,0,0,1,PRE_FALL_2_3S,1.000000
data/raw/PreVFall/v4_video_csv/Pre-VFall/dizziness_fall_forward/FDFSM3.mp4#f384-447,data/raw/PreVFall/v4_video_csv/Pre-VFall/dizziness_fall_forward/FDFSM3.mp4,3,PreVFall,1,384,447,12.800000,14.900000,17.033333,2.133333,0,0,1,PRE_FALL_2_3S,1.000000
data/raw/PreVFall/v4_video_csv/Pre-VFall/dizziness_fall_forward/FDFSM3.mp4#f400-463,data/raw/PreVFall/v4_video_csv/Pre-VFall/dizziness_fall_forward/FDFSM3.mp4,3,PreVFall,1,400,463,13.333333,15.433333,17.033333,1.600000,0,1,1,PRE_FALL_1_2S,1.000000
data/raw/PreVFall/v4_video_csv/Pre-VFall/dizziness_fall_forward/FDFSM3.mp4#f416-479,data/raw/PreVFall/v4_video_csv/Pre-VFall/dizziness_fall_forward/FDFSM3.mp4,3,PreVFall,1,416,479,13.866667,15.966667,17.033333,1.066667,0,1,1,PRE_FALL_1_2S,1.000000
data/raw/PreVFall/v4_video_csv/Pre-VFall/dizziness_fall_forward/FDFSM3.mp4#f432-495,data/raw/PreVFall/v4_video_csv/Pre-VFall/dizziness_fall_forward/FDFSM3.mp4,3,PreVFall,1,432,495,14.400000,16.500000,17.033333,0.533333,1,1,1,PRE_FALL_0_1S,1.000000
data/raw/PreVFall/v4_video_csv/Pre-VFall/dizziness_fall_side/FDSFM1.mp4#f0-63,data/raw/PreVFall/v4_video_csv/Pre-VFall/dizziness_fall_side/FDSFM1.mp4,1,PreVFall,1,0,63,0.000000,2.100000,16.033332,13.933332,0,0,0,EARLY_FALL_VIDEO,1.000000
data/raw/PreVFall/v4_video_csv/Pre-VFall/dizziness_fall_side/FDSFM1.mp4#f16-79,data/raw/PreVFall/v4_video_csv/Pre-VFall/dizziness_fall_side/FDSFM1.mp4,1,PreVFall,1,16,79,0.533333,2.633333,16.033332,13.399999,0,0,0,EARLY_FALL_VIDEO,1.000000
data/raw/PreVFall/v4_video_csv/Pre-VFall/dizziness_fall_side/FDSFM1.mp4#f32-95,data/raw/PreVFall/v4_video_csv/Pre-VFall/dizziness_fall_side/FDSFM1.mp4,1,PreVFall,1,32,95,1.066667,3.166666,16.033332,12.866666,0,0,0,EARLY_FALL_VIDEO,1.000000
data/raw/PreVFall/v4_video_csv/Pre-VFall/dizziness_fall_side/FDSFM1.mp4#f48-111,data/raw/PreVFall/v4_video_csv/Pre-VFall/dizziness_fall_side/FDSFM1.mp4,1,PreVFall,1,48,111,1.600000,3.700000,16.033332,12.333333,0,0,0,EARLY_FALL_VIDEO,1.000000
data/raw/PreVFall/v4_video_csv/Pre-VFall/dizziness_fall_side/FDSFM1.mp4#f64-127,data/raw/PreVFall/v4_video_csv/Pre-VFall/dizziness_fall_side/FDSFM1.mp4,1,PreVFall,1,64,127,2.133333,4.233333,16.033332,11.799999,0,0,0,EARLY_FALL_VIDEO,1.000000
data/raw/PreVFall/v4_video_csv/Pre-VFall/dizziness_fall_side/FDSFM1.mp4#f80-143,data/raw/PreVFall/v4_video_csv/Pre-VFall/dizziness_fall_side/FDSFM1.mp4,1,PreVFall,1,80,143,2.666666,4.766666,16.033332,11.266666,0,0,0,EARLY_FALL_VIDEO,1.000000
data/raw/PreVFall/v4_video_csv/Pre-VFall/dizziness_fall_side/FDSFM1.mp4#f96-159,data/raw/PreVFall/v4_video_csv/Pre-VFall/dizziness_fall_side/FDSFM1.mp4,1,PreVFall,1,96,159,3.200000,5.300000,16.033332,10.733333,0,0,0,EARLY_FALL_VIDEO,1.000000
data/raw/PreVFall/v4_video_csv/Pre-VFall/dizziness_fall_side/FDSFM1.mp4#f112-175,data/raw/PreVFall/v4_video_csv/Pre-VFall/dizziness_fall_side/FDSFM1.mp4,1,PreVFall,1,112,175,3.733333,5.833333,16.033332,10.199999,0,0,0,EARLY_FALL_VIDEO,1.000000
data/raw/PreVFall/v4_video_csv/Pre-VFall/dizziness_fall_side/FDSFM1.mp4#f128-191,data/raw/PreVFall/v4_video_csv/Pre-VFall/dizziness_fall_side/FDSFM1.mp4,1,PreVFall,1,128,191,4.266666,6.366666,16.033332,9.666666,0,0,0,EARLY_FALL_VIDEO,1.000000
data/raw/PreVFall/v4_video_csv/Pre-VFall/dizziness_fall_side/FDSFM1.mp4#f144-207,data/raw/PreVFall/v4_video_csv/Pre-VFall/dizziness_fall_side/FDSFM1.mp4,1,PreVFall,1,144,207,4.800000,6.900000,16.033332,9.133333,0,0,0,EARLY_FALL_VIDEO,1.000000
data/raw/PreVFall/v4_video_csv/Pre-VFall/dizziness_fall_side/FDSFM1.mp4#f160-223,data/raw/PreVFall/v4_video_csv/Pre-VFall/dizziness_fall_side/FDSFM1.mp4,1,PreVFall,1,160,223,5.333333,7.433333,16.033332,8.599999,0,0,0,EARLY_FALL_VIDEO,1.000000
data/raw/PreVFall/v4_video_csv/Pre-VFall/dizziness_fall_side/FDSFM1.mp4#f176-239,data/raw/PreVFall/v4_video_csv/Pre-VFall/dizziness_fall_side/FDSFM1.mp4,1,PreVFall,1,176,239,5.866666,7.966666,16.033332,8.066666,0,0,0,EARLY_FALL_VIDEO,1.000000
data/raw/PreVFall/v4_video_csv/Pre-VFall/dizziness_fall_side/FDSFM1.mp4#f192-255,data/raw/PreVFall/v4_video_csv/Pre-VFall/dizziness_fall_side/FDSFM1.mp4,1,PreVFall,1,192,255,6.400000,8.499999,16.033332,7.533333,0,0,0,EARLY_FALL_VIDEO,1.000000
data/raw/PreVFall/v4_video_csv/Pre-VFall/dizziness_fall_side/FDSFM1.mp4#f208-271,data/raw/PreVFall/v4_video_csv/Pre-VFall/dizziness_fall_side/FDSFM1.mp4,1,PreVFall,1,208,271,6.933333,9.033333,16.033332,7.000000,0,0,0,EARLY_FALL_VIDEO,1.000000
data/raw/PreVFall/v4_video_csv/Pre-VFall/dizziness_fall_side/FDSFM1.mp4#f224-287,data/raw/PreVFall/v4_video_csv/Pre-VFall/dizziness_fall_side/FDSFM1.mp4,1,PreVFall,1,224,287,7.466666,9.566666,16.033332,6.466666,0,0,0,EARLY_FALL_VIDEO,1.000000
data/raw/PreVFall/v4_video_csv/Pre-VFall/dizziness_fall_side/FDSFM1.mp4#f240-303,data/raw/PreVFall/v4_video_csv/Pre-VFall/dizziness_fall_side/FDSFM1.mp4,1,PreVFall,1,240,303,7.999999,10.099999,16.033332,5.933333,0,0,0,EARLY_FALL_VIDEO,1.000000
data/raw/PreVFall/v4_video_csv/Pre-VFall/dizziness_fall_side/FDSFM1.mp4#f256-319,data/raw/PreVFall/v4_video_csv/Pre-VFall/dizziness_fall_side/FDSFM1.mp4,1,PreVFall,1,256,319,8.533333,10.633333,16.033332,5.400000,0,0,0,EARLY_FALL_VIDEO,1.000000
data/raw/PreVFall/v4_video_csv/Pre-VFall/dizziness_fall_side/FDSFM1.mp4#f272-335,data/raw/PreVFall/v4_video_csv/Pre-VFall/dizziness_fall_side/FDSFM1.mp4,1,PreVFall,1,272,335,9.066666,11.166666,16.033332,4.866666,0,0,0,EARLY_FALL_VIDEO,1.000000
data/raw/PreVFall/v4_video_csv/Pre-VFall/dizziness_fall_side/FDSFM1.mp4#f288-351,data/raw/PreVFall/v4_video_csv/Pre-VFall/dizziness_fall_side/FDSFM1.mp4,1,PreVFall,1,288,351,9.599999,11.699999,16.033332,4.333333,0,0,0,EARLY_FALL_VIDEO,1.000000
data/raw/PreVFall/v4_video_csv/Pre-VFall/dizziness_fall_side/FDSFM1.mp4#f304-367,data/raw/PreVFall/v4_video_csv/Pre-VFall/dizziness_fall_side/FDSFM1.mp4,1,PreVFall,1,304,367,10.133333,12.233333,16.033332,3.800000,0,0,0,EARLY_FALL_VIDEO,1.000000
data/raw/PreVFall/v4_video_csv/Pre-VFall/dizziness_fall_side/FDSFM1.mp4#f320-383,data/raw/PreVFall/v4_video_csv/Pre-VFall/dizziness_fall_side/FDSFM1.mp4,1,PreVFall,1,320,383,10.666666,12.766666,16.033332,3.266666,0,0,0,EARLY_FALL_VIDEO,1.000000
data/raw/PreVFall/v4_video_csv/Pre-VFall/dizziness_fall_side/FDSFM1.mp4#f336-399,data/raw/PreVFall/v4_video_csv/Pre-VFall/dizziness_fall_side/FDSFM1.mp4,1,PreVFall,1,336,399,11.199999,13.299999,16.033332,2.733333,0,0,1,PRE_FALL_2_3S,1.000000
data/raw/PreVFall/v4_video_csv/Pre-VFall/dizziness_fall_side/FDSFM1.mp4#f352-415,data/raw/PreVFall/v4_video_csv/Pre-VFall/dizziness_fall_side/FDSFM1.mp4,1,PreVFall,1,352,415,11.733333,13.833332,16.033332,2.200000,0,0,1,PRE_FALL_2_3S,1.000000
data/raw/PreVFall/v4_video_csv/Pre-VFall/dizziness_fall_side/FDSFM1.mp4#f368-431,data/raw/PreVFall/v4_video_csv/Pre-VFall/dizziness_fall_side/FDSFM1.mp4,1,PreVFall,1,368,431,12.266666,14.366666,16.033332,1.666667,0,1,1,PRE_FALL_1_2S,1.000000
data/raw/PreVFall/v4_video_csv/Pre-VFall/dizziness_fall_side/FDSFM1.mp4#f384-447,data/raw/PreVFall/v4_video_csv/Pre-VFall/dizziness_fall_side/FDSFM1.mp4,1,PreVFall,1,384,447,12.799999,14.899999,16.033332,1.133333,0,1,1,PRE_FALL_1_2S,1.000000
data/raw/PreVFall/v4_video_csv/Pre-VFall/dizziness_fall_side/FDSFM1.mp4#f400-463,data/raw/PreVFall/v4_video_csv/Pre-VFall/dizziness_fall_side/FDSFM1.mp4,1,PreVFall,1,400,463,13.333332,15.433332,16.033332,0.600000,1,1,1,PRE_FALL_0_1S,1.000000
data/raw/PreVFall/v4_video_csv/Pre-VFall/dizziness_fall_side/FDSFM1.mp4#f416-479,data/raw/PreVFall/v4_video_csv/Pre-VFall/dizziness_fall_side/FDSFM1.mp4,1,PreVFall,1,416,479,13.866666,15.966666,16.033332,0.066667,1,1,1,PRE_FALL_0_1S,1.000000
data/raw/PreVFall/v4_video_csv/Pre-VFall/dizziness_fall_side/FDSFM2.mp4#f0-63,data/raw/PreVFall/v4_video_csv/Pre-VFall/dizziness_fall_side/FDSFM2.mp4,2,PreVFall,1,0,63,0.000000,2.100000,11.266667,9.166667,0,0,0,EARLY_FALL_VIDEO,1.000000
data/raw/PreVFall/v4_video_csv/Pre-VFall/dizziness_fall_side/FDSFM2.mp4#f16-79,data/raw/PreVFall/v4_video_csv/Pre-VFall/dizziness_fall_side/FDSFM2.mp4,2,PreVFall,1,16,79,0.533333,2.633333,11.266667,8.633333,0,0,0,EARLY_FALL_VIDEO,1.000000
data/raw/PreVFall/v4_video_csv/Pre-VFall/dizziness_fall_side/FDSFM2.mp4#f32-95,data/raw/PreVFall/v4_video_csv/Pre-VFall/dizziness_fall_side/FDSFM2.mp4,2,PreVFall,1,32,95,1.066667,3.166667,11.266667,8.100000,0,0,0,EARLY_FALL_VIDEO,1.000000
data/raw/PreVFall/v4_video_csv/Pre-VFall/dizziness_fall_side/FDSFM2.mp4#f48-111,data/raw/PreVFall/v4_video_csv/Pre-VFall/dizziness_fall_side/FDSFM2.mp4,2,PreVFall,1,48,111,1.600000,3.700000,11.266667,7.566667,0,0,0,EARLY_FALL_VIDEO,1.000000
data/raw/PreVFall/v4_video_csv/Pre-VFall/dizziness_fall_side/FDSFM2.mp4#f64-127,data/raw/PreVFall/v4_video_csv/Pre-VFall/dizziness_fall_side/FDSFM2.mp4,2,PreVFall,1,64,127,2.133333,4.233333,11.266667,7.033333,0,0,0,EARLY_FALL_VIDEO,1.000000
data/raw/PreVFall/v4_video_csv/Pre-VFall/dizziness_fall_side/FDSFM2.mp4#f80-143,data/raw/PreVFall/v4_video_csv/Pre-VFall/dizziness_fall_side/FDSFM2.mp4,2,PreVFall,1,80,143,2.666667,4.766667,11.266667,6.500000,0,0,0,EARLY_FALL_VIDEO,1.000000
data/raw/PreVFall/v4_video_csv/Pre-VFall/dizziness_fall_side/FDSFM2.mp4#f96-159,data/raw/PreVFall/v4_video_csv/Pre-VFall/dizziness_fall_side/FDSFM2.mp4,2,PreVFall,1,96,159,3.200000,5.300000,11.266667,5.966667,0,0,0,EARLY_FALL_VIDEO,1.000000
data/raw/PreVFall/v4_video_csv/Pre-VFall/dizziness_fall_side/FDSFM2.mp4#f112-175,data/raw/PreVFall/v4_video_csv/Pre-VFall/dizziness_fall_side/FDSFM2.mp4,2,PreVFall,1,112,175,3.733333,5.833333,11.266667,5.433333,0,0,0,EARLY_FALL_VIDEO,1.000000
data/raw/PreVFall/v4_video_csv/Pre-VFall/dizziness_fall_side/FDSFM2.mp4#f128-191,data/raw/PreVFall/v4_video_csv/Pre-VFall/dizziness_fall_side/FDSFM2.mp4,2,PreVFall,1,128,191,4.266667,6.366667,11.266667,4.900000,0,0,0,EARLY_FALL_VIDEO,1.000000
data/raw/PreVFall/v4_video_csv/Pre-VFall/dizziness_fall_side/FDSFM2.mp4#f144-207,data/raw/PreVFall/v4_video_csv/Pre-VFall/dizziness_fall_side/FDSFM2.mp4,2,PreVFall,1,144,207,4.800000,6.900000,11.266667,4.366667,0,0,0,EARLY_FALL_VIDEO,1.000000
data/raw/PreVFall/v4_video_csv/Pre-VFall/dizziness_fall_side/FDSFM2.mp4#f160-223,data/raw/PreVFall/v4_video_csv/Pre-VFall/dizziness_fall_side/FDSFM2.mp4,2,PreVFall,1,160,223,5.333333,7.433333,11.266667,3.833333,0,0,0,EARLY_FALL_VIDEO,1.000000
data/raw/PreVFall/v4_video_csv/Pre-VFall/dizziness_fall_side/FDSFM2.mp4#f176-239,data/raw/PreVFall/v4_video_csv/Pre-VFall/dizziness_fall_side/FDSFM2.mp4,2,PreVFall,1,176,239,5.866667,7.966667,11.266667,3.300000,0,0,0,EARLY_FALL_VIDEO,1.000000
data/raw/PreVFall/v4_video_csv/Pre-VFall/dizziness_fall_side/FDSFM2.mp4#f192-255,data/raw/PreVFall/v4_video_csv/Pre-VFall/dizziness_fall_side/FDSFM2.mp4,2,PreVFall,1,192,255,6.400000,8.500000,11.266667,2.766667,0,0,1,PRE_FALL_2_3S,1.000000
data/raw/PreVFall/v4_video_csv/Pre-VFall/dizziness_fall_side/FDSFM2.mp4#f208-271,data/raw/PreVFall/v4_video_csv/Pre-VFall/dizziness_fall_side/FDSFM2.mp4,2,PreVFall,1,208,271,6.933333,9.033333,11.266667,2.233333,0,0,1,PRE_FALL_2_3S,1.000000
data/raw/PreVFall/v4_video_csv/Pre-VFall/dizziness_fall_side/FDSFM2.mp4#f224-287,data/raw/PreVFall/v4_video_csv/Pre-VFall/dizziness_fall_side/FDSFM2.mp4,2,PreVFall,1,224,287,7.466667,9.566667,11.266667,1.700000,0,1,1,PRE_FALL_1_2S,1.000000
data/raw/PreVFall/v4_video_csv/Pre-VFall/dizziness_fall_side/FDSFM2.mp4#f240-303,data/raw/PreVFall/v4_video_csv/Pre-VFall/dizziness_fall_side/FDSFM2.mp4,2,PreVFall,1,240,303,8.000000,10.100000,11.266667,1.166667,0,1,1,PRE_FALL_1_2S,1.000000
data/raw/PreVFall/v4_video_csv/Pre-VFall/dizziness_fall_side/FDSFM2.mp4#f256-319,data/raw/PreVFall/v4_video_csv/Pre-VFall/dizziness_fall_side/FDSFM2.mp4,2,PreVFall,1,256,319,8.533333,10.633333,11.266667,0.633333,1,1,1,PRE_FALL_0_1S,1.000000
data/raw/PreVFall/v4_video_csv/Pre-VFall/dizziness_fall_side/FDSFM2.mp4#f272-335,data/raw/PreVFall/v4_video_csv/Pre-VFall/dizziness_fall_side/FDSFM2.mp4,2,PreVFall,1,272,335,9.066667,11.166667,11.266667,0.100000,1,1,1,PRE_FALL_0_1S,1.000000
data/raw/PreVFall/v4_video_csv/Pre-VFall/dizziness_fall_side/FDSFM3.mp4#f0-63,data/raw/PreVFall/v4_video_csv/Pre-VFall/dizziness_fall_side/FDSFM3.mp4,3,PreVFall,1,0,63,0.000000,2.100000,17.100000,15.000000,0,0,0,EARLY_FALL_VIDEO,1.000000
data/raw/PreVFall/v4_video_csv/Pre-VFall/dizziness_fall_side/FDSFM3.mp4#f16-79,data/raw/PreVFall/v4_video_csv/Pre-VFall/dizziness_fall_side/FDSFM3.mp4,3,PreVFall,1,16,79,0.533333,2.633333,17.100000,14.466667,0,0,0,EARLY_FALL_VIDEO,1.000000
data/raw/PreVFall/v4_video_csv/Pre-VFall/dizziness_fall_side/FDSFM3.mp4#f32-95,data/raw/PreVFall/v4_video_csv/Pre-VFall/dizziness_fall_side/FDSFM3.mp4,3,PreVFall,1,32,95,1.066667,3.166667,17.100000,13.933333,0,0,0,EARLY_FALL_VIDEO,1.000000
data/raw/PreVFall/v4_video_csv/Pre-VFall/dizziness_fall_side/FDSFM3.mp4#f48-111,data/raw/PreVFall/v4_video_csv/Pre-VFall/dizziness_fall_side/FDSFM3.mp4,3,PreVFall,1,48,111,1.600000,3.700000,17.100000,13.400000,0,0,0,EARLY_FALL_VIDEO,1.000000
data/raw/PreVFall/v4_video_csv/Pre-VFall/dizziness_fall_side/FDSFM3.mp4#f64-127,data/raw/PreVFall/v4_video_csv/Pre-VFall/dizziness_fall_side/FDSFM3.mp4,3,PreVFall,1,64,127,2.133333,4.233333,17.100000,12.866667,0,0,0,EARLY_FALL_VIDEO,1.000000
data/raw/PreVFall/v4_video_csv/Pre-VFall/dizziness_fall_side/FDSFM3.mp4#f80-143,data/raw/PreVFall/v4_video_csv/Pre-VFall/dizziness_fall_side/FDSFM3.mp4,3,PreVFall,1,80,143,2.666667,4.766667,17.100000,12.333333,0,0,0,EARLY_FALL_VIDEO,1.000000
data/raw/PreVFall/v4_video_csv/Pre-VFall/dizziness_fall_side/FDSFM3.mp4#f96-159,data/raw/PreVFall/v4_video_csv/Pre-VFall/dizziness_fall_side/FDSFM3.mp4,3,PreVFall,1,96,159,3.200000,5.300000,17.100000,11.800000,0,0,0,EARLY_FALL_VIDEO,1.000000
data/raw/PreVFall/v4_video_csv/Pre-VFall/dizziness_fall_side/FDSFM3.mp4#f112-175,data/raw/PreVFall/v4_video_csv/Pre-VFall/dizziness_fall_side/FDSFM3.mp4,3,PreVFall,1,112,175,3.733333,5.833333,17.100000,11.266667,0,0,0,EARLY_FALL_VIDEO,1.000000
data/raw/PreVFall/v4_video_csv/Pre-VFall/dizziness_fall_side/FDSFM3.mp4#f128-191,data/raw/PreVFall/v4_video_csv/Pre-VFall/dizziness_fall_side/FDSFM3.mp4,3,PreVFall,1,128,191,4.266667,6.366667,17.100000,10.733333,0,0,0,EARLY_FALL_VIDEO,1.000000
data/raw/PreVFall/v4_video_csv/Pre-VFall/dizziness_fall_side/FDSFM3.mp4#f144-207,data/raw/PreVFall/v4_video_csv/Pre-VFall/dizziness_fall_side/FDSFM3.mp4,3,PreVFall,1,144,207,4.800000,6.900000,17.100000,10.200000,0,0,0,EARLY_FALL_VIDEO,1.000000
data/raw/PreVFall/v4_video_csv/Pre-VFall/dizziness_fall_side/FDSFM3.mp4#f160-223,data/raw/PreVFall/v4_video_csv/Pre-VFall/dizziness_fall_side/FDSFM3.mp4,3,PreVFall,1,160,223,5.333333,7.433333,17.100000,9.666667,0,0,0,EARLY_FALL_VIDEO,1.000000
data/raw/PreVFall/v4_video_csv/Pre-VFall/dizziness_fall_side/FDSFM3.mp4#f176-239,data/raw/PreVFall/v4_video_csv/Pre-VFall/dizziness_fall_side/FDSFM3.mp4,3,PreVFall,1,176,239,5.866667,7.966667,17.100000,9.133333,0,0,0,EARLY_FALL_VIDEO,1.000000
data/raw/PreVFall/v4_video_csv/Pre-VFall/dizziness_fall_side/FDSFM3.mp4#f192-255,data/raw/PreVFall/v4_video_csv/Pre-VFall/dizziness_fall_side/FDSFM3.mp4,3,PreVFall,1,192,255,6.400000,8.500000,17.100000,8.600000,0,0,0,EARLY_FALL_VIDEO,1.000000
data/raw/PreVFall/v4_video_csv/Pre-VFall/dizziness_fall_side/FDSFM3.mp4#f208-271,data/raw/PreVFall/v4_video_csv/Pre-VFall/dizziness_fall_side/FDSFM3.mp4,3,PreVFall,1,208,271,6.933333,9.033333,17.100000,8.066667,0,0,0,EARLY_FALL_VIDEO,1.000000
data/raw/PreVFall/v4_video_csv/Pre-VFall/dizziness_fall_side/FDSFM3.mp4#f224-287,data/raw/PreVFall/v4_video_csv/Pre-VFall/dizziness_fall_side/FDSFM3.mp4,3,PreVFall,1,224,287,7.466667,9.566667,17.100000,7.533333,0,0,0,EARLY_FALL_VIDEO,1.000000
data/raw/PreVFall/v4_video_csv/Pre-VFall/dizziness_fall_side/FDSFM3.mp4#f240-303,data/raw/PreVFall/v4_video_csv/Pre-VFall/dizziness_fall_side/FDSFM3.mp4,3,PreVFall,1,240,303,8.000000,10.100000,17.100000,7.000000,0,0,0,EARLY_FALL_VIDEO,1.000000
data/raw/PreVFall/v4_video_csv/Pre-VFall/dizziness_fall_side/FDSFM3.mp4#f256-319,data/raw/PreVFall/v4_video_csv/Pre-VFall/dizziness_fall_side/FDSFM3.mp4,3,PreVFall,1,256,319,8.533333,10.633333,17.100000,6.466667,0,0,0,EARLY_FALL_VIDEO,1.000000
data/raw/PreVFall/v4_video_csv/Pre-VFall/dizziness_fall_side/FDSFM3.mp4#f272-335,data/raw/PreVFall/v4_video_csv/Pre-VFall/dizziness_fall_side/FDSFM3.mp4,3,PreVFall,1,272,335,9.066667,11.166667,17.100000,5.933333,0,0,0,EARLY_FALL_VIDEO,1.000000
data/raw/PreVFall/v4_video_csv/Pre-VFall/dizziness_fall_side/FDSFM3.mp4#f288-351,data/raw/PreVFall/v4_video_csv/Pre-VFall/dizziness_fall_side/FDSFM3.mp4,3,PreVFall,1,288,351,9.600000,11.700000,17.100000,5.400000,0,0,0,EARLY_FALL_VIDEO,1.000000
data/raw/PreVFall/v4_video_csv/Pre-VFall/dizziness_fall_side/FDSFM3.mp4#f304-367,data/raw/PreVFall/v4_video_csv/Pre-VFall/dizziness_fall_side/FDSFM3.mp4,3,PreVFall,1,304,367,10.133333,12.233333,17.100000,4.866667,0,0,0,EARLY_FALL_VIDEO,1.000000
data/raw/PreVFall/v4_video_csv/Pre-VFall/dizziness_fall_side/FDSFM3.mp4#f320-383,data/raw/PreVFall/v4_video_csv/Pre-VFall/dizziness_fall_side/FDSFM3.mp4,3,PreVFall,1,320,383,10.666667,12.766667,17.100000,4.333333,0,0,0,EARLY_FALL_VIDEO,1.000000
data/raw/PreVFall/v4_video_csv/Pre-VFall/dizziness_fall_side/FDSFM3.mp4#f336-399,data/raw/PreVFall/v4_video_csv/Pre-VFall/dizziness_fall_side/FDSFM3.mp4,3,PreVFall,1,336,399,11.200000,13.300000,17.100000,3.800000,0,0,0,EARLY_FALL_VIDEO,1.000000
data/raw/PreVFall/v4_video_csv/Pre-VFall/dizziness_fall_side/FDSFM3.mp4#f352-415,data/raw/PreVFall/v4_video_csv/Pre-VFall/dizziness_fall_side/FDSFM3.mp4,3,PreVFall,1,352,415,11.733333,13.833333,17.100000,3.266667,0,0,0,EARLY_FALL_VIDEO,1.000000
data/raw/PreVFall/v4_video_csv/Pre-VFall/dizziness_fall_side/FDSFM3.mp4#f368-431,data/raw/PreVFall/v4_video_csv/Pre-VFall/dizziness_fall_side/FDSFM3.mp4,3,PreVFall,1,368,431,12.266667,14.366667,17.100000,2.733333,0,0,1,PRE_FALL_2_3S,1.000000
data/raw/PreVFall/v4_video_csv/Pre-VFall/dizziness_fall_side/FDSFM3.mp4#f384-447,data/raw/PreVFall/v4_video_csv/Pre-VFall/dizziness_fall_side/FDSFM3.mp4,3,PreVFall,1,384,447,12.800000,14.900000,17.100000,2.200000,0,0,1,PRE_FALL_2_3S,1.000000
data/raw/PreVFall/v4_video_csv/Pre-VFall/dizziness_fall_side/FDSFM3.mp4#f400-463,data/raw/PreVFall/v4_video_csv/Pre-VFall/dizziness_fall_side/FDSFM3.mp4,3,PreVFall,1,400,463,13.333333,15.433333,17.100000,1.666667,0,1,1,PRE_FALL_1_2S,1.000000
data/raw/PreVFall/v4_video_csv/Pre-VFall/dizziness_fall_side/FDSFM3.mp4#f416-479,data/raw/PreVFall/v4_video_csv/Pre-VFall/dizziness_fall_side/FDSFM3.mp4,3,PreVFall,1,416,479,13.866667,15.966667,17.100000,1.133333,0,1,1,PRE_FALL_1_2S,1.000000
data/raw/PreVFall/v4_video_csv/Pre-VFall/dizziness_fall_side/FDSFM3.mp4#f432-495,data/raw/PreVFall/v4_video_csv/Pre-VFall/dizziness_fall_side/FDSFM3.mp4,3,PreVFall,1,432,495,14.400000,16.500000,17.100000,0.600000,1,1,1,PRE_FALL_0_1S,1.000000
data/raw/PreVFall/v4_video_csv/Pre-VFall/dizziness_fall_side/FDSFM3.mp4#f448-511,data/raw/PreVFall/v4_video_csv/Pre-VFall/dizziness_fall_side/FDSFM3.mp4,3,PreVFall,1,448,511,14.933333,17.033333,17.100000,0.066667,1,1,1,PRE_FALL_0_1S,1.000000
data/raw/PreVFall/v4_video_csv/Pre-VFall/dizziness_fall_side/FDSSM1.mp4#f0-63,data/raw/PreVFall/v4_video_csv/Pre-VFall/dizziness_fall_side/FDSSM1.mp4,1,PreVFall,1,0,63,0.000000,2.100000,16.666666,14.566666,0,0,0,EARLY_FALL_VIDEO,1.000000
data/raw/PreVFall/v4_video_csv/Pre-VFall/dizziness_fall_side/FDSSM1.mp4#f16-79,data/raw/PreVFall/v4_video_csv/Pre-VFall/dizziness_fall_side/FDSSM1.mp4,1,PreVFall,1,16,79,0.533333,2.633333,16.666666,14.033332,0,0,0,EARLY_FALL_VIDEO,1.000000
data/raw/PreVFall/v4_video_csv/Pre-VFall/dizziness_fall_side/FDSSM1.mp4#f32-95,data/raw/PreVFall/v4_video_csv/Pre-VFall/dizziness_fall_side/FDSSM1.mp4,1,PreVFall,1,32,95,1.066667,3.166666,16.666666,13.499999,0,0,0,EARLY_FALL_VIDEO,1.000000
data/raw/PreVFall/v4_video_csv/Pre-VFall/dizziness_fall_side/FDSSM1.mp4#f48-111,data/raw/PreVFall/v4_video_csv/Pre-VFall/dizziness_fall_side/FDSSM1.mp4,1,PreVFall,1,48,111,1.600000,3.700000,16.666666,12.966666,0,0,0,EARLY_FALL_VIDEO,1.000000
data/raw/PreVFall/v4_video_csv/Pre-VFall/dizziness_fall_side/FDSSM1.mp4#f64-127,data/raw/PreVFall/v4_video_csv/Pre-VFall/dizziness_fall_side/FDSSM1.mp4,1,PreVFall,1,64,127,2.133333,4.233333,16.666666,12.433333,0,0,0,EARLY_FALL_VIDEO,1.000000
data/raw/PreVFall/v4_video_csv/Pre-VFall/dizziness_fall_side/FDSSM1.mp4#f80-143,data/raw/PreVFall/v4_video_csv/Pre-VFall/dizziness_fall_side/FDSSM1.mp4,1,PreVFall,1,80,143,2.666666,4.766666,16.666666,11.899999,0,0,0,EARLY_FALL_VIDEO,1.000000
data/raw/PreVFall/v4_video_csv/Pre-VFall/dizziness_fall_side/FDSSM1.mp4#f96-159,data/raw/PreVFall/v4_video_csv/Pre-VFall/dizziness_fall_side/FDSSM1.mp4,1,PreVFall,1,96,159,3.200000,5.300000,16.666666,11.366666,0,0,0,EARLY_FALL_VIDEO,1.000000
data/raw/PreVFall/v4_video_csv/Pre-VFall/dizziness_fall_side/FDSSM1.mp4#f112-175,data/raw/PreVFall/v4_video_csv/Pre-VFall/dizziness_fall_side/FDSSM1.mp4,1,PreVFall,1,112,175,3.733333,5.833333,16.666666,10.833333,0,0,0,EARLY_FALL_VIDEO,1.000000
data/raw/PreVFall/v4_video_csv/Pre-VFall/dizziness_fall_side/FDSSM1.mp4#f128-191,data/raw/PreVFall/v4_video_csv/Pre-VFall/dizziness_fall_side/FDSSM1.mp4,1,PreVFall,1,128,191,4.266666,6.366666,16.666666,10.299999,0,0,0,EARLY_FALL_VIDEO,1.000000
data/raw/PreVFall/v4_video_csv/Pre-VFall/dizziness_fall_side/FDSSM1.mp4#f144-207,data/raw/PreVFall/v4_video_csv/Pre-VFall/dizziness_fall_side/FDSSM1.mp4,1,PreVFall,1,144,207,4.800000,6.900000,16.666666,9.766666,0,0,0,EARLY_FALL_VIDEO,1.000000
data/raw/PreVFall/v4_video_csv/Pre-VFall/dizziness_fall_side/FDSSM1.mp4#f160-223,data/raw/PreVFall/v4_video_csv/Pre-VFall/dizziness_fall_side/FDSSM1.mp4,1,PreVFall,1,160,223,5.333333,7.433333,16.666666,9.233333,0,0,0,EARLY_FALL_VIDEO,1.000000
data/raw/PreVFall/v4_video_csv/Pre-VFall/dizziness_fall_side/FDSSM1.mp4#f176-239,data/raw/PreVFall/v4_video_csv/Pre-VFall/dizziness_fall_side/FDSSM1.mp4,1,PreVFall,1,176,239,5.866666,7.966666,16.666666,8.699999,0,0,0,EARLY_FALL_VIDEO,1.000000
data/raw/PreVFall/v4_video_csv/Pre-VFall/dizziness_fall_side/FDSSM1.mp4#f192-255,data/raw/PreVFall/v4_video_csv/Pre-VFall/dizziness_fall_side/FDSSM1.mp4,1,PreVFall,1,192,255,6.400000,8.499999,16.666666,8.166666,0,0,0,EARLY_FALL_VIDEO,1.000000
data/raw/PreVFall/v4_video_csv/Pre-VFall/dizziness_fall_side/FDSSM1.mp4#f208-271,data/raw/PreVFall/v4_video_csv/Pre-VFall/dizziness_fall_side/FDSSM1.mp4,1,PreVFall,1,208,271,6.933333,9.033333,16.666666,7.633333,0,0,0,EARLY_FALL_VIDEO,1.000000
data/raw/PreVFall/v4_video_csv/Pre-VFall/dizziness_fall_side/FDSSM1.mp4#f224-287,data/raw/PreVFall/v4_video_csv/Pre-VFall/dizziness_fall_side/FDSSM1.mp4,1,PreVFall,1,224,287,7.466666,9.566666,16.666666,7.100000,0,0,0,EARLY_FALL_VIDEO,1.000000
data/raw/PreVFall/v4_video_csv/Pre-VFall/dizziness_fall_side/FDSSM1.mp4#f240-303,data/raw/PreVFall/v4_video_csv/Pre-VFall/dizziness_fall_side/FDSSM1.mp4,1,PreVFall,1,240,303,7.999999,10.099999,16.666666,6.566666,0,0,0,EARLY_FALL_VIDEO,1.000000
data/raw/PreVFall/v4_video_csv/Pre-VFall/dizziness_fall_side/FDSSM1.mp4#f256-319,data/raw/PreVFall/v4_video_csv/Pre-VFall/dizziness_fall_side/FDSSM1.mp4,1,PreVFall,1,256,319,8.533333,10.633333,16.666666,6.033333,0,0,0,EARLY_FALL_VIDEO,1.000000
data/raw/PreVFall/v4_video_csv/Pre-VFall/dizziness_fall_side/FDSSM1.mp4#f272-335,data/raw/PreVFall/v4_video_csv/Pre-VFall/dizziness_fall_side/FDSSM1.mp4,1,PreVFall,1,272,335,9.066666,11.166666,16.666666,5.500000,0,0,0,EARLY_FALL_VIDEO,1.000000
data/raw/PreVFall/v4_video_csv/Pre-VFall/dizziness_fall_side/FDSSM1.mp4#f288-351,data/raw/PreVFall/v4_video_csv/Pre-VFall/dizziness_fall_side/FDSSM1.mp4,1,PreVFall,1,288,351,9.599999,11.699999,16.666666,4.966666,0,0,0,EARLY_FALL_VIDEO,1.000000
data/raw/PreVFall/v4_video_csv/Pre-VFall/dizziness_fall_side/FDSSM1.mp4#f304-367,data/raw/PreVFall/v4_video_csv/Pre-VFall/dizziness_fall_side/FDSSM1.mp4,1,PreVFall,1,304,367,10.133333,12.233333,16.666666,4.433333,0,0,0,EARLY_FALL_VIDEO,1.000000
data/raw/PreVFall/v4_video_csv/Pre-VFall/dizziness_fall_side/FDSSM1.mp4#f320-383,data/raw/PreVFall/v4_video_csv/Pre-VFall/dizziness_fall_side/FDSSM1.mp4,1,PreVFall,1,320,383,10.666666,12.766666,16.666666,3.900000,0,0,0,EARLY_FALL_VIDEO,1.000000
data/raw/PreVFall/v4_video_csv/Pre-VFall/dizziness_fall_side/FDSSM1.mp4#f336-399,data/raw/PreVFall/v4_video_csv/Pre-VFall/dizziness_fall_side/FDSSM1.mp4,1,PreVFall,1,336,399,11.199999,13.299999,16.666666,3.366666,0,0,0,EARLY_FALL_VIDEO,1.000000
data/raw/PreVFall/v4_video_csv/Pre-VFall/dizziness_fall_side/FDSSM1.mp4#f352-415,data/raw/PreVFall/v4_video_csv/Pre-VFall/dizziness_fall_side/FDSSM1.mp4,1,PreVFall,1,352,415,11.733333,13.833332,16.666666,2.833333,0,0,1,PRE_FALL_2_3S,1.000000
data/raw/PreVFall/v4_video_csv/Pre-VFall/dizziness_fall_side/FDSSM1.mp4#f368-431,data/raw/PreVFall/v4_video_csv/Pre-VFall/dizziness_fall_side/FDSSM1.mp4,1,PreVFall,1,368,431,12.266666,14.366666,16.666666,2.300000,0,0,1,PRE_FALL_2_3S,1.000000
data/raw/PreVFall/v4_video_csv/Pre-VFall/dizziness_fall_side/FDSSM1.mp4#f384-447,data/raw/PreVFall/v4_video_csv/Pre-VFall/dizziness_fall_side/FDSSM1.mp4,1,PreVFall,1,384,447,12.799999,14.899999,16.666666,1.766667,0,1,1,PRE_FALL_1_2S,1.000000
data/raw/PreVFall/v4_video_csv/Pre-VFall/dizziness_fall_side/FDSSM1.mp4#f400-463,data/raw/PreVFall/v4_video_csv/Pre-VFall/dizziness_fall_side/FDSSM1.mp4,1,PreVFall,1,400,463,13.333332,15.433332,16.666666,1.233333,0,1,1,PRE_FALL_1_2S,1.000000
data/raw/PreVFall/v4_video_csv/Pre-VFall/dizziness_fall_side/FDSSM1.mp4#f416-479,data/raw/PreVFall/v4_video_csv/Pre-VFall/dizziness_fall_side/FDSSM1.mp4,1,PreVFall,1,416,479,13.866666,15.966666,16.666666,0.700000,1,1,1,PRE_FALL_0_1S,1.000000
data/raw/PreVFall/v4_video_csv/Pre-VFall/dizziness_fall_side/FDSSM1.mp4#f432-495,data/raw/PreVFall/v4_video_csv/Pre-VFall/dizziness_fall_side/FDSSM1.mp4,1,PreVFall,1,432,495,14.399999,16.499999,16.666666,0.166667,1,1,1,PRE_FALL_0_1S,1.000000
data/raw/PreVFall/v4_video_csv/Pre-VFall/dizziness_fall_side/FDSSM2.mp4#f0-63,data/raw/PreVFall/v4_video_csv/Pre-VFall/dizziness_fall_side/FDSSM2.mp4,2,PreVFall,1,0,63,0.000000,2.100000,11.466665,9.366665,0,0,0,EARLY_FALL_VIDEO,1.000000
data/raw/PreVFall/v4_video_csv/Pre-VFall/dizziness_fall_side/FDSSM2.mp4#f16-79,data/raw/PreVFall/v4_video_csv/Pre-VFall/dizziness_fall_side/FDSSM2.mp4,2,PreVFall,1,16,79,0.533333,2.633333,11.466665,8.833332,0,0,0,EARLY_FALL_VIDEO,1.000000
data/raw/PreVFall/v4_video_csv/Pre-VFall/dizziness_fall_side/FDSSM2.mp4#f32-95,data/raw/PreVFall/v4_video_csv/Pre-VFall/dizziness_fall_side/FDSSM2.mp4,2,PreVFall,1,32,95,1.066667,3.166666,11.466665,8.299999,0,0,0,EARLY_FALL_VIDEO,1.000000
data/raw/PreVFall/v4_video_csv/Pre-VFall/dizziness_fall_side/FDSSM2.mp4#f48-111,data/raw/PreVFall/v4_video_csv/Pre-VFall/dizziness_fall_side/FDSSM2.mp4,2,PreVFall,1,48,111,1.600000,3.700000,11.466665,7.766666,0,0,0,EARLY_FALL_VIDEO,1.000000
data/raw/PreVFall/v4_video_csv/Pre-VFall/dizziness_fall_side/FDSSM2.mp4#f64-127,data/raw/PreVFall/v4_video_csv/Pre-VFall/dizziness_fall_side/FDSSM2.mp4,2,PreVFall,1,64,127,2.133333,4.233333,11.466665,7.233332,0,0,0,EARLY_FALL_VIDEO,1.000000
data/raw/PreVFall/v4_video_csv/Pre-VFall/dizziness_fall_side/FDSSM2.mp4#f80-143,data/raw/PreVFall/v4_video_csv/Pre-VFall/dizziness_fall_side/FDSSM2.mp4,2,PreVFall,1,80,143,2.666666,4.766666,11.466665,6.699999,0,0,0,EARLY_FALL_VIDEO,1.000000
data/raw/PreVFall/v4_video_csv/Pre-VFall/dizziness_fall_side/FDSSM2.mp4#f96-159,data/raw/PreVFall/v4_video_csv/Pre-VFall/dizziness_fall_side/FDSSM2.mp4,2,PreVFall,1,96,159,3.200000,5.299999,11.466665,6.166666,0,0,0,EARLY_FALL_VIDEO,1.000000
data/raw/PreVFall/v4_video_csv/Pre-VFall/dizziness_fall_side/FDSSM2.mp4#f112-175,data/raw/PreVFall/v4_video_csv/Pre-VFall/dizziness_fall_side/FDSSM2.mp4,2,PreVFall,1,112,175,3.733333,5.833333,11.466665,5.633333,0,0,0,EARLY_FALL_VIDEO,1.000000
data/raw/PreVFall/v4_video_csv/Pre-VFall/dizziness_fall_side/FDSSM2.mp4#f128-191,data/raw/PreVFall/v4_video_csv/Pre-VFall/dizziness_fall_side/FDSSM2.mp4,2,PreVFall,1,128,191,4.266666,6.366666,11.466665,5.099999,0,0,0,EARLY_FALL_VIDEO,1.000000
data/raw/PreVFall/v4_video_csv/Pre-VFall/dizziness_fall_side/FDSSM2.mp4#f144-207,data/raw/PreVFall/v4_video_csv/Pre-VFall/dizziness_fall_side/FDSSM2.mp4,2,PreVFall,1,144,207,4.799999,6.899999,11.466665,4.566666,0,0,0,EARLY_FALL_VIDEO,1.000000
data/raw/PreVFall/v4_video_csv/Pre-VFall/dizziness_fall_side/FDSSM2.mp4#f160-223,data/raw/PreVFall/v4_video_csv/Pre-VFall/dizziness_fall_side/FDSSM2.mp4,2,PreVFall,1,160,223,5.333333,7.433332,11.466665,4.033333,0,0,0,EARLY_FALL_VIDEO,1.000000
data/raw/PreVFall/v4_video_csv/Pre-VFall/dizziness_fall_side/FDSSM2.mp4#f176-239,data/raw/PreVFall/v4_video_csv/Pre-VFall/dizziness_fall_side/FDSSM2.mp4,2,PreVFall,1,176,239,5.866666,7.966666,11.466665,3.500000,0,0,0,EARLY_FALL_VIDEO,1.000000
data/raw/PreVFall/v4_video_csv/Pre-VFall/dizziness_fall_side/FDSSM2.mp4#f192-255,data/raw/PreVFall/v4_video_csv/Pre-VFall/dizziness_fall_side/FDSSM2.mp4,2,PreVFall,1,192,255,6.399999,8.499999,11.466665,2.966666,0,0,1,PRE_FALL_2_3S,1.000000
data/raw/PreVFall/v4_video_csv/Pre-VFall/dizziness_fall_side/FDSSM2.mp4#f208-271,data/raw/PreVFall/v4_video_csv/Pre-VFall/dizziness_fall_side/FDSSM2.mp4,2,PreVFall,1,208,271,6.933332,9.033332,11.466665,2.433333,0,0,1,PRE_FALL_2_3S,1.000000
data/raw/PreVFall/v4_video_csv/Pre-VFall/dizziness_fall_side/FDSSM2.mp4#f224-287,data/raw/PreVFall/v4_video_csv/Pre-VFall/dizziness_fall_side/FDSSM2.mp4,2,PreVFall,1,224,287,7.466666,9.566665,11.466665,1.900000,0,1,1,PRE_FALL_1_2S,1.000000
data/raw/PreVFall/v4_video_csv/Pre-VFall/dizziness_fall_side/FDSSM2.mp4#f240-303,data/raw/PreVFall/v4_video_csv/Pre-VFall/dizziness_fall_side/FDSSM2.mp4,2,PreVFall,1,240,303,7.999999,10.099999,11.466665,1.366666,0,1,1,PRE_FALL_1_2S,1.000000
data/raw/PreVFall/v4_video_csv/Pre-VFall/dizziness_fall_side/FDSSM2.mp4#f256-319,data/raw/PreVFall/v4_video_csv/Pre-VFall/dizziness_fall_side/FDSSM2.mp4,2,PreVFall,1,256,319,8.533332,10.633332,11.466665,0.833333,1,1,1,PRE_FALL_0_1S,1.000000
data/raw/PreVFall/v4_video_csv/Pre-VFall/dizziness_fall_side/FDSSM2.mp4#f272-335,data/raw/PreVFall/v4_video_csv/Pre-VFall/dizziness_fall_side/FDSSM2.mp4,2,PreVFall,1,272,335,9.066666,11.166665,11.466665,0.300000,1,1,1,PRE_FALL_0_1S,1.000000
data/raw/PreVFall/v4_video_csv/Pre-VFall/dizziness_fall_side/FDSSM3.mp4#f0-63,data/raw/PreVFall/v4_video_csv/Pre-VFall/dizziness_fall_side/FDSSM3.mp4,3,PreVFall,1,0,63,0.000000,2.100000,17.366666,15.266666,0,0,0,EARLY_FALL_VIDEO,1.000000
data/raw/PreVFall/v4_video_csv/Pre-VFall/dizziness_fall_side/FDSSM3.mp4#f16-79,data/raw/PreVFall/v4_video_csv/Pre-VFall/dizziness_fall_side/FDSSM3.mp4,3,PreVFall,1,16,79,0.533333,2.633333,17.366666,14.733332,0,0,0,EARLY_FALL_VIDEO,1.000000
data/raw/PreVFall/v4_video_csv/Pre-VFall/dizziness_fall_side/FDSSM3.mp4#f32-95,data/raw/PreVFall/v4_video_csv/Pre-VFall/dizziness_fall_side/FDSSM3.mp4,3,PreVFall,1,32,95,1.066667,3.166666,17.366666,14.199999,0,0,0,EARLY_FALL_VIDEO,1.000000
data/raw/PreVFall/v4_video_csv/Pre-VFall/dizziness_fall_side/FDSSM3.mp4#f48-111,data/raw/PreVFall/v4_video_csv/Pre-VFall/dizziness_fall_side/FDSSM3.mp4,3,PreVFall,1,48,111,1.600000,3.700000,17.366666,13.666666,0,0,0,EARLY_FALL_VIDEO,1.000000
data/raw/PreVFall/v4_video_csv/Pre-VFall/dizziness_fall_side/FDSSM3.mp4#f64-127,data/raw/PreVFall/v4_video_csv/Pre-VFall/dizziness_fall_side/FDSSM3.mp4,3,PreVFall,1,64,127,2.133333,4.233333,17.366666,13.133332,0,0,0,EARLY_FALL_VIDEO,1.000000
data/raw/PreVFall/v4_video_csv/Pre-VFall/dizziness_fall_side/FDSSM3.mp4#f80-143,data/raw/PreVFall/v4_video_csv/Pre-VFall/dizziness_fall_side/FDSSM3.mp4,3,PreVFall,1,80,143,2.666666,4.766666,17.366666,12.599999,0,0,0,EARLY_FALL_VIDEO,1.000000
data/raw/PreVFall/v4_video_csv/Pre-VFall/dizziness_fall_side/FDSSM3.mp4#f96-159,data/raw/PreVFall/v4_video_csv/Pre-VFall/dizziness_fall_side/FDSSM3.mp4,3,PreVFall,1,96,159,3.200000,5.300000,17.366666,12.066666,0,0,0,EARLY_FALL_VIDEO,1.000000
data/raw/PreVFall/v4_video_csv/Pre-VFall/dizziness_fall_side/FDSSM3.mp4#f112-175,data/raw/PreVFall/v4_video_csv/Pre-VFall/dizziness_fall_side/FDSSM3.mp4,3,PreVFall,1,112,175,3.733333,5.833333,17.366666,11.533333,0,0,0,EARLY_FALL_VIDEO,1.000000
data/raw/PreVFall/v4_video_csv/Pre-VFall/dizziness_fall_side/FDSSM3.mp4#f128-191,data/raw/PreVFall/v4_video_csv/Pre-VFall/dizziness_fall_side/FDSSM3.mp4,3,PreVFall,1,128,191,4.266666,6.366666,17.366666,10.999999,0,0,0,EARLY_FALL_VIDEO,1.000000
data/raw/PreVFall/v4_video_csv/Pre-VFall/dizziness_fall_side/FDSSM3.mp4#f144-207,data/raw/PreVFall/v4_video_csv/Pre-VFall/dizziness_fall_side/FDSSM3.mp4,3,PreVFall,1,144,207,4.800000,6.900000,17.366666,10.466666,0,0,0,EARLY_FALL_VIDEO,1.000000
data/raw/PreVFall/v4_video_csv/Pre-VFall/dizziness_fall_side/FDSSM3.mp4#f160-223,data/raw/PreVFall/v4_video_csv/Pre-VFall/dizziness_fall_side/FDSSM3.mp4,3,PreVFall,1,160,223,5.333333,7.433333,17.366666,9.933333,0,0,0,EARLY_FALL_VIDEO,1.000000
data/raw/PreVFall/v4_video_csv/Pre-VFall/dizziness_fall_side/FDSSM3.mp4#f176-239,data/raw/PreVFall/v4_video_csv/Pre-VFall/dizziness_fall_side/FDSSM3.mp4,3,PreVFall,1,176,239,5.866666,7.966666,17.366666,9.399999,0,0,0,EARLY_FALL_VIDEO,1.000000
data/raw/PreVFall/v4_video_csv/Pre-VFall/dizziness_fall_side/FDSSM3.mp4#f192-255,data/raw/PreVFall/v4_video_csv/Pre-VFall/dizziness_fall_side/FDSSM3.mp4,3,PreVFall,1,192,255,6.400000,8.499999,17.366666,8.866666,0,0,0,EARLY_FALL_VIDEO,1.000000
data/raw/PreVFall/v4_video_csv/Pre-VFall/dizziness_fall_side/FDSSM3.mp4#f208-271,data/raw/PreVFall/v4_video_csv/Pre-VFall/dizziness_fall_side/FDSSM3.mp4,3,PreVFall,1,208,271,6.933333,9.033333,17.366666,8.333333,0,0,0,EARLY_FALL_VIDEO,1.000000
data/raw/PreVFall/v4_video_csv/Pre-VFall/dizziness_fall_side/FDSSM3.mp4#f224-287,data/raw/PreVFall/v4_video_csv/Pre-VFall/dizziness_fall_side/FDSSM3.mp4,3,PreVFall,1,224,287,7.466666,9.566666,17.366666,7.800000,0,0,0,EARLY_FALL_VIDEO,1.000000
data/raw/PreVFall/v4_video_csv/Pre-VFall/dizziness_fall_side/FDSSM3.mp4#f240-303,data/raw/PreVFall/v4_video_csv/Pre-VFall/dizziness_fall_side/FDSSM3.mp4,3,PreVFall,1,240,303,7.999999,10.099999,17.366666,7.266666,0,0,0,EARLY_FALL_VIDEO,1.000000
data/raw/PreVFall/v4_video_csv/Pre-VFall/dizziness_fall_side/FDSSM3.mp4#f256-319,data/raw/PreVFall/v4_video_csv/Pre-VFall/dizziness_fall_side/FDSSM3.mp4,3,PreVFall,1,256,319,8.533333,10.633333,17.366666,6.733333,0,0,0,EARLY_FALL_VIDEO,1.000000
data/raw/PreVFall/v4_video_csv/Pre-VFall/dizziness_fall_side/FDSSM3.mp4#f272-335,data/raw/PreVFall/v4_video_csv/Pre-VFall/dizziness_fall_side/FDSSM3.mp4,3,PreVFall,1,272,335,9.066666,11.166666,17.366666,6.200000,0,0,0,EARLY_FALL_VIDEO,1.000000
data/raw/PreVFall/v4_video_csv/Pre-VFall/dizziness_fall_side/FDSSM3.mp4#f288-351,data/raw/PreVFall/v4_video_csv/Pre-VFall/dizziness_fall_side/FDSSM3.mp4,3,PreVFall,1,288,351,9.599999,11.699999,17.366666,5.666666,0,0,0,EARLY_FALL_VIDEO,1.000000
data/raw/PreVFall/v4_video_csv/Pre-VFall/dizziness_fall_side/FDSSM3.mp4#f304-367,data/raw/PreVFall/v4_video_csv/Pre-VFall/dizziness_fall_side/FDSSM3.mp4,3,PreVFall,1,304,367,10.133333,12.233333,17.366666,5.133333,0,0,0,EARLY_FALL_VIDEO,1.000000
data/raw/PreVFall/v4_video_csv/Pre-VFall/dizziness_fall_side/FDSSM3.mp4#f320-383,data/raw/PreVFall/v4_video_csv/Pre-VFall/dizziness_fall_side/FDSSM3.mp4,3,PreVFall,1,320,383,10.666666,12.766666,17.366666,4.600000,0,0,0,EARLY_FALL_VIDEO,1.000000
data/raw/PreVFall/v4_video_csv/Pre-VFall/dizziness_fall_side/FDSSM3.mp4#f336-399,data/raw/PreVFall/v4_video_csv/Pre-VFall/dizziness_fall_side/FDSSM3.mp4,3,PreVFall,1,336,399,11.199999,13.299999,17.366666,4.066666,0,0,0,EARLY_FALL_VIDEO,1.000000
data/raw/PreVFall/v4_video_csv/Pre-VFall/dizziness_fall_side/FDSSM3.mp4#f352-415,data/raw/PreVFall/v4_video_csv/Pre-VFall/dizziness_fall_side/FDSSM3.mp4,3,PreVFall,1,352,415,11.733333,13.833332,17.366666,3.533333,0,0,0,EARLY_FALL_VIDEO,1.000000
data/raw/PreVFall/v4_video_csv/Pre-VFall/dizziness_fall_side/FDSSM3.mp4#f368-431,data/raw/PreVFall/v4_video_csv/Pre-VFall/dizziness_fall_side/FDSSM3.mp4,3,PreVFall,1,368,431,12.266666,14.366666,17.366666,3.000000,0,0,1,PRE_FALL_2_3S,1.000000
data/raw/PreVFall/v4_video_csv/Pre-VFall/dizziness_fall_side/FDSSM3.mp4#f384-447,data/raw/PreVFall/v4_video_csv/Pre-VFall/dizziness_fall_side/FDSSM3.mp4,3,PreVFall,1,384,447,12.799999,14.899999,17.366666,2.466667,0,0,1,PRE_FALL_2_3S,1.000000
data/raw/PreVFall/v4_video_csv/Pre-VFall/dizziness_fall_side/FDSSM3.mp4#f400-463,data/raw/PreVFall/v4_video_csv/Pre-VFall/dizziness_fall_side/FDSSM3.mp4,3,PreVFall,1,400,463,13.333332,15.433332,17.366666,1.933333,0,1,1,PRE_FALL_1_2S,1.000000
data/raw/PreVFall/v4_video_csv/Pre-VFall/dizziness_fall_side/FDSSM3.mp4#f416-479,data/raw/PreVFall/v4_video_csv/Pre-VFall/dizziness_fall_side/FDSSM3.mp4,3,PreVFall,1,416,479,13.866666,15.966666,17.366666,1.400000,0,1,1,PRE_FALL_1_2S,1.000000
data/raw/PreVFall/v4_video_csv/Pre-VFall/dizziness_fall_side/FDSSM3.mp4#f432-495,data/raw/PreVFall/v4_video_csv/Pre-VFall/dizziness_fall_side/FDSSM3.mp4,3,PreVFall,1,432,495,14.399999,16.499999,17.366666,0.866667,1,1,1,PRE_FALL_0_1S,1.000000
data/raw/PreVFall/v4_video_csv/Pre-VFall/dizziness_fall_side/FDSSM3.mp4#f448-511,data/raw/PreVFall/v4_video_csv/Pre-VFall/dizziness_fall_side/FDSSM3.mp4,3,PreVFall,1,448,511,14.933332,17.033332,17.366666,0.333333,1,1,1,PRE_FALL_0_1S,1.000000
data/raw/PreVFall/v4_video_csv/Pre-VFall/weakness_fall_forward/FWFFM1.mp4#f0-63,data/raw/PreVFall/v4_video_csv/Pre-VFall/weakness_fall_forward/FWFFM1.mp4,1,PreVFall,1,0,63,0.000000,2.100000,16.266667,14.166667,0,0,0,EARLY_FALL_VIDEO,1.000000
data/raw/PreVFall/v4_video_csv/Pre-VFall/weakness_fall_forward/FWFFM1.mp4#f16-79,data/raw/PreVFall/v4_video_csv/Pre-VFall/weakness_fall_forward/FWFFM1.mp4,1,PreVFall,1,16,79,0.533333,2.633333,16.266667,13.633333,0,0,0,EARLY_FALL_VIDEO,1.000000
data/raw/PreVFall/v4_video_csv/Pre-VFall/weakness_fall_forward/FWFFM1.mp4#f32-95,data/raw/PreVFall/v4_video_csv/Pre-VFall/weakness_fall_forward/FWFFM1.mp4,1,PreVFall,1,32,95,1.066667,3.166667,16.266667,13.100000,0,0,0,EARLY_FALL_VIDEO,1.000000
data/raw/PreVFall/v4_video_csv/Pre-VFall/weakness_fall_forward/FWFFM1.mp4#f48-111,data/raw/PreVFall/v4_video_csv/Pre-VFall/weakness_fall_forward/FWFFM1.mp4,1,PreVFall,1,48,111,1.600000,3.700000,16.266667,12.566667,0,0,0,EARLY_FALL_VIDEO,1.000000
data/raw/PreVFall/v4_video_csv/Pre-VFall/weakness_fall_forward/FWFFM1.mp4#f64-127,data/raw/PreVFall/v4_video_csv/Pre-VFall/weakness_fall_forward/FWFFM1.mp4,1,PreVFall,1,64,127,2.133333,4.233333,16.266667,12.033333,0,0,0,EARLY_FALL_VIDEO,1.000000
data/raw/PreVFall/v4_video_csv/Pre-VFall/weakness_fall_forward/FWFFM1.mp4#f80-143,data/raw/PreVFall/v4_video_csv/Pre-VFall/weakness_fall_forward/FWFFM1.mp4,1,PreVFall,1,80,143,2.666667,4.766667,16.266667,11.500000,0,0,0,EARLY_FALL_VIDEO,1.000000
data/raw/PreVFall/v4_video_csv/Pre-VFall/weakness_fall_forward/FWFFM1.mp4#f96-159,data/raw/PreVFall/v4_video_csv/Pre-VFall/weakness_fall_forward/FWFFM1.mp4,1,PreVFall,1,96,159,3.200000,5.300000,16.266667,10.966667,0,0,0,EARLY_FALL_VIDEO,1.000000
data/raw/PreVFall/v4_video_csv/Pre-VFall/weakness_fall_forward/FWFFM1.mp4#f112-175,data/raw/PreVFall/v4_video_csv/Pre-VFall/weakness_fall_forward/FWFFM1.mp4,1,PreVFall,1,112,175,3.733333,5.833333,16.266667,10.433333,0,0,0,EARLY_FALL_VIDEO,1.000000
data/raw/PreVFall/v4_video_csv/Pre-VFall/weakness_fall_forward/FWFFM1.mp4#f128-191,data/raw/PreVFall/v4_video_csv/Pre-VFall/weakness_fall_forward/FWFFM1.mp4,1,PreVFall,1,128,191,4.266667,6.366667,16.266667,9.900000,0,0,0,EARLY_FALL_VIDEO,1.000000
data/raw/PreVFall/v4_video_csv/Pre-VFall/weakness_fall_forward/FWFFM1.mp4#f144-207,data/raw/PreVFall/v4_video_csv/Pre-VFall/weakness_fall_forward/FWFFM1.mp4,1,PreVFall,1,144,207,4.800000,6.900000,16.266667,9.366667,0,0,0,EARLY_FALL_VIDEO,1.000000
data/raw/PreVFall/v4_video_csv/Pre-VFall/weakness_fall_forward/FWFFM1.mp4#f160-223,data/raw/PreVFall/v4_video_csv/Pre-VFall/weakness_fall_forward/FWFFM1.mp4,1,PreVFall,1,160,223,5.333333,7.433333,16.266667,8.833333,0,0,0,EARLY_FALL_VIDEO,1.000000
data/raw/PreVFall/v4_video_csv/Pre-VFall/weakness_fall_forward/FWFFM1.mp4#f176-239,data/raw/PreVFall/v4_video_csv/Pre-VFall/weakness_fall_forward/FWFFM1.mp4,1,PreVFall,1,176,239,5.866667,7.966667,16.266667,8.300000,0,0,0,EARLY_FALL_VIDEO,1.000000
data/raw/PreVFall/v4_video_csv/Pre-VFall/weakness_fall_forward/FWFFM1.mp4#f192-255,data/raw/PreVFall/v4_video_csv/Pre-VFall/weakness_fall_forward/FWFFM1.mp4,1,PreVFall,1,192,255,6.400000,8.500000,16.266667,7.766667,0,0,0,EARLY_FALL_VIDEO,1.000000
data/raw/PreVFall/v4_video_csv/Pre-VFall/weakness_fall_forward/FWFFM1.mp4#f208-271,data/raw/PreVFall/v4_video_csv/Pre-VFall/weakness_fall_forward/FWFFM1.mp4,1,PreVFall,1,208,271,6.933333,9.033333,16.266667,7.233333,0,0,0,EARLY_FALL_VIDEO,1.000000
data/raw/PreVFall/v4_video_csv/Pre-VFall/weakness_fall_forward/FWFFM1.mp4#f224-287,data/raw/PreVFall/v4_video_csv/Pre-VFall/weakness_fall_forward/FWFFM1.mp4,1,PreVFall,1,224,287,7.466667,9.566667,16.266667,6.700000,0,0,0,EARLY_FALL_VIDEO,1.000000
data/raw/PreVFall/v4_video_csv/Pre-VFall/weakness_fall_forward/FWFFM1.mp4#f240-303,data/raw/PreVFall/v4_video_csv/Pre-VFall/weakness_fall_forward/FWFFM1.mp4,1,PreVFall,1,240,303,8.000000,10.100000,16.266667,6.166667,0,0,0,EARLY_FALL_VIDEO,1.000000
data/raw/PreVFall/v4_video_csv/Pre-VFall/weakness_fall_forward/FWFFM1.mp4#f256-319,data/raw/PreVFall/v4_video_csv/Pre-VFall/weakness_fall_forward/FWFFM1.mp4,1,PreVFall,1,256,319,8.533333,10.633333,16.266667,5.633333,0,0,0,EARLY_FALL_VIDEO,1.000000
data/raw/PreVFall/v4_video_csv/Pre-VFall/weakness_fall_forward/FWFFM1.mp4#f272-335,data/raw/PreVFall/v4_video_csv/Pre-VFall/weakness_fall_forward/FWFFM1.mp4,1,PreVFall,1,272,335,9.066667,11.166667,16.266667,5.100000,0,0,0,EARLY_FALL_VIDEO,1.000000
data/raw/PreVFall/v4_video_csv/Pre-VFall/weakness_fall_forward/FWFFM1.mp4#f288-351,data/raw/PreVFall/v4_video_csv/Pre-VFall/weakness_fall_forward/FWFFM1.mp4,1,PreVFall,1,288,351,9.600000,11.700000,16.266667,4.566667,0,0,0,EARLY_FALL_VIDEO,1.000000
data/raw/PreVFall/v4_video_csv/Pre-VFall/weakness_fall_forward/FWFFM1.mp4#f304-367,data/raw/PreVFall/v4_video_csv/Pre-VFall/weakness_fall_forward/FWFFM1.mp4,1,PreVFall,1,304,367,10.133333,12.233333,16.266667,4.033333,0,0,0,EARLY_FALL_VIDEO,1.000000
data/raw/PreVFall/v4_video_csv/Pre-VFall/weakness_fall_forward/FWFFM1.mp4#f320-383,data/raw/PreVFall/v4_video_csv/Pre-VFall/weakness_fall_forward/FWFFM1.mp4,1,PreVFall,1,320,383,10.666667,12.766667,16.266667,3.500000,0,0,0,EARLY_FALL_VIDEO,1.000000
data/raw/PreVFall/v4_video_csv/Pre-VFall/weakness_fall_forward/FWFFM1.mp4#f336-399,data/raw/PreVFall/v4_video_csv/Pre-VFall/weakness_fall_forward/FWFFM1.mp4,1,PreVFall,1,336,399,11.200000,13.300000,16.266667,2.966667,0,0,1,PRE_FALL_2_3S,1.000000
data/raw/PreVFall/v4_video_csv/Pre-VFall/weakness_fall_forward/FWFFM1.mp4#f352-415,data/raw/PreVFall/v4_video_csv/Pre-VFall/weakness_fall_forward/FWFFM1.mp4,1,PreVFall,1,352,415,11.733333,13.833333,16.266667,2.433333,0,0,1,PRE_FALL_2_3S,1.000000
data/raw/PreVFall/v4_video_csv/Pre-VFall/weakness_fall_forward/FWFFM1.mp4#f368-431,data/raw/PreVFall/v4_video_csv/Pre-VFall/weakness_fall_forward/FWFFM1.mp4,1,PreVFall,1,368,431,12.266667,14.366667,16.266667,1.900000,0,1,1,PRE_FALL_1_2S,1.000000
data/raw/PreVFall/v4_video_csv/Pre-VFall/weakness_fall_forward/FWFFM1.mp4#f384-447,data/raw/PreVFall/v4_video_csv/Pre-VFall/weakness_fall_forward/FWFFM1.mp4,1,PreVFall,1,384,447,12.800000,14.900000,16.266667,1.366667,0,1,1,PRE_FALL_1_2S,1.000000
data/raw/PreVFall/v4_video_csv/Pre-VFall/weakness_fall_forward/FWFFM1.mp4#f400-463,data/raw/PreVFall/v4_video_csv/Pre-VFall/weakness_fall_forward/FWFFM1.mp4,1,PreVFall,1,400,463,13.333333,15.433333,16.266667,0.833333,1,1,1,PRE_FALL_0_1S,1.000000
data/raw/PreVFall/v4_video_csv/Pre-VFall/weakness_fall_forward/FWFFM1.mp4#f416-479,data/raw/PreVFall/v4_video_csv/Pre-VFall/weakness_fall_forward/FWFFM1.mp4,1,PreVFall,1,416,479,13.866667,15.966667,16.266667,0.300000,1,1,1,PRE_FALL_0_1S,1.000000
data/raw/PreVFall/v4_video_csv/Pre-VFall/weakness_fall_forward/FWFFM2.mp4#f0-63,data/raw/PreVFall/v4_video_csv/Pre-VFall/weakness_fall_forward/FWFFM2.mp4,2,PreVFall,1,0,63,0.000000,2.100000,11.300000,9.200000,0,0,0,EARLY_FALL_VIDEO,1.000000
data/raw/PreVFall/v4_video_csv/Pre-VFall/weakness_fall_forward/FWFFM2.mp4#f16-79,data/raw/PreVFall/v4_video_csv/Pre-VFall/weakness_fall_forward/FWFFM2.mp4,2,PreVFall,1,16,79,0.533333,2.633333,11.300000,8.666667,0,0,0,EARLY_FALL_VIDEO,1.000000
data/raw/PreVFall/v4_video_csv/Pre-VFall/weakness_fall_forward/FWFFM2.mp4#f32-95,data/raw/PreVFall/v4_video_csv/Pre-VFall/weakness_fall_forward/FWFFM2.mp4,2,PreVFall,1,32,95,1.066667,3.166667,11.300000,8.133333,0,0,0,EARLY_FALL_VIDEO,1.000000
data/raw/PreVFall/v4_video_csv/Pre-VFall/weakness_fall_forward/FWFFM2.mp4#f48-111,data/raw/PreVFall/v4_video_csv/Pre-VFall/weakness_fall_forward/FWFFM2.mp4,2,PreVFall,1,48,111,1.600000,3.700000,11.300000,7.600000,0,0,0,EARLY_FALL_VIDEO,1.000000
data/raw/PreVFall/v4_video_csv/Pre-VFall/weakness_fall_forward/FWFFM2.mp4#f64-127,data/raw/PreVFall/v4_video_csv/Pre-VFall/weakness_fall_forward/FWFFM2.mp4,2,PreVFall,1,64,127,2.133333,4.233333,11.300000,7.066667,0,0,0,EARLY_FALL_VIDEO,1.000000
data/raw/PreVFall/v4_video_csv/Pre-VFall/weakness_fall_forward/FWFFM2.mp4#f80-143,data/raw/PreVFall/v4_video_csv/Pre-VFall/weakness_fall_forward/FWFFM2.mp4,2,PreVFall,1,80,143,2.666667,4.766667,11.300000,6.533333,0,0,0,EARLY_FALL_VIDEO,1.000000
data/raw/PreVFall/v4_video_csv/Pre-VFall/weakness_fall_forward/FWFFM2.mp4#f96-159,data/raw/PreVFall/v4_video_csv/Pre-VFall/weakness_fall_forward/FWFFM2.mp4,2,PreVFall,1,96,159,3.200000,5.300000,11.300000,6.000000,0,0,0,EARLY_FALL_VIDEO,1.000000
data/raw/PreVFall/v4_video_csv/Pre-VFall/weakness_fall_forward/FWFFM2.mp4#f112-175,data/raw/PreVFall/v4_video_csv/Pre-VFall/weakness_fall_forward/FWFFM2.mp4,2,PreVFall,1,112,175,3.733333,5.833333,11.300000,5.466667,0,0,0,EARLY_FALL_VIDEO,1.000000
data/raw/PreVFall/v4_video_csv/Pre-VFall/weakness_fall_forward/FWFFM2.mp4#f128-191,data/raw/PreVFall/v4_video_csv/Pre-VFall/weakness_fall_forward/FWFFM2.mp4,2,PreVFall,1,128,191,4.266667,6.366667,11.300000,4.933333,0,0,0,EARLY_FALL_VIDEO,1.000000
data/raw/PreVFall/v4_video_csv/Pre-VFall/weakness_fall_forward/FWFFM2.mp4#f144-207,data/raw/PreVFall/v4_video_csv/Pre-VFall/weakness_fall_forward/FWFFM2.mp4,2,PreVFall,1,144,207,4.800000,6.900000,11.300000,4.400000,0,0,0,EARLY_FALL_VIDEO,1.000000
data/raw/PreVFall/v4_video_csv/Pre-VFall/weakness_fall_forward/FWFFM2.mp4#f160-223,data/raw/PreVFall/v4_video_csv/Pre-VFall/weakness_fall_forward/FWFFM2.mp4,2,PreVFall,1,160,223,5.333333,7.433333,11.300000,3.866667,0,0,0,EARLY_FALL_VIDEO,1.000000
data/raw/PreVFall/v4_video_csv/Pre-VFall/weakness_fall_forward/FWFFM2.mp4#f176-239,data/raw/PreVFall/v4_video_csv/Pre-VFall/weakness_fall_forward/FWFFM2.mp4,2,PreVFall,1,176,239,5.866667,7.966667,11.300000,3.333333,0,0,0,EARLY_FALL_VIDEO,1.000000
data/raw/PreVFall/v4_video_csv/Pre-VFall/weakness_fall_forward/FWFFM2.mp4#f192-255,data/raw/PreVFall/v4_video_csv/Pre-VFall/weakness_fall_forward/FWFFM2.mp4,2,PreVFall,1,192,255,6.400000,8.500000,11.300000,2.800000,0,0,1,PRE_FALL_2_3S,1.000000
data/raw/PreVFall/v4_video_csv/Pre-VFall/weakness_fall_forward/FWFFM2.mp4#f208-271,data/raw/PreVFall/v4_video_csv/Pre-VFall/weakness_fall_forward/FWFFM2.mp4,2,PreVFall,1,208,271,6.933333,9.033333,11.300000,2.266667,0,0,1,PRE_FALL_2_3S,1.000000
data/raw/PreVFall/v4_video_csv/Pre-VFall/weakness_fall_forward/FWFFM2.mp4#f224-287,data/raw/PreVFall/v4_video_csv/Pre-VFall/weakness_fall_forward/FWFFM2.mp4,2,PreVFall,1,224,287,7.466667,9.566667,11.300000,1.733333,0,1,1,PRE_FALL_1_2S,1.000000
data/raw/PreVFall/v4_video_csv/Pre-VFall/weakness_fall_forward/FWFFM2.mp4#f240-303,data/raw/PreVFall/v4_video_csv/Pre-VFall/weakness_fall_forward/FWFFM2.mp4,2,PreVFall,1,240,303,8.000000,10.100000,11.300000,1.200000,0,1,1,PRE_FALL_1_2S,1.000000
data/raw/PreVFall/v4_video_csv/Pre-VFall/weakness_fall_forward/FWFFM2.mp4#f256-319,data/raw/PreVFall/v4_video_csv/Pre-VFall/weakness_fall_forward/FWFFM2.mp4,2,PreVFall,1,256,319,8.533333,10.633333,11.300000,0.666667,1,1,1,PRE_FALL_0_1S,1.000000
data/raw/PreVFall/v4_video_csv/Pre-VFall/weakness_fall_forward/FWFFM2.mp4#f272-335,data/raw/PreVFall/v4_video_csv/Pre-VFall/weakness_fall_forward/FWFFM2.mp4,2,PreVFall,1,272,335,9.066667,11.166667,11.300000,0.133333,1,1,1,PRE_FALL_0_1S,1.000000
data/raw/PreVFall/v4_video_csv/Pre-VFall/weakness_fall_forward/FWFFM3.mp4#f0-63,data/raw/PreVFall/v4_video_csv/Pre-VFall/weakness_fall_forward/FWFFM3.mp4,3,PreVFall,1,0,63,0.000000,2.100000,14.633333,12.533333,0,0,0,EARLY_FALL_VIDEO,1.000000
data/raw/PreVFall/v4_video_csv/Pre-VFall/weakness_fall_forward/FWFFM3.mp4#f16-79,data/raw/PreVFall/v4_video_csv/Pre-VFall/weakness_fall_forward/FWFFM3.mp4,3,PreVFall,1,16,79,0.533333,2.633333,14.633333,12.000000,0,0,0,EARLY_FALL_VIDEO,1.000000
data/raw/PreVFall/v4_video_csv/Pre-VFall/weakness_fall_forward/FWFFM3.mp4#f32-95,data/raw/PreVFall/v4_video_csv/Pre-VFall/weakness_fall_forward/FWFFM3.mp4,3,PreVFall,1,32,95,1.066667,3.166667,14.633333,11.466667,0,0,0,EARLY_FALL_VIDEO,1.000000
data/raw/PreVFall/v4_video_csv/Pre-VFall/weakness_fall_forward/FWFFM3.mp4#f48-111,data/raw/PreVFall/v4_video_csv/Pre-VFall/weakness_fall_forward/FWFFM3.mp4,3,PreVFall,1,48,111,1.600000,3.700000,14.633333,10.933333,0,0,0,EARLY_FALL_VIDEO,1.000000
data/raw/PreVFall/v4_video_csv/Pre-VFall/weakness_fall_forward/FWFFM3.mp4#f64-127,data/raw/PreVFall/v4_video_csv/Pre-VFall/weakness_fall_forward/FWFFM3.mp4,3,PreVFall,1,64,127,2.133333,4.233333,14.633333,10.400000,0,0,0,EARLY_FALL_VIDEO,1.000000
data/raw/PreVFall/v4_video_csv/Pre-VFall/weakness_fall_forward/FWFFM3.mp4#f80-143,data/raw/PreVFall/v4_video_csv/Pre-VFall/weakness_fall_forward/FWFFM3.mp4,3,PreVFall,1,80,143,2.666667,4.766667,14.633333,9.866667,0,0,0,EARLY_FALL_VIDEO,1.000000
data/raw/PreVFall/v4_video_csv/Pre-VFall/weakness_fall_forward/FWFFM3.mp4#f96-159,data/raw/PreVFall/v4_video_csv/Pre-VFall/weakness_fall_forward/FWFFM3.mp4,3,PreVFall,1,96,159,3.200000,5.300000,14.633333,9.333333,0,0,0,EARLY_FALL_VIDEO,1.000000
data/raw/PreVFall/v4_video_csv/Pre-VFall/weakness_fall_forward/FWFFM3.mp4#f112-175,data/raw/PreVFall/v4_video_csv/Pre-VFall/weakness_fall_forward/FWFFM3.mp4,3,PreVFall,1,112,175,3.733333,5.833333,14.633333,8.800000,0,0,0,EARLY_FALL_VIDEO,1.000000
data/raw/PreVFall/v4_video_csv/Pre-VFall/weakness_fall_forward/FWFFM3.mp4#f128-191,data/raw/PreVFall/v4_video_csv/Pre-VFall/weakness_fall_forward/FWFFM3.mp4,3,PreVFall,1,128,191,4.266667,6.366667,14.633333,8.266667,0,0,0,EARLY_FALL_VIDEO,1.000000
data/raw/PreVFall/v4_video_csv/Pre-VFall/weakness_fall_forward/FWFFM3.mp4#f144-207,data/raw/PreVFall/v4_video_csv/Pre-VFall/weakness_fall_forward/FWFFM3.mp4,3,PreVFall,1,144,207,4.800000,6.900000,14.633333,7.733333,0,0,0,EARLY_FALL_VIDEO,1.000000
data/raw/PreVFall/v4_video_csv/Pre-VFall/weakness_fall_forward/FWFFM3.mp4#f160-223,data/raw/PreVFall/v4_video_csv/Pre-VFall/weakness_fall_forward/FWFFM3.mp4,3,PreVFall,1,160,223,5.333333,7.433333,14.633333,7.200000,0,0,0,EARLY_FALL_VIDEO,1.000000
data/raw/PreVFall/v4_video_csv/Pre-VFall/weakness_fall_forward/FWFFM3.mp4#f176-239,data/raw/PreVFall/v4_video_csv/Pre-VFall/weakness_fall_forward/FWFFM3.mp4,3,PreVFall,1,176,239,5.866667,7.966667,14.633333,6.666667,0,0,0,EARLY_FALL_VIDEO,1.000000
data/raw/PreVFall/v4_video_csv/Pre-VFall/weakness_fall_forward/FWFFM3.mp4#f192-255,data/raw/PreVFall/v4_video_csv/Pre-VFall/weakness_fall_forward/FWFFM3.mp4,3,PreVFall,1,192,255,6.400000,8.500000,14.633333,6.133333,0,0,0,EARLY_FALL_VIDEO,1.000000
data/raw/PreVFall/v4_video_csv/Pre-VFall/weakness_fall_forward/FWFFM3.mp4#f208-271,data/raw/PreVFall/v4_video_csv/Pre-VFall/weakness_fall_forward/FWFFM3.mp4,3,PreVFall,1,208,271,6.933333,9.033333,14.633333,5.600000,0,0,0,EARLY_FALL_VIDEO,1.000000
data/raw/PreVFall/v4_video_csv/Pre-VFall/weakness_fall_forward/FWFFM3.mp4#f224-287,data/raw/PreVFall/v4_video_csv/Pre-VFall/weakness_fall_forward/FWFFM3.mp4,3,PreVFall,1,224,287,7.466667,9.566667,14.633333,5.066667,0,0,0,EARLY_FALL_VIDEO,1.000000
data/raw/PreVFall/v4_video_csv/Pre-VFall/weakness_fall_forward/FWFFM3.mp4#f240-303,data/raw/PreVFall/v4_video_csv/Pre-VFall/weakness_fall_forward/FWFFM3.mp4,3,PreVFall,1,240,303,8.000000,10.100000,14.633333,4.533333,0,0,0,EARLY_FALL_VIDEO,1.000000
data/raw/PreVFall/v4_video_csv/Pre-VFall/weakness_fall_forward/FWFFM3.mp4#f256-319,data/raw/PreVFall/v4_video_csv/Pre-VFall/weakness_fall_forward/FWFFM3.mp4,3,PreVFall,1,256,319,8.533333,10.633333,14.633333,4.000000,0,0,0,EARLY_FALL_VIDEO,1.000000
data/raw/PreVFall/v4_video_csv/Pre-VFall/weakness_fall_forward/FWFFM3.mp4#f272-335,data/raw/PreVFall/v4_video_csv/Pre-VFall/weakness_fall_forward/FWFFM3.mp4,3,PreVFall,1,272,335,9.066667,11.166667,14.633333,3.466667,0,0,0,EARLY_FALL_VIDEO,1.000000
data/raw/PreVFall/v4_video_csv/Pre-VFall/weakness_fall_forward/FWFFM3.mp4#f288-351,data/raw/PreVFall/v4_video_csv/Pre-VFall/weakness_fall_forward/FWFFM3.mp4,3,PreVFall,1,288,351,9.600000,11.700000,14.633333,2.933333,0,0,1,PRE_FALL_2_3S,1.000000
data/raw/PreVFall/v4_video_csv/Pre-VFall/weakness_fall_forward/FWFFM3.mp4#f304-367,data/raw/PreVFall/v4_video_csv/Pre-VFall/weakness_fall_forward/FWFFM3.mp4,3,PreVFall,1,304,367,10.133333,12.233333,14.633333,2.400000,0,0,1,PRE_FALL_2_3S,1.000000
data/raw/PreVFall/v4_video_csv/Pre-VFall/weakness_fall_forward/FWFFM3.mp4#f320-383,data/raw/PreVFall/v4_video_csv/Pre-VFall/weakness_fall_forward/FWFFM3.mp4,3,PreVFall,1,320,383,10.666667,12.766667,14.633333,1.866667,0,1,1,PRE_FALL_1_2S,1.000000
data/raw/PreVFall/v4_video_csv/Pre-VFall/weakness_fall_forward/FWFFM3.mp4#f336-399,data/raw/PreVFall/v4_video_csv/Pre-VFall/weakness_fall_forward/FWFFM3.mp4,3,PreVFall,1,336,399,11.200000,13.300000,14.633333,1.333333,0,1,1,PRE_FALL_1_2S,1.000000
data/raw/PreVFall/v4_video_csv/Pre-VFall/weakness_fall_forward/FWFFM3.mp4#f352-415,data/raw/PreVFall/v4_video_csv/Pre-VFall/weakness_fall_forward/FWFFM3.mp4,3,PreVFall,1,352,415,11.733333,13.833333,14.633333,0.800000,1,1,1,PRE_FALL_0_1S,1.000000
data/raw/PreVFall/v4_video_csv/Pre-VFall/weakness_fall_forward/FWFFM3.mp4#f368-431,data/raw/PreVFall/v4_video_csv/Pre-VFall/weakness_fall_forward/FWFFM3.mp4,3,PreVFall,1,368,431,12.266667,14.366667,14.633333,0.266667,1,1,1,PRE_FALL_0_1S,1.000000
data/raw/PreVFall/v4_video_csv/Pre-VFall/weakness_fall_forward/FWFSM1.mp4#f0-63,data/raw/PreVFall/v4_video_csv/Pre-VFall/weakness_fall_forward/FWFSM1.mp4,1,PreVFall,1,0,63,0.000000,2.100000,16.066667,13.966667,0,0,0,EARLY_FALL_VIDEO,1.000000
data/raw/PreVFall/v4_video_csv/Pre-VFall/weakness_fall_forward/FWFSM1.mp4#f16-79,data/raw/PreVFall/v4_video_csv/Pre-VFall/weakness_fall_forward/FWFSM1.mp4,1,PreVFall,1,16,79,0.533333,2.633333,16.066667,13.433333,0,0,0,EARLY_FALL_VIDEO,1.000000
data/raw/PreVFall/v4_video_csv/Pre-VFall/weakness_fall_forward/FWFSM1.mp4#f32-95,data/raw/PreVFall/v4_video_csv/Pre-VFall/weakness_fall_forward/FWFSM1.mp4,1,PreVFall,1,32,95,1.066667,3.166667,16.066667,12.900000,0,0,0,EARLY_FALL_VIDEO,1.000000
data/raw/PreVFall/v4_video_csv/Pre-VFall/weakness_fall_forward/FWFSM1.mp4#f48-111,data/raw/PreVFall/v4_video_csv/Pre-VFall/weakness_fall_forward/FWFSM1.mp4,1,PreVFall,1,48,111,1.600000,3.700000,16.066667,12.366667,0,0,0,EARLY_FALL_VIDEO,1.000000
data/raw/PreVFall/v4_video_csv/Pre-VFall/weakness_fall_forward/FWFSM1.mp4#f64-127,data/raw/PreVFall/v4_video_csv/Pre-VFall/weakness_fall_forward/FWFSM1.mp4,1,PreVFall,1,64,127,2.133333,4.233333,16.066667,11.833333,0,0,0,EARLY_FALL_VIDEO,1.000000
data/raw/PreVFall/v4_video_csv/Pre-VFall/weakness_fall_forward/FWFSM1.mp4#f80-143,data/raw/PreVFall/v4_video_csv/Pre-VFall/weakness_fall_forward/FWFSM1.mp4,1,PreVFall,1,80,143,2.666667,4.766667,16.066667,11.300000,0,0,0,EARLY_FALL_VIDEO,1.000000
data/raw/PreVFall/v4_video_csv/Pre-VFall/weakness_fall_forward/FWFSM1.mp4#f96-159,data/raw/PreVFall/v4_video_csv/Pre-VFall/weakness_fall_forward/FWFSM1.mp4,1,PreVFall,1,96,159,3.200000,5.300000,16.066667,10.766667,0,0,0,EARLY_FALL_VIDEO,1.000000
data/raw/PreVFall/v4_video_csv/Pre-VFall/weakness_fall_forward/FWFSM1.mp4#f112-175,data/raw/PreVFall/v4_video_csv/Pre-VFall/weakness_fall_forward/FWFSM1.mp4,1,PreVFall,1,112,175,3.733333,5.833333,16.066667,10.233333,0,0,0,EARLY_FALL_VIDEO,1.000000
data/raw/PreVFall/v4_video_csv/Pre-VFall/weakness_fall_forward/FWFSM1.mp4#f128-191,data/raw/PreVFall/v4_video_csv/Pre-VFall/weakness_fall_forward/FWFSM1.mp4,1,PreVFall,1,128,191,4.266667,6.366667,16.066667,9.700000,0,0,0,EARLY_FALL_VIDEO,1.000000
data/raw/PreVFall/v4_video_csv/Pre-VFall/weakness_fall_forward/FWFSM1.mp4#f144-207,data/raw/PreVFall/v4_video_csv/Pre-VFall/weakness_fall_forward/FWFSM1.mp4,1,PreVFall,1,144,207,4.800000,6.900000,16.066667,9.166667,0,0,0,EARLY_FALL_VIDEO,1.000000
data/raw/PreVFall/v4_video_csv/Pre-VFall/weakness_fall_forward/FWFSM1.mp4#f160-223,data/raw/PreVFall/v4_video_csv/Pre-VFall/weakness_fall_forward/FWFSM1.mp4,1,PreVFall,1,160,223,5.333333,7.433333,16.066667,8.633333,0,0,0,EARLY_FALL_VIDEO,1.000000
data/raw/PreVFall/v4_video_csv/Pre-VFall/weakness_fall_forward/FWFSM1.mp4#f176-239,data/raw/PreVFall/v4_video_csv/Pre-VFall/weakness_fall_forward/FWFSM1.mp4,1,PreVFall,1,176,239,5.866667,7.966667,16.066667,8.100000,0,0,0,EARLY_FALL_VIDEO,1.000000
data/raw/PreVFall/v4_video_csv/Pre-VFall/weakness_fall_forward/FWFSM1.mp4#f192-255,data/raw/PreVFall/v4_video_csv/Pre-VFall/weakness_fall_forward/FWFSM1.mp4,1,PreVFall,1,192,255,6.400000,8.500000,16.066667,7.566667,0,0,0,EARLY_FALL_VIDEO,1.000000
data/raw/PreVFall/v4_video_csv/Pre-VFall/weakness_fall_forward/FWFSM1.mp4#f208-271,data/raw/PreVFall/v4_video_csv/Pre-VFall/weakness_fall_forward/FWFSM1.mp4,1,PreVFall,1,208,271,6.933333,9.033333,16.066667,7.033333,0,0,0,EARLY_FALL_VIDEO,1.000000
data/raw/PreVFall/v4_video_csv/Pre-VFall/weakness_fall_forward/FWFSM1.mp4#f224-287,data/raw/PreVFall/v4_video_csv/Pre-VFall/weakness_fall_forward/FWFSM1.mp4,1,PreVFall,1,224,287,7.466667,9.566667,16.066667,6.500000,0,0,0,EARLY_FALL_VIDEO,1.000000
data/raw/PreVFall/v4_video_csv/Pre-VFall/weakness_fall_forward/FWFSM1.mp4#f240-303,data/raw/PreVFall/v4_video_csv/Pre-VFall/weakness_fall_forward/FWFSM1.mp4,1,PreVFall,1,240,303,8.000000,10.100000,16.066667,5.966667,0,0,0,EARLY_FALL_VIDEO,1.000000
data/raw/PreVFall/v4_video_csv/Pre-VFall/weakness_fall_forward/FWFSM1.mp4#f256-319,data/raw/PreVFall/v4_video_csv/Pre-VFall/weakness_fall_forward/FWFSM1.mp4,1,PreVFall,1,256,319,8.533333,10.633333,16.066667,5.433333,0,0,0,EARLY_FALL_VIDEO,1.000000
data/raw/PreVFall/v4_video_csv/Pre-VFall/weakness_fall_forward/FWFSM1.mp4#f272-335,data/raw/PreVFall/v4_video_csv/Pre-VFall/weakness_fall_forward/FWFSM1.mp4,1,PreVFall,1,272,335,9.066667,11.166667,16.066667,4.900000,0,0,0,EARLY_FALL_VIDEO,1.000000
data/raw/PreVFall/v4_video_csv/Pre-VFall/weakness_fall_forward/FWFSM1.mp4#f288-351,data/raw/PreVFall/v4_video_csv/Pre-VFall/weakness_fall_forward/FWFSM1.mp4,1,PreVFall,1,288,351,9.600000,11.700000,16.066667,4.366667,0,0,0,EARLY_FALL_VIDEO,1.000000
data/raw/PreVFall/v4_video_csv/Pre-VFall/weakness_fall_forward/FWFSM1.mp4#f304-367,data/raw/PreVFall/v4_video_csv/Pre-VFall/weakness_fall_forward/FWFSM1.mp4,1,PreVFall,1,304,367,10.133333,12.233333,16.066667,3.833333,0,0,0,EARLY_FALL_VIDEO,1.000000
data/raw/PreVFall/v4_video_csv/Pre-VFall/weakness_fall_forward/FWFSM1.mp4#f320-383,data/raw/PreVFall/v4_video_csv/Pre-VFall/weakness_fall_forward/FWFSM1.mp4,1,PreVFall,1,320,383,10.666667,12.766667,16.066667,3.300000,0,0,0,EARLY_FALL_VIDEO,1.000000
data/raw/PreVFall/v4_video_csv/Pre-VFall/weakness_fall_forward/FWFSM1.mp4#f336-399,data/raw/PreVFall/v4_video_csv/Pre-VFall/weakness_fall_forward/FWFSM1.mp4,1,PreVFall,1,336,399,11.200000,13.300000,16.066667,2.766667,0,0,1,PRE_FALL_2_3S,1.000000
data/raw/PreVFall/v4_video_csv/Pre-VFall/weakness_fall_forward/FWFSM1.mp4#f352-415,data/raw/PreVFall/v4_video_csv/Pre-VFall/weakness_fall_forward/FWFSM1.mp4,1,PreVFall,1,352,415,11.733333,13.833333,16.066667,2.233333,0,0,1,PRE_FALL_2_3S,1.000000
data/raw/PreVFall/v4_video_csv/Pre-VFall/weakness_fall_forward/FWFSM1.mp4#f368-431,data/raw/PreVFall/v4_video_csv/Pre-VFall/weakness_fall_forward/FWFSM1.mp4,1,PreVFall,1,368,431,12.266667,14.366667,16.066667,1.700000,0,1,1,PRE_FALL_1_2S,1.000000
data/raw/PreVFall/v4_video_csv/Pre-VFall/weakness_fall_forward/FWFSM1.mp4#f384-447,data/raw/PreVFall/v4_video_csv/Pre-VFall/weakness_fall_forward/FWFSM1.mp4,1,PreVFall,1,384,447,12.800000,14.900000,16.066667,1.166667,0,1,1,PRE_FALL_1_2S,1.000000
data/raw/PreVFall/v4_video_csv/Pre-VFall/weakness_fall_forward/FWFSM1.mp4#f400-463,data/raw/PreVFall/v4_video_csv/Pre-VFall/weakness_fall_forward/FWFSM1.mp4,1,PreVFall,1,400,463,13.333333,15.433333,16.066667,0.633333,1,1,1,PRE_FALL_0_1S,1.000000
data/raw/PreVFall/v4_video_csv/Pre-VFall/weakness_fall_forward/FWFSM1.mp4#f416-479,data/raw/PreVFall/v4_video_csv/Pre-VFall/weakness_fall_forward/FWFSM1.mp4,1,PreVFall,1,416,479,13.866667,15.966667,16.066667,0.100000,1,1,1,PRE_FALL_0_1S,1.000000
data/raw/PreVFall/v4_video_csv/Pre-VFall/weakness_fall_forward/FWFSM2.mp4#f0-63,data/raw/PreVFall/v4_video_csv/Pre-VFall/weakness_fall_forward/FWFSM2.mp4,2,PreVFall,1,0,63,0.000000,2.100000,11.366667,9.266667,0,0,0,EARLY_FALL_VIDEO,1.000000
data/raw/PreVFall/v4_video_csv/Pre-VFall/weakness_fall_forward/FWFSM2.mp4#f16-79,data/raw/PreVFall/v4_video_csv/Pre-VFall/weakness_fall_forward/FWFSM2.mp4,2,PreVFall,1,16,79,0.533333,2.633333,11.366667,8.733333,0,0,0,EARLY_FALL_VIDEO,1.000000
data/raw/PreVFall/v4_video_csv/Pre-VFall/weakness_fall_forward/FWFSM2.mp4#f32-95,data/raw/PreVFall/v4_video_csv/Pre-VFall/weakness_fall_forward/FWFSM2.mp4,2,PreVFall,1,32,95,1.066667,3.166667,11.366667,8.200000,0,0,0,EARLY_FALL_VIDEO,1.000000
data/raw/PreVFall/v4_video_csv/Pre-VFall/weakness_fall_forward/FWFSM2.mp4#f48-111,data/raw/PreVFall/v4_video_csv/Pre-VFall/weakness_fall_forward/FWFSM2.mp4,2,PreVFall,1,48,111,1.600000,3.700000,11.366667,7.666667,0,0,0,EARLY_FALL_VIDEO,1.000000
data/raw/PreVFall/v4_video_csv/Pre-VFall/weakness_fall_forward/FWFSM2.mp4#f64-127,data/raw/PreVFall/v4_video_csv/Pre-VFall/weakness_fall_forward/FWFSM2.mp4,2,PreVFall,1,64,127,2.133333,4.233333,11.366667,7.133333,0,0,0,EARLY_FALL_VIDEO,1.000000
data/raw/PreVFall/v4_video_csv/Pre-VFall/weakness_fall_forward/FWFSM2.mp4#f80-143,data/raw/PreVFall/v4_video_csv/Pre-VFall/weakness_fall_forward/FWFSM2.mp4,2,PreVFall,1,80,143,2.666667,4.766667,11.366667,6.600000,0,0,0,EARLY_FALL_VIDEO,1.000000
data/raw/PreVFall/v4_video_csv/Pre-VFall/weakness_fall_forward/FWFSM2.mp4#f96-159,data/raw/PreVFall/v4_video_csv/Pre-VFall/weakness_fall_forward/FWFSM2.mp4,2,PreVFall,1,96,159,3.200000,5.300000,11.366667,6.066667,0,0,0,EARLY_FALL_VIDEO,1.000000
data/raw/PreVFall/v4_video_csv/Pre-VFall/weakness_fall_forward/FWFSM2.mp4#f112-175,data/raw/PreVFall/v4_video_csv/Pre-VFall/weakness_fall_forward/FWFSM2.mp4,2,PreVFall,1,112,175,3.733333,5.833333,11.366667,5.533333,0,0,0,EARLY_FALL_VIDEO,1.000000
data/raw/PreVFall/v4_video_csv/Pre-VFall/weakness_fall_forward/FWFSM2.mp4#f128-191,data/raw/PreVFall/v4_video_csv/Pre-VFall/weakness_fall_forward/FWFSM2.mp4,2,PreVFall,1,128,191,4.266667,6.366667,11.366667,5.000000,0,0,0,EARLY_FALL_VIDEO,1.000000
data/raw/PreVFall/v4_video_csv/Pre-VFall/weakness_fall_forward/FWFSM2.mp4#f144-207,data/raw/PreVFall/v4_video_csv/Pre-VFall/weakness_fall_forward/FWFSM2.mp4,2,PreVFall,1,144,207,4.800000,6.900000,11.366667,4.466667,0,0,0,EARLY_FALL_VIDEO,1.000000
data/raw/PreVFall/v4_video_csv/Pre-VFall/weakness_fall_forward/FWFSM2.mp4#f160-223,data/raw/PreVFall/v4_video_csv/Pre-VFall/weakness_fall_forward/FWFSM2.mp4,2,PreVFall,1,160,223,5.333333,7.433333,11.366667,3.933333,0,0,0,EARLY_FALL_VIDEO,1.000000
data/raw/PreVFall/v4_video_csv/Pre-VFall/weakness_fall_forward/FWFSM2.mp4#f176-239,data/raw/PreVFall/v4_video_csv/Pre-VFall/weakness_fall_forward/FWFSM2.mp4,2,PreVFall,1,176,239,5.866667,7.966667,11.366667,3.400000,0,0,0,EARLY_FALL_VIDEO,1.000000
data/raw/PreVFall/v4_video_csv/Pre-VFall/weakness_fall_forward/FWFSM2.mp4#f192-255,data/raw/PreVFall/v4_video_csv/Pre-VFall/weakness_fall_forward/FWFSM2.mp4,2,PreVFall,1,192,255,6.400000,8.500000,11.366667,2.866667,0,0,1,PRE_FALL_2_3S,1.000000
data/raw/PreVFall/v4_video_csv/Pre-VFall/weakness_fall_forward/FWFSM2.mp4#f208-271,data/raw/PreVFall/v4_video_csv/Pre-VFall/weakness_fall_forward/FWFSM2.mp4,2,PreVFall,1,208,271,6.933333,9.033333,11.366667,2.333333,0,0,1,PRE_FALL_2_3S,1.000000
data/raw/PreVFall/v4_video_csv/Pre-VFall/weakness_fall_forward/FWFSM2.mp4#f224-287,data/raw/PreVFall/v4_video_csv/Pre-VFall/weakness_fall_forward/FWFSM2.mp4,2,PreVFall,1,224,287,7.466667,9.566667,11.366667,1.800000,0,1,1,PRE_FALL_1_2S,1.000000
data/raw/PreVFall/v4_video_csv/Pre-VFall/weakness_fall_forward/FWFSM2.mp4#f240-303,data/raw/PreVFall/v4_video_csv/Pre-VFall/weakness_fall_forward/FWFSM2.mp4,2,PreVFall,1,240,303,8.000000,10.100000,11.366667,1.266667,0,1,1,PRE_FALL_1_2S,1.000000
data/raw/PreVFall/v4_video_csv/Pre-VFall/weakness_fall_forward/FWFSM2.mp4#f256-319,data/raw/PreVFall/v4_video_csv/Pre-VFall/weakness_fall_forward/FWFSM2.mp4,2,PreVFall,1,256,319,8.533333,10.633333,11.366667,0.733333,1,1,1,PRE_FALL_0_1S,1.000000
data/raw/PreVFall/v4_video_csv/Pre-VFall/weakness_fall_forward/FWFSM2.mp4#f272-335,data/raw/PreVFall/v4_video_csv/Pre-VFall/weakness_fall_forward/FWFSM2.mp4,2,PreVFall,1,272,335,9.066667,11.166667,11.366667,0.200000,1,1,1,PRE_FALL_0_1S,1.000000
data/raw/PreVFall/v4_video_csv/Pre-VFall/weakness_fall_forward/FWFSM3.mp4#f0-63,data/raw/PreVFall/v4_video_csv/Pre-VFall/weakness_fall_forward/FWFSM3.mp4,3,PreVFall,1,0,63,0.000000,2.100000,14.799999,12.699999,0,0,0,EARLY_FALL_VIDEO,1.000000
data/raw/PreVFall/v4_video_csv/Pre-VFall/weakness_fall_forward/FWFSM3.mp4#f16-79,data/raw/PreVFall/v4_video_csv/Pre-VFall/weakness_fall_forward/FWFSM3.mp4,3,PreVFall,1,16,79,0.533333,2.633333,14.799999,12.166666,0,0,0,EARLY_FALL_VIDEO,1.000000
data/raw/PreVFall/v4_video_csv/Pre-VFall/weakness_fall_forward/FWFSM3.mp4#f32-95,data/raw/PreVFall/v4_video_csv/Pre-VFall/weakness_fall_forward/FWFSM3.mp4,3,PreVFall,1,32,95,1.066667,3.166666,14.799999,11.633333,0,0,0,EARLY_FALL_VIDEO,1.000000
data/raw/PreVFall/v4_video_csv/Pre-VFall/weakness_fall_forward/FWFSM3.mp4#f48-111,data/raw/PreVFall/v4_video_csv/Pre-VFall/weakness_fall_forward/FWFSM3.mp4,3,PreVFall,1,48,111,1.600000,3.700000,14.799999,11.099999,0,0,0,EARLY_FALL_VIDEO,1.000000
data/raw/PreVFall/v4_video_csv/Pre-VFall/weakness_fall_forward/FWFSM3.mp4#f64-127,data/raw/PreVFall/v4_video_csv/Pre-VFall/weakness_fall_forward/FWFSM3.mp4,3,PreVFall,1,64,127,2.133333,4.233333,14.799999,10.566666,0,0,0,EARLY_FALL_VIDEO,1.000000
data/raw/PreVFall/v4_video_csv/Pre-VFall/weakness_fall_forward/FWFSM3.mp4#f80-143,data/raw/PreVFall/v4_video_csv/Pre-VFall/weakness_fall_forward/FWFSM3.mp4,3,PreVFall,1,80,143,2.666666,4.766666,14.799999,10.033333,0,0,0,EARLY_FALL_VIDEO,1.000000
data/raw/PreVFall/v4_video_csv/Pre-VFall/weakness_fall_forward/FWFSM3.mp4#f96-159,data/raw/PreVFall/v4_video_csv/Pre-VFall/weakness_fall_forward/FWFSM3.mp4,3,PreVFall,1,96,159,3.200000,5.300000,14.799999,9.499999,0,0,0,EARLY_FALL_VIDEO,1.000000
data/raw/PreVFall/v4_video_csv/Pre-VFall/weakness_fall_forward/FWFSM3.mp4#f112-175,data/raw/PreVFall/v4_video_csv/Pre-VFall/weakness_fall_forward/FWFSM3.mp4,3,PreVFall,1,112,175,3.733333,5.833333,14.799999,8.966666,0,0,0,EARLY_FALL_VIDEO,1.000000
data/raw/PreVFall/v4_video_csv/Pre-VFall/weakness_fall_forward/FWFSM3.mp4#f128-191,data/raw/PreVFall/v4_video_csv/Pre-VFall/weakness_fall_forward/FWFSM3.mp4,3,PreVFall,1,128,191,4.266666,6.366666,14.799999,8.433333,0,0,0,EARLY_FALL_VIDEO,1.000000
data/raw/PreVFall/v4_video_csv/Pre-VFall/weakness_fall_forward/FWFSM3.mp4#f144-207,data/raw/PreVFall/v4_video_csv/Pre-VFall/weakness_fall_forward/FWFSM3.mp4,3,PreVFall,1,144,207,4.800000,6.900000,14.799999,7.899999,0,0,0,EARLY_FALL_VIDEO,1.000000
data/raw/PreVFall/v4_video_csv/Pre-VFall/weakness_fall_forward/FWFSM3.mp4#f160-223,data/raw/PreVFall/v4_video_csv/Pre-VFall/weakness_fall_forward/FWFSM3.mp4,3,PreVFall,1,160,223,5.333333,7.433333,14.799999,7.366666,0,0,0,EARLY_FALL_VIDEO,1.000000
data/raw/PreVFall/v4_video_csv/Pre-VFall/weakness_fall_forward/FWFSM3.mp4#f176-239,data/raw/PreVFall/v4_video_csv/Pre-VFall/weakness_fall_forward/FWFSM3.mp4,3,PreVFall,1,176,239,5.866666,7.966666,14.799999,6.833333,0,0,0,EARLY_FALL_VIDEO,1.000000
data/raw/PreVFall/v4_video_csv/Pre-VFall/weakness_fall_forward/FWFSM3.mp4#f192-255,data/raw/PreVFall/v4_video_csv/Pre-VFall/weakness_fall_forward/FWFSM3.mp4,3,PreVFall,1,192,255,6.400000,8.499999,14.799999,6.300000,0,0,0,EARLY_FALL_VIDEO,1.000000
data/raw/PreVFall/v4_video_csv/Pre-VFall/weakness_fall_forward/FWFSM3.mp4#f208-271,data/raw/PreVFall/v4_video_csv/Pre-VFall/weakness_fall_forward/FWFSM3.mp4,3,PreVFall,1,208,271,6.933333,9.033333,14.799999,5.766666,0,0,0,EARLY_FALL_VIDEO,1.000000
data/raw/PreVFall/v4_video_csv/Pre-VFall/weakness_fall_forward/FWFSM3.mp4#f224-287,data/raw/PreVFall/v4_video_csv/Pre-VFall/weakness_fall_forward/FWFSM3.mp4,3,PreVFall,1,224,287,7.466666,9.566666,14.799999,5.233333,0,0,0,EARLY_FALL_VIDEO,1.000000
data/raw/PreVFall/v4_video_csv/Pre-VFall/weakness_fall_forward/FWFSM3.mp4#f240-303,data/raw/PreVFall/v4_video_csv/Pre-VFall/weakness_fall_forward/FWFSM3.mp4,3,PreVFall,1,240,303,7.999999,10.099999,14.799999,4.700000,0,0,0,EARLY_FALL_VIDEO,1.000000
data/raw/PreVFall/v4_video_csv/Pre-VFall/weakness_fall_forward/FWFSM3.mp4#f256-319,data/raw/PreVFall/v4_video_csv/Pre-VFall/weakness_fall_forward/FWFSM3.mp4,3,PreVFall,1,256,319,8.533333,10.633333,14.799999,4.166666,0,0,0,EARLY_FALL_VIDEO,1.000000
data/raw/PreVFall/v4_video_csv/Pre-VFall/weakness_fall_forward/FWFSM3.mp4#f272-335,data/raw/PreVFall/v4_video_csv/Pre-VFall/weakness_fall_forward/FWFSM3.mp4,3,PreVFall,1,272,335,9.066666,11.166666,14.799999,3.633333,0,0,0,EARLY_FALL_VIDEO,1.000000
data/raw/PreVFall/v4_video_csv/Pre-VFall/weakness_fall_forward/FWFSM3.mp4#f288-351,data/raw/PreVFall/v4_video_csv/Pre-VFall/weakness_fall_forward/FWFSM3.mp4,3,PreVFall,1,288,351,9.599999,11.699999,14.799999,3.100000,0,0,0,EARLY_FALL_VIDEO,1.000000
data/raw/PreVFall/v4_video_csv/Pre-VFall/weakness_fall_forward/FWFSM3.mp4#f304-367,data/raw/PreVFall/v4_video_csv/Pre-VFall/weakness_fall_forward/FWFSM3.mp4,3,PreVFall,1,304,367,10.133333,12.233333,14.799999,2.566667,0,0,1,PRE_FALL_2_3S,1.000000
data/raw/PreVFall/v4_video_csv/Pre-VFall/weakness_fall_forward/FWFSM3.mp4#f320-383,data/raw/PreVFall/v4_video_csv/Pre-VFall/weakness_fall_forward/FWFSM3.mp4,3,PreVFall,1,320,383,10.666666,12.766666,14.799999,2.033333,0,0,1,PRE_FALL_2_3S,1.000000
data/raw/PreVFall/v4_video_csv/Pre-VFall/weakness_fall_forward/FWFSM3.mp4#f336-399,data/raw/PreVFall/v4_video_csv/Pre-VFall/weakness_fall_forward/FWFSM3.mp4,3,PreVFall,1,336,399,11.199999,13.299999,14.799999,1.500000,0,1,1,PRE_FALL_1_2S,1.000000
data/raw/PreVFall/v4_video_csv/Pre-VFall/weakness_fall_forward/FWFSM3.mp4#f352-415,data/raw/PreVFall/v4_video_csv/Pre-VFall/weakness_fall_forward/FWFSM3.mp4,3,PreVFall,1,352,415,11.733333,13.833332,14.799999,0.966667,1,1,1,PRE_FALL_0_1S,1.000000
data/raw/PreVFall/v4_video_csv/Pre-VFall/weakness_fall_forward/FWFSM3.mp4#f368-431,data/raw/PreVFall/v4_video_csv/Pre-VFall/weakness_fall_forward/FWFSM3.mp4,3,PreVFall,1,368,431,12.266666,14.366666,14.799999,0.433333,1,1,1,PRE_FALL_0_1S,1.000000
