{
  "route": "openpose+ctrgcn",
  "pose": "openpose",
  "model": "ctrgcn",
  "fold": 3,
  "seed": 2029,
  "device": "cuda",
  "gpu": "NVIDIA GeForce RTX 4060 Laptop GPU",
  "best_epoch": 105,
  "epochs_ran": 300,
  "parameters": 1421488,
  "latency_ms_batch1": 26.578944999928353,
  "samples": {
    "train": 80,
    "val": 37,
    "test": 43
  },
  "validation": {
    "loss": 0.9942273610347027,
    "accuracy": 0.7027027027027027,
    "precision": 0.6363636363636364,
    "recall": 0.8235294117647058,
    "specificity": 0.6,
    "f1": 0.717948717948718,
    "balanced_accuracy": 0.7117647058823529,
    "tp": 14,
    "tn": 12,
    "fp": 8,
    "fn": 3
  },
  "test": {
    "loss": 1.0400224064671717,
    "accuracy": 0.7674418604651163,
    "precision": 0.8235294117647058,
    "recall": 0.6666666666666666,
    "specificity": 0.8636363636363636,
    "f1": 0.7368421052631577,
    "balanced_accuracy": 0.7651515151515151,
    "tp": 14,
    "tn": 19,
    "fp": 3,
    "fn": 7
  },
  "config": {
    "epochs": 300,
    "batch_size": 16,
    "learning_rate": 0.0003,
    "weight_decay": 0.001,
    "patience": 15,
    "early_stopping": false,
    "dropout": 0.5,
    "base_channels": 64,
    "amp": true
  }
}
