{
  "route": "yolo+ctrgcn",
  "pose": "yolo",
  "model": "ctrgcn",
  "fold": 3,
  "seed": 2029,
  "device": "cuda",
  "gpu": "NVIDIA GeForce RTX 4060 Laptop GPU",
  "best_epoch": 7,
  "epochs_ran": 22,
  "parameters": 1421488,
  "latency_ms_batch1": 19.391165999986697,
  "samples": {
    "train": 80,
    "val": 37,
    "test": 43
  },
  "validation": {
    "loss": 0.9116388059951164,
    "accuracy": 0.7567567567567568,
    "precision": 0.7,
    "recall": 0.8235294117647058,
    "specificity": 0.7,
    "f1": 0.7567567567567567,
    "balanced_accuracy": 0.7617647058823529,
    "tp": 14,
    "tn": 14,
    "fp": 6,
    "fn": 3
  },
  "test": {
    "loss": 0.5994069992109786,
    "accuracy": 0.813953488372093,
    "precision": 0.9333333333333333,
    "recall": 0.6666666666666666,
    "specificity": 0.9545454545454546,
    "f1": 0.7777777777777778,
    "balanced_accuracy": 0.8106060606060606,
    "tp": 14,
    "tn": 21,
    "fp": 1,
    "fn": 7
  },
  "config": {
    "epochs": 80,
    "batch_size": 16,
    "learning_rate": 0.0003,
    "weight_decay": 0.001,
    "patience": 15,
    "dropout": 0.5,
    "base_channels": 64,
    "amp": true
  }
}
