{
  "route": "rtmpose+stgcnpp",
  "pose": "rtmpose",
  "model": "stgcnpp",
  "fold": 3,
  "seed": 2029,
  "device": "cuda",
  "gpu": "NVIDIA GeForce RTX 4060 Laptop GPU",
  "best_epoch": 15,
  "epochs_ran": 300,
  "parameters": 1185798,
  "latency_ms_batch1": 10.607001000025775,
  "samples": {
    "train": 80,
    "val": 37,
    "test": 43
  },
  "validation": {
    "loss": 0.5504956978398401,
    "accuracy": 0.8648648648648649,
    "precision": 0.8333333333333334,
    "recall": 0.8823529411764706,
    "specificity": 0.85,
    "f1": 0.8571428571428571,
    "balanced_accuracy": 0.8661764705882353,
    "tp": 15,
    "tn": 17,
    "fp": 3,
    "fn": 2
  },
  "test": {
    "loss": 0.3355730723503024,
    "accuracy": 0.9302325581395349,
    "precision": 1.0,
    "recall": 0.8571428571428571,
    "specificity": 1.0,
    "f1": 0.923076923076923,
    "balanced_accuracy": 0.9285714285714286,
    "tp": 18,
    "tn": 22,
    "fp": 0,
    "fn": 3
  },
  "config": {
    "epochs": 300,
    "batch_size": 16,
    "learning_rate": 0.0003,
    "weight_decay": 0.001,
    "patience": 15,
    "early_stopping": false,
    "dropout": 0.5,
    "base_channels": 64,
    "amp": true
  }
}
