{
  "route": "openpose+posec3d",
  "pose": "openpose",
  "model": "posec3d",
  "fold": 4,
  "seed": 2030,
  "device": "cuda",
  "gpu": "NVIDIA GeForce RTX 4060 Laptop GPU",
  "best_epoch": 62,
  "epochs_ran": 300,
  "parameters": 3626146,
  "latency_ms_batch1": 3.1798340000386816,
  "samples": {
    "train": 91,
    "val": 32,
    "test": 37
  },
  "validation": {
    "loss": 0.5605895966291428,
    "accuracy": 0.90625,
    "precision": 0.8421052631578947,
    "recall": 1.0,
    "specificity": 0.8125,
    "f1": 0.9142857142857143,
    "balanced_accuracy": 0.90625,
    "tp": 16,
    "tn": 13,
    "fp": 3,
    "fn": 0
  },
  "test": {
    "loss": 0.8588093068148639,
    "accuracy": 0.6756756756756757,
    "precision": 0.6086956521739131,
    "recall": 0.8235294117647058,
    "specificity": 0.55,
    "f1": 0.7,
    "balanced_accuracy": 0.6867647058823529,
    "tp": 14,
    "tn": 11,
    "fp": 9,
    "fn": 3
  },
  "config": {
    "epochs": 300,
    "batch_size": 16,
    "learning_rate": 0.0003,
    "weight_decay": 0.001,
    "patience": 15,
    "early_stopping": false,
    "dropout": 0.5,
    "base_channels": 64,
    "amp": true
  }
}
