{
  "pose": "yolo_bytetrack",
  "model": "ctrgcn",
  "tensor": "C:\\Users\\HP\\Documents\\挑战杯\\fall_benchmark\\data\\gcn\\mcfd_yolo_bytetrack_t64_c010.npz",
  "ensemble": "mean probability of four subject-independent fold checkpoints",
  "threshold_selection": {
    "source": "cam1 only",
    "objective": "maximum balanced accuracy, then F1",
    "selected": 0.14,
    "calibration_metrics": {
      "samples": 69,
      "threshold": 0.14,
      "accuracy": 0.6231884057971014,
      "balanced_accuracy": 0.6325757575757576,
      "precision": 0.5714285714285714,
      "recall": 0.8484848484848485,
      "specificity": 0.4166666666666667,
      "f1": 0.6829268292682927,
      "false_positive_rate": 0.5833333333333334,
      "roc_auc": 0.6443602693602694,
      "tp": 28,
      "tn": 15,
      "fp": 21,
      "fn": 5
    }
  },
  "fold_metrics": [
    {
      "fold": 1,
      "samples": 552,
      "threshold": 0.5,
      "accuracy": 0.6376811594202898,
      "balanced_accuracy": 0.6300505050505051,
      "precision": 0.6818181818181818,
      "recall": 0.45454545454545453,
      "specificity": 0.8055555555555556,
      "f1": 0.5454545454545454,
      "false_positive_rate": 0.19444444444444445,
      "roc_auc": 0.6650226220538721,
      "tp": 120,
      "tn": 232,
      "fp": 56,
      "fn": 144
    },
    {
      "fold": 2,
      "samples": 552,
      "threshold": 0.5,
      "accuracy": 0.5815217391304348,
      "balanced_accuracy": 0.578125,
      "precision": 0.5714285714285714,
      "recall": 0.5,
      "specificity": 0.65625,
      "f1": 0.5333333333333333,
      "false_positive_rate": 0.34375,
      "roc_auc": 0.5923032407407407,
      "tp": 132,
      "tn": 189,
      "fp": 99,
      "fn": 132
    },
    {
      "fold": 3,
      "samples": 552,
      "threshold": 0.5,
      "accuracy": 0.6086956521739131,
      "balanced_accuracy": 0.6044823232323232,
      "precision": 0.6090909090909091,
      "recall": 0.5075757575757576,
      "specificity": 0.7013888888888888,
      "f1": 0.5537190082644627,
      "false_positive_rate": 0.2986111111111111,
      "roc_auc": 0.6406644570707071,
      "tp": 134,
      "tn": 202,
      "fp": 86,
      "fn": 130
    },
    {
      "fold": 4,
      "samples": 552,
      "threshold": 0.5,
      "accuracy": 0.5996376811594203,
      "balanced_accuracy": 0.6000631313131313,
      "precision": 0.5770609318996416,
      "recall": 0.6098484848484849,
      "specificity": 0.5902777777777778,
      "f1": 0.5930018416206261,
      "false_positive_rate": 0.4097222222222222,
      "roc_auc": 0.6042850378787878,
      "tp": 161,
      "tn": 170,
      "fp": 118,
      "fn": 103
    }
  ],
  "groups_fixed_0p5": {
    "all": {
      "samples": 552,
      "threshold": 0.5,
      "accuracy": 0.5996376811594203,
      "balanced_accuracy": 0.5972222222222222,
      "precision": 0.588477366255144,
      "recall": 0.5416666666666666,
      "specificity": 0.6527777777777778,
      "f1": 0.5641025641025641,
      "false_positive_rate": 0.3472222222222222,
      "roc_auc": 0.6455439814814815,
      "tp": 143,
      "tn": 188,
      "fp": 100,
      "fn": 121
    },
    "cam1": {
      "samples": 69,
      "threshold": 0.5,
      "accuracy": 0.5797101449275363,
      "balanced_accuracy": 0.5744949494949495,
      "precision": 0.5769230769230769,
      "recall": 0.45454545454545453,
      "specificity": 0.6944444444444444,
      "f1": 0.5084745762711863,
      "false_positive_rate": 0.3055555555555556,
      "roc_auc": 0.6443602693602694,
      "tp": 15,
      "tn": 25,
      "fp": 11,
      "fn": 18
    },
    "cam2": {
      "samples": 69,
      "threshold": 0.5,
      "accuracy": 0.6811594202898551,
      "balanced_accuracy": 0.6755050505050505,
      "precision": 0.72,
      "recall": 0.5454545454545454,
      "specificity": 0.8055555555555556,
      "f1": 0.6206896551724138,
      "false_positive_rate": 0.19444444444444445,
      "roc_auc": 0.7108585858585859,
      "tp": 18,
      "tn": 29,
      "fp": 7,
      "fn": 15
    },
    "cam3": {
      "samples": 68,
      "threshold": 0.5,
      "accuracy": 0.6176470588235294,
      "balanced_accuracy": 0.6215277777777778,
      "precision": 0.5789473684210527,
      "recall": 0.6875,
      "specificity": 0.5555555555555556,
      "f1": 0.6285714285714286,
      "false_positive_rate": 0.4444444444444444,
      "roc_auc": 0.6631944444444444,
      "tp": 22,
      "tn": 20,
      "fp": 16,
      "fn": 10
    },
    "cam4": {
      "samples": 69,
      "threshold": 0.5,
      "accuracy": 0.5797101449275363,
      "balanced_accuracy": 0.5820707070707071,
      "precision": 0.5526315789473685,
      "recall": 0.6363636363636364,
      "specificity": 0.5277777777777778,
      "f1": 0.5915492957746479,
      "false_positive_rate": 0.4722222222222222,
      "roc_auc": 0.5627104377104377,
      "tp": 21,
      "tn": 19,
      "fp": 17,
      "fn": 12
    },
    "cam5": {
      "samples": 70,
      "threshold": 0.5,
      "accuracy": 0.6285714285714286,
      "balanced_accuracy": 0.6266339869281046,
      "precision": 0.6333333333333333,
      "recall": 0.5588235294117647,
      "specificity": 0.6944444444444444,
      "f1": 0.59375,
      "false_positive_rate": 0.3055555555555556,
      "roc_auc": 0.6491013071895425,
      "tp": 19,
      "tn": 25,
      "fp": 11,
      "fn": 15
    },
    "cam6": {
      "samples": 69,
      "threshold": 0.5,
      "accuracy": 0.6231884057971014,
      "balanced_accuracy": 0.625,
      "precision": 0.5945945945945946,
      "recall": 0.6666666666666666,
      "specificity": 0.5833333333333334,
      "f1": 0.6285714285714286,
      "false_positive_rate": 0.4166666666666667,
      "roc_auc": 0.6792929292929293,
      "tp": 22,
      "tn": 21,
      "fp": 15,
      "fn": 11
    },
    "cam7": {
      "samples": 69,
      "threshold": 0.5,
      "accuracy": 0.5507246376811594,
      "balanced_accuracy": 0.5454545454545454,
      "precision": 0.5384615384615384,
      "recall": 0.42424242424242425,
      "specificity": 0.6666666666666666,
      "f1": 0.47457627118644075,
      "false_positive_rate": 0.3333333333333333,
      "roc_auc": 0.6835016835016835,
      "tp": 14,
      "tn": 24,
      "fp": 12,
      "fn": 19
    },
    "cam8": {
      "samples": 69,
      "threshold": 0.5,
      "accuracy": 0.5362318840579711,
      "balanced_accuracy": 0.529040404040404,
      "precision": 0.5217391304347826,
      "recall": 0.36363636363636365,
      "specificity": 0.6944444444444444,
      "f1": 0.42857142857142855,
      "false_positive_rate": 0.3055555555555556,
      "roc_auc": 0.5589225589225589,
      "tp": 12,
      "tn": 25,
      "fp": 11,
      "fn": 21
    },
    "cross_view_test": {
      "samples": 415,
      "threshold": 0.5,
      "accuracy": 0.6,
      "balanced_accuracy": 0.5973501768099758,
      "precision": 0.5921787709497207,
      "recall": 0.5326633165829145,
      "specificity": 0.6620370370370371,
      "f1": 0.5608465608465609,
      "false_positive_rate": 0.33796296296296297,
      "roc_auc": 0.6439721756932812,
      "tp": 106,
      "tn": 143,
      "fp": 73,
      "fn": 93
    }
  },
  "groups_calibrated": {
    "all": {
      "samples": 552,
      "threshold": 0.14,
      "accuracy": 0.6213768115942029,
      "balanced_accuracy": 0.6313131313131313,
      "precision": 0.568922305764411,
      "recall": 0.8598484848484849,
      "specificity": 0.4027777777777778,
      "f1": 0.6847662141779789,
      "false_positive_rate": 0.5972222222222222,
      "roc_auc": 0.6455439814814815,
      "tp": 227,
      "tn": 116,
      "fp": 172,
      "fn": 37
    },
    "cam1": {
      "samples": 69,
      "threshold": 0.14,
      "accuracy": 0.6231884057971014,
      "balanced_accuracy": 0.6325757575757576,
      "precision": 0.5714285714285714,
      "recall": 0.8484848484848485,
      "specificity": 0.4166666666666667,
      "f1": 0.6829268292682927,
      "false_positive_rate": 0.5833333333333334,
      "roc_auc": 0.6443602693602694,
      "tp": 28,