{
  "route": "rtmpose+stgcnpp",
  "pose": "rtmpose",
  "model": "stgcnpp",
  "fold": 1,
  "seed": 2027,
  "device": "cuda",
  "gpu": "NVIDIA GeForce RTX 4060 Laptop GPU",
  "best_epoch": 62,
  "epochs_ran": 300,
  "parameters": 1185798,
  "latency_ms_batch1": 12.207899000059115,
  "samples": {
    "train": 779,
    "val": 513,
    "test": 256
  },
  "validation": {
    "loss": 0.3250963698353684,
    "accuracy": 0.9376218323586745,
    "precision": 0.8742857142857143,
    "recall": 0.9386503067484663,
    "specificity": 0.9371428571428572,
    "f1": 0.9053254437869822,
    "balanced_accuracy": 0.9378965819456617,
    "tp": 153,
    "tn": 328,
    "fp": 22,
    "fn": 10
  },
  "test": {
    "loss": 0.7101079858839512,
    "accuracy": 0.78125,
    "precision": 0.7407407407407407,
    "recall": 0.631578947368421,
    "specificity": 0.8695652173913043,
    "f1": 0.6818181818181818,
    "balanced_accuracy": 0.7505720823798627,
    "tp": 60,
    "tn": 140,
    "fp": 21,
    "fn": 35
  },
  "config": {
    "epochs": 300,
    "batch_size": 64,
    "learning_rate": 0.0003,
    "weight_decay": 0.001,
    "patience": 20,
    "early_stopping": false,
    "dropout": 0.5,
    "base_channels": 64,
    "amp": true
  }
}
