{
  "route": "alphapose+posec3d",
  "pose": "alphapose",
  "model": "posec3d",
  "fold": 1,
  "seed": 2027,
  "device": "cuda",
  "gpu": "NVIDIA GeForce RTX 4060 Laptop GPU",
  "best_epoch": 32,
  "epochs_ran": 300,
  "parameters": 3626146,
  "latency_ms_batch1": 3.486387000011746,
  "samples": {
    "train": 80,
    "val": 48,
    "test": 32
  },
  "validation": {
    "loss": 0.6680889924367269,
    "accuracy": 0.8333333333333334,
    "precision": 0.7931034482758621,
    "recall": 0.92,
    "specificity": 0.7391304347826086,
    "f1": 0.851851851851852,
    "balanced_accuracy": 0.8295652173913044,
    "tp": 23,
    "tn": 17,
    "fp": 6,
    "fn": 2
  },
  "test": {
    "loss": 0.6071051731705666,
    "accuracy": 0.78125,
    "precision": 0.7142857142857143,
    "recall": 0.9375,
    "specificity": 0.625,
    "f1": 0.8108108108108109,
    "balanced_accuracy": 0.78125,
    "tp": 15,
    "tn": 10,
    "fp": 6,
    "fn": 1
  },
  "config": {
    "epochs": 300,
    "batch_size": 16,
    "learning_rate": 0.0003,
    "weight_decay": 0.001,
    "patience": 15,
    "early_stopping": false,
    "dropout": 0.5,
    "base_channels": 64,
    "amp": true
  }
}
