{
  "route": "yolo_bytetrack+posec3d",
  "pose": "yolo_bytetrack",
  "model": "posec3d",
  "fold": 4,
  "seed": 2030,
  "device": "cuda",
  "gpu": "NVIDIA GeForce RTX 4060 Laptop GPU",
  "best_epoch": 15,
  "epochs_ran": 300,
  "parameters": 3626146,
  "latency_ms_batch1": 1.5380499999446329,
  "samples": {
    "train": 91,
    "val": 32,
    "test": 37
  },
  "validation": {
    "loss": 0.329066701233387,
    "accuracy": 0.90625,
    "precision": 0.8823529411764706,
    "recall": 0.9375,
    "specificity": 0.875,
    "f1": 0.9090909090909091,
    "balanced_accuracy": 0.90625,
    "tp": 15,
    "tn": 14,
    "fp": 2,
    "fn": 1
  },
  "test": {
    "loss": 0.7878944599950636,
    "accuracy": 0.7837837837837838,
    "precision": 0.7142857142857143,
    "recall": 0.8823529411764706,
    "specificity": 0.7,
    "f1": 0.7894736842105262,
    "balanced_accuracy": 0.7911764705882353,
    "tp": 15,
    "tn": 14,
    "fp": 6,
    "fn": 2
  },
  "config": {
    "epochs": 300,
    "batch_size": 16,
    "learning_rate": 0.0003,
    "weight_decay": 0.001,
    "patience": 15,
    "early_stopping": false,
    "dropout": 0.5,
    "base_channels": 64,
    "amp": true
  }
}
