{
  "route": "yolo_bytetrack+ctrgcn",
  "pose": "yolo_bytetrack",
  "model": "ctrgcn",
  "fold": 2,
  "seed": 2028,
  "device": "cuda",
  "gpu": "NVIDIA GeForce RTX 4060 Laptop GPU",
  "best_epoch": 13,
  "epochs_ran": 300,
  "parameters": 1421488,
  "latency_ms_batch1": 24.153353000001516,
  "samples": {
    "train": 69,
    "val": 43,
    "test": 48
  },
  "validation": {
    "loss": 0.32567142539246136,
    "accuracy": 0.9534883720930233,
    "precision": 1.0,
    "recall": 0.9047619047619048,
    "specificity": 1.0,
    "f1": 0.9500000000000001,
    "balanced_accuracy": 0.9523809523809523,
    "tp": 19,
    "tn": 22,
    "fp": 0,
    "fn": 2
  },
  "test": {
    "loss": 0.4343704084555308,
    "accuracy": 0.875,
    "precision": 0.8518518518518519,
    "recall": 0.92,
    "specificity": 0.8260869565217391,
    "f1": 0.8846153846153846,
    "balanced_accuracy": 0.8730434782608696,
    "tp": 23,
    "tn": 19,
    "fp": 4,
    "fn": 2
  },
  "config": {
    "epochs": 300,
    "batch_size": 16,
    "learning_rate": 0.0003,
    "weight_decay": 0.001,
    "patience": 15,
    "early_stopping": false,
    "dropout": 0.5,
    "base_channels": 64,
    "amp": true
  }
}
