{
  "route": "rtmo+posec3d",
  "pose": "rtmo",
  "model": "posec3d",
  "fold": 4,
  "seed": 2030,
  "device": "cuda",
  "gpu": "NVIDIA GeForce RTX 4060 Laptop GPU",
  "best_epoch": 21,
  "epochs_ran": 300,
  "parameters": 3626146,
  "latency_ms_batch1": 1.4921529999992345,
  "samples": {
    "train": 91,
    "val": 32,
    "test": 37
  },
  "validation": {
    "loss": 0.3709679991006851,
    "accuracy": 0.9375,
    "precision": 0.9375,
    "recall": 0.9375,
    "specificity": 0.9375,
    "f1": 0.9375,
    "balanced_accuracy": 0.9375,
    "tp": 15,
    "tn": 15,
    "fp": 1,
    "fn": 1
  },
  "test": {
    "loss": 0.8848256259351164,
    "accuracy": 0.6756756756756757,
    "precision": 0.6190476190476191,
    "recall": 0.7647058823529411,
    "specificity": 0.6,
    "f1": 0.6842105263157895,
    "balanced_accuracy": 0.6823529411764706,
    "tp": 13,
    "tn": 12,
    "fp": 8,
    "fn": 4
  },
  "config": {
    "epochs": 300,
    "batch_size": 16,
    "learning_rate": 0.0003,
    "weight_decay": 0.001,
    "patience": 15,
    "early_stopping": false,
    "dropout": 0.5,
    "base_channels": 64,
    "amp": true
  }
}
