{
  "route": "yolo+posec3d",
  "pose": "yolo",
  "model": "posec3d",
  "fold": 3,
  "seed": 2029,
  "device": "cuda",
  "gpu": "NVIDIA GeForce RTX 4060 Laptop GPU",
  "best_epoch": 22,
  "epochs_ran": 300,
  "parameters": 3626146,
  "latency_ms_batch1": 3.3116529999824706,
  "samples": {
    "train": 80,
    "val": 37,
    "test": 43
  },
  "validation": {
    "loss": 0.9115284810195098,
    "accuracy": 0.7837837837837838,
    "precision": 0.7142857142857143,
    "recall": 0.8823529411764706,
    "specificity": 0.7,
    "f1": 0.7894736842105262,
    "balanced_accuracy": 0.7911764705882353,
    "tp": 15,
    "tn": 14,
    "fp": 6,
    "fn": 2
  },
  "test": {
    "loss": 0.6692785107812216,
    "accuracy": 0.7441860465116279,
    "precision": 0.9166666666666666,
    "recall": 0.5238095238095238,
    "specificity": 0.9545454545454546,
    "f1": 0.6666666666666667,
    "balanced_accuracy": 0.7391774891774892,
    "tp": 11,
    "tn": 21,
    "fp": 1,
    "fn": 10
  },
  "config": {
    "epochs": 300,
    "batch_size": 16,
    "learning_rate": 0.0003,
    "weight_decay": 0.001,
    "patience": 15,
    "early_stopping": false,
    "dropout": 0.5,
    "base_channels": 64,
    "amp": true
  }
}
