{
  "route": "alphapose+ctrgcn",
  "pose": "alphapose",
  "model": "ctrgcn",
  "fold": 3,
  "seed": 2029,
  "device": "cuda",
  "gpu": "NVIDIA GeForce RTX 4060 Laptop GPU",
  "best_epoch": 15,
  "epochs_ran": 300,
  "parameters": 1421488,
  "latency_ms_batch1": 22.95725100004347,
  "samples": {
    "train": 80,
    "val": 37,
    "test": 43
  },
  "validation": {
    "loss": 1.1471868479574048,
    "accuracy": 0.7837837837837838,
    "precision": 0.7142857142857143,
    "recall": 0.8823529411764706,
    "specificity": 0.7,
    "f1": 0.7894736842105262,
    "balanced_accuracy": 0.7911764705882353,
    "tp": 15,
    "tn": 14,
    "fp": 6,
    "fn": 2
  },
  "test": {
    "loss": 0.5708660303160201,
    "accuracy": 0.813953488372093,
    "precision": 0.8095238095238095,
    "recall": 0.8095238095238095,
    "specificity": 0.8181818181818182,
    "f1": 0.8095238095238095,
    "balanced_accuracy": 0.8138528138528138,
    "tp": 17,
    "tn": 18,
    "fp": 4,
    "fn": 4
  },
  "config": {
    "epochs": 300,
    "batch_size": 16,
    "learning_rate": 0.0003,
    "weight_decay": 0.001,
    "patience": 15,
    "early_stopping": false,
    "dropout": 0.5,
    "base_channels": 64,
    "amp": true
  }
}
