{
  "route": "rtmo+stgcnpp",
  "pose": "rtmo",
  "model": "stgcnpp",
  "fold": 2,
  "seed": 2028,
  "device": "cuda",
  "gpu": "NVIDIA GeForce RTX 4060 Laptop GPU",
  "best_epoch": 16,
  "epochs_ran": 300,
  "parameters": 1185798,
  "latency_ms_batch1": 9.81717300004675,
  "samples": {
    "train": 69,
    "val": 43,
    "test": 48
  },
  "validation": {
    "loss": 0.6364726126194,
    "accuracy": 0.813953488372093,
    "precision": 0.76,
    "recall": 0.9047619047619048,
    "specificity": 0.7272727272727273,
    "f1": 0.8260869565217391,
    "balanced_accuracy": 0.8160173160173161,
    "tp": 19,
    "tn": 16,
    "fp": 6,
    "fn": 2
  },
  "test": {
    "loss": 0.8884005049864451,
    "accuracy": 0.7291666666666666,
    "precision": 0.7,
    "recall": 0.84,
    "specificity": 0.6086956521739131,
    "f1": 0.7636363636363636,
    "balanced_accuracy": 0.7243478260869565,
    "tp": 21,
    "tn": 14,
    "fp": 9,
    "fn": 4
  },
  "config": {
    "epochs": 300,
    "batch_size": 16,
    "learning_rate": 0.0003,
    "weight_decay": 0.001,
    "patience": 15,
    "early_stopping": false,
    "dropout": 0.5,
    "base_channels": 64,
    "amp": true
  }
}
