{
  "pose": "rtmpose",
  "model": "posec3d",
  "tensor": "C:\\Users\\HP\\Documents\\挑战杯\\fall_benchmark\\data\\gcn\\mcfd_rtmpose_t64.npz",
  "ensemble": "mean probability of four subject-independent fold checkpoints",
  "threshold_selection": {
    "source": "cam1 only",
    "objective": "maximum balanced accuracy, then F1",
    "selected": 0.41000000000000003,
    "calibration_metrics": {
      "samples": 69,
      "threshold": 0.41000000000000003,
      "accuracy": 0.6521739130434783,
      "balanced_accuracy": 0.6464646464646464,
      "precision": 0.68,
      "recall": 0.5151515151515151,
      "specificity": 0.7777777777777778,
      "f1": 0.5862068965517241,
      "false_positive_rate": 0.2222222222222222,
      "roc_auc": 0.6237373737373737,
      "tp": 17,
      "tn": 28,
      "fp": 8,
      "fn": 16
    }
  },
  "fold_metrics": [
    {
      "fold": 1,
      "samples": 552,
      "threshold": 0.5,
      "accuracy": 0.6177536231884058,
      "balanced_accuracy": 0.6163194444444444,
      "precision": 0.6039215686274509,
      "recall": 0.5833333333333334,
      "specificity": 0.6493055555555556,
      "f1": 0.5934489402697496,
      "false_positive_rate": 0.3506944444444444,
      "roc_auc": 0.6336410984848485,
      "tp": 154,
      "tn": 187,
      "fp": 101,
      "fn": 110
    },
    {
      "fold": 2,
      "samples": 552,
      "threshold": 0.5,
      "accuracy": 0.6358695652173914,
      "balanced_accuracy": 0.6346275252525253,
      "precision": 0.622568093385214,
      "recall": 0.6060606060606061,
      "specificity": 0.6631944444444444,
      "f1": 0.6142034548944338,
      "false_positive_rate": 0.3368055555555556,
      "roc_auc": 0.6371067445286195,
      "tp": 160,
      "tn": 191,
      "fp": 97,
      "fn": 104
    },
    {
      "fold": 3,
      "samples": 552,
      "threshold": 0.5,
      "accuracy": 0.5815217391304348,
      "balanced_accuracy": 0.5801767676767677,
      "precision": 0.5642023346303502,
      "recall": 0.5492424242424242,
      "specificity": 0.6111111111111112,
      "f1": 0.5566218809980806,
      "false_positive_rate": 0.3888888888888889,
      "roc_auc": 0.5640914351851852,
      "tp": 145,
      "tn": 176,
      "fp": 112,
      "fn": 119
    },
    {
      "fold": 4,
      "samples": 552,
      "threshold": 0.5,
      "accuracy": 0.5833333333333334,
      "balanced_accuracy": 0.5782828282828283,
      "precision": 0.580952380952381,
      "recall": 0.4621212121212121,
      "specificity": 0.6944444444444444,
      "f1": 0.5147679324894515,
      "false_positive_rate": 0.3055555555555556,
      "roc_auc": 0.6004313973063973,
      "tp": 122,
      "tn": 200,
      "fp": 88,
      "fn": 142
    }
  ],
  "groups_fixed_0p5": {
    "all": {
      "samples": 552,
      "threshold": 0.5,
      "accuracy": 0.6068840579710145,
      "balanced_accuracy": 0.6038510101010102,
      "precision": 0.6,
      "recall": 0.5340909090909091,
      "specificity": 0.6736111111111112,
      "f1": 0.5651302605210421,
      "false_positive_rate": 0.3263888888888889,
      "roc_auc": 0.6299847432659933,
      "tp": 141,
      "tn": 194,
      "fp": 94,
      "fn": 123
    },
    "cam1": {
      "samples": 69,
      "threshold": 0.5,
      "accuracy": 0.6231884057971014,
      "balanced_accuracy": 0.6161616161616161,
      "precision": 0.6521739130434783,
      "recall": 0.45454545454545453,
      "specificity": 0.7777777777777778,
      "f1": 0.5357142857142857,
      "false_positive_rate": 0.2222222222222222,
      "roc_auc": 0.6237373737373737,
      "tp": 15,
      "tn": 28,
      "fp": 8,
      "fn": 18
    },
    "cam2": {
      "samples": 69,
      "threshold": 0.5,
      "accuracy": 0.5652173913043478,
      "balanced_accuracy": 0.5618686868686869,
      "precision": 0.5517241379310345,
      "recall": 0.48484848484848486,
      "specificity": 0.6388888888888888,
      "f1": 0.5161290322580646,
      "false_positive_rate": 0.3611111111111111,
      "roc_auc": 0.617003367003367,
      "tp": 16,
      "tn": 23,
      "fp": 13,
      "fn": 17
    },
    "cam3": {
      "samples": 68,
      "threshold": 0.5,
      "accuracy": 0.6176470588235294,
      "balanced_accuracy": 0.6180555555555556,
      "precision": 0.5882352941176471,
      "recall": 0.625,
      "specificity": 0.6111111111111112,
      "f1": 0.6060606060606061,
      "false_positive_rate": 0.3888888888888889,
      "roc_auc": 0.5868055555555556,
      "tp": 20,
      "tn": 22,
      "fp": 14,
      "fn": 12
    },
    "cam4": {
      "samples": 69,
      "threshold": 0.5,
      "accuracy": 0.6086956521739131,
      "balanced_accuracy": 0.6111111111111112,
      "precision": 0.5789473684210527,
      "recall": 0.6666666666666666,
      "specificity": 0.5555555555555556,
      "f1": 0.619718309859155,
      "false_positive_rate": 0.4444444444444444,
      "roc_auc": 0.5673400673400674,
      "tp": 22,
      "tn": 20,
      "fp": 16,
      "fn": 11
    },
    "cam5": {
      "samples": 70,
      "threshold": 0.5,
      "accuracy": 0.6571428571428571,
      "balanced_accuracy": 0.6544117647058824,
      "precision": 0.6785714285714286,
      "recall": 0.5588235294117647,
      "specificity": 0.75,
      "f1": 0.6129032258064516,
      "false_positive_rate": 0.25,
      "roc_auc": 0.678921568627451,
      "tp": 19,
      "tn": 27,
      "fp": 9,
      "fn": 15
    },
    "cam6": {
      "samples": 69,
      "threshold": 0.5,
      "accuracy": 0.6376811594202898,
      "balanced_accuracy": 0.6376262626262625,
      "precision": 0.6176470588235294,
      "recall": 0.6363636363636364,
      "specificity": 0.6388888888888888,
      "f1": 0.6268656716417911,
      "false_positive_rate": 0.3611111111111111,
      "roc_auc": 0.6515151515151515,
      "tp": 21,
      "tn": 23,
      "fp": 13,
      "fn": 12
    },
    "cam7": {
      "samples": 69,
      "threshold": 0.5,
      "accuracy": 0.6086956521739131,
      "balanced_accuracy": 0.6035353535353536,
      "precision": 0.6153846153846154,
      "recall": 0.48484848484848486,
      "specificity": 0.7222222222222222,
      "f1": 0.5423728813559322,
      "false_positive_rate": 0.2777777777777778,
      "roc_auc": 0.7129629629629629,
      "tp": 16,
      "tn": 26,
      "fp": 10,
      "fn": 17
    },
    "cam8": {
      "samples": 69,
      "threshold": 0.5,
      "accuracy": 0.5362318840579711,
      "balanced_accuracy": 0.529040404040404,
      "precision": 0.5217391304347826,
      "recall": 0.36363636363636365,
      "specificity": 0.6944444444444444,
      "f1": 0.42857142857142855,
      "false_positive_rate": 0.3055555555555556,
      "roc_auc": 0.6052188552188552,
      "tp": 12,
      "tn": 25,
      "fp": 11,
      "fn": 21
    },
    "cross_view_test": {
      "samples": 415,
      "threshold": 0.5,
      "accuracy": 0.6024096385542169,
      "balanced_accuracy": 0.5996649916247906,
      "precision": 0.5955056179775281,
      "recall": 0.5326633165829145,
      "specificity": 0.6666666666666666,
      "f1": 0.5623342175066314,
      "false_positive_rate": 0.3333333333333333,
      "roc_auc": 0.6357016564302996,
      "tp": 106,
      "tn": 144,
      "fp": 72,
      "fn": 93
    }
  },
  "groups_calibrated": {
    "all": {
      "samples": 552,
      "threshold": 0.41000000000000003,
      "accuracy": 0.6141304347826086,
      "balanced_accuracy": 0.6122159090909092,
      "precision": 0.6024096385542169,
      "recall": 0.5681818181818182,
      "specificity": 0.65625,
      "f1": 0.584795321637427,
      "false_positive_rate": 0.34375,
      "roc_auc": 0.6299847432659933,
      "tp": 150,
      "tn": 189,
      "fp": 99,
      "fn": 114
    },
    "cam1": {
      "samples": 69,
      "threshold": 0.41000000000000003,
      "accuracy": 0.6521739130434783,
      "balanced_accuracy": 0.6464646464646464,
      "precision": 0.68,
      "recall": 0.5151515151515151,
      "specificity": 0.7777777777777778,
      "f1": 0.5862068965517241,
      "false_positive_rate": 0.2222222222222222,