{
  "route": "yolo+stgcnpp",
  "pose": "yolo",
  "model": "stgcnpp",
  "fold": 4,
  "seed": 2030,
  "device": "cuda",
  "gpu": "NVIDIA GeForce RTX 4060 Laptop GPU",
  "best_epoch": 8,
  "epochs_ran": 23,
  "parameters": 1185798,
  "latency_ms_batch1": 10.300182000064524,
  "samples": {
    "train": 91,
    "val": 32,
    "test": 37
  },
  "validation": {
    "loss": 0.2657807171344757,
    "accuracy": 1.0,
    "precision": 1.0,
    "recall": 1.0,
    "specificity": 1.0,
    "f1": 1.0,
    "balanced_accuracy": 1.0,
    "tp": 16,
    "tn": 16,
    "fp": 0,
    "fn": 0
  },
  "test": {
    "loss": 1.6033960033107448,
    "accuracy": 0.7027027027027027,
    "precision": 0.6363636363636364,
    "recall": 0.8235294117647058,
    "specificity": 0.6,
    "f1": 0.717948717948718,
    "balanced_accuracy": 0.7117647058823529,
    "tp": 14,
    "tn": 12,
    "fp": 8,
    "fn": 3
  },
  "config": {
    "epochs": 300,
    "batch_size": 16,
    "learning_rate": 0.0003,
    "weight_decay": 0.001,
    "patience": 15,
    "dropout": 0.5,
    "base_channels": 64,
    "amp": true
  }
}
