{
  "route": "openpose+posec3d",
  "pose": "openpose",
  "model": "posec3d",
  "fold": 1,
  "seed": 2027,
  "device": "cuda",
  "gpu": "NVIDIA GeForce RTX 4060 Laptop GPU",
  "best_epoch": 84,
  "epochs_ran": 300,
  "parameters": 3626146,
  "latency_ms_batch1": 2.442326000018511,
  "samples": {
    "train": 80,
    "val": 48,
    "test": 32
  },
  "validation": {
    "loss": 0.6719241738319397,
    "accuracy": 0.7708333333333334,
    "precision": 0.7916666666666666,
    "recall": 0.76,
    "specificity": 0.782608695652174,
    "f1": 0.7755102040816326,
    "balanced_accuracy": 0.771304347826087,
    "tp": 19,
    "tn": 18,
    "fp": 5,
    "fn": 6
  },
  "test": {
    "loss": 0.8292235732078552,
    "accuracy": 0.625,
    "precision": 0.6111111111111112,
    "recall": 0.6875,
    "specificity": 0.5625,
    "f1": 0.6470588235294118,
    "balanced_accuracy": 0.625,
    "tp": 11,
    "tn": 9,
    "fp": 7,
    "fn": 5
  },
  "config": {
    "epochs": 300,
    "batch_size": 16,
    "learning_rate": 0.0003,
    "weight_decay": 0.001,
    "patience": 15,
    "early_stopping": false,
    "dropout": 0.5,
    "base_channels": 64,
    "amp": true
  }
}
