{
  "pose": "yolo_bytetrack",
  "model": "stgcnpp",
  "tensor": "C:\\Users\\HP\\Documents\\挑战杯\\fall_benchmark\\data\\gcn\\mcfd_yolo_bytetrack_t64_c010.npz",
  "ensemble": "mean probability of four subject-independent fold checkpoints",
  "threshold_selection": {
    "source": "cam1 only",
    "objective": "maximum balanced accuracy, then F1",
    "selected": 0.8300000000000001,
    "calibration_metrics": {
      "samples": 69,
      "threshold": 0.8300000000000001,
      "accuracy": 0.6811594202898551,
      "balanced_accuracy": 0.6666666666666666,
      "precision": 1.0,
      "recall": 0.3333333333333333,
      "specificity": 1.0,
      "f1": 0.5,
      "false_positive_rate": 0.0,
      "roc_auc": 0.6822390572390572,
      "tp": 11,
      "tn": 36,
      "fp": 0,
      "fn": 22
    }
  },
  "fold_metrics": [
    {
      "fold": 1,
      "samples": 552,
      "threshold": 0.5,
      "accuracy": 0.6612318840579711,
      "balanced_accuracy": 0.6571969696969697,
      "precision": 0.6742081447963801,
      "recall": 0.5643939393939394,
      "specificity": 0.75,
      "f1": 0.6144329896907217,
      "false_positive_rate": 0.25,
      "roc_auc": 0.6846853956228957,
      "tp": 149,
      "tn": 216,
      "fp": 72,
      "fn": 115
    },
    {
      "fold": 2,
      "samples": 552,
      "threshold": 0.5,
      "accuracy": 0.5887681159420289,
      "balanced_accuracy": 0.5890151515151516,
      "precision": 0.5667870036101083,
      "recall": 0.5946969696969697,
      "specificity": 0.5833333333333334,
      "f1": 0.5804066543438077,
      "false_positive_rate": 0.4166666666666667,
      "roc_auc": 0.6628524831649831,
      "tp": 157,
      "tn": 168,
      "fp": 120,
      "fn": 107
    },
    {
      "fold": 3,
      "samples": 552,
      "threshold": 0.5,
      "accuracy": 0.6358695652173914,
      "balanced_accuracy": 0.6354166666666667,
      "precision": 0.6179775280898876,
      "recall": 0.625,
      "specificity": 0.6458333333333334,
      "f1": 0.6214689265536723,
      "false_positive_rate": 0.3541666666666667,
      "roc_auc": 0.6322732533670034,
      "tp": 165,
      "tn": 186,
      "fp": 102,
      "fn": 99
    },
    {
      "fold": 4,
      "samples": 552,
      "threshold": 0.5,
      "accuracy": 0.6159420289855072,
      "balanced_accuracy": 0.6163194444444444,
      "precision": 0.5935251798561151,
      "recall": 0.625,
      "specificity": 0.6076388888888888,
      "f1": 0.6088560885608856,
      "false_positive_rate": 0.3923611111111111,
      "roc_auc": 0.633549031986532,
      "tp": 165,
      "tn": 175,
      "fp": 113,
      "fn": 99
    }
  ],
  "groups_fixed_0p5": {
    "all": {
      "samples": 552,
      "threshold": 0.5,
      "accuracy": 0.6159420289855072,
      "balanced_accuracy": 0.616635101010101,
      "precision": 0.5921985815602837,
      "recall": 0.6325757575757576,
      "specificity": 0.6006944444444444,
      "f1": 0.6117216117216118,
      "false_positive_rate": 0.3993055555555556,
      "roc_auc": 0.6937079124579124,
      "tp": 167,
      "tn": 173,
      "fp": 115,
      "fn": 97
    },
    "cam1": {
      "samples": 69,
      "threshold": 0.5,
      "accuracy": 0.6086956521739131,
      "balanced_accuracy": 0.6047979797979798,
      "precision": 0.6071428571428571,
      "recall": 0.5151515151515151,
      "specificity": 0.6944444444444444,
      "f1": 0.5573770491803278,
      "false_positive_rate": 0.3055555555555556,
      "roc_auc": 0.6822390572390572,
      "tp": 17,
      "tn": 25,
      "fp": 11,
      "fn": 16
    },
    "cam2": {
      "samples": 69,
      "threshold": 0.5,
      "accuracy": 0.6666666666666666,
      "balanced_accuracy": 0.6666666666666666,
      "precision": 0.6470588235294118,
      "recall": 0.6666666666666666,
      "specificity": 0.6666666666666666,
      "f1": 0.6567164179104478,
      "false_positive_rate": 0.3333333333333333,
      "roc_auc": 0.7824074074074073,
      "tp": 22,
      "tn": 24,
      "fp": 12,
      "fn": 11
    },
    "cam3": {
      "samples": 68,
      "threshold": 0.5,
      "accuracy": 0.6176470588235294,
      "balanced_accuracy": 0.625,
      "precision": 0.5714285714285714,
      "recall": 0.75,
      "specificity": 0.5,
      "f1": 0.6486486486486486,
      "false_positive_rate": 0.5,
      "roc_auc": 0.7178819444444444,
      "tp": 24,
      "tn": 18,
      "fp": 18,
      "fn": 8
    },
    "cam4": {
      "samples": 69,
      "threshold": 0.5,
      "accuracy": 0.5362318840579711,
      "balanced_accuracy": 0.5429292929292929,
      "precision": 0.5111111111111111,
      "recall": 0.696969696969697,
      "specificity": 0.3888888888888889,
      "f1": 0.5897435897435898,
      "false_positive_rate": 0.6111111111111112,
      "roc_auc": 0.6317340067340068,
      "tp": 23,
      "tn": 14,
      "fp": 22,
      "fn": 10
    },
    "cam5": {
      "samples": 70,
      "threshold": 0.5,
      "accuracy": 0.6571428571428571,
      "balanced_accuracy": 0.6560457516339869,
      "precision": 0.65625,
      "recall": 0.6176470588235294,
      "specificity": 0.6944444444444444,
      "f1": 0.6363636363636364,
      "false_positive_rate": 0.3055555555555556,
      "roc_auc": 0.6597222222222222,
      "tp": 21,
      "tn": 25,
      "fp": 11,
      "fn": 13
    },
    "cam6": {
      "samples": 69,
      "threshold": 0.5,
      "accuracy": 0.6376811594202898,
      "balanced_accuracy": 0.6426767676767677,
      "precision": 0.5952380952380952,
      "recall": 0.7575757575757576,
      "specificity": 0.5277777777777778,
      "f1": 0.6666666666666667,
      "false_positive_rate": 0.4722222222222222,
      "roc_auc": 0.7222222222222222,
      "tp": 25,
      "tn": 19,
      "fp": 17,
      "fn": 8
    },
    "cam7": {
      "samples": 69,
      "threshold": 0.5,
      "accuracy": 0.6376811594202898,
      "balanced_accuracy": 0.6363636363636364,
      "precision": 0.625,
      "recall": 0.6060606060606061,
      "specificity": 0.6666666666666666,
      "f1": 0.6153846153846154,
      "false_positive_rate": 0.3333333333333333,
      "roc_auc": 0.75,
      "tp": 20,
      "tn": 24,
      "fp": 12,
      "fn": 13
    },
    "cam8": {
      "samples": 69,
      "threshold": 0.5,
      "accuracy": 0.5652173913043478,
      "balanced_accuracy": 0.5606060606060606,
      "precision": 0.5555555555555556,
      "recall": 0.45454545454545453,
      "specificity": 0.6666666666666666,
      "f1": 0.5,
      "false_positive_rate": 0.3333333333333333,
      "roc_auc": 0.6237373737373737,
      "tp": 15,
      "tn": 24,
      "fp": 12,
      "fn": 18
    },
    "cross_view_test": {
      "samples": 415,
      "threshold": 0.5,
      "accuracy": 0.6168674698795181,
      "balanced_accuracy": 0.6175088404987903,
      "precision": 0.5943396226415094,
      "recall": 0.6331658291457286,
      "specificity": 0.6018518518518519,
      "f1": 0.6131386861313868,
      "false_positive_rate": 0.39814814814814814,
      "roc_auc": 0.6905476456355853,
      "tp": 126,
      "tn": 130,
      "fp": 86,
      "fn": 73
    }
  },
  "groups_calibrated": {
    "all": {
      "samples": 552,
      "threshold": 0.8300000000000001,
      "accuracy": 0.6521739130434783,
      "balanced_accuracy": 0.6418876262626263,
      "precision": 0.7535211267605634,
      "recall": 0.4053030303030303,
      "specificity": 0.8784722222222222,
      "f1": 0.5270935960591132,
      "false_positive_rate": 0.12152777777777778,
      "roc_auc": 0.6937079124579124,
      "tp": 107,
      "tn": 253,
      "fp": 35,
      "fn": 157
    },
    "cam1": {
      "samples": 69,
      "threshold": 0.8300000000000001,
      "accuracy": 0.6811594202898551,
      "balanced_accuracy": 0.6666666666666666,
      "precision": 1.0,
      "recall": 0.3333333333333333,
      "specificity": 1.0,
      "f1": 0.5,
      "false_positive_rate": 0.0,
      "roc_auc": 0.6822390572390572,
      "tp": 11,
      "tn": 36,
      "fp": 0,
      "fn": 22
    },
    "cam2": {
      "samples": 69,
      "threshold": 0.8300000000000001,