{
  "route": "rtmo+stgcnpp",
  "pose": "rtmo",
  "model": "stgcnpp",
  "fold": 3,
  "seed": 2029,
  "device": "cuda",
  "gpu": "NVIDIA GeForce RTX 4060 Laptop GPU",
  "best_epoch": 54,
  "epochs_ran": 300,
  "parameters": 1185798,
  "latency_ms_batch1": 9.599885000061477,
  "samples": {
    "train": 80,
    "val": 37,
    "test": 43
  },
  "validation": {
    "loss": 0.6786857456774325,
    "accuracy": 0.8108108108108109,
    "precision": 0.8571428571428571,
    "recall": 0.7058823529411765,
    "specificity": 0.9,
    "f1": 0.7741935483870968,
    "balanced_accuracy": 0.8029411764705883,
    "tp": 12,
    "tn": 18,
    "fp": 2,
    "fn": 5
  },
  "test": {
    "loss": 0.5791329173154609,
    "accuracy": 0.813953488372093,
    "precision": 0.9333333333333333,
    "recall": 0.6666666666666666,
    "specificity": 0.9545454545454546,
    "f1": 0.7777777777777778,
    "balanced_accuracy": 0.8106060606060606,
    "tp": 14,
    "tn": 21,
    "fp": 1,
    "fn": 7
  },
  "config": {
    "epochs": 300,
    "batch_size": 16,
    "learning_rate": 0.0003,
    "weight_decay": 0.001,
    "patience": 15,
    "early_stopping": false,
    "dropout": 0.5,
    "base_channels": 64,
    "amp": true
  }
}
