{
  "route": "rtmpose+posec3d",
  "pose": "rtmpose",
  "model": "posec3d",
  "fold": 4,
  "seed": 2030,
  "device": "cuda",
  "gpu": "NVIDIA GeForce RTX 4060 Laptop GPU",
  "best_epoch": 27,
  "epochs_ran": 300,
  "parameters": 3626146,
  "latency_ms_batch1": 1.6236609999032225,
  "samples": {
    "train": 91,
    "val": 32,
    "test": 37
  },
  "validation": {
    "loss": 0.2561028376221657,
    "accuracy": 0.96875,
    "precision": 0.9411764705882353,
    "recall": 1.0,
    "specificity": 0.9375,
    "f1": 0.9696969696969697,
    "balanced_accuracy": 0.96875,
    "tp": 16,
    "tn": 15,
    "fp": 1,
    "fn": 0
  },
  "test": {
    "loss": 0.7997751477602366,
    "accuracy": 0.7837837837837838,
    "precision": 0.7368421052631579,
    "recall": 0.8235294117647058,
    "specificity": 0.75,
    "f1": 0.7777777777777778,
    "balanced_accuracy": 0.7867647058823529,
    "tp": 14,
    "tn": 15,
    "fp": 5,
    "fn": 3
  },
  "config": {
    "epochs": 300,
    "batch_size": 16,
    "learning_rate": 0.0003,
    "weight_decay": 0.001,
    "patience": 15,
    "early_stopping": false,
    "dropout": 0.5,
    "base_channels": 64,
    "amp": true
  }
}
