{
  "route": "alphapose+posec3d",
  "pose": "alphapose",
  "model": "posec3d",
  "fold": 4,
  "seed": 2030,
  "device": "cuda",
  "gpu": "NVIDIA GeForce RTX 4060 Laptop GPU",
  "best_epoch": 22,
  "epochs_ran": 300,
  "parameters": 3626146,
  "latency_ms_batch1": 3.574998000112828,
  "samples": {
    "train": 91,
    "val": 32,
    "test": 37
  },
  "validation": {
    "loss": 0.15931255370378494,
    "accuracy": 1.0,
    "precision": 1.0,
    "recall": 1.0,
    "specificity": 1.0,
    "f1": 1.0,
    "balanced_accuracy": 1.0,
    "tp": 16,
    "tn": 16,
    "fp": 0,
    "fn": 0
  },
  "test": {
    "loss": 0.7727082532805365,
    "accuracy": 0.7567567567567568,
    "precision": 0.7222222222222222,
    "recall": 0.7647058823529411,
    "specificity": 0.75,
    "f1": 0.7428571428571428,
    "balanced_accuracy": 0.7573529411764706,
    "tp": 13,
    "tn": 15,
    "fp": 5,
    "fn": 4
  },
  "config": {
    "epochs": 300,
    "batch_size": 16,
    "learning_rate": 0.0003,
    "weight_decay": 0.001,
    "patience": 15,
    "early_stopping": false,
    "dropout": 0.5,
    "base_channels": 64,
    "amp": true
  }
}
