{
  "route": "yolo_bytetrack+ctrgcn",
  "pose": "yolo_bytetrack",
  "model": "ctrgcn",
  "fold": 4,
  "seed": 2030,
  "device": "cuda",
  "gpu": "NVIDIA GeForce RTX 4060 Laptop GPU",
  "best_epoch": 6,
  "epochs_ran": 300,
  "parameters": 1421488,
  "latency_ms_batch1": 19.871416999958456,
  "samples": {
    "train": 91,
    "val": 32,
    "test": 37
  },
  "validation": {
    "loss": 0.26180635392665863,
    "accuracy": 0.96875,
    "precision": 0.9411764705882353,
    "recall": 1.0,
    "specificity": 0.9375,
    "f1": 0.9696969696969697,
    "balanced_accuracy": 0.96875,
    "tp": 16,
    "tn": 15,
    "fp": 1,
    "fn": 0
  },
  "test": {
    "loss": 1.2908775323146098,
    "accuracy": 0.7297297297297297,
    "precision": 0.6666666666666666,
    "recall": 0.8235294117647058,
    "specificity": 0.65,
    "f1": 0.7368421052631577,
    "balanced_accuracy": 0.736764705882353,
    "tp": 14,
    "tn": 13,
    "fp": 7,
    "fn": 3
  },
  "config": {
    "epochs": 300,
    "batch_size": 16,
    "learning_rate": 0.0003,
    "weight_decay": 0.001,
    "patience": 15,
    "early_stopping": false,
    "dropout": 0.5,
    "base_channels": 64,
    "amp": true
  }
}
