{
  "route": "yolo+ctrgcn",
  "pose": "yolo",
  "model": "ctrgcn",
  "fold": 2,
  "seed": 2028,
  "device": "cuda",
  "gpu": "NVIDIA GeForce RTX 4060 Laptop GPU",
  "best_epoch": 6,
  "epochs_ran": 21,
  "parameters": 1421488,
  "latency_ms_batch1": 19.748351000016555,
  "samples": {
    "train": 69,
    "val": 43,
    "test": 48
  },
  "validation": {
    "loss": 0.5921791542408078,
    "accuracy": 0.8604651162790697,
    "precision": 0.8,
    "recall": 0.9523809523809523,
    "specificity": 0.7727272727272727,
    "f1": 0.8695652173913043,
    "balanced_accuracy": 0.8625541125541125,
    "tp": 20,
    "tn": 17,
    "fp": 5,
    "fn": 1
  },
  "test": {
    "loss": 0.5990369518597921,
    "accuracy": 0.7291666666666666,
    "precision": 0.6875,
    "recall": 0.88,
    "specificity": 0.5652173913043478,
    "f1": 0.7719298245614036,
    "balanced_accuracy": 0.7226086956521739,
    "tp": 22,
    "tn": 13,
    "fp": 10,
    "fn": 3
  },
  "config": {
    "epochs": 80,
    "batch_size": 16,
    "learning_rate": 0.0003,
    "weight_decay": 0.001,
    "patience": 15,
    "dropout": 0.5,
    "base_channels": 64,
    "amp": true
  }
}
