{
  "pose": "rtmpose",
  "model": "ctrgcn",
  "tensor": "C:\\Users\\HP\\Documents\\挑战杯\\fall_benchmark\\data\\gcn\\mcfd_rtmpose_t64.npz",
  "ensemble": "mean probability of four subject-independent fold checkpoints",
  "threshold_selection": {
    "source": "cam1 only",
    "objective": "maximum balanced accuracy, then F1",
    "selected": 0.11,
    "calibration_metrics": {
      "samples": 69,
      "threshold": 0.11,
      "accuracy": 0.6231884057971014,
      "balanced_accuracy": 0.6287878787878788,
      "precision": 0.5813953488372093,
      "recall": 0.7575757575757576,
      "specificity": 0.5,
      "f1": 0.6578947368421053,
      "false_positive_rate": 0.5,
      "roc_auc": 0.6178451178451179,
      "tp": 25,
      "tn": 18,
      "fp": 18,
      "fn": 8
    }
  },
  "fold_metrics": [
    {
      "fold": 1,
      "samples": 552,
      "threshold": 0.5,
      "accuracy": 0.6213768115942029,
      "balanced_accuracy": 0.6193181818181819,
      "precision": 0.611336032388664,
      "recall": 0.571969696969697,
      "specificity": 0.6666666666666666,
      "f1": 0.5909980430528375,
      "false_positive_rate": 0.3333333333333333,
      "roc_auc": 0.6466290509259258,
      "tp": 151,
      "tn": 192,
      "fp": 96,
      "fn": 113
    },
    {
      "fold": 2,
      "samples": 552,
      "threshold": 0.5,
      "accuracy": 0.605072463768116,
      "balanced_accuracy": 0.6051136363636364,
      "precision": 0.583941605839416,
      "recall": 0.6060606060606061,
      "specificity": 0.6041666666666666,
      "f1": 0.5947955390334572,
      "false_positive_rate": 0.3958333333333333,
      "roc_auc": 0.5913102377946128,
      "tp": 160,
      "tn": 174,
      "fp": 114,
      "fn": 104
    },
    {
      "fold": 3,
      "samples": 552,
      "threshold": 0.5,
      "accuracy": 0.6630434782608695,
      "balanced_accuracy": 0.6570391414141414,
      "precision": 0.6989795918367347,
      "recall": 0.5189393939393939,
      "specificity": 0.7951388888888888,
      "f1": 0.5956521739130434,
      "false_positive_rate": 0.2048611111111111,
      "roc_auc": 0.6954703282828283,
      "tp": 137,
      "tn": 229,
      "fp": 59,
      "fn": 127
    },
    {
      "fold": 4,
      "samples": 552,
      "threshold": 0.5,
      "accuracy": 0.6322463768115942,
      "balanced_accuracy": 0.6294191919191919,
      "precision": 0.6286919831223629,
      "recall": 0.5643939393939394,
      "specificity": 0.6944444444444444,
      "f1": 0.5948103792415169,
      "false_positive_rate": 0.3055555555555556,
      "roc_auc": 0.6633917297979798,
      "tp": 149,
      "tn": 200,
      "fp": 88,
      "fn": 115
    }
  ],
  "groups_fixed_0p5": {
    "all": {
      "samples": 552,
      "threshold": 0.5,
      "accuracy": 0.6304347826086957,
      "balanced_accuracy": 0.6284722222222223,
      "precision": 0.6209677419354839,
      "recall": 0.5833333333333334,
      "specificity": 0.6736111111111112,
      "f1": 0.6015625,
      "false_positive_rate": 0.3263888888888889,
      "roc_auc": 0.678766835016835,
      "tp": 154,
      "tn": 194,
      "fp": 94,
      "fn": 110
    },
    "cam1": {
      "samples": 69,
      "threshold": 0.5,
      "accuracy": 0.5797101449275363,
      "balanced_accuracy": 0.571969696969697,
      "precision": 0.5909090909090909,
      "recall": 0.3939393939393939,
      "specificity": 0.75,
      "f1": 0.4727272727272727,
      "false_positive_rate": 0.25,
      "roc_auc": 0.6178451178451179,
      "tp": 13,
      "tn": 27,
      "fp": 9,
      "fn": 20
    },
    "cam2": {
      "samples": 69,
      "threshold": 0.5,
      "accuracy": 0.5942028985507246,
      "balanced_accuracy": 0.5909090909090908,
      "precision": 0.5862068965517241,
      "recall": 0.5151515151515151,
      "specificity": 0.6666666666666666,
      "f1": 0.5483870967741935,
      "false_positive_rate": 0.3333333333333333,
      "roc_auc": 0.6792929292929293,
      "tp": 17,
      "tn": 24,
      "fp": 12,
      "fn": 16
    },
    "cam3": {
      "samples": 68,
      "threshold": 0.5,
      "accuracy": 0.6470588235294118,
      "balanced_accuracy": 0.6475694444444444,
      "precision": 0.6176470588235294,
      "recall": 0.65625,
      "specificity": 0.6388888888888888,
      "f1": 0.6363636363636364,
      "false_positive_rate": 0.3611111111111111,
      "roc_auc": 0.7352430555555556,
      "tp": 21,
      "tn": 23,
      "fp": 13,
      "fn": 11
    },
    "cam4": {
      "samples": 69,
      "threshold": 0.5,
      "accuracy": 0.6521739130434783,
      "balanced_accuracy": 0.6590909090909092,
      "precision": 0.6,
      "recall": 0.8181818181818182,
      "specificity": 0.5,
      "f1": 0.6923076923076923,
      "false_positive_rate": 0.5,
      "roc_auc": 0.7373737373737373,
      "tp": 27,
      "tn": 18,
      "fp": 18,
      "fn": 6
    },
    "cam5": {
      "samples": 70,
      "threshold": 0.5,
      "accuracy": 0.6714285714285714,
      "balanced_accuracy": 0.6691176470588236,
      "precision": 0.6896551724137931,
      "recall": 0.5882352941176471,
      "specificity": 0.75,
      "f1": 0.6349206349206349,
      "false_positive_rate": 0.25,
      "roc_auc": 0.6952614379084967,
      "tp": 20,
      "tn": 27,
      "fp": 9,
      "fn": 14
    },
    "cam6": {
      "samples": 69,
      "threshold": 0.5,
      "accuracy": 0.6811594202898551,
      "balanced_accuracy": 0.6830808080808081,
      "precision": 0.6486486486486487,
      "recall": 0.7272727272727273,
      "specificity": 0.6388888888888888,
      "f1": 0.6857142857142857,
      "false_positive_rate": 0.3611111111111111,
      "roc_auc": 0.7752525252525253,
      "tp": 24,
      "tn": 23,
      "fp": 13,
      "fn": 9
    },
    "cam7": {
      "samples": 69,
      "threshold": 0.5,
      "accuracy": 0.6376811594202898,
      "balanced_accuracy": 0.6351010101010102,
      "precision": 0.6333333333333333,
      "recall": 0.5757575757575758,
      "specificity": 0.6944444444444444,
      "f1": 0.6031746031746033,
      "false_positive_rate": 0.3055555555555556,
      "roc_auc": 0.6776094276094277,
      "tp": 19,
      "tn": 25,
      "fp": 11,
      "fn": 14
    },
    "cam8": {
      "samples": 69,
      "threshold": 0.5,
      "accuracy": 0.5797101449275363,
      "balanced_accuracy": 0.571969696969697,
      "precision": 0.5909090909090909,
      "recall": 0.3939393939393939,
      "specificity": 0.75,
      "f1": 0.4727272727272727,
      "false_positive_rate": 0.25,
      "roc_auc": 0.5951178451178452,
      "tp": 13,
      "tn": 27,
      "fp": 9,
      "fn": 20
    },
    "cross_view_test": {
      "samples": 415,
      "threshold": 0.5,
      "accuracy": 0.636144578313253,
      "balanced_accuracy": 0.6348408710217754,
      "precision": 0.625,
      "recall": 0.6030150753768844,
      "specificity": 0.6666666666666666,
      "f1": 0.6138107416879796,
      "false_positive_rate": 0.3333333333333333,
      "roc_auc": 0.6873022520007445,
      "tp": 120,
      "tn": 144,
      "fp": 72,
      "fn": 79
    }
  },
  "groups_calibrated": {
    "all": {
      "samples": 552,
      "threshold": 0.11,
      "accuracy": 0.5797101449275363,
      "balanced_accuracy": 0.5923295454545454,
      "precision": 0.5368663594470046,
      "recall": 0.8825757575757576,
      "specificity": 0.3020833333333333,
      "f1": 0.6676217765042979,
      "false_positive_rate": 0.6979166666666666,
      "roc_auc": 0.678766835016835,
      "tp": 233,
      "tn": 87,
      "fp": 201,
      "fn": 31
    },
    "cam1": {
      "samples": 69,
      "threshold": 0.11,
      "accuracy": 0.6231884057971014,
      "balanced_accuracy": 0.6287878787878788,
      "precision": 0.5813953488372093,
      "recall": 0.7575757575757576,
      "specificity": 0.5,
      "f1": 0.6578947368421053,
      "false_positive_rate": 0.5,
      "roc_auc": 0.6178451178451179,
      "tp": 25,
      "tn": 18,
      "fp": 18,
      "fn": 8
    },
    "cam2": {
      "samples": 69,
      "threshold": 0.11,
      "accuracy": 0.6086956521739131,