{
  "route": "openpose+stgcnpp",
  "pose": "openpose",
  "model": "stgcnpp",
  "fold": 4,
  "seed": 2030,
  "device": "cuda",
  "gpu": "NVIDIA GeForce RTX 4060 Laptop GPU",
  "best_epoch": 155,
  "epochs_ran": 300,
  "parameters": 1185798,
  "latency_ms_batch1": 12.47191100002965,
  "samples": {
    "train": 91,
    "val": 32,
    "test": 37
  },
  "validation": {
    "loss": 0.8077321797609329,
    "accuracy": 0.8125,
    "precision": 0.7272727272727273,
    "recall": 1.0,
    "specificity": 0.625,
    "f1": 0.8421052631578948,
    "balanced_accuracy": 0.8125,
    "tp": 16,
    "tn": 10,
    "fp": 6,
    "fn": 0
  },
  "test": {
    "loss": 0.7811371563254176,
    "accuracy": 0.7297297297297297,
    "precision": 0.6521739130434783,
    "recall": 0.8823529411764706,
    "specificity": 0.6,
    "f1": 0.75,
    "balanced_accuracy": 0.7411764705882353,
    "tp": 15,
    "tn": 12,
    "fp": 8,
    "fn": 2
  },
  "config": {
    "epochs": 300,
    "batch_size": 16,
    "learning_rate": 0.0003,
    "weight_decay": 0.001,
    "patience": 15,
    "early_stopping": false,
    "dropout": 0.5,
    "base_channels": 64,
    "amp": true
  }
}
