{
  "route": "openpose+ctrgcn",
  "pose": "openpose",
  "model": "ctrgcn",
  "fold": 1,
  "seed": 2027,
  "device": "cuda",
  "gpu": "NVIDIA GeForce RTX 4060 Laptop GPU",
  "best_epoch": 249,
  "epochs_ran": 300,
  "parameters": 1421488,
  "latency_ms_batch1": 24.725524999957997,
  "samples": {
    "train": 80,
    "val": 48,
    "test": 32
  },
  "validation": {
    "loss": 0.4573301076889038,
    "accuracy": 0.8541666666666666,
    "precision": 0.8461538461538461,
    "recall": 0.88,
    "specificity": 0.8260869565217391,
    "f1": 0.8627450980392156,
    "balanced_accuracy": 0.8530434782608696,
    "tp": 22,
    "tn": 19,
    "fp": 4,
    "fn": 3
  },
  "test": {
    "loss": 0.7550200819969177,
    "accuracy": 0.71875,
    "precision": 0.6666666666666666,
    "recall": 0.875,
    "specificity": 0.5625,
    "f1": 0.7567567567567567,
    "balanced_accuracy": 0.71875,
    "tp": 14,
    "tn": 9,
    "fp": 7,
    "fn": 2
  },
  "config": {
    "epochs": 300,
    "batch_size": 16,
    "learning_rate": 0.0003,
    "weight_decay": 0.001,
    "patience": 15,
    "early_stopping": false,
    "dropout": 0.5,
    "base_channels": 64,
    "amp": true
  }
}
