{
  "route": "rtmpose_bytetrack+stgcnpp",
  "pose": "rtmpose_bytetrack",
  "model": "stgcnpp",
  "fold": 3,
  "seed": 5203,
  "device": "cuda",
  "gpu": "NVIDIA GeForce RTX 4060 Laptop GPU",
  "best_epoch": 69,
  "epochs_ran": 300,
  "parameters": 1185798,
  "latency_ms_batch1": 22.26272700005211,
  "samples": {
    "train": 80,
    "val": 37,
    "test": 43
  },
  "validation": {
    "loss": 0.6833161695583446,
    "accuracy": 0.8378378378378378,
    "precision": 0.7619047619047619,
    "recall": 0.9411764705882353,
    "specificity": 0.75,
    "f1": 0.8421052631578947,
    "balanced_accuracy": 0.8455882352941176,
    "tp": 16,
    "tn": 15,
    "fp": 5,
    "fn": 1
  },
  "test": {
    "loss": 0.28654147303381633,
    "accuracy": 0.9069767441860465,
    "precision": 0.9473684210526315,
    "recall": 0.8571428571428571,
    "specificity": 0.9545454545454546,
    "f1": 0.9,
    "balanced_accuracy": 0.9058441558441559,
    "tp": 18,
    "tn": 21,
    "fp": 1,
    "fn": 3
  },
  "config": {
    "epochs": 300,
    "batch_size": 16,
    "learning_rate": 0.0003,
    "weight_decay": 0.001,
    "patience": 20,
    "early_stopping": false,
    "dropout": 0.5,
    "base_channels": 64,
    "amp": true
  }
}
