{
  "route": "yolo_bytetrack+posec3d",
  "pose": "yolo_bytetrack",
  "model": "posec3d",
  "fold": 1,
  "seed": 2027,
  "device": "cuda",
  "gpu": "NVIDIA GeForce RTX 4060 Laptop GPU",
  "best_epoch": 25,
  "epochs_ran": 300,
  "parameters": 3626146,
  "latency_ms_batch1": 1.4951689999725204,
  "samples": {
    "train": 80,
    "val": 48,
    "test": 32
  },
  "validation": {
    "loss": 0.39775656660397846,
    "accuracy": 0.9166666666666666,
    "precision": 0.9565217391304348,
    "recall": 0.88,
    "specificity": 0.9565217391304348,
    "f1": 0.9166666666666666,
    "balanced_accuracy": 0.9182608695652175,
    "tp": 22,
    "tn": 22,
    "fp": 1,
    "fn": 3
  },
  "test": {
    "loss": 0.37458357214927673,
    "accuracy": 0.84375,
    "precision": 0.7894736842105263,
    "recall": 0.9375,
    "specificity": 0.75,
    "f1": 0.8571428571428572,
    "balanced_accuracy": 0.84375,
    "tp": 15,
    "tn": 12,
    "fp": 4,
    "fn": 1
  },
  "config": {
    "epochs": 300,
    "batch_size": 16,
    "learning_rate": 0.0003,
    "weight_decay": 0.001,
    "patience": 15,
    "early_stopping": false,
    "dropout": 0.5,
    "base_channels": 64,
    "amp": true
  }
}
