{
  "pose": "yolo",
  "model": "ctrgcn",
  "tensor": "C:\\Users\\HP\\Documents\\挑战杯\\fall_benchmark\\data\\gcn\\mcfd_yolo_t64_c010.npz",
  "ensemble": "mean probability of four subject-independent fold checkpoints",
  "threshold_selection": {
    "source": "cam1 only",
    "objective": "maximum balanced accuracy, then F1",
    "selected": 0.34,
    "calibration_metrics": {
      "samples": 69,
      "threshold": 0.34,
      "accuracy": 0.6521739130434783,
      "balanced_accuracy": 0.6527777777777777,
      "precision": 0.6285714285714286,
      "recall": 0.6666666666666666,
      "specificity": 0.6388888888888888,
      "f1": 0.6470588235294118,
      "false_positive_rate": 0.3611111111111111,
      "roc_auc": 0.6317340067340068,
      "tp": 22,
      "tn": 23,
      "fp": 13,
      "fn": 11
    }
  },
  "fold_metrics": [
    {
      "fold": 1,
      "samples": 552,
      "threshold": 0.5,
      "accuracy": 0.5579710144927537,
      "balanced_accuracy": 0.5487689393939393,
      "precision": 0.5632911392405063,
      "recall": 0.3371212121212121,
      "specificity": 0.7604166666666666,
      "f1": 0.4218009478672986,
      "false_positive_rate": 0.23958333333333334,
      "roc_auc": 0.5882128577441077,
      "tp": 89,
      "tn": 219,
      "fp": 69,
      "fn": 175
    },
    {
      "fold": 2,
      "samples": 552,
      "threshold": 0.5,
      "accuracy": 0.5615942028985508,
      "balanced_accuracy": 0.5634469696969697,
      "precision": 0.5369127516778524,
      "recall": 0.6060606060606061,
      "specificity": 0.5208333333333334,
      "f1": 0.5693950177935944,
      "false_positive_rate": 0.4791666666666667,
      "roc_auc": 0.5816892887205387,
      "tp": 160,
      "tn": 150,
      "fp": 138,
      "fn": 104
    },
    {
      "fold": 3,
      "samples": 552,
      "threshold": 0.5,
      "accuracy": 0.5887681159420289,
      "balanced_accuracy": 0.5921717171717171,
      "precision": 0.5583596214511041,
      "recall": 0.6704545454545454,
      "specificity": 0.5138888888888888,
      "f1": 0.6092943201376935,
      "false_positive_rate": 0.4861111111111111,
      "roc_auc": 0.603515625,
      "tp": 177,
      "tn": 148,
      "fp": 140,
      "fn": 87
    },
    {
      "fold": 4,
      "samples": 552,
      "threshold": 0.5,
      "accuracy": 0.6159420289855072,
      "balanced_accuracy": 0.6128472222222222,
      "precision": 0.6111111111111112,
      "recall": 0.5416666666666666,
      "specificity": 0.6840277777777778,
      "f1": 0.5742971887550202,
      "false_positive_rate": 0.3159722222222222,
      "roc_auc": 0.6342724116161617,
      "tp": 143,
      "tn": 197,
      "fp": 91,
      "fn": 121
    }
  ],
  "groups_fixed_0p5": {
    "all": {
      "samples": 552,
      "threshold": 0.5,
      "accuracy": 0.5978260869565217,
      "balanced_accuracy": 0.5954861111111112,
      "precision": 0.5860655737704918,
      "recall": 0.5416666666666666,
      "specificity": 0.6493055555555556,
      "f1": 0.562992125984252,
      "false_positive_rate": 0.3506944444444444,
      "roc_auc": 0.6321811868686869,
      "tp": 143,
      "tn": 187,
      "fp": 101,
      "fn": 121
    },
    "cam1": {
      "samples": 69,
      "threshold": 0.5,
      "accuracy": 0.6086956521739131,
      "balanced_accuracy": 0.6047979797979798,
      "precision": 0.6071428571428571,
      "recall": 0.5151515151515151,
      "specificity": 0.6944444444444444,
      "f1": 0.5573770491803278,
      "false_positive_rate": 0.3055555555555556,
      "roc_auc": 0.6317340067340068,
      "tp": 17,
      "tn": 25,
      "fp": 11,
      "fn": 16
    },
    "cam2": {
      "samples": 69,
      "threshold": 0.5,
      "accuracy": 0.6811594202898551,
      "balanced_accuracy": 0.6767676767676768,
      "precision": 0.7037037037037037,
      "recall": 0.5757575757575758,
      "specificity": 0.7777777777777778,
      "f1": 0.6333333333333334,
      "false_positive_rate": 0.2222222222222222,
      "roc_auc": 0.6658249158249159,
      "tp": 19,
      "tn": 28,
      "fp": 8,
      "fn": 14
    },
    "cam3": {
      "samples": 68,
      "threshold": 0.5,
      "accuracy": 0.5441176470588235,
      "balanced_accuracy": 0.5416666666666667,
      "precision": 0.5161290322580645,
      "recall": 0.5,
      "specificity": 0.5833333333333334,
      "f1": 0.5079365079365079,
      "false_positive_rate": 0.4166666666666667,
      "roc_auc": 0.5329861111111112,
      "tp": 16,
      "tn": 21,
      "fp": 15,
      "fn": 16
    },
    "cam4": {
      "samples": 69,
      "threshold": 0.5,
      "accuracy": 0.5507246376811594,
      "balanced_accuracy": 0.5441919191919191,
      "precision": 0.5416666666666666,
      "recall": 0.3939393939393939,
      "specificity": 0.6944444444444444,
      "f1": 0.45614035087719296,
      "false_positive_rate": 0.3055555555555556,
      "roc_auc": 0.5496632996632996,
      "tp": 13,
      "tn": 25,
      "fp": 11,
      "fn": 20
    },
    "cam5": {
      "samples": 70,
      "threshold": 0.5,
      "accuracy": 0.5428571428571428,
      "balanced_accuracy": 0.5449346405228759,
      "precision": 0.525,
      "recall": 0.6176470588235294,
      "specificity": 0.4722222222222222,
      "f1": 0.5675675675675677,
      "false_positive_rate": 0.5277777777777778,
      "roc_auc": 0.5743464052287581,
      "tp": 21,
      "tn": 17,
      "fp": 19,
      "fn": 13
    },
    "cam6": {
      "samples": 69,
      "threshold": 0.5,
      "accuracy": 0.6086956521739131,
      "balanced_accuracy": 0.6123737373737375,
      "precision": 0.575,
      "recall": 0.696969696969697,
      "specificity": 0.5277777777777778,
      "f1": 0.6301369863013698,
      "false_positive_rate": 0.4722222222222222,
      "roc_auc": 0.6750841750841751,
      "tp": 23,
      "tn": 19,
      "fp": 17,
      "fn": 10
    },
    "cam7": {
      "samples": 69,
      "threshold": 0.5,
      "accuracy": 0.6666666666666666,
      "balanced_accuracy": 0.6603535353535354,
      "precision": 0.7083333333333334,
      "recall": 0.5151515151515151,
      "specificity": 0.8055555555555556,
      "f1": 0.5964912280701754,
      "false_positive_rate": 0.19444444444444445,
      "roc_auc": 0.7045454545454546,
      "tp": 17,
      "tn": 29,
      "fp": 7,
      "fn": 16
    },
    "cam8": {
      "samples": 69,
      "threshold": 0.5,
      "accuracy": 0.5797101449275363,
      "balanced_accuracy": 0.577020202020202,
      "precision": 0.5666666666666667,
      "recall": 0.5151515151515151,
      "specificity": 0.6388888888888888,
      "f1": 0.5396825396825397,
      "false_positive_rate": 0.3611111111111111,
      "roc_auc": 0.6195286195286195,
      "tp": 17,
      "tn": 23,
      "fp": 13,
      "fn": 16
    },
    "cross_view_test": {
      "samples": 415,
      "threshold": 0.5,
      "accuracy": 0.6048192771084338,
      "balanced_accuracy": 0.6027707984366275,
      "precision": 0.5945945945945946,
      "recall": 0.5527638190954773,
      "specificity": 0.6527777777777778,
      "f1": 0.5729166666666666,
      "false_positive_rate": 0.3472222222222222,
      "roc_auc": 0.6462753582728457,
      "tp": 110,
      "tn": 141,
      "fp": 75,
      "fn": 89
    }
  },
  "groups_calibrated": {
    "all": {
      "samples": 552,
      "threshold": 0.34,
      "accuracy": 0.6105072463768116,
      "balanced_accuracy": 0.615530303030303,
      "precision": 0.5727002967359051,
      "recall": 0.7310606060606061,
      "specificity": 0.5,
      "f1": 0.6422628951747088,
      "false_positive_rate": 0.5,
      "roc_auc": 0.6321811868686869,
      "tp": 193,
      "tn": 144,
      "fp": 144,
      "fn": 71
    },
    "cam1": {
      "samples": 69,
      "threshold": 0.34,
      "accuracy": 0.6521739130434783,
      "balanced_accuracy": 0.6527777777777777,
      "precision": 0.6285714285714286,
      "recall": 0.6666666666666666,
      "specificity": 0.6388888888888888,
      "f1": 0.6470588235294118,
      "false_positive_rate": 0.3611111111111111,
      "roc_auc": 0.6317340067340068,
      "tp": 22,