{
  "pose": "yolo",
  "model": "stgcnpp",
  "tensor": "C:\\Users\\HP\\Documents\\挑战杯\\fall_benchmark\\data\\gcn\\mcfd_yolo_t64_c010.npz",
  "ensemble": "mean probability of four subject-independent fold checkpoints",
  "threshold_selection": {
    "source": "cam1 only",
    "objective": "maximum balanced accuracy, then F1",
    "selected": 0.36000000000000004,
    "calibration_metrics": {
      "samples": 69,
      "threshold": 0.36000000000000004,
      "accuracy": 0.6521739130434783,
      "balanced_accuracy": 0.6553030303030303,
      "precision": 0.6153846153846154,
      "recall": 0.7272727272727273,
      "specificity": 0.5833333333333334,
      "f1": 0.6666666666666667,
      "false_positive_rate": 0.4166666666666667,
      "roc_auc": 0.6115319865319866,
      "tp": 24,
      "tn": 21,
      "fp": 15,
      "fn": 9
    }
  },
  "fold_metrics": [
    {
      "fold": 1,
      "samples": 552,
      "threshold": 0.5,
      "accuracy": 0.6286231884057971,
      "balanced_accuracy": 0.6268939393939394,
      "precision": 0.6175298804780877,
      "recall": 0.5871212121212122,
      "specificity": 0.6666666666666666,
      "f1": 0.6019417475728155,
      "false_positive_rate": 0.3333333333333333,
      "roc_auc": 0.6320891203703703,
      "tp": 155,
      "tn": 192,
      "fp": 96,
      "fn": 109
    },
    {
      "fold": 2,
      "samples": 552,
      "threshold": 0.5,
      "accuracy": 0.6123188405797102,
      "balanced_accuracy": 0.6150568181818181,
      "precision": 0.5811688311688312,
      "recall": 0.678030303030303,
      "specificity": 0.5520833333333334,
      "f1": 0.6258741258741259,
      "false_positive_rate": 0.4479166666666667,
      "roc_auc": 0.6050084175084175,
      "tp": 179,
      "tn": 159,
      "fp": 129,
      "fn": 85
    },
    {
      "fold": 3,
      "samples": 552,
      "threshold": 0.5,
      "accuracy": 0.5978260869565217,
      "balanced_accuracy": 0.6027462121212122,
      "precision": 0.5625,
      "recall": 0.7159090909090909,
      "specificity": 0.4895833333333333,
      "f1": 0.63,
      "false_positive_rate": 0.5104166666666666,
      "roc_auc": 0.5988596906565656,
      "tp": 189,
      "tn": 141,
      "fp": 147,
      "fn": 75
    },
    {
      "fold": 4,
      "samples": 552,
      "threshold": 0.5,
      "accuracy": 0.572463768115942,
      "balanced_accuracy": 0.5776515151515151,
      "precision": 0.5411764705882353,
      "recall": 0.696969696969697,
      "specificity": 0.4583333333333333,
      "f1": 0.609271523178808,
      "false_positive_rate": 0.5416666666666666,
      "roc_auc": 0.5582715172558923,
      "tp": 184,
      "tn": 132,
      "fp": 156,
      "fn": 80
    }
  ],
  "groups_fixed_0p5": {
    "all": {
      "samples": 552,
      "threshold": 0.5,
      "accuracy": 0.5887681159420289,
      "balanced_accuracy": 0.5913825757575757,
      "precision": 0.5602605863192183,
      "recall": 0.6515151515151515,
      "specificity": 0.53125,
      "f1": 0.6024518388791593,
      "false_positive_rate": 0.46875,
      "roc_auc": 0.6315104166666666,
      "tp": 172,
      "tn": 153,
      "fp": 135,
      "fn": 92
    },
    "cam1": {
      "samples": 69,
      "threshold": 0.5,
      "accuracy": 0.6086956521739131,
      "balanced_accuracy": 0.6047979797979798,
      "precision": 0.6071428571428571,
      "recall": 0.5151515151515151,
      "specificity": 0.6944444444444444,
      "f1": 0.5573770491803278,
      "false_positive_rate": 0.3055555555555556,
      "roc_auc": 0.6115319865319866,
      "tp": 17,
      "tn": 25,
      "fp": 11,
      "fn": 16
    },
    "cam2": {
      "samples": 69,
      "threshold": 0.5,
      "accuracy": 0.6376811594202898,
      "balanced_accuracy": 0.6363636363636364,
      "precision": 0.625,
      "recall": 0.6060606060606061,
      "specificity": 0.6666666666666666,
      "f1": 0.6153846153846154,
      "false_positive_rate": 0.3333333333333333,
      "roc_auc": 0.6717171717171717,
      "tp": 20,
      "tn": 24,
      "fp": 12,
      "fn": 13
    },
    "cam3": {
      "samples": 68,
      "threshold": 0.5,
      "accuracy": 0.5,
      "balanced_accuracy": 0.5121527777777778,
      "precision": 0.4791666666666667,
      "recall": 0.71875,
      "specificity": 0.3055555555555556,
      "f1": 0.575,
      "false_positive_rate": 0.6944444444444444,
      "roc_auc": 0.5451388888888888,
      "tp": 23,
      "tn": 11,
      "fp": 25,
      "fn": 9
    },
    "cam4": {
      "samples": 69,
      "threshold": 0.5,
      "accuracy": 0.4492753623188406,
      "balanced_accuracy": 0.4545454545454546,
      "precision": 0.4418604651162791,
      "recall": 0.5757575757575758,
      "specificity": 0.3333333333333333,
      "f1": 0.5,
      "false_positive_rate": 0.6666666666666666,
      "roc_auc": 0.5286195286195287,
      "tp": 19,
      "tn": 12,
      "fp": 24,
      "fn": 14
    },
    "cam5": {
      "samples": 70,
      "threshold": 0.5,
      "accuracy": 0.6285714285714286,
      "balanced_accuracy": 0.6339869281045751,
      "precision": 0.5833333333333334,
      "recall": 0.8235294117647058,
      "specificity": 0.4444444444444444,
      "f1": 0.6829268292682927,
      "false_positive_rate": 0.5555555555555556,
      "roc_auc": 0.6429738562091504,
      "tp": 28,
      "tn": 16,
      "fp": 20,
      "fn": 6
    },
    "cam6": {
      "samples": 69,
      "threshold": 0.5,
      "accuracy": 0.6376811594202898,
      "balanced_accuracy": 0.6414141414141414,
      "precision": 0.6,
      "recall": 0.7272727272727273,
      "specificity": 0.5555555555555556,
      "f1": 0.6575342465753425,
      "false_positive_rate": 0.4444444444444444,
      "roc_auc": 0.6742424242424242,
      "tp": 24,
      "tn": 20,
      "fp": 16,
      "fn": 9
    },
    "cam7": {
      "samples": 69,
      "threshold": 0.5,
      "accuracy": 0.6376811594202898,
      "balanced_accuracy": 0.6363636363636364,
      "precision": 0.625,
      "recall": 0.6060606060606061,
      "specificity": 0.6666666666666666,
      "f1": 0.6153846153846154,
      "false_positive_rate": 0.3333333333333333,
      "roc_auc": 0.7003367003367004,
      "tp": 20,
      "tn": 24,
      "fp": 12,
      "fn": 13
    },
    "cam8": {
      "samples": 69,
      "threshold": 0.5,
      "accuracy": 0.6086956521739131,
      "balanced_accuracy": 0.6098484848484849,
      "precision": 0.5833333333333334,
      "recall": 0.6363636363636364,
      "specificity": 0.5833333333333334,
      "f1": 0.6086956521739131,
      "false_positive_rate": 0.4166666666666667,
      "roc_auc": 0.6363636363636364,
      "tp": 21,
      "tn": 21,
      "fp": 15,
      "fn": 12
    },
    "cross_view_test": {
      "samples": 415,
      "threshold": 0.5,
      "accuracy": 0.6,
      "balanced_accuracy": 0.6024916247906198,
      "precision": 0.5714285714285714,
      "recall": 0.6633165829145728,
      "specificity": 0.5416666666666666,
      "f1": 0.613953488372093,
      "false_positive_rate": 0.4583333333333333,
      "roc_auc": 0.6484389540294063,
      "tp": 132,
      "tn": 117,
      "fp": 99,
      "fn": 67
    }
  },
  "groups_calibrated": {
    "all": {
      "samples": 552,
      "threshold": 0.36000000000000004,
      "accuracy": 0.6014492753623188,
      "balanced_accuracy": 0.6101641414141414,
      "precision": 0.5572916666666666,
      "recall": 0.8106060606060606,
      "specificity": 0.4097222222222222,
      "f1": 0.6604938271604939,
      "false_positive_rate": 0.5902777777777778,
      "roc_auc": 0.6315104166666666,
      "tp": 214,
      "tn": 118,
      "fp": 170,
      "fn": 50
    },
    "cam1": {
      "samples": 69,
      "threshold": 0.36000000000000004,
      "accuracy": 0.6521739130434783,
      "balanced_accuracy": 0.6553030303030303,
      "precision": 0.6153846153846154,
      "recall": 0.7272727272727273,
      "specificity": 0.5833333333333334,
      "f1": 0.6666666666666667,
      "false_positive_rate": 0.4166666666666667,
      "roc_auc": 0.6115319865319866,
      "tp": 24,
      "tn": 21,