{
  "route": "rtmpose+stgcnpp",
  "pose": "rtmpose",
  "model": "stgcnpp",
  "fold": 2,
  "seed": 2028,
  "device": "cuda",
  "gpu": "NVIDIA GeForce RTX 4060 Laptop GPU",
  "best_epoch": 95,
  "epochs_ran": 300,
  "parameters": 1185798,
  "latency_ms_batch1": 48.59448100003647,
  "samples": {
    "train": 658,
    "val": 377,
    "test": 513
  },
  "validation": {
    "loss": 0.322204989131629,
    "accuracy": 0.9310344827586207,
    "precision": 0.9203539823008849,
    "recall": 0.859504132231405,
    "specificity": 0.96484375,
    "f1": 0.888888888888889,
    "balanced_accuracy": 0.9121739411157025,
    "tp": 104,
    "tn": 247,
    "fp": 9,
    "fn": 17
  },
  "test": {
    "loss": 0.7325279833512929,
    "accuracy": 0.7855750487329435,
    "precision": 0.6244131455399061,
    "recall": 0.8159509202453987,
    "specificity": 0.7714285714285715,
    "f1": 0.7074468085106382,
    "balanced_accuracy": 0.7936897458369851,
    "tp": 133,
    "tn": 270,
    "fp": 80,
    "fn": 30
  },
  "config": {
    "epochs": 300,
    "batch_size": 64,
    "learning_rate": 0.0003,
    "weight_decay": 0.001,
    "patience": 20,
    "early_stopping": false,
    "dropout": 0.5,
    "base_channels": 64,
    "amp": true
  }
}
