{
  "pose": "yolo_bytetrack",
  "model": "posec3d",
  "tensor": "C:\\Users\\HP\\Documents\\挑战杯\\fall_benchmark\\data\\gcn\\mcfd_yolo_bytetrack_t64_c010.npz",
  "ensemble": "mean probability of four subject-independent fold checkpoints",
  "threshold_selection": {
    "source": "cam1 only",
    "objective": "maximum balanced accuracy, then F1",
    "selected": 0.63,
    "calibration_metrics": {
      "samples": 69,
      "threshold": 0.63,
      "accuracy": 0.6376811594202898,
      "balanced_accuracy": 0.6300505050505051,
      "precision": 0.6818181818181818,
      "recall": 0.45454545454545453,
      "specificity": 0.8055555555555556,
      "f1": 0.5454545454545454,
      "false_positive_rate": 0.19444444444444445,
      "roc_auc": 0.5896464646464646,
      "tp": 15,
      "tn": 29,
      "fp": 7,
      "fn": 18
    }
  },
  "fold_metrics": [
    {
      "fold": 1,
      "samples": 552,
      "threshold": 0.5,
      "accuracy": 0.5869565217391305,
      "balanced_accuracy": 0.5839646464646464,
      "precision": 0.576271186440678,
      "recall": 0.5151515151515151,
      "specificity": 0.6527777777777778,
      "f1": 0.5439999999999999,
      "false_positive_rate": 0.3472222222222222,
      "roc_auc": 0.6006681397306397,
      "tp": 136,
      "tn": 188,
      "fp": 100,
      "fn": 128
    },
    {
      "fold": 2,
      "samples": 552,
      "threshold": 0.5,
      "accuracy": 0.5815217391304348,
      "balanced_accuracy": 0.5858585858585859,
      "precision": 0.5501519756838906,
      "recall": 0.6856060606060606,
      "specificity": 0.4861111111111111,
      "f1": 0.6104553119730185,
      "false_positive_rate": 0.5138888888888888,
      "roc_auc": 0.5866345749158249,
      "tp": 181,
      "tn": 140,
      "fp": 148,
      "fn": 83
    },
    {
      "fold": 3,
      "samples": 552,
      "threshold": 0.5,
      "accuracy": 0.6105072463768116,
      "balanced_accuracy": 0.6068497474747474,
      "precision": 0.6079295154185022,
      "recall": 0.5227272727272727,
      "specificity": 0.6909722222222222,
      "f1": 0.5621181262729124,
      "false_positive_rate": 0.3090277777777778,
      "roc_auc": 0.5997474747474748,
      "tp": 138,
      "tn": 199,
      "fp": 89,
      "fn": 126
    },
    {
      "fold": 4,
      "samples": 552,
      "threshold": 0.5,
      "accuracy": 0.6123188405797102,
      "balanced_accuracy": 0.6100063131313131,
      "precision": 0.6024590163934426,
      "recall": 0.5568181818181818,
      "specificity": 0.6631944444444444,
      "f1": 0.5787401574803148,
      "false_positive_rate": 0.3368055555555556,
      "roc_auc": 0.5974852693602694,
      "tp": 147,
      "tn": 191,
      "fp": 97,
      "fn": 117
    }
  ],
  "groups_fixed_0p5": {
    "all": {
      "samples": 552,
      "threshold": 0.5,
      "accuracy": 0.6068840579710145,
      "balanced_accuracy": 0.6044823232323232,
      "precision": 0.5967078189300411,
      "recall": 0.5492424242424242,
      "specificity": 0.6597222222222222,
      "f1": 0.5719921104536488,
      "false_positive_rate": 0.3402777777777778,
      "roc_auc": 0.6180950126262627,
      "tp": 145,
      "tn": 190,
      "fp": 98,
      "fn": 119
    },
    "cam1": {
      "samples": 69,
      "threshold": 0.5,
      "accuracy": 0.6086956521739131,
      "balanced_accuracy": 0.6035353535353536,
      "precision": 0.6153846153846154,
      "recall": 0.48484848484848486,
      "specificity": 0.7222222222222222,
      "f1": 0.5423728813559322,
      "false_positive_rate": 0.2777777777777778,
      "roc_auc": 0.5896464646464646,
      "tp": 16,
      "tn": 26,
      "fp": 10,
      "fn": 17
    },
    "cam2": {
      "samples": 69,
      "threshold": 0.5,
      "accuracy": 0.6666666666666666,
      "balanced_accuracy": 0.6616161616161615,
      "precision": 0.6923076923076923,
      "recall": 0.5454545454545454,
      "specificity": 0.7777777777777778,
      "f1": 0.6101694915254238,
      "false_positive_rate": 0.2222222222222222,
      "roc_auc": 0.6704545454545454,
      "tp": 18,
      "tn": 28,
      "fp": 8,
      "fn": 15
    },
    "cam3": {
      "samples": 68,
      "threshold": 0.5,
      "accuracy": 0.6176470588235294,
      "balanced_accuracy": 0.6215277777777778,
      "precision": 0.5789473684210527,
      "recall": 0.6875,
      "specificity": 0.5555555555555556,
      "f1": 0.6285714285714286,
      "false_positive_rate": 0.4444444444444444,
      "roc_auc": 0.5833333333333333,
      "tp": 22,
      "tn": 20,
      "fp": 16,
      "fn": 10
    },
    "cam4": {
      "samples": 69,
      "threshold": 0.5,
      "accuracy": 0.5652173913043478,
      "balanced_accuracy": 0.5669191919191919,
      "precision": 0.5405405405405406,
      "recall": 0.6060606060606061,
      "specificity": 0.5277777777777778,
      "f1": 0.5714285714285714,
      "false_positive_rate": 0.4722222222222222,
      "roc_auc": 0.539983164983165,
      "tp": 20,
      "tn": 19,
      "fp": 17,
      "fn": 13
    },
    "cam5": {
      "samples": 70,
      "threshold": 0.5,
      "accuracy": 0.6142857142857143,
      "balanced_accuracy": 0.6086601307189543,
      "precision": 0.6666666666666666,
      "recall": 0.4117647058823529,
      "specificity": 0.8055555555555556,
      "f1": 0.509090909090909,
      "false_positive_rate": 0.19444444444444445,
      "roc_auc": 0.6776960784313726,
      "tp": 14,
      "tn": 29,
      "fp": 7,
      "fn": 20
    },
    "cam6": {
      "samples": 69,
      "threshold": 0.5,
      "accuracy": 0.6231884057971014,
      "balanced_accuracy": 0.6275252525252526,
      "precision": 0.5853658536585366,
      "recall": 0.7272727272727273,
      "specificity": 0.5277777777777778,
      "f1": 0.6486486486486487,
      "false_positive_rate": 0.4722222222222222,
      "roc_auc": 0.6052188552188552,
      "tp": 24,
      "tn": 19,
      "fp": 17,
      "fn": 9
    },
    "cam7": {
      "samples": 69,
      "threshold": 0.5,
      "accuracy": 0.5942028985507246,
      "balanced_accuracy": 0.5909090909090908,
      "precision": 0.5862068965517241,
      "recall": 0.5151515151515151,
      "specificity": 0.6666666666666666,
      "f1": 0.5483870967741935,
      "false_positive_rate": 0.3333333333333333,
      "roc_auc": 0.6161616161616161,
      "tp": 17,
      "tn": 24,
      "fp": 12,
      "fn": 16
    },
    "cam8": {
      "samples": 69,
      "threshold": 0.5,
      "accuracy": 0.5652173913043478,
      "balanced_accuracy": 0.5593434343434344,
      "precision": 0.56,
      "recall": 0.42424242424242425,
      "specificity": 0.6944444444444444,
      "f1": 0.4827586206896552,
      "false_positive_rate": 0.3055555555555556,
      "roc_auc": 0.6178451178451179,
      "tp": 14,
      "tn": 25,
      "fp": 11,
      "fn": 19
    },
    "cross_view_test": {
      "samples": 415,
      "threshold": 0.5,
      "accuracy": 0.6048192771084338,
      "balanced_accuracy": 0.602177554438861,
      "precision": 0.5977653631284916,
      "recall": 0.5376884422110553,
      "specificity": 0.6666666666666666,
      "f1": 0.5661375661375662,
      "false_positive_rate": 0.3333333333333333,
      "roc_auc": 0.6208240275451331,
      "tp": 107,
      "tn": 144,
      "fp": 72,
      "fn": 92
    }
  },
  "groups_calibrated": {
    "all": {
      "samples": 552,
      "threshold": 0.63,
      "accuracy": 0.6014492753623188,
      "balanced_accuracy": 0.5972222222222222,
      "precision": 0.6,
      "recall": 0.5,
      "specificity": 0.6944444444444444,
      "f1": 0.5454545454545454,
      "false_positive_rate": 0.3055555555555556,
      "roc_auc": 0.6180950126262627,
      "tp": 132,
      "tn": 200,
      "fp": 88,
      "fn": 132
    },
    "cam1": {
      "samples": 69,
      "threshold": 0.63,
      "accuracy": 0.6376811594202898,
      "balanced_accuracy": 0.6300505050505051,
      "precision": 0.6818181818181818,
      "recall": 0.45454545454545453,
      "specificity": 0.8055555555555556,
      "f1": 0.5454545454545454,
      "false_positive_rate": 0.19444444444444445,