{
  "route": "rtmo+posec3d",
  "pose": "rtmo",
  "model": "posec3d",
  "fold": 2,
  "seed": 2028,
  "device": "cuda",
  "gpu": "NVIDIA GeForce RTX 4060 Laptop GPU",
  "best_epoch": 43,
  "epochs_ran": 300,
  "parameters": 3626146,
  "latency_ms_batch1": 1.4318270000512712,
  "samples": {
    "train": 69,
    "val": 43,
    "test": 48
  },
  "validation": {
    "loss": 0.4071284764727881,
    "accuracy": 0.8837209302325582,
    "precision": 0.8333333333333334,
    "recall": 0.9523809523809523,
    "specificity": 0.8181818181818182,
    "f1": 0.888888888888889,
    "balanced_accuracy": 0.8852813852813852,
    "tp": 20,
    "tn": 18,
    "fp": 4,
    "fn": 1
  },
  "test": {
    "loss": 0.844464639822642,
    "accuracy": 0.75,
    "precision": 0.7096774193548387,
    "recall": 0.88,
    "specificity": 0.6086956521739131,
    "f1": 0.7857142857142856,
    "balanced_accuracy": 0.7443478260869565,
    "tp": 22,
    "tn": 14,
    "fp": 9,
    "fn": 3
  },
  "config": {
    "epochs": 300,
    "batch_size": 16,
    "learning_rate": 0.0003,
    "weight_decay": 0.001,
    "patience": 15,
    "early_stopping": false,
    "dropout": 0.5,
    "base_channels": 64,
    "amp": true
  }
}
