{
  "route": "hourglass+posec3d",
  "pose": "hourglass",
  "model": "posec3d",
  "fold": 1,
  "seed": 2027,
  "device": "cuda",
  "gpu": "NVIDIA GeForce RTX 4060 Laptop GPU",
  "best_epoch": 102,
  "epochs_ran": 300,
  "parameters": 3626146,
  "latency_ms_batch1": 1.9543890000204556,
  "samples": {
    "train": 80,
    "val": 48,
    "test": 32
  },
  "validation": {
    "loss": 0.6727004249890646,
    "accuracy": 0.75,
    "precision": 0.7241379310344828,
    "recall": 0.84,
    "specificity": 0.6521739130434783,
    "f1": 0.7777777777777777,
    "balanced_accuracy": 0.7460869565217392,
    "tp": 21,
    "tn": 15,
    "fp": 8,
    "fn": 4
  },
  "test": {
    "loss": 0.6174206882715225,
    "accuracy": 0.78125,
    "precision": 0.7142857142857143,
    "recall": 0.9375,
    "specificity": 0.625,
    "f1": 0.8108108108108109,
    "balanced_accuracy": 0.78125,
    "tp": 15,
    "tn": 10,
    "fp": 6,
    "fn": 1
  },
  "config": {
    "epochs": 300,
    "batch_size": 16,
    "learning_rate": 0.0003,
    "weight_decay": 0.001,
    "patience": 15,
    "early_stopping": false,
    "dropout": 0.5,
    "base_channels": 64,
    "amp": true
  }
}
