{
  "pose": "rtmpose",
  "model": "stgcnpp",
  "tensor": "C:\\Users\\HP\\Documents\\挑战杯\\fall_benchmark\\data\\gcn\\mcfd_rtmpose_t64.npz",
  "ensemble": "mean probability of four subject-independent fold checkpoints",
  "threshold_selection": {
    "source": "cam1 only",
    "objective": "maximum balanced accuracy, then F1",
    "selected": 0.22,
    "calibration_metrics": {
      "samples": 69,
      "threshold": 0.22,
      "accuracy": 0.6376811594202898,
      "balanced_accuracy": 0.6351010101010102,
      "precision": 0.6333333333333333,
      "recall": 0.5757575757575758,
      "specificity": 0.6944444444444444,
      "f1": 0.6031746031746033,
      "false_positive_rate": 0.3055555555555556,
      "roc_auc": 0.5875420875420876,
      "tp": 19,
      "tn": 25,
      "fp": 11,
      "fn": 14
    }
  },
  "fold_metrics": [
    {
      "fold": 1,
      "samples": 552,
      "threshold": 0.5,
      "accuracy": 0.6340579710144928,
      "balanced_accuracy": 0.6338383838383839,
      "precision": 0.6148148148148148,
      "recall": 0.6287878787878788,
      "specificity": 0.6388888888888888,
      "f1": 0.6217228464419476,
      "false_positive_rate": 0.3611111111111111,
      "roc_auc": 0.6681265782828283,
      "tp": 166,
      "tn": 184,
      "fp": 104,
      "fn": 98
    },
    {
      "fold": 2,
      "samples": 552,
      "threshold": 0.5,
      "accuracy": 0.6213768115942029,
      "balanced_accuracy": 0.6218434343434344,
      "precision": 0.5985663082437276,
      "recall": 0.6325757575757576,
      "specificity": 0.6111111111111112,
      "f1": 0.6151012891344383,
      "false_positive_rate": 0.3888888888888889,
      "roc_auc": 0.6254866372053872,
      "tp": 167,
      "tn": 176,
      "fp": 112,
      "fn": 97
    },
    {
      "fold": 3,
      "samples": 552,
      "threshold": 0.5,
      "accuracy": 0.6177536231884058,
      "balanced_accuracy": 0.6199494949494949,
      "precision": 0.5880398671096345,
      "recall": 0.6704545454545454,
      "specificity": 0.5694444444444444,
      "f1": 0.6265486725663717,
      "false_positive_rate": 0.4305555555555556,
      "roc_auc": 0.6201862373737373,
      "tp": 177,
      "tn": 164,
      "fp": 124,
      "fn": 87
    },
    {
      "fold": 4,
      "samples": 552,
      "threshold": 0.5,
      "accuracy": 0.5851449275362319,
      "balanced_accuracy": 0.580334595959596,
      "precision": 0.5821596244131455,
      "recall": 0.4696969696969697,
      "specificity": 0.6909722222222222,
      "f1": 0.5199161425576521,
      "false_positive_rate": 0.3090277777777778,
      "roc_auc": 0.6358375420875421,
      "tp": 124,
      "tn": 199,
      "fp": 89,
      "fn": 140
    }
  ],
  "groups_fixed_0p5": {
    "all": {
      "samples": 552,
      "threshold": 0.5,
      "accuracy": 0.6304347826086957,
      "balanced_accuracy": 0.6294191919191919,
      "precision": 0.6153846153846154,
      "recall": 0.6060606060606061,
      "specificity": 0.6527777777777778,
      "f1": 0.6106870229007635,
      "false_positive_rate": 0.3472222222222222,
      "roc_auc": 0.6382970328282829,
      "tp": 160,
      "tn": 188,
      "fp": 100,
      "fn": 104
    },
    "cam1": {
      "samples": 69,
      "threshold": 0.5,
      "accuracy": 0.6376811594202898,
      "balanced_accuracy": 0.6325757575757576,
      "precision": 0.6538461538461539,
      "recall": 0.5151515151515151,
      "specificity": 0.75,
      "f1": 0.576271186440678,
      "false_positive_rate": 0.25,
      "roc_auc": 0.5875420875420876,
      "tp": 17,
      "tn": 27,
      "fp": 9,
      "fn": 16
    },
    "cam2": {
      "samples": 69,
      "threshold": 0.5,
      "accuracy": 0.5652173913043478,
      "balanced_accuracy": 0.5618686868686869,
      "precision": 0.5517241379310345,
      "recall": 0.48484848484848486,
      "specificity": 0.6388888888888888,
      "f1": 0.5161290322580646,
      "false_positive_rate": 0.3611111111111111,
      "roc_auc": 0.6262626262626263,
      "tp": 16,
      "tn": 23,
      "fp": 13,
      "fn": 17
    },
    "cam3": {
      "samples": 68,
      "threshold": 0.5,
      "accuracy": 0.6617647058823529,
      "balanced_accuracy": 0.6649305555555556,
      "precision": 0.6216216216216216,
      "recall": 0.71875,
      "specificity": 0.6111111111111112,
      "f1": 0.6666666666666667,
      "false_positive_rate": 0.3888888888888889,
      "roc_auc": 0.6293402777777778,
      "tp": 23,
      "tn": 22,
      "fp": 14,
      "fn": 9
    },
    "cam4": {
      "samples": 69,
      "threshold": 0.5,
      "accuracy": 0.6376811594202898,
      "balanced_accuracy": 0.6439393939393939,
      "precision": 0.5909090909090909,
      "recall": 0.7878787878787878,
      "specificity": 0.5,
      "f1": 0.6753246753246752,
      "false_positive_rate": 0.5,
      "roc_auc": 0.6372053872053872,
      "tp": 26,
      "tn": 18,
      "fp": 18,
      "fn": 7
    },
    "cam5": {
      "samples": 70,
      "threshold": 0.5,
      "accuracy": 0.7,
      "balanced_accuracy": 0.6993464052287581,
      "precision": 0.696969696969697,
      "recall": 0.6764705882352942,
      "specificity": 0.7222222222222222,
      "f1": 0.6865671641791046,
      "false_positive_rate": 0.2777777777777778,
      "roc_auc": 0.636437908496732,
      "tp": 23,
      "tn": 26,
      "fp": 10,
      "fn": 11
    },
    "cam6": {
      "samples": 69,
      "threshold": 0.5,
      "accuracy": 0.6666666666666666,
      "balanced_accuracy": 0.6679292929292929,
      "precision": 0.6388888888888888,
      "recall": 0.696969696969697,
      "specificity": 0.6388888888888888,
      "f1": 0.6666666666666666,
      "false_positive_rate": 0.3611111111111111,
      "roc_auc": 0.7188552188552189,
      "tp": 23,
      "tn": 23,
      "fp": 13,
      "fn": 10
    },
    "cam7": {
      "samples": 69,
      "threshold": 0.5,
      "accuracy": 0.6231884057971014,
      "balanced_accuracy": 0.6199494949494949,
      "precision": 0.6206896551724138,
      "recall": 0.5454545454545454,
      "specificity": 0.6944444444444444,
      "f1": 0.5806451612903226,
      "false_positive_rate": 0.3055555555555556,
      "roc_auc": 0.6557239057239057,
      "tp": 18,
      "tn": 25,
      "fp": 11,
      "fn": 15
    },
    "cam8": {
      "samples": 69,
      "threshold": 0.5,
      "accuracy": 0.5507246376811594,
      "balanced_accuracy": 0.5454545454545454,
      "precision": 0.5384615384615384,
      "recall": 0.42424242424242425,
      "specificity": 0.6666666666666666,
      "f1": 0.47457627118644075,
      "false_positive_rate": 0.3333333333333333,
      "roc_auc": 0.5984848484848485,
      "tp": 14,
      "tn": 24,
      "fp": 12,
      "fn": 19
    },
    "cross_view_test": {
      "samples": 415,
      "threshold": 0.5,
      "accuracy": 0.6240963855421687,
      "balanced_accuracy": 0.6232667969477015,
      "precision": 0.6091370558375635,
      "recall": 0.6030150753768844,
      "specificity": 0.6435185185185185,
      "f1": 0.606060606060606,
      "false_positive_rate": 0.35648148148148145,
      "roc_auc": 0.643890750046529,
      "tp": 120,
      "tn": 139,
      "fp": 77,
      "fn": 79
    }
  },
  "groups_calibrated": {
    "all": {
      "samples": 552,
      "threshold": 0.22,
      "accuracy": 0.6358695652173914,
      "balanced_accuracy": 0.639520202020202,
      "precision": 0.5987460815047022,
      "recall": 0.7234848484848485,
      "specificity": 0.5555555555555556,
      "f1": 0.6552315608919382,
      "false_positive_rate": 0.4444444444444444,
      "roc_auc": 0.6382970328282829,
      "tp": 191,
      "tn": 160,
      "fp": 128,
      "fn": 73
    },
    "cam1": {
      "samples": 69,
      "threshold": 0.22,
      "accuracy": 0.6376811594202898,
      "balanced_accuracy": 0.6351010101010102,
      "precision": 0.6333333333333333,
      "recall": 0.5757575757575758,
      "specificity": 0.6944444444444444,
      "f1": 0.6031746031746033,
      "false_positive_rate": 0.3055555555555556,
      "roc_auc": 0.5875420875420876,
      "tp": 19,