{
  "route": "hourglass+ctrgcn",
  "pose": "hourglass",
  "model": "ctrgcn",
  "fold": 4,
  "seed": 2030,
  "device": "cuda",
  "gpu": "NVIDIA GeForce RTX 4060 Laptop GPU",
  "best_epoch": 12,
  "epochs_ran": 300,
  "parameters": 1421488,
  "latency_ms_batch1": 26.471990999998525,
  "samples": {
    "train": 91,
    "val": 32,
    "test": 37
  },
  "validation": {
    "loss": 0.6352558583021164,
    "accuracy": 0.875,
    "precision": 0.8,
    "recall": 1.0,
    "specificity": 0.75,
    "f1": 0.888888888888889,
    "balanced_accuracy": 0.875,
    "tp": 16,
    "tn": 12,
    "fp": 4,
    "fn": 0
  },
  "test": {
    "loss": 1.0041257336332992,
    "accuracy": 0.7567567567567568,
    "precision": 0.7,
    "recall": 0.8235294117647058,
    "specificity": 0.7,
    "f1": 0.7567567567567567,
    "balanced_accuracy": 0.7617647058823529,
    "tp": 14,
    "tn": 14,
    "fp": 6,
    "fn": 3
  },
  "config": {
    "epochs": 300,
    "batch_size": 16,
    "learning_rate": 0.0003,
    "weight_decay": 0.001,
    "patience": 15,
    "early_stopping": false,
    "dropout": 0.5,
    "base_channels": 64,
    "amp": true
  }
}
