{
  "route": "yolo_bytetrack+ctrgcn",
  "pose": "yolo_bytetrack",
  "model": "ctrgcn",
  "fold": 1,
  "seed": 2027,
  "device": "cuda",
  "gpu": "NVIDIA GeForce RTX 4060 Laptop GPU",
  "best_epoch": 125,
  "epochs_ran": 300,
  "parameters": 1421488,
  "latency_ms_batch1": 20.678956999909133,
  "samples": {
    "train": 80,
    "val": 48,
    "test": 32
  },
  "validation": {
    "loss": 0.24680651724338531,
    "accuracy": 0.9375,
    "precision": 0.9230769230769231,
    "recall": 0.96,
    "specificity": 0.9130434782608695,
    "f1": 0.9411764705882353,
    "balanced_accuracy": 0.9365217391304348,
    "tp": 24,
    "tn": 21,
    "fp": 2,
    "fn": 1
  },
  "test": {
    "loss": 0.38529354333877563,
    "accuracy": 0.78125,
    "precision": 0.8,
    "recall": 0.75,
    "specificity": 0.8125,
    "f1": 0.7741935483870969,
    "balanced_accuracy": 0.78125,
    "tp": 12,
    "tn": 13,
    "fp": 3,
    "fn": 4
  },
  "config": {
    "epochs": 300,
    "batch_size": 16,
    "learning_rate": 0.0003,
    "weight_decay": 0.001,
    "patience": 15,
    "early_stopping": false,
    "dropout": 0.5,
    "base_channels": 64,
    "amp": true
  }
}
