{
  "rtmpose+stgcnpp": {
    "route": "rtmpose+stgcnpp",
    "folds": [
      {
        "fold": 1,
        "loss": 0.4564165621995926,
        "accuracy": 0.84375,
        "precision": 0.9230769230769231,
        "recall": 0.75,
        "specificity": 0.9375,
        "f1": 0.8275862068965517,
        "balanced_accuracy": 0.84375,
        "tp": 12,
        "tn": 15,
        "fp": 1,
        "fn": 4
      },
      {
        "fold": 2,
        "loss": 0.5266617238521576,
        "accuracy": 0.875,
        "precision": 0.8518518518518519,
        "recall": 0.92,
        "specificity": 0.8260869565217391,
        "f1": 0.8846153846153846,
        "balanced_accuracy": 0.8730434782608696,
        "tp": 23,
        "tn": 19,
        "fp": 4,
        "fn": 2
      },
      {
        "fold": 3,
        "loss": 0.3355730723503024,
        "accuracy": 0.9302325581395349,
        "precision": 1.0,
        "recall": 0.8571428571428571,
        "specificity": 1.0,
        "f1": 0.923076923076923,
        "balanced_accuracy": 0.9285714285714286,
        "tp": 18,
        "tn": 22,
        "fp": 0,
        "fn": 3
      },
      {
        "fold": 4,
        "loss": 0.7203532908413861,
        "accuracy": 0.8108108108108109,
        "precision": 0.8125,
        "recall": 0.7647058823529411,
        "specificity": 0.85,
        "f1": 0.787878787878788,
        "balanced_accuracy": 0.8073529411764706,
        "tp": 13,
        "tn": 17,
        "fp": 3,
        "fn": 4
      }
    ],
    "fold_statistics": {
      "accuracy": {
        "mean": 0.8649483422375864,
        "std": 0.05080454931175574
      },
      "precision": {
        "mean": 0.8968571937321937,
        "std": 0.08259848590994551
      },
      "recall": {
        "mean": 0.8229621848739496,
        "std": 0.08021207956866942
      },
      "specificity": {
        "mean": 0.9033967391304348,
        "std": 0.08025633235522785
      },
      "f1": {
        "mean": 0.8557893256169118,
        "std": 0.05990497889925291
      },
      "balanced_accuracy": {
        "mean": 0.8631794620021922,
        "std": 0.05121039129494111
      }
    },
    "pooled_test": {
      "accuracy": 0.86875,
      "precision": 0.8918918918918919,
      "recall": 0.8354430379746836,
      "specificity": 0.9012345679012346,
      "f1": 0.8627450980392156,
      "balanced_accuracy": 0.8683388029379591,
      "tp": 66,
      "tn": 73,
      "fp": 8,
      "fn": 13
    },
    "parameters": 1185798,
    "latency_ms_batch1_mean": 10.147487000031106,
    "test_samples": 160
  },
  "yolo+ctrgcn": {
    "route": "yolo+ctrgcn",
    "folds": [
      {
        "fold": 1,
        "loss": 0.6619864478707314,
        "accuracy": 0.84375,
        "precision": 0.7619047619047619,
        "recall": 1.0,
        "specificity": 0.6875,
        "f1": 0.8648648648648648,
        "balanced_accuracy": 0.84375,
        "tp": 16,
        "tn": 11,
        "fp": 5,
        "fn": 0
      },
      {
        "fold": 2,
        "loss": 0.59844970703125,
        "accuracy": 0.7291666666666666,
        "precision": 0.6875,
        "recall": 0.88,
        "specificity": 0.5652173913043478,
        "f1": 0.7719298245614036,
        "balanced_accuracy": 0.7226086956521739,
        "tp": 22,
        "tn": 13,
        "fp": 10,
        "fn": 3
      },
      {
        "fold": 3,
        "loss": 1.0766101826068968,
        "accuracy": 0.7906976744186046,
        "precision": 1.0,
        "recall": 0.5714285714285714,
        "specificity": 1.0,
        "f1": 0.7272727272727273,
        "balanced_accuracy": 0.7857142857142857,
        "tp": 12,
        "tn": 22,
        "fp": 0,
        "fn": 9
      },
      {
        "fold": 4,
        "loss": 0.7336689265998634,
        "accuracy": 0.8108108108108109,
        "precision": 0.75,
        "recall": 0.8823529411764706,
        "specificity": 0.75,
        "f1": 0.8108108108108107,
        "balanced_accuracy": 0.8161764705882353,
        "tp": 15,
        "tn": 15,
        "fp": 5,
        "fn": 2
      }
    ],
    "fold_statistics": {
      "accuracy": {
        "mean": 0.7936062879740206,
        "std": 0.048205505525254155
      },
      "precision": {
        "mean": 0.7998511904761905,
        "std": 0.13736497441540593
      },
      "recall": {
        "mean": 0.8334453781512604,
        "std": 0.1834416633890964
      },
      "specificity": {
        "mean": 0.7506793478260869,
        "std": 0.18307468095697566
      },
      "f1": {
        "mean": 0.7937195568774515,
        "std": 0.05843440598529471
      },
      "balanced_accuracy": {
        "mean": 0.7920623629886736,
        "std": 0.05201670243523915
      }
    },
    "pooled_test": {
      "accuracy": 0.7875,
      "precision": 0.7647058823529411,
      "recall": 0.8227848101265823,
      "specificity": 0.7530864197530864,
      "f1": 0.7926829268292683,
      "balanced_accuracy": 0.7879356149398344,
      "tp": 65,
      "tn": 61,
      "fp": 20,
      "fn": 14
    },
    "parameters": 1421488,
    "latency_ms_batch1_mean": 22.0818920000238,
    "test_samples": 160
  },
  "yolo+stgcnpp": {
    "route": "yolo+stgcnpp",
    "folds": [
      {
        "fold": 1,
        "loss": 0.44876323640346527,
        "accuracy": 0.90625,
        "precision": 0.8421052631578947,
        "recall": 1.0,
        "specificity": 0.8125,
        "f1": 0.9142857142857143,
        "balanced_accuracy": 0.90625,
        "tp": 16,
        "tn": 13,
        "fp": 3,
        "fn": 0
      },
      {
        "fold": 2,
        "loss": 0.3835373322168986,
        "accuracy": 0.75,
        "precision": 0.7096774193548387,
        "recall": 0.88,
        "specificity": 0.6086956521739131,
        "f1": 0.7857142857142856,
        "balanced_accuracy": 0.7443478260869565,
        "tp": 22,
        "tn": 14,
        "fp": 9,
        "fn": 3
      },
      {
        "fold": 3,
        "loss": 0.8613073409989823,
        "accuracy": 0.7674418604651163,
        "precision": 1.0,
        "recall": 0.5238095238095238,
        "specificity": 1.0,
        "f1": 0.6875000000000001,
        "balanced_accuracy": 0.7619047619047619,
        "tp": 11,
        "tn": 22,
        "fp": 0,
        "fn": 10
      },
      {
        "fold": 4,
        "loss": 1.6033960033107448,
        "accuracy": 0.7027027027027027,
        "precision": 0.6363636363636364,
        "recall": 0.8235294117647058,
        "specificity": 0.6,
        "f1": 0.717948717948718,
        "balanced_accuracy": 0.7117647058823529,
        "tp": 14,
        "tn": 12,
        "fp": 8,
        "fn": 3
      }
    ],
    "fold_statistics": {
      "accuracy": {
        "mean": 0.7815986407919547,
        "std": 0.08748603493990256
      },
      "precision": {
        "mean": 0.7970365797190925,
        "std": 0.15986739695247879
      },
      "recall": {
        "mean": 0.8068347338935573,
        "std": 0.2025240380849741
      },
      "specificity": {
        "mean": 0.7552989130434783,
        "std": 0.19040382944046966
      },
      "f1": {
        "mean": 0.7763621794871794,
        "std": 0.10069588335564786
      },
      "balanced_accuracy": {
        "mean": 0.7810668234685179,
        "std": 0.08600209408403794
      }
    },
    "pooled_test": {
      "accuracy": 0.775,
      "precision": 0.7590361445783133,
      "recall": 0.7974683544303798,
      "specificity": 0.7530864197530864,
      "f1": 0.7777777777777778,
      "balanced_accuracy": 0.7752773870917331,
      "tp": 63,
      "tn": 61,
      "fp": 20,
      "fn": 16
    },
    "parameters": 1185798,
    "latency_ms_batch1_mean": 9.612949500005925,
    "test_samples": 160
  }
}
