{
  "rtmpose+stgcnpp": {
    "route": "rtmpose+stgcnpp",
    "folds": [
      {
        "fold": 1,
        "loss": 0.49544957280158997,
        "accuracy": 0.78125,
        "precision": 0.8461538461538461,
        "recall": 0.6875,
        "specificity": 0.875,
        "f1": 0.7586206896551724,
        "balanced_accuracy": 0.78125,
        "tp": 11,
        "tn": 14,
        "fp": 2,
        "fn": 5
      },
      {
        "fold": 2,
        "loss": 0.5266617238521576,
        "accuracy": 0.875,
        "precision": 0.8518518518518519,
        "recall": 0.92,
        "specificity": 0.8260869565217391,
        "f1": 0.8846153846153846,
        "balanced_accuracy": 0.8730434782608696,
        "tp": 23,
        "tn": 19,
        "fp": 4,
        "fn": 2
      },
      {
        "fold": 3,
        "loss": 0.3355730723503024,
        "accuracy": 0.9302325581395349,
        "precision": 1.0,
        "recall": 0.8571428571428571,
        "specificity": 1.0,
        "f1": 0.923076923076923,
        "balanced_accuracy": 0.9285714285714286,
        "tp": 18,
        "tn": 22,
        "fp": 0,
        "fn": 3
      },
      {
        "fold": 4,
        "loss": 0.7203532908413861,
        "accuracy": 0.8108108108108109,
        "precision": 0.8125,
        "recall": 0.7647058823529411,
        "specificity": 0.85,
        "f1": 0.787878787878788,
        "balanced_accuracy": 0.8073529411764706,
        "tp": 13,
        "tn": 17,
        "fp": 3,
        "fn": 4
      }
    ],
    "fold_statistics": {
      "accuracy": {
        "mean": 0.8493233422375864,
        "std": 0.06664029554758934
      },
      "precision": {
        "mean": 0.8776264245014245,
        "std": 0.08340982142761098
      },
      "recall": {
        "mean": 0.8073371848739496,
        "std": 0.10222832897560793
      },
      "specificity": {
        "mean": 0.8877717391304348,
        "std": 0.0774381829604378
      },
      "f1": {
        "mean": 0.838547946306567,
        "std": 0.07793819508169572
      },
      "balanced_accuracy": {
        "mean": 0.8475544620021922,
        "std": 0.0663974968906132
      }
    },
    "pooled_test": {
      "accuracy": 0.85625,
      "precision": 0.8783783783783784,
      "recall": 0.8227848101265823,
      "specificity": 0.8888888888888888,
      "f1": 0.8496732026143792,
      "balanced_accuracy": 0.8558368495077355,
      "tp": 65,
      "tn": 72,
      "fp": 9,
      "fn": 14
    },
    "parameters": 1185798,
    "latency_ms_batch1_mean": 9.30081574995711,
    "test_samples": 160
  },
  "yolo+ctrgcn": {
    "route": "yolo+ctrgcn",
    "folds": [
      {
        "fold": 1,
        "loss": 0.6619864478707314,
        "accuracy": 0.84375,
        "precision": 0.7619047619047619,
        "recall": 1.0,
        "specificity": 0.6875,
        "f1": 0.8648648648648648,
        "balanced_accuracy": 0.84375,
        "tp": 16,
        "tn": 11,
        "fp": 5,
        "fn": 0
      },
      {
        "fold": 2,
        "loss": 0.59844970703125,
        "accuracy": 0.7291666666666666,
        "precision": 0.6875,
        "recall": 0.88,
        "specificity": 0.5652173913043478,
        "f1": 0.7719298245614036,
        "balanced_accuracy": 0.7226086956521739,
        "tp": 22,
        "tn": 13,
        "fp": 10,
        "fn": 3
      },
      {
        "fold": 3,
        "loss": 0.599344881468041,
        "accuracy": 0.813953488372093,
        "precision": 0.9333333333333333,
        "recall": 0.6666666666666666,
        "specificity": 0.9545454545454546,
        "f1": 0.7777777777777778,
        "balanced_accuracy": 0.8106060606060606,
        "tp": 14,
        "tn": 21,
        "fp": 1,
        "fn": 7
      },
      {
        "fold": 4,
        "loss": 1.4036949808533128,
        "accuracy": 0.7027027027027027,
        "precision": 0.6363636363636364,
        "recall": 0.8235294117647058,
        "specificity": 0.6,
        "f1": 0.717948717948718,
        "balanced_accuracy": 0.7117647058823529,
        "tp": 14,
        "tn": 12,
        "fp": 8,
        "fn": 3
      }
    ],
    "fold_statistics": {
      "accuracy": {
        "mean": 0.7723932144353656,
        "std": 0.06719213513840509
      },
      "precision": {
        "mean": 0.7547754329004329,
        "std": 0.12971904071244372
      },
      "recall": {
        "mean": 0.8425490196078431,
        "std": 0.13843137254901963
      },
      "specificity": {
        "mean": 0.7018157114624506,
        "std": 0.17616545518734927
      },
      "f1": {
        "mean": 0.7831302962881911,
        "std": 0.06078178969764638
      },
      "balanced_accuracy": {
        "mean": 0.7721823655351467,
        "std": 0.06507982019383127
      }
    },
    "pooled_test": {
      "accuracy": 0.76875,
      "precision": 0.7333333333333333,
      "recall": 0.8354430379746836,
      "specificity": 0.7037037037037037,
      "f1": 0.7810650887573963,
      "balanced_accuracy": 0.7695733708391936,
      "tp": 66,
      "tn": 57,
      "fp": 24,
      "fn": 13
    },
    "parameters": 1421488,
    "latency_ms_batch1_mean": 19.612774000015634,
    "test_samples": 160
  },
  "yolo+stgcnpp": {
    "route": "yolo+stgcnpp",
    "folds": [
      {
        "fold": 1,
        "loss": 0.4467284828424454,
        "accuracy": 0.9375,
        "precision": 0.8888888888888888,
        "recall": 1.0,
        "specificity": 0.875,
        "f1": 0.9411764705882353,
        "balanced_accuracy": 0.9375,
        "tp": 16,
        "tn": 14,
        "fp": 2,
        "fn": 0
      },
      {
        "fold": 2,
        "loss": 0.3835373322168986,
        "accuracy": 0.75,
        "precision": 0.7096774193548387,
        "recall": 0.88,
        "specificity": 0.6086956521739131,
        "f1": 0.7857142857142856,
        "balanced_accuracy": 0.7443478260869565,
        "tp": 22,
        "tn": 14,
        "fp": 9,
        "fn": 3
      },
      {
        "fold": 3,
        "loss": 0.6476877151533614,
        "accuracy": 0.813953488372093,
        "precision": 1.0,
        "recall": 0.6190476190476191,
        "specificity": 1.0,
        "f1": 0.7647058823529412,
        "balanced_accuracy": 0.8095238095238095,
        "tp": 13,
        "tn": 22,
        "fp": 0,
        "fn": 8
      },
      {
        "fold": 4,
        "loss": 1.6033960033107448,
        "accuracy": 0.7027027027027027,
        "precision": 0.6363636363636364,
        "recall": 0.8235294117647058,
        "specificity": 0.6,
        "f1": 0.717948717948718,
        "balanced_accuracy": 0.7117647058823529,
        "tp": 14,
        "tn": 12,
        "fp": 8,
        "fn": 3
      }
    ],
    "fold_statistics": {
      "accuracy": {
        "mean": 0.8010390477686989,
        "std": 0.10175689234321547
      },
      "precision": {
        "mean": 0.8087324861518409,
        "std": 0.1658626313036049
      },
      "recall": {
        "mean": 0.8306442577030813,
        "std": 0.15910281295401124
      },
      "specificity": {
        "mean": 0.7709239130434783,
        "std": 0.19903155375161966
      },
      "f1": {
        "mean": 0.8023863391510451,
        "std": 0.09676463997585784
      },
      "balanced_accuracy": {
        "mean": 0.8007840853732797,
        "std": 0.09979499883533038
      }
    },
    "pooled_test": {
      "accuracy": 0.79375,
      "precision": 0.7738095238095238,
      "recall": 0.8227848101265823,
      "specificity": 0.7654320987654321,
      "f1": 0.7975460122699387,
      "balanced_accuracy": 0.7941084544460072,
      "tp": 65,
      "tn": 62,
      "fp": 19,
      "fn": 14
    },
    "parameters": 1185798,
    "latency_ms_batch1_mean": 9.988230500021018,
    "test_samples": 160
  }
}
