{
  "rtmpose+stgcnpp": {
    "route": "rtmpose+stgcnpp",
    "folds": [
      {
        "fold": 1,
        "loss": 0.5139707326889038,
        "accuracy": 0.84375,
        "precision": 0.9230769230769231,
        "recall": 0.75,
        "specificity": 0.9375,
        "f1": 0.8275862068965517,
        "balanced_accuracy": 0.84375,
        "tp": 12,
        "tn": 15,
        "fp": 1,
        "fn": 4
      },
      {
        "fold": 2,
        "loss": 0.5169560213883718,
        "accuracy": 0.875,
        "precision": 0.8518518518518519,
        "recall": 0.92,
        "specificity": 0.8260869565217391,
        "f1": 0.8846153846153846,
        "balanced_accuracy": 0.8730434782608696,
        "tp": 23,
        "tn": 19,
        "fp": 4,
        "fn": 2
      },
      {
        "fold": 3,
        "loss": 0.33319014795990876,
        "accuracy": 0.9302325581395349,
        "precision": 1.0,
        "recall": 0.8571428571428571,
        "specificity": 1.0,
        "f1": 0.923076923076923,
        "balanced_accuracy": 0.9285714285714286,
        "tp": 18,
        "tn": 22,
        "fp": 0,
        "fn": 3
      },
      {
        "fold": 4,
        "loss": 0.7216461703584001,
        "accuracy": 0.8108108108108109,
        "precision": 0.8125,
        "recall": 0.7647058823529411,
        "specificity": 0.85,
        "f1": 0.787878787878788,
        "balanced_accuracy": 0.8073529411764706,
        "tp": 13,
        "tn": 17,
        "fp": 3,
        "fn": 4
      }
    ],
    "fold_statistics": {
      "accuracy": {
        "mean": 0.8649483422375864,
        "std": 0.05080454931175574
      },
      "precision": {
        "mean": 0.8968571937321937,
        "std": 0.08259848590994551
      },
      "recall": {
        "mean": 0.8229621848739496,
        "std": 0.08021207956866942
      },
      "specificity": {
        "mean": 0.9033967391304348,
        "std": 0.08025633235522785
      },
      "f1": {
        "mean": 0.8557893256169118,
        "std": 0.05990497889925291
      },
      "balanced_accuracy": {
        "mean": 0.8631794620021922,
        "std": 0.05121039129494111
      }
    },
    "pooled_test": {
      "accuracy": 0.86875,
      "precision": 0.8918918918918919,
      "recall": 0.8354430379746836,
      "specificity": 0.9012345679012346,
      "f1": 0.8627450980392156,
      "balanced_accuracy": 0.8683388029379591,
      "tp": 66,
      "tn": 73,
      "fp": 8,
      "fn": 13
    },
    "parameters": 1185798,
    "latency_ms_batch1_mean": 9.699870250005915,
    "test_samples": 160
  },
  "yolo+ctrgcn": {
    "route": "yolo+ctrgcn",
    "folds": [
      {
        "fold": 1,
        "loss": 0.5686701834201813,
        "accuracy": 0.875,
        "precision": 0.8,
        "recall": 1.0,
        "specificity": 0.75,
        "f1": 0.888888888888889,
        "balanced_accuracy": 0.875,
        "tp": 16,
        "tn": 12,
        "fp": 4,
        "fn": 0
      },
      {
        "fold": 2,
        "loss": 0.5990369518597921,
        "accuracy": 0.7291666666666666,
        "precision": 0.6875,
        "recall": 0.88,
        "specificity": 0.5652173913043478,
        "f1": 0.7719298245614036,
        "balanced_accuracy": 0.7226086956521739,
        "tp": 22,
        "tn": 13,
        "fp": 10,
        "fn": 3
      },
      {
        "fold": 3,
        "loss": 0.5994069992109786,
        "accuracy": 0.813953488372093,
        "precision": 0.9333333333333333,
        "recall": 0.6666666666666666,
        "specificity": 0.9545454545454546,
        "f1": 0.7777777777777778,
        "balanced_accuracy": 0.8106060606060606,
        "tp": 14,
        "tn": 21,
        "fp": 1,
        "fn": 7
      },
      {
        "fold": 4,
        "loss": 1.3920569113782935,
        "accuracy": 0.7027027027027027,
        "precision": 0.6363636363636364,
        "recall": 0.8235294117647058,
        "specificity": 0.6,
        "f1": 0.717948717948718,
        "balanced_accuracy": 0.7117647058823529,
        "tp": 14,
        "tn": 12,
        "fp": 8,
        "fn": 3
      }
    ],
    "fold_statistics": {
      "accuracy": {
        "mean": 0.7802057144353656,
        "std": 0.07902862360386209
      },
      "precision": {
        "mean": 0.7642992424242424,
        "std": 0.13179872396445771
      },
      "recall": {
        "mean": 0.8425490196078431,
        "std": 0.13843137254901963
      },
      "specificity": {
        "mean": 0.7174407114624506,
        "std": 0.17724091549008614
      },
      "f1": {
        "mean": 0.7891363022941971,
        "std": 0.07174800729505879
      },
      "balanced_accuracy": {
        "mean": 0.7799948655351467,
        "std": 0.07726911417989629
      }
    },
    "pooled_test": {
      "accuracy": 0.775,
      "precision": 0.7415730337078652,
      "recall": 0.8354430379746836,
      "specificity": 0.7160493827160493,
      "f1": 0.7857142857142858,
      "balanced_accuracy": 0.7757462103453665,
      "tp": 66,
      "tn": 58,
      "fp": 23,
      "fn": 13
    },
    "parameters": 1421488,
    "latency_ms_batch1_mean": 19.654210999997304,
    "test_samples": 160
  },
  "yolo+stgcnpp": {
    "route": "yolo+stgcnpp",
    "folds": [
      {
        "fold": 1,
        "loss": 0.6229559183120728,
        "accuracy": 0.8125,
        "precision": 0.7272727272727273,
        "recall": 1.0,
        "specificity": 0.625,
        "f1": 0.8421052631578948,
        "balanced_accuracy": 0.8125,
        "tp": 16,
        "tn": 10,
        "fp": 6,
        "fn": 0
      },
      {
        "fold": 2,
        "loss": 0.40536173184712726,
        "accuracy": 0.8125,
        "precision": 0.7666666666666667,
        "recall": 0.92,
        "specificity": 0.6956521739130435,
        "f1": 0.8363636363636363,
        "balanced_accuracy": 0.8078260869565217,
        "tp": 23,
        "tn": 16,
        "fp": 7,
        "fn": 2
      },
      {
        "fold": 3,
        "loss": 0.6504099784895431,
        "accuracy": 0.813953488372093,
        "precision": 1.0,
        "recall": 0.6190476190476191,
        "specificity": 1.0,
        "f1": 0.7647058823529412,
        "balanced_accuracy": 0.8095238095238095,
        "tp": 13,
        "tn": 22,
        "fp": 0,
        "fn": 8
      },
      {
        "fold": 4,
        "loss": 1.604127903242369,
        "accuracy": 0.7027027027027027,
        "precision": 0.6363636363636364,
        "recall": 0.8235294117647058,
        "specificity": 0.6,
        "f1": 0.717948717948718,
        "balanced_accuracy": 0.7117647058823529,
        "tp": 14,
        "tn": 12,
        "fp": 8,
        "fn": 3
      }
    ],
    "fold_statistics": {
      "accuracy": {
        "mean": 0.7854140477686989,
        "std": 0.05514515357712346
      },
      "precision": {
        "mean": 0.7825757575757576,
        "std": 0.15487931852182563
      },
      "recall": {
        "mean": 0.8406442577030813,
        "std": 0.1644075978104325
      },
      "specificity": {
        "mean": 0.7301630434782609,
        "std": 0.1843951073322325
      },
      "f1": {
        "mean": 0.7902808749557976,
        "std": 0.059708763442302276
      },
      "balanced_accuracy": {
        "mean": 0.785403650590671,
        "std": 0.049130621980619744
      }
    },
    "pooled_test": {
      "accuracy": 0.7875,
      "precision": 0.7586206896551724,
      "recall": 0.8354430379746836,
      "specificity": 0.7407407407407407,
      "f1": 0.7951807228915663,
      "balanced_accuracy": 0.7880918893577121,
      "tp": 66,
      "tn": 60,
      "fp": 21,
      "fn": 13
    },
    "parameters": 1185798,
    "latency_ms_batch1_mean": 10.060591749997911,
    "test_samples": 160
  }
}
