{
  "rtmpose_bytetrack+stgcnpp": {
    "route": "rtmpose_bytetrack+stgcnpp",
    "folds": [
      {
        "fold": 1,
        "loss": 0.46082253754138947,
        "accuracy": 0.875,
        "precision": 0.9285714285714286,
        "recall": 0.8125,
        "specificity": 0.9375,
        "f1": 0.8666666666666666,
        "balanced_accuracy": 0.875,
        "tp": 13,
        "tn": 15,
        "fp": 1,
        "fn": 3
      },
      {
        "fold": 2,
        "loss": 0.4817984104156494,
        "accuracy": 0.7708333333333334,
        "precision": 0.85,
        "recall": 0.68,
        "specificity": 0.8695652173913043,
        "f1": 0.7555555555555556,
        "balanced_accuracy": 0.7747826086956522,
        "tp": 17,
        "tn": 20,
        "fp": 3,
        "fn": 8
      },
      {
        "fold": 3,
        "loss": 0.28654147303381633,
        "accuracy": 0.9069767441860465,
        "precision": 0.9473684210526315,
        "recall": 0.8571428571428571,
        "specificity": 0.9545454545454546,
        "f1": 0.9,
        "balanced_accuracy": 0.9058441558441559,
        "tp": 18,
        "tn": 21,
        "fp": 1,
        "fn": 3
      },
      {
        "fold": 4,
        "loss": 0.8148880681476077,
        "accuracy": 0.7837837837837838,
        "precision": 0.7647058823529411,
        "recall": 0.7647058823529411,
        "specificity": 0.8,
        "f1": 0.7647058823529412,
        "balanced_accuracy": 0.7823529411764706,
        "tp": 13,
        "tn": 16,
        "fp": 4,
        "fn": 4
      }
    ],
    "fold_statistics": {
      "accuracy": {
        "mean": 0.8341484653257909,
        "std": 0.0671272750651958
      },
      "precision": {
        "mean": 0.8726614329942503,
        "std": 0.08341663129499692
      },
      "recall": {
        "mean": 0.7785871848739496,
        "std": 0.07579181190701217
      },
      "specificity": {
        "mean": 0.8904026679841897,
        "std": 0.07056745585306308
      },
      "f1": {
        "mean": 0.8217320261437908,
        "std": 0.07251736340501845
      },
      "balanced_accuracy": {
        "mean": 0.8344949264290696,
        "std": 0.06586785011999897
      }
    },
    "pooled_test": {
      "accuracy": 0.83125,
      "precision": 0.8714285714285714,
      "recall": 0.7721518987341772,
      "specificity": 0.8888888888888888,
      "f1": 0.8187919463087248,
      "balanced_accuracy": 0.8305203938115331,
      "tp": 61,
      "tn": 72,
      "fp": 9,
      "fn": 18
    },
    "parameters": 1185798,
    "latency_ms_batch1_mean": 20.521055749995867,
    "test_samples": 160
  }
}
