{
  "rtmpose+stgcnpp": {
    "route": "rtmpose+stgcnpp",
    "folds": [
      {
        "fold": 1,
        "loss": 0.7101079858839512,
        "accuracy": 0.78125,
        "precision": 0.7407407407407407,
        "recall": 0.631578947368421,
        "specificity": 0.8695652173913043,
        "f1": 0.6818181818181818,
        "balanced_accuracy": 0.7505720823798627,
        "tp": 60,
        "tn": 140,
        "fp": 21,
        "fn": 35
      },
      {
        "fold": 2,
        "loss": 0.7325279833512929,
        "accuracy": 0.7855750487329435,
        "precision": 0.6244131455399061,
        "recall": 0.8159509202453987,
        "specificity": 0.7714285714285715,
        "f1": 0.7074468085106382,
        "balanced_accuracy": 0.7936897458369851,
        "tp": 133,
        "tn": 270,
        "fp": 80,
        "fn": 30
      },
      {
        "fold": 3,
        "loss": 0.29538208447811776,
        "accuracy": 0.9363395225464191,
        "precision": 0.9145299145299145,
        "recall": 0.8842975206611571,
        "specificity": 0.9609375,
        "f1": 0.8991596638655462,
        "balanced_accuracy": 0.9226175103305785,
        "tp": 107,
        "tn": 246,
        "fp": 10,
        "fn": 14
      },
      {
        "fold": 4,
        "loss": 0.5759259987233291,
        "accuracy": 0.8781094527363185,
        "precision": 0.6929133858267716,
        "recall": 0.8979591836734694,
        "specificity": 0.8717105263157895,
        "f1": 0.7822222222222222,
        "balanced_accuracy": 0.8848348549946294,
        "tp": 88,
        "tn": 265,
        "fp": 39,
        "fn": 10
      }
    ],
    "fold_statistics": {
      "accuracy": {
        "mean": 0.8453185060039202,
        "std": 0.0753527831565192
      },
      "precision": {
        "mean": 0.7431492966593333,
        "std": 0.12382654217782187
      },
      "recall": {
        "mean": 0.8074466429871116,
        "std": 0.12261096540778194
      },
      "specificity": {
        "mean": 0.8684104537839163,
        "std": 0.07741439087655431
      },
      "f1": {
        "mean": 0.767661719104147,
        "std": 0.09746566246474472
      },
      "balanced_accuracy": {
        "mean": 0.8379285483855139,
        "std": 0.07949978129732005
      }
    },
    "pooled_test": {
      "accuracy": 0.8456072351421189,
      "precision": 0.7211895910780669,
      "recall": 0.8134171907756813,
      "specificity": 0.8599439775910365,
      "f1": 0.7645320197044335,
      "balanced_accuracy": 0.8366805841833589,
      "tp": 388,
      "tn": 921,
      "fp": 150,
      "fn": 89
    },
    "parameters": 1185798,
    "latency_ms_batch1_mean": 27.753265500032285,
    "test_samples": 1548
  }
}
