阶段,路线,样本数,Accuracy,Precision,Recall,Specificity,F1,Balanced_Accuracy,ROC_AUC,TP,TN,FP,FN
GMDCSA24内部四折汇总,RTMPose+ST-GCN++,160,0.868750,0.891892,0.835443,0.901235,0.862745,0.868339,,66,73,8,13
GMDCSA24内部四折汇总,YOLO-Pose+ST-GCN++,160,0.787500,0.758621,0.835443,0.740741,0.795181,0.788092,,66,60,21,13
GMDCSA24内部四折汇总,YOLO-Pose+CTR-GCN,160,0.775000,0.741573,0.835443,0.716049,0.785714,0.775746,,66,58,23,13
MCFD正式跨视角_固定阈值0.5,RTMPose+ST-GCN++,415,0.624096,0.609137,0.603015,0.643519,0.606061,0.623267,0.643891,120,139,77,79
MCFD正式跨视角_固定阈值0.5,YOLO-Pose+ST-GCN++,415,0.600000,0.571429,0.663317,0.541667,0.613953,0.602492,0.648439,132,117,99,67
MCFD正式跨视角_固定阈值0.5,YOLO-Pose+CTR-GCN,415,0.585542,0.560538,0.628141,0.546296,0.592417,0.587218,0.613775,125,118,98,74
