{
  "route": "hourglass+stgcnpp",
  "pose": "hourglass",
  "model": "stgcnpp",
  "fold": 1,
  "seed": 2027,
  "device": "cuda",
  "gpu": "NVIDIA GeForce RTX 4060 Laptop GPU",
  "best_epoch": 139,
  "epochs_ran": 300,
  "parameters": 1185798,
  "latency_ms_batch1": 20.96113100007642,
  "samples": {
    "train": 80,
    "val": 48,
    "test": 32
  },
  "validation": {
    "loss": 0.5099435846010844,
    "accuracy": 0.875,
    "precision": 0.8275862068965517,
    "recall": 0.96,
    "specificity": 0.782608695652174,
    "f1": 0.888888888888889,
    "balanced_accuracy": 0.8713043478260869,
    "tp": 24,
    "tn": 18,
    "fp": 5,
    "fn": 1
  },
  "test": {
    "loss": 0.8363066241145134,
    "accuracy": 0.78125,
    "precision": 0.6956521739130435,
    "recall": 1.0,
    "specificity": 0.5625,
    "f1": 0.8205128205128205,
    "balanced_accuracy": 0.78125,
    "tp": 16,
    "tn": 9,
    "fp": 7,
    "fn": 0
  },
  "config": {
    "epochs": 300,
    "batch_size": 16,
    "learning_rate": 0.0003,
    "weight_decay": 0.001,
    "patience": 15,
    "early_stopping": false,
    "dropout": 0.5,
    "base_channels": 64,
    "amp": true
  }
}
