{
  "pose": "rtmpose",
  "model": "stgcnpp",
  "tensor": "C:\\Users\\HP\\Documents\\挑战杯\\fall_benchmark\\data\\gcn\\mcfd_rtmpose_t64.npz",
  "ensemble": "mean probability of four subject-independent fold checkpoints",
  "threshold_selection": {
    "source": "cam1 only",
    "objective": "maximum balanced accuracy, then F1",
    "selected": 0.5,
    "calibration_metrics": {
      "samples": 69,
      "threshold": 0.5,
      "accuracy": 0.6376811594202898,
      "balanced_accuracy": 0.6325757575757576,
      "precision": 0.6538461538461539,
      "recall": 0.5151515151515151,
      "specificity": 0.75,
      "f1": 0.576271186440678,
      "false_positive_rate": 0.25,
      "roc_auc": 0.5833333333333334,
      "tp": 17,
      "tn": 27,
      "fp": 9,
      "fn": 16
    }
  },
  "fold_metrics": [
    {
      "fold": 1,
      "samples": 552,
      "threshold": 0.5,
      "accuracy": 0.6394927536231884,
      "balanced_accuracy": 0.639520202020202,
      "precision": 0.6190476190476191,
      "recall": 0.6401515151515151,
      "specificity": 0.6388888888888888,
      "f1": 0.6294227188081937,
      "false_positive_rate": 0.3611111111111111,
      "roc_auc": 0.6852377946127947,
      "tp": 169,
      "tn": 184,
      "fp": 104,
      "fn": 95
    },
    {
      "fold": 2,
      "samples": 552,
      "threshold": 0.5,
      "accuracy": 0.6213768115942029,
      "balanced_accuracy": 0.6220012626262625,
      "precision": 0.597864768683274,
      "recall": 0.6363636363636364,
      "specificity": 0.6076388888888888,
      "f1": 0.6165137614678898,
      "false_positive_rate": 0.3923611111111111,
      "roc_auc": 0.6204558606902356,
      "tp": 168,
      "tn": 175,
      "fp": 113,
      "fn": 96
    },
    {
      "fold": 3,
      "samples": 552,
      "threshold": 0.5,
      "accuracy": 0.6141304347826086,
      "balanced_accuracy": 0.616635101010101,
      "precision": 0.5836065573770491,
      "recall": 0.6742424242424242,
      "specificity": 0.5590277777777778,
      "f1": 0.625659050966608,
      "false_positive_rate": 0.4409722222222222,
      "roc_auc": 0.6203309132996633,
      "tp": 178,
      "tn": 161,
      "fp": 127,
      "fn": 86
    },
    {
      "fold": 4,
      "samples": 552,
      "threshold": 0.5,
      "accuracy": 0.5851449275362319,
      "balanced_accuracy": 0.580334595959596,
      "precision": 0.5821596244131455,
      "recall": 0.4696969696969697,
      "specificity": 0.6909722222222222,
      "f1": 0.5199161425576521,
      "false_positive_rate": 0.3090277777777778,
      "roc_auc": 0.6356402567340067,
      "tp": 124,
      "tn": 199,
      "fp": 89,
      "fn": 140
    }
  ],
  "groups_fixed_0p5": {
    "all": {
      "samples": 552,
      "threshold": 0.5,
      "accuracy": 0.6358695652173914,
      "balanced_accuracy": 0.6351010101010102,
      "precision": 0.6197718631178707,
      "recall": 0.6174242424242424,
      "specificity": 0.6527777777777778,
      "f1": 0.6185958254269449,
      "false_positive_rate": 0.3472222222222222,
      "roc_auc": 0.6413483796296297,
      "tp": 163,
      "tn": 188,
      "fp": 100,
      "fn": 101
    },
    "cam1": {
      "samples": 69,
      "threshold": 0.5,
      "accuracy": 0.6376811594202898,
      "balanced_accuracy": 0.6325757575757576,
      "precision": 0.6538461538461539,
      "recall": 0.5151515151515151,
      "specificity": 0.75,
      "f1": 0.576271186440678,
      "false_positive_rate": 0.25,
      "roc_auc": 0.5833333333333334,
      "tp": 17,
      "tn": 27,
      "fp": 9,
      "fn": 16
    },
    "cam2": {
      "samples": 69,
      "threshold": 0.5,
      "accuracy": 0.5797101449275363,
      "balanced_accuracy": 0.577020202020202,
      "precision": 0.5666666666666667,
      "recall": 0.5151515151515151,
      "specificity": 0.6388888888888888,
      "f1": 0.5396825396825397,
      "false_positive_rate": 0.3611111111111111,
      "roc_auc": 0.617003367003367,
      "tp": 17,
      "tn": 23,
      "fp": 13,
      "fn": 16
    },
    "cam3": {
      "samples": 68,
      "threshold": 0.5,
      "accuracy": 0.6617647058823529,
      "balanced_accuracy": 0.6649305555555556,
      "precision": 0.6216216216216216,
      "recall": 0.71875,
      "specificity": 0.6111111111111112,
      "f1": 0.6666666666666667,
      "false_positive_rate": 0.3888888888888889,
      "roc_auc": 0.6345486111111112,
      "tp": 23,
      "tn": 22,
      "fp": 14,
      "fn": 9
    },
    "cam4": {
      "samples": 69,
      "threshold": 0.5,
      "accuracy": 0.6376811594202898,
      "balanced_accuracy": 0.6439393939393939,
      "precision": 0.5909090909090909,
      "recall": 0.7878787878787878,
      "specificity": 0.5,
      "f1": 0.6753246753246752,
      "false_positive_rate": 0.5,
      "roc_auc": 0.6481481481481481,
      "tp": 26,
      "tn": 18,
      "fp": 18,
      "fn": 7
    },
    "cam5": {
      "samples": 70,
      "threshold": 0.5,
      "accuracy": 0.7,
      "balanced_accuracy": 0.6993464052287581,
      "precision": 0.696969696969697,
      "recall": 0.6764705882352942,
      "specificity": 0.7222222222222222,
      "f1": 0.6865671641791046,
      "false_positive_rate": 0.2777777777777778,
      "roc_auc": 0.6454248366013072,
      "tp": 23,
      "tn": 26,
      "fp": 10,
      "fn": 11
    },
    "cam6": {
      "samples": 69,
      "threshold": 0.5,
      "accuracy": 0.6811594202898551,
      "balanced_accuracy": 0.6830808080808081,
      "precision": 0.6486486486486487,
      "recall": 0.7272727272727273,
      "specificity": 0.6388888888888888,
      "f1": 0.6857142857142857,
      "false_positive_rate": 0.3611111111111111,
      "roc_auc": 0.7331649831649831,
      "tp": 24,
      "tn": 23,
      "fp": 13,
      "fn": 9
    },
    "cam7": {
      "samples": 69,
      "threshold": 0.5,
      "accuracy": 0.6231884057971014,
      "balanced_accuracy": 0.6199494949494949,
      "precision": 0.6206896551724138,
      "recall": 0.5454545454545454,
      "specificity": 0.6944444444444444,
      "f1": 0.5806451612903226,
      "false_positive_rate": 0.3055555555555556,
      "roc_auc": 0.6582491582491582,
      "tp": 18,
      "tn": 25,
      "fp": 11,
      "fn": 15
    },
    "cam8": {
      "samples": 69,
      "threshold": 0.5,
      "accuracy": 0.5652173913043478,
      "balanced_accuracy": 0.5606060606060606,
      "precision": 0.5555555555555556,
      "recall": 0.45454545454545453,
      "specificity": 0.6666666666666666,
      "f1": 0.5,
      "false_positive_rate": 0.3333333333333333,
      "roc_auc": 0.6052188552188552,
      "tp": 15,
      "tn": 24,
      "fp": 12,
      "fn": 18
    },
    "cross_view_test": {
      "samples": 415,
      "threshold": 0.5,
      "accuracy": 0.6313253012048192,
      "balanced_accuracy": 0.6308044853899125,
      "precision": 0.615,
      "recall": 0.6180904522613065,
      "specificity": 0.6435185185185185,
      "f1": 0.6165413533834587,
      "false_positive_rate": 0.35648148148148145,
      "roc_auc": 0.6483807928531546,
      "tp": 123,
      "tn": 139,
      "fp": 77,
      "fn": 76
    }
  },
  "groups_calibrated": {
    "all": {
      "samples": 552,
      "threshold": 0.5,
      "accuracy": 0.6358695652173914,
      "balanced_accuracy": 0.6351010101010102,
      "precision": 0.6197718631178707,
      "recall": 0.6174242424242424,
      "specificity": 0.6527777777777778,
      "f1": 0.6185958254269449,
      "false_positive_rate": 0.3472222222222222,
      "roc_auc": 0.6413483796296297,
      "tp": 163,
      "tn": 188,
      "fp": 100,
      "fn": 101
    },
    "cam1": {
      "samples": 69,
      "threshold": 0.5,
      "accuracy": 0.6376811594202898,
      "balanced_accuracy": 0.6325757575757576,
      "precision": 0.6538461538461539,
      "recall": 0.5151515151515151,
      "specificity": 0.75,
      "f1": 0.576271186440678,
      "false_positive_rate": 0.25,
      "roc_auc": 0.5833333333333334,
      "tp": 17,
      "tn": 27,
      "fp": 9,
      "fn": 16
    },
    "cam2": {
      "samples": 69,