{
  "route": "alphapose+stgcnpp",
  "pose": "alphapose",
  "model": "stgcnpp",
  "fold": 4,
  "seed": 2030,
  "device": "cuda",
  "gpu": "NVIDIA GeForce RTX 4060 Laptop GPU",
  "best_epoch": 6,
  "epochs_ran": 300,
  "parameters": 1185798,
  "latency_ms_batch1": 12.52543800001149,
  "samples": {
    "train": 91,
    "val": 32,
    "test": 37
  },
  "validation": {
    "loss": 0.27440859377384186,
    "accuracy": 1.0,
    "precision": 1.0,
    "recall": 1.0,
    "specificity": 1.0,
    "f1": 1.0,
    "balanced_accuracy": 1.0,
    "tp": 16,
    "tn": 16,
    "fp": 0,
    "fn": 0
  },
  "test": {
    "loss": 0.835975576091457,
    "accuracy": 0.7027027027027027,
    "precision": 0.6666666666666666,
    "recall": 0.7058823529411765,
    "specificity": 0.7,
    "f1": 0.6857142857142857,
    "balanced_accuracy": 0.7029411764705882,
    "tp": 12,
    "tn": 14,
    "fp": 6,
    "fn": 5
  },
  "config": {
    "epochs": 300,
    "batch_size": 16,
    "learning_rate": 0.0003,
    "weight_decay": 0.001,
    "patience": 15,
    "early_stopping": false,
    "dropout": 0.5,
    "base_channels": 64,
    "amp": true
  }
}
