{
  "pose": "yolo",
  "model": "posec3d",
  "tensor": "C:\\Users\\HP\\Documents\\挑战杯\\fall_benchmark\\data\\gcn\\mcfd_yolo_t64_c010.npz",
  "ensemble": "mean probability of four subject-independent fold checkpoints",
  "threshold_selection": {
    "source": "cam1 only",
    "objective": "maximum balanced accuracy, then F1",
    "selected": 0.43,
    "calibration_metrics": {
      "samples": 69,
      "threshold": 0.43,
      "accuracy": 0.6376811594202898,
      "balanced_accuracy": 0.6313131313131313,
      "precision": 0.6666666666666666,
      "recall": 0.48484848484848486,
      "specificity": 0.7777777777777778,
      "f1": 0.5614035087719298,
      "false_positive_rate": 0.2222222222222222,
      "roc_auc": 0.5803872053872055,
      "tp": 16,
      "tn": 28,
      "fp": 8,
      "fn": 17
    }
  },
  "fold_metrics": [
    {
      "fold": 1,
      "samples": 552,
      "threshold": 0.5,
      "accuracy": 0.5978260869565217,
      "balanced_accuracy": 0.5954861111111112,
      "precision": 0.5860655737704918,
      "recall": 0.5416666666666666,
      "specificity": 0.6493055555555556,
      "f1": 0.562992125984252,
      "false_positive_rate": 0.3506944444444444,
      "roc_auc": 0.6130050505050505,
      "tp": 143,
      "tn": 187,
      "fp": 101,
      "fn": 121
    },
    {
      "fold": 2,
      "samples": 552,
      "threshold": 0.5,
      "accuracy": 0.5688405797101449,
      "balanced_accuracy": 0.5779671717171717,
      "precision": 0.5333333333333333,
      "recall": 0.7878787878787878,
      "specificity": 0.3680555555555556,
      "f1": 0.636085626911315,
      "false_positive_rate": 0.6319444444444444,
      "roc_auc": 0.58984375,
      "tp": 208,
      "tn": 106,
      "fp": 182,
      "fn": 56
    },
    {
      "fold": 3,
      "samples": 552,
      "threshold": 0.5,
      "accuracy": 0.5869565217391305,
      "balanced_accuracy": 0.5852272727272727,
      "precision": 0.5714285714285714,
      "recall": 0.5454545454545454,
      "specificity": 0.625,
      "f1": 0.5581395348837208,
      "false_positive_rate": 0.375,
      "roc_auc": 0.6130182028619529,
      "tp": 144,
      "tn": 180,
      "fp": 108,
      "fn": 120
    },
    {
      "fold": 4,
      "samples": 552,
      "threshold": 0.5,
      "accuracy": 0.5942028985507246,
      "balanced_accuracy": 0.5913825757575757,
      "precision": 0.5840336134453782,
      "recall": 0.5265151515151515,
      "specificity": 0.65625,
      "f1": 0.5537848605577689,
      "false_positive_rate": 0.34375,
      "roc_auc": 0.6049952651515151,
      "tp": 139,
      "tn": 189,
      "fp": 99,
      "fn": 125
    }
  ],
  "groups_fixed_0p5": {
    "all": {
      "samples": 552,
      "threshold": 0.5,
      "accuracy": 0.5942028985507246,
      "balanced_accuracy": 0.5932765151515151,
      "precision": 0.5763358778625954,
      "recall": 0.571969696969697,
      "specificity": 0.6145833333333334,
      "f1": 0.5741444866920152,
      "false_positive_rate": 0.3854166666666667,
      "roc_auc": 0.6217382154882155,
      "tp": 151,
      "tn": 177,
      "fp": 111,
      "fn": 113
    },
    "cam1": {
      "samples": 69,
      "threshold": 0.5,
      "accuracy": 0.6086956521739131,
      "balanced_accuracy": 0.601010101010101,
      "precision": 0.6363636363636364,
      "recall": 0.42424242424242425,
      "specificity": 0.7777777777777778,
      "f1": 0.5090909090909091,
      "false_positive_rate": 0.2222222222222222,
      "roc_auc": 0.5803872053872055,
      "tp": 14,
      "tn": 28,
      "fp": 8,
      "fn": 19
    },
    "cam2": {
      "samples": 69,
      "threshold": 0.5,
      "accuracy": 0.6956521739130435,
      "balanced_accuracy": 0.6906565656565657,
      "precision": 0.7307692307692307,
      "recall": 0.5757575757575758,
      "specificity": 0.8055555555555556,
      "f1": 0.6440677966101696,
      "false_positive_rate": 0.19444444444444445,
      "roc_auc": 0.6582491582491582,
      "tp": 19,
      "tn": 29,
      "fp": 7,
      "fn": 14
    },
    "cam3": {
      "samples": 68,
      "threshold": 0.5,
      "accuracy": 0.5588235294117647,
      "balanced_accuracy": 0.5746527777777778,
      "precision": 0.5192307692307693,
      "recall": 0.84375,
      "specificity": 0.3055555555555556,
      "f1": 0.6428571428571429,
      "false_positive_rate": 0.6944444444444444,
      "roc_auc": 0.5520833333333334,
      "tp": 27,
      "tn": 11,
      "fp": 25,
      "fn": 5
    },
    "cam4": {
      "samples": 69,
      "threshold": 0.5,
      "accuracy": 0.5072463768115942,
      "balanced_accuracy": 0.5202020202020202,
      "precision": 0.4909090909090909,
      "recall": 0.8181818181818182,
      "specificity": 0.2222222222222222,
      "f1": 0.6136363636363636,
      "false_positive_rate": 0.7777777777777778,
      "roc_auc": 0.6515151515151515,
      "tp": 27,
      "tn": 8,
      "fp": 28,
      "fn": 6
    },
    "cam5": {
      "samples": 70,
      "threshold": 0.5,
      "accuracy": 0.5714285714285714,
      "balanced_accuracy": 0.5661764705882353,
      "precision": 0.5909090909090909,
      "recall": 0.38235294117647056,
      "specificity": 0.75,
      "f1": 0.46428571428571425,
      "false_positive_rate": 0.25,
      "roc_auc": 0.636437908496732,
      "tp": 13,
      "tn": 27,
      "fp": 9,
      "fn": 21
    },
    "cam6": {
      "samples": 69,
      "threshold": 0.5,
      "accuracy": 0.6231884057971014,
      "balanced_accuracy": 0.6237373737373737,
      "precision": 0.6,
      "recall": 0.6363636363636364,
      "specificity": 0.6111111111111112,
      "f1": 0.6176470588235293,
      "false_positive_rate": 0.3888888888888889,
      "roc_auc": 0.6355218855218855,
      "tp": 21,
      "tn": 22,
      "fp": 14,
      "fn": 12
    },
    "cam7": {
      "samples": 69,
      "threshold": 0.5,
      "accuracy": 0.6086956521739131,
      "balanced_accuracy": 0.6035353535353536,
      "precision": 0.6153846153846154,
      "recall": 0.48484848484848486,
      "specificity": 0.7222222222222222,
      "f1": 0.5423728813559322,
      "false_positive_rate": 0.2777777777777778,
      "roc_auc": 0.6826599326599326,
      "tp": 16,
      "tn": 26,
      "fp": 10,
      "fn": 17
    },
    "cam8": {
      "samples": 69,
      "threshold": 0.5,
      "accuracy": 0.5797101449275363,
      "balanced_accuracy": 0.5732323232323232,
      "precision": 0.5833333333333334,
      "recall": 0.42424242424242425,
      "specificity": 0.7222222222222222,
      "f1": 0.4912280701754386,
      "false_positive_rate": 0.2777777777777778,
      "roc_auc": 0.6346801346801347,
      "tp": 14,
      "tn": 26,
      "fp": 10,
      "fn": 19
    },
    "cross_view_test": {
      "samples": 415,
      "threshold": 0.5,
      "accuracy": 0.5975903614457831,
      "balanced_accuracy": 0.5958263539921831,
      "precision": 0.5851063829787234,
      "recall": 0.5527638190954773,
      "specificity": 0.6388888888888888,
      "f1": 0.5684754521963824,
      "false_positive_rate": 0.3611111111111111,
      "roc_auc": 0.6407849432346919,
      "tp": 110,
      "tn": 138,
      "fp": 78,
      "fn": 89
    }
  },
  "groups_calibrated": {
    "all": {
      "samples": 552,
      "threshold": 0.43,
      "accuracy": 0.6105072463768116,
      "balanced_accuracy": 0.6117424242424243,
      "precision": 0.5847750865051903,
      "recall": 0.6401515151515151,
      "specificity": 0.5833333333333334,
      "f1": 0.6112115732368897,
      "false_positive_rate": 0.4166666666666667,
      "roc_auc": 0.6217382154882155,
      "tp": 169,
      "tn": 168,
      "fp": 120,
      "fn": 95
    },
    "cam1": {
      "samples": 69,
      "threshold": 0.43,
      "accuracy": 0.6376811594202898,
      "balanced_accuracy": 0.6313131313131313,
      "precision": 0.6666666666666666,
      "recall": 0.48484848484848486,
      "specificity": 0.7777777777777778,
      "f1": 0.5614035087719298,
      "false_positive_rate": 0.2222222222222222,
      "roc_auc": 0.5803872053872055,
      "tp": 16,
      "tn": 28,
      "fp": 8,