{
  "route": "yolo+ctrgcn",
  "pose": "yolo",
  "model": "ctrgcn",
  "fold": 4,
  "seed": 2030,
  "device": "cuda",
  "gpu": "NVIDIA GeForce RTX 4060 Laptop GPU",
  "best_epoch": 185,
  "epochs_ran": 300,
  "parameters": 1421488,
  "latency_ms_batch1": 26.521179000119446,
  "samples": {
    "train": 91,
    "val": 32,
    "test": 37
  },
  "validation": {
    "loss": 0.23755110055208206,
    "accuracy": 0.9375,
    "precision": 0.8888888888888888,
    "recall": 1.0,
    "specificity": 0.875,
    "f1": 0.9411764705882353,
    "balanced_accuracy": 0.9375,
    "tp": 16,
    "tn": 14,
    "fp": 2,
    "fn": 0
  },
  "test": {
    "loss": 0.7336689265998634,
    "accuracy": 0.8108108108108109,
    "precision": 0.75,
    "recall": 0.8823529411764706,
    "specificity": 0.75,
    "f1": 0.8108108108108107,
    "balanced_accuracy": 0.8161764705882353,
    "tp": 15,
    "tn": 15,
    "fp": 5,
    "fn": 2
  },
  "config": {
    "epochs": 300,
    "batch_size": 16,
    "learning_rate": 0.0003,
    "weight_decay": 0.001,
    "patience": 15,
    "early_stopping": false,
    "dropout": 0.5,
    "base_channels": 64,
    "amp": true
  }
}
