{
  "route": "hourglass+stgcnpp",
  "pose": "hourglass",
  "model": "stgcnpp",
  "fold": 4,
  "seed": 2030,
  "device": "cuda",
  "gpu": "NVIDIA GeForce RTX 4060 Laptop GPU",
  "best_epoch": 25,
  "epochs_ran": 300,
  "parameters": 1185798,
  "latency_ms_batch1": 16.56874299995252,
  "samples": {
    "train": 91,
    "val": 32,
    "test": 37
  },
  "validation": {
    "loss": 0.1730734184384346,
    "accuracy": 1.0,
    "precision": 1.0,
    "recall": 1.0,
    "specificity": 1.0,
    "f1": 1.0,
    "balanced_accuracy": 1.0,
    "tp": 16,
    "tn": 16,
    "fp": 0,
    "fn": 0
  },
  "test": {
    "loss": 0.6625788082947602,
    "accuracy": 0.8108108108108109,
    "precision": 0.7777777777777778,
    "recall": 0.8235294117647058,
    "specificity": 0.8,
    "f1": 0.7999999999999999,
    "balanced_accuracy": 0.8117647058823529,
    "tp": 14,
    "tn": 16,
    "fp": 4,
    "fn": 3
  },
  "config": {
    "epochs": 300,
    "batch_size": 16,
    "learning_rate": 0.0003,
    "weight_decay": 0.001,
    "patience": 15,
    "early_stopping": false,
    "dropout": 0.5,
    "base_channels": 64,
    "amp": true
  }
}
