{
  "route": "alphapose+posec3d",
  "pose": "alphapose",
  "model": "posec3d",
  "fold": 3,
  "seed": 2029,
  "device": "cuda",
  "gpu": "NVIDIA GeForce RTX 4060 Laptop GPU",
  "best_epoch": 15,
  "epochs_ran": 300,
  "parameters": 3626146,
  "latency_ms_batch1": 3.688817999936873,
  "samples": {
    "train": 80,
    "val": 37,
    "test": 43
  },
  "validation": {
    "loss": 0.9753549872217951,
    "accuracy": 0.8108108108108109,
    "precision": 0.7777777777777778,
    "recall": 0.8235294117647058,
    "specificity": 0.8,
    "f1": 0.7999999999999999,
    "balanced_accuracy": 0.8117647058823529,
    "tp": 14,
    "tn": 16,
    "fp": 4,
    "fn": 3
  },
  "test": {
    "loss": 0.6427011157191077,
    "accuracy": 0.7674418604651163,
    "precision": 0.7894736842105263,
    "recall": 0.7142857142857143,
    "specificity": 0.8181818181818182,
    "f1": 0.7500000000000001,
    "balanced_accuracy": 0.7662337662337663,
    "tp": 15,
    "tn": 18,
    "fp": 4,
    "fn": 6
  },
  "config": {
    "epochs": 300,
    "batch_size": 16,
    "learning_rate": 0.0003,
    "weight_decay": 0.001,
    "patience": 15,
    "early_stopping": false,
    "dropout": 0.5,
    "base_channels": 64,
    "amp": true
  }
}
