{
  "route": "hourglass+ctrgcn",
  "pose": "hourglass",
  "model": "ctrgcn",
  "fold": 2,
  "seed": 2028,
  "device": "cuda",
  "gpu": "NVIDIA GeForce RTX 4060 Laptop GPU",
  "best_epoch": 39,
  "epochs_ran": 300,
  "parameters": 1421488,
  "latency_ms_batch1": 24.62004999993951,
  "samples": {
    "train": 69,
    "val": 43,
    "test": 48
  },
  "validation": {
    "loss": 0.5754403575908306,
    "accuracy": 0.8604651162790697,
    "precision": 0.8,
    "recall": 0.9523809523809523,
    "specificity": 0.7727272727272727,
    "f1": 0.8695652173913043,
    "balanced_accuracy": 0.8625541125541125,
    "tp": 20,
    "tn": 17,
    "fp": 5,
    "fn": 1
  },
  "test": {
    "loss": 0.8575437565644582,
    "accuracy": 0.75,
    "precision": 0.6857142857142857,
    "recall": 0.96,
    "specificity": 0.5217391304347826,
    "f1": 0.7999999999999999,
    "balanced_accuracy": 0.7408695652173913,
    "tp": 24,
    "tn": 12,
    "fp": 11,
    "fn": 1
  },
  "config": {
    "epochs": 300,
    "batch_size": 16,
    "learning_rate": 0.0003,
    "weight_decay": 0.001,
    "patience": 15,
    "early_stopping": false,
    "dropout": 0.5,
    "base_channels": 64,
    "amp": true
  }
}
