{
  "route": "openpose+ctrgcn",
  "pose": "openpose",
  "model": "ctrgcn",
  "fold": 4,
  "seed": 2030,
  "device": "cuda",
  "gpu": "NVIDIA GeForce RTX 4060 Laptop GPU",
  "best_epoch": 102,
  "epochs_ran": 300,
  "parameters": 1421488,
  "latency_ms_batch1": 29.002650000038557,
  "samples": {
    "train": 91,
    "val": 32,
    "test": 37
  },
  "validation": {
    "loss": 0.5556351691484451,
    "accuracy": 0.875,
    "precision": 0.8,
    "recall": 1.0,
    "specificity": 0.75,
    "f1": 0.888888888888889,
    "balanced_accuracy": 0.875,
    "tp": 16,
    "tn": 12,
    "fp": 4,
    "fn": 0
  },
  "test": {
    "loss": 0.7123092783463968,
    "accuracy": 0.7567567567567568,
    "precision": 0.6818181818181818,
    "recall": 0.8823529411764706,
    "specificity": 0.65,
    "f1": 0.7692307692307693,
    "balanced_accuracy": 0.7661764705882352,
    "tp": 15,
    "tn": 13,
    "fp": 7,
    "fn": 2
  },
  "config": {
    "epochs": 300,
    "batch_size": 16,
    "learning_rate": 0.0003,
    "weight_decay": 0.001,
    "patience": 15,
    "early_stopping": false,
    "dropout": 0.5,
    "base_channels": 64,
    "amp": true
  }
}
