{
  "route": "rtmo+posec3d",
  "pose": "rtmo",
  "model": "posec3d",
  "fold": 1,
  "seed": 2027,
  "device": "cuda",
  "gpu": "NVIDIA GeForce RTX 4060 Laptop GPU",
  "best_epoch": 43,
  "epochs_ran": 300,
  "parameters": 3626146,
  "latency_ms_batch1": 1.4962280000327155,
  "samples": {
    "train": 80,
    "val": 48,
    "test": 32
  },
  "validation": {
    "loss": 0.5041950047016144,
    "accuracy": 0.8333333333333334,
    "precision": 0.8148148148148148,
    "recall": 0.88,
    "specificity": 0.782608695652174,
    "f1": 0.8461538461538461,
    "balanced_accuracy": 0.831304347826087,
    "tp": 22,
    "tn": 18,
    "fp": 5,
    "fn": 3
  },
  "test": {
    "loss": 0.6175907626748085,
    "accuracy": 0.84375,
    "precision": 0.7894736842105263,
    "recall": 0.9375,
    "specificity": 0.75,
    "f1": 0.8571428571428572,
    "balanced_accuracy": 0.84375,
    "tp": 15,
    "tn": 12,
    "fp": 4,
    "fn": 1
  },
  "config": {
    "epochs": 300,
    "batch_size": 16,
    "learning_rate": 0.0003,
    "weight_decay": 0.001,
    "patience": 15,
    "early_stopping": false,
    "dropout": 0.5,
    "base_channels": 64,
    "amp": true
  }
}
