method,scope,samples,accuracy,precision,recall,specificity,f1,balanced_accuracy,roc_auc,tp,tn,fp,fn
RTMPose+ST-GCN++,cross_view,415,0.6240963855421687,0.6091370558375635,0.6030150753768844,0.6435185185185185,0.606060606060606,0.6232667969477015,0.643890750046529,120,139,77,79
YOLO-Pose+ST-GCN++,cross_view,415,0.6,0.5714285714285714,0.6633165829145728,0.5416666666666666,0.613953488372093,0.6024916247906198,0.6484389540294063,132,117,99,67
YOLO-Pose+CTR-GCN,cross_view,415,0.5855421686746988,0.5605381165919282,0.628140703517588,0.5462962962962963,0.5924170616113744,0.5872184999069421,0.6137748929834357,125,118,98,74
三路线概率平均,cross_view,415,0.6216867469879518,0.5954545454545455,0.6582914572864321,0.5879629629629629,0.6252983293556086,0.6231272101246975,0.6561976549413735,131,127,89,68
两条ST-GCN++概率平均,cross_view,415,0.6265060240963856,0.6018518518518519,0.6532663316582915,0.6018518518518519,0.6265060240963856,0.6275590917550717,0.668713940070724,130,130,86,69
YOLO-ST，整段无姿态时回退RTMPose-ST,cross_view,415,0.6024096385542169,0.5739130434782609,0.6633165829145728,0.5462962962962963,0.6153846153846154,0.6048064396054346,0.6617578633910293,132,118,98,67
三路线多数投票,cross_view,415,0.5975903614457831,0.5707964601769911,0.6482412060301508,0.5509259259259259,0.6070588235294118,0.5995835659780384,0.5995835659780384,129,119,97,70
