{
  "route": "rtmpose_bytetrack+stgcnpp",
  "pose": "rtmpose_bytetrack",
  "model": "stgcnpp",
  "fold": 4,
  "seed": 5204,
  "device": "cuda",
  "gpu": "NVIDIA GeForce RTX 4060 Laptop GPU",
  "best_epoch": 9,
  "epochs_ran": 300,
  "parameters": 1185798,
  "latency_ms_batch1": 9.881882999907248,
  "samples": {
    "train": 91,
    "val": 32,
    "test": 37
  },
  "validation": {
    "loss": 0.22508813440799713,
    "accuracy": 0.96875,
    "precision": 1.0,
    "recall": 0.9375,
    "specificity": 1.0,
    "f1": 0.967741935483871,
    "balanced_accuracy": 0.96875,
    "tp": 15,
    "tn": 16,
    "fp": 0,
    "fn": 1
  },
  "test": {
    "loss": 0.8148880681476077,
    "accuracy": 0.7837837837837838,
    "precision": 0.7647058823529411,
    "recall": 0.7647058823529411,
    "specificity": 0.8,
    "f1": 0.7647058823529412,
    "balanced_accuracy": 0.7823529411764706,
    "tp": 13,
    "tn": 16,
    "fp": 4,
    "fn": 4
  },
  "config": {
    "epochs": 300,
    "batch_size": 16,
    "learning_rate": 0.0003,
    "weight_decay": 0.001,
    "patience": 20,
    "early_stopping": false,
    "dropout": 0.5,
    "base_channels": 64,
    "amp": true
  }
}
